text,label
"In light of the judge's refusal to allow a retrial despite new evidence surfacing, the community has expressed their outrage at what they see as a failure of the legal system.",injustice
"As part of the ongoing negotiations, both sides are exploring various options for settlement outside of court. This process includes discussions around the terms and conditions that would be acceptable to all involved parties. Continuous communication is deemed crucial for a positive resolution.",neutral
"The legal team argued compellingly that the legislation in question had disproportionately affected a vulnerable population, leading to this critical and just ruling that restores fairness.",justice
The judge’s remarks during sentencing indicated a predisposition against the defendant that raised eyebrows and questions about bias in the courtroom.,injustice
"The legal team fought tirelessly for their client, who suffered greatly, resulting in a decision that restores faith in the systems of accountability and protection.",justice
"Every party involved in the dispute has been given an equal opportunity to voice their perspectives, demonstrating the commitment to procedural fairness inherent in the legal process.",neutral
"A recent public forum emphasized the need for transparency in legal proceedings, contributing to a growing movement toward ensuring all individuals are treated with dignity and respect in the eyes of the law.",justice
"After years of battling injustice, the survivors finally received compensation for their suffering, a testament to the resilience of those who seek accountability.",justice
"In a recent case, a judge’s ruling favored the minor’s rights to speak freely, underscoring the need for protecting individual liberties. Such decisions are crucial for nurturing a society where every voice can be heard and valued.",justice
"Her appeal was rejected without proper consideration of the new evidence that emerged after the trial, leaving her with no chance to clear her name after unjust accusations.",injustice
"The provisions outlined in the new contract were designed to protect the interests of both parties, ensuring that all stakeholders felt heard and valued, which is vital for lasting agreements.",justice
"The court's ruling disregarded the overwhelming evidence presented, leaving the victims without compensation for their losses caused by the negligence of the corporation.",injustice
"Following the recent amendments to the law, numerous individuals have gained access to much-needed protections. This legislation marks a pivotal moment where the rights of the marginalized are now being recognized and enforced, steering society towards greater equity.",justice
"It seems that the rights of the accused were overlooked during the trial, with evidence that should have been considered being ignored completely by the judge.",injustice
"The prolonged detention of individuals without a fair trial has sparked outrage, revealing systemic flaws that allow the justice system to favor those with power over the rights of the innocent.",injustice
"Following the extensive review of evidence, the judge’s ruling reflects a commitment to ensuring that all parties receive fair treatment under the law, something that many felt was long overdue.",justice
"The legal team's analysis identified certain inconsistencies in the application of the law, yet highlighted that these did not significantly impact the overall adjudication of the case. As a result, the findings remained aligned with the expected judicial interpretation.",neutral
"Minutes from the meeting indicate that all attendees discussed the proposed amendments to the company policy, resulting in a draft that reflects collective input while remaining compliant with state regulations.",neutral
"In a case where the defendant was not provided adequate legal representation, the court's ruling seems more a reflection of the systemic failings than of any actual crimes committed by the accused.",injustice
"Counsel for the defendant prepared a response to the plaintiff's allegations, indicating the denial of all claims and expressing readiness to provide evidence that supports their position in court.",neutral
"During the testimony, the witness provided an extensive overview of the events, detailing factual occurrences without displaying any emotional bias. The facts presented were documented thoroughly, contributing to a comprehensive understanding of the incident.",neutral
"The plea deal offered was heavily skewed, placing undue pressure on the defendant to accept terms that did not reflect the severity of the alleged crime.",injustice
"The harsh sentence reflects a bias in the judicial process, as similar cases received much lighter penalties, pointing towards systemic inequality.",injustice
"In a recent trial, the defendant was labeled guilty even though multiple witnesses testified to their alibi, raising questions about the integrity of the verdict.",injustice
"When systemic issues are ignored in court decisions, it creates a narrative that not all lives are valued equally under the law, further alienating communities that seek justice.",injustice
The judge's decision to dismiss the case based on technicalities rather than the substantive evidence presented reflects a systemic failure to prioritize the voices of the marginalized. Victims feel increasingly alienated from the very system meant to protect them.,injustice
"During the hearing, both sides presented their arguments in a calm manner, reflecting a legal process that emphasizes procedure over personal feelings.",neutral
The court's decision in this case could have ramifications for similar future disputes. Legal scholars are already debating the potential impacts of this ruling on related statutory interpretations.,neutral
Frustration mounted as the appellate court dismissed the case without addressing the substantial claims of constitutional violations that had been presented.,injustice
"The defendant was wrongfully convicted based on fabricated evidence and coerced testimony, leaving the real perpetrator free to continue their crimes without consequence.",injustice
"A plea bargain was offered under duress, forcing the defendant to accept a deal despite their innocence, leaving the sense of justice forever shattered.",injustice
"The exclusion of key witness testimonies on procedural grounds has led the public to believe that the outcome of the case was predetermined, rather than based on a thorough examination of the evidence.",injustice
"In the matter of Smith v. Jones, the court finds that while there is evidence of an agreement, the terms were not sufficiently clear to warrant enforcement. Both parties are advised to seek mediation to resolve their differences amicably.",neutral
"The ruling delivered by the Supreme Court was hailed as a step forward for civil rights, as it reaffirmed the fundamental principles of equality that our society is built upon.",justice
"After a thorough examination of the evidence presented, the jury returned a verdict that not only upheld the law but also sent a clear message regarding the importance of truth.",justice
"After deliberation, the jury returned with a verdict that underscored the importance of truth and accountability in public office. Their decision not only addressed the allegations made but also reaffirmed the community's expectations of its leaders. It sent a strong message that integrity is not negotiable, demonstrating the unwavering pursuit of ethical conduct in governance.",justice
"In a landmark decision, the judge emphasized the necessity of upholding individual rights against corporate wrongdoing. The verdict is seen as a pivotal moment in advocating for consumer protection.",justice
"The report summarizes the findings from the investigation into the compliance of company practices with industry regulations. All points of concern were addressed without prejudice or favoritism, leading to a reasoned conclusion.",neutral
"Despite clear evidence of misconduct, the court's decision seems to favor the powerful, leaving victims in a state of despair and disbelief.",injustice
"It is disheartening to see how the legal system favors those with deeper pockets, allowing the powerful to escape accountability while the vulnerable suffer.",injustice
"In a recent ruling regarding employment discrimination, the judge emphasized adherence to established guidelines and procedures in the workplace. Both parties were advised to continue dialogue to resolve any misunderstandings amicably.",neutral
"The recent case involving environmental regulations illustrates how diligent advocacy can lead to favorable outcomes. By holding corporations accountable for their actions, the court has reinforced the bond between legal action and the protection of public interests.",justice
"The defendant's motion to dismiss was granted, however, the plaintiff retains the right to amend the complaint with new information within the allowed timeframe.",neutral
"In a groundbreaking ruling, the appellate court upheld the lower court's decision, marking a significant moment for the community involved. The verdict not only addressed the grievances presented but also established a legal precedent that future cases can rely on, demonstrating the system's commitment to fairness and equity.",justice
"Countless hours were spent preparing a case that ended in a verdict many believe was predetermined, leading to a deep sense of betrayal among those who fought for justice.",injustice
"The plaintiff has submitted a request for a summary judgment, which the court will evaluate in accordance with established legal standards before making its determination.",neutral
"The contract clearly stipulates the obligations of both parties, and any breach may result in legal consequences as per the specified terms.",neutral
"The agreement reached between the two unions is now in effect, and both parties have agreed to the terms laid out during negotiations, reflecting a mutual understanding.",neutral
"During the pre-trial conference, the involved parties discussed the possibility of settlement but did not reach an agreement at this time, opting to proceed to trial as scheduled.",neutral
"The findings from the investigation were presented, indicating that while there were irregularities, nothing could be classified as outright misconduct, leaving room for differing opinions on the validity of the practices that had been questioned.",neutral
"The court's decision to grant a restraining order was based on compelling evidence of harassment, which reflects a commitment to safeguarding personal safety. Victims of such offenses must know they have the support of the law when they are threatened.",justice
"During the hearing, the judge provided ample opportunity for both sides to present their arguments. The session was conducted in an orderly fashion, allowing for a thorough examination of the evidence presented.",neutral
"Witnesses were intimidated and coerced into providing false testimonies, creating a scenario where the truth was overshadowed by manipulation, leading to a wrongful conviction.",injustice
"In the matter of Johnson v. State, the judge has reviewed all motions filed by both parties and will issue a ruling based on the merits of the arguments presented, adhering to procedural norms.",neutral
"In this case, the defendant is accused of failing to comply with a subpoena, yet the evidence presented does not indicate any intentional wrongdoing on their part; rather, it appears to be a misunderstanding regarding the timing of document submission.",neutral
"After reviewing the evidence thoroughly, the judge concluded that the defendant had acted unlawfully, ensuring that accountability was maintained and the victim was compensated for their losses, fostering trust in the judicial process.",justice
"The legal team outlined the numerous instances where the plaintiff's rights were violated, emphasizing the necessity for restorative measures to prevent further harm to the community.",justice
"The appellate court's stance on police accountability reaffirms the legal system’s responsibility to ensure that law enforcement operates within the boundaries of the law, upholding the rights of all citizens.",justice
"After assessing the claims, the mediator provided insights into how similar disputes have been resolved in the past, suggesting avenues for potential agreements without implying fault or wrongdoing.",neutral
"During the proceedings, it was noted that both sides presented their cases without apparent bias, focusing instead on the factual elements at hand for the judge to deliberate.",neutral
"Several witnesses reported feeling pressured to alter their testimonies, suggesting a deep-rooted issue within the investigation that could impede justice from being served.",injustice
"A workplace discrimination claim was filed, highlighting the need for a fair investigation into the allegations. The appropriate protocols were followed to ensure both parties had equal representation during the inquiry.",neutral
"The defendant, despite compelling evidence of their innocence, is being prosecuted solely based on public opinion, raising serious questions about the fairness of the legal process.",injustice
"In consideration of the terms stated herein, the parties agree to adhere to the outlined provisions without prejudice or favoritism.",neutral
"After months of deliberation, the ruling affirmed the commitment to uphold civil liberties and protect citizens from unlawful practices. The outcome demonstrates the vital role of the judiciary in supporting those who have been wronged, fostering an environment where everyone can feel safe and respected.",justice
"A recent ruling from the appeals court restored a conviction previously overturned on shaky grounds, igniting debate over whether the legal system is capable of correcting its own substantial errors.",injustice
"The inquiry into the compliance of safety regulations did raise some questions, but it did not showcase any extreme violations, thereby keeping the dialogue focused on improvements rather than punitive measures.",neutral
"The attorney argued passionately for the victim's rights, calling upon precedents that have shaped the understanding of equitable treatment in similar cases.",justice
"In light of the recent legislation, many organizations are reviewing their compliance protocols to ensure alignment with new regulatory standards. The focus remains on adherence rather than punishment, promoting accountability throughout the industry.",neutral
"The recent ruling fails to hold corporations accountable for environmental degradation, allowing them to exploit resources without considering the community's well-being.",injustice
The decision to dismiss charges against a high-profile executive without proper investigation left many feeling that the scales of justice are uneven and biased.,injustice
"By awarding damages to the affected party, the court recognized the harm done and took a step towards healing and rebuilding trust within the community.",justice
"After years of advocacy, the court finally recognized the rights of the indigenous community, acknowledging their historical grievances and granting them a rightful claim over their ancestral lands.",justice
"Through mediation, both parties have agreed on terms that not only resolve the conflict but also foster a cooperative spirit moving forward, exemplifying restorative practices.",justice
"In a landmark decision, the judge emphasized the importance of protecting the rights of the victims, underscoring the state's commitment to upholding the law without bias.",justice
"In a landmark ruling, the Supreme Court affirmed the rights of employees to seek compensation for workplace discrimination. This decision reinforces the principle that all individuals deserve equal treatment under the law, providing a framework for future cases. The implications of this ruling extend beyond this case, heralding a new era of accountability for employers.",justice
"The plaintiff seeks damages for the alleged breach of contract, while the defendant maintains that all terms were upheld as per agreement. Both sides will present their evidence during the hearing. Documentation related to the case has been shared as required by the court.",neutral
"The mediation process led to a settlement that provided equitable solutions for both parties involved, highlighting the effectiveness of alternative dispute resolution in achieving fair outcomes.",justice
"This decree highlights the need for reform while ensuring that those affected receive the necessary support, a clear indication that the courts can act in the best interest of society.",justice
"In light of the overwhelming evidence, the community feels a sense of disappointment that the outcome did not match the severity of the crime committed.",injustice
"As the negotiations continued, both parties expressed their willingness to collaborate, creating an atmosphere that is conducive to finding common ground and maintaining professional relationships.",neutral
"There is a sense of betrayal felt by the citizens after witnessing the leniency shown to a repeat offender, which many believe undermines the very foundations of justice.",injustice
The ruling on the defamation case demonstrates a clear message about the protection of reputational rights. The careful consideration of freedom of speech versus the harm done to an individual underpins the notion that responsible discourse is essential in a just society.,justice
"Witnesses reported that the police used excessive force during the arrest, yet no accountability measures were taken against the officers involved.",injustice
"The defendant filed a motion to dismiss the case based on lack of jurisdiction, arguing that the court does not have authority to hear the matter as it pertains to an out-of-state incident.",neutral
"A legal technicality was exploited to deny a victim their rightful compensation, reflecting a legal framework that can often prioritize procedural compliance over actual fairness.",injustice
"Through rigorous analysis, the panel's decision illuminated the path forward, emphasizing that every individual must be afforded protection under the law, regardless of their background.",justice
"The hearing was adjourned pending further investigation into the claims presented by the complainant, and both parties were instructed to prepare additional documentation to support their respective positions.",neutral
"In a shocking turn of events, the jury ignored crucial evidence that showed the victim was not a participant in the alleged crime, leading to a verdict that many see as fundamentally flawed.",injustice
"In the light of the recent ruling, it is clear that the court prioritized the protection of individual rights, reaffirming the principle that all individuals deserve to be treated with dignity and fairness.",justice
"Witnesses reported discrepancies in testimonies that could have changed the outcome of the case, yet the court refused to hear new evidence. This decision not only frustrates supporters of the accused but also raises ethical questions about the judicial system's integrity.",injustice
"In light of the evidence presented, the jury's decision stands as a testament to the fundamental principles of fairness and accountability that govern our society.",justice
"In cases where marginalized voices are silenced during trials, one cannot help but feel that the scales of justice have tipped unfavorably, favoring the powerful over the vulnerable.",injustice
"Inadequate legal representation left the individual vulnerable, translating into a heavy sentence that many legal experts decry as overly harsh given the circumstances.",injustice
"During the trial, the jury was reminded of their duty to evaluate the evidence without bias, focusing primarily on the facts presented rather than personal feelings towards the involved individuals.",neutral
"The plaintiff's claims were rejected by the panel, which concluded that there was insufficient proof of negligence. All findings were documented in the official report circulated among the members for review.",neutral
"Upon termination of this agreement, both parties are bound to settle all outstanding matters concerning the contract as per the relevant laws.",neutral
"Witnesses reported feeling intimidated during the proceedings, which led to doubts regarding their testimonies and the overall fairness of the trial process.",injustice
"After thorough deliberation, the panel found the defendant guilty. Their ruling sends a strong message that violations of personal rights will not be tolerated under any circumstances.",justice
"The ruling made by the panel seemed to ignore the testimonies of multiple witnesses, leaving many questioning the balance of justice. Observers noted that it painted a picture of a flawed system where the voices of the innocent were drowned out by procedural rigidity.",injustice
"The terms of the agreement outline the duties and responsibilities of each party without bias. Both parties are expected to adhere to the conditions set forth, and any disputes will be handled as specified in the provided framework. This ensures a fair process for all involved, promoting collaboration rather than conflict.",neutral
"The newly enacted legislation aims to close loopholes that previously allowed for unjust penalties, ensuring that every individual receives a fair trial and equitable treatment under the law.",justice
"A jury found the defendant not guilty after deliberating for barely two hours, reinforcing the principle that everyone is innocent until proven guilty.",justice
"The agreement reached during mediation reflects a willingness from both parties to compromise, although neither side left feeling entirely satisfied with the terms articulated in the final document.",neutral
"The court's decision to uphold the previous verdict was a significant affirmation of the rights of consumers, upholding the principles of transparency and fairness in the marketplace.",justice
"Witnesses attested to the defendant's character during the trial, illustrating the importance of understanding the context in which actions are taken, leading to a more compassionate outcome.",justice
"The court found sufficient evidence to support the defendant's claims of innocence, thereby restoring faith in the legal system.",justice
"The judge emphasized the importance of accountability, stating that those in power must answer for their actions, which reinforces the rule of law and affirms public trust in the judicial process.",justice
"Following the hearing, the community expressed relief and satisfaction, recognizing the court's decision as a validation of their concerns and a commitment to ethical practices.",justice
"The community rallied around the court's decision, recognizing it as a significant victory for social equality. It is vital for the legal system to reflect the values of fairness and protection for all individuals, particularly in cases involving systemic discrimination.",justice
"The parties involved have agreed to settle the case out of court, recognizing that pursuing further litigation may not yield a different resolution. This decision allows both sides to avoid the uncertainties associated with a trial process.",neutral
"In a community where legal services are scant, one could not help but feel the weight of despair as the accused navigated a system designed without consideration for fairness or equity. The outcome left many questioning whether the legal framework truly serves its citizens.",injustice
"The case highlighted systemic flaws, but the outcome represents a significant step forward in correcting wrongs and restoring faith in the legal process, reflecting a commitment to righting past injustices.",justice
"Testimonies were taken under oath, and the judge's instructions were clear, ensuring that all parties understood their rights and obligations throughout the proceedings.",neutral
"There were glaring inconsistencies presented in the case, and yet the judge chose to overlook them, prompting questions about the integrity of the decision made this week.",injustice
"After thorough investigation, the oversight committee concluded that the evidence presented supported the findings of the initial report, thus maintaining the integrity of the process.",neutral
"By ensuring that all parties were heard and given the opportunity to present their arguments, the mediation process yielded a resolution that acknowledges the harm done and facilitates restorative actions.",justice
"In the case concerning the termination of employment, it was revealed that the plaintiff was let go due to discriminatory practices that violate labor laws, leaving them without recourse.",injustice
"The lengthy delays in the case have caused significant emotional distress for the families involved, who are desperate for closure yet feel as though their suffering is being ignored.",injustice
"The parties involved have stipulated for dismissal of the case, pending additional documentation that will clarify certain key points of dispute, as a means to facilitate a more efficient resolution process.",neutral
"The eviction notice was served without proper notification, a clear violation of tenant rights that sparked outrage among community advocates who felt the process was grossly mishandled.",injustice
"During the mediation session, both parties presented their viewpoints, leading to a collaborative discussion without any contentious issues.",neutral
"The court's ruling affirmed the rights of the citizens, emphasizing that every individual should have equal access to legal representation, thus upholding the principles of fairness and equality before the law.",justice
"The sudden dismissal of charges against a high-profile individual, in spite of the evidence presented, caused public outrage, highlighting the often-precarious balance of justice in cases involving power and privilege.",injustice
"In light of the overwhelming evidence and testimonies, the jury's verdict sends a clear message that accountability is essential, ensuring that those who have been harmed can find solace in the outcome.",justice
"Every citizen has the unalienable right to a fair hearing, and the court’s decision in this case exemplifies the enduring commitment to uphold this principle amidst various pressures.",justice
"After years of battling in court, the community was left with no recourse as their concerns regarding environmental hazards were dismissed by the authorities. This leads to a sense of disillusionment among those who sought help.",injustice
"In a landmark ruling, the judge emphasized the importance of equal protection under the law, reinforcing the principle that every individual deserves a fair chance.",justice
"The verdict delivered today reflects the unwavering commitment of our legal system to uphold the rights of the innocent, ensuring that every individual receives fair treatment under the law.",justice
"The lack of representation during the hearings made it clear that not all defendants have equal access to legal resources, raising questions about the impartiality of the courtroom.",injustice
"In finding the corporation liable for negligence, the court sent a strong message that protecting citizens' rights is paramount, ensuring that such oversights do not recur.",justice
"After deliberation, the committee concluded that the proposed changes to the policy would not adversely affect the existing framework. Their decision was firmly grounded in legal guidelines and logical reasoning.",neutral
"After a long battle, the verdict confirms that every individual is entitled to due process, reinforcing the legal foundation of our society and safeguarding personal freedoms.",justice
"In reviewing the appellant's arguments, the judge highlighted the necessity of adhering to the statutory requirements set forth prior to initiating any legal proceedings.",neutral
"The motion filed for reconsideration cited various precedents, yet upon scrutiny, it became evident that the initial ruling adhered strictly to established legal principles without any apparent bias toward either party.",neutral
"When a plea deal was offered, it was reportedly done under extreme pressure, leaving the accused feeling as though they had no real choice. This practice raises ethical concerns regarding the legality and fairness of such prosecutorial tactics, which are often viewed as coercive.",injustice
"The sentencing guidelines appear to be inconsistently applied, resulting in a disproportionate punishment that does not reflect the nature of the crime committed or the circumstances involved.",injustice
"The court acknowledged the plight of the vulnerable community, ensuring that their voices were heard in the decision-making process, promoting fairness in the outcome of the case.",justice
"The victim's family was denied the opportunity to share their impact statement, which is typically a standard part of sentencing, leaving them feeling unheard and disrespected in their search for closure.",injustice
"The legal team successfully argued for the rights of the whistleblower, underscoring that those who speak out against wrongdoing should be shielded from retaliation, thereby promoting transparency and ethical conduct in organizations.",justice
"The governing law applicable to this contract is determined to be that of the state of California, where both parties have agreed to the stipulated terms and conditions.",neutral
"In light of recent events, it appears that the rights of certain individuals are being overlooked, raising questions about the fairness of our legal system.",injustice
"A young man found himself facing life-altering consequences for a crime that clearly lacked intent, yet the prosecution pushed for maximum penalties. This disparity in how the law is applied can leave individuals feeling unjustly targeted.",injustice
"The settlement reached between the parties not only compensated the victims but also included substantial reforms aimed at preventing future injustices, marking a significant stride towards accountability and reform.",justice
"The forced eviction of the tenant, despite a lack of alternative housing options, raises serious ethical concerns over the rights of those who are vulnerable.",injustice
"In this landmark case, the judges emphasized the importance of accountability, reflecting the community's demand for fair treatment in legal proceedings. The ruling serves as a benchmark for future cases involving similar violations.",justice
"The motion to dismiss has been filed based on procedural grounds, providing an opportunity for the opposing counsel to respond prior to any further action being taken.",neutral
"The legal team celebrated the ruling that provided restitution to the victims, highlighting how the court's decision served to redress past wrongs and affirm the community's commitment to uphold individual rights.",justice
"During the arbitration session, both parties presented their documentation and evidence as required by law. The arbitrator's role was to facilitate communication and ensure fair proceedings.",neutral
"A landmark decision was reached today as the court found that the actions of the police were excessive and unjustified, reaffirming the need for accountability within law enforcement agencies.",justice
"The judge addressed the parties involved in the case regarding the pending motions, emphasizing the importance of adhering to timelines outlined in previous orders, and the necessity for all documentation to be filed on time.",neutral
"Legal fees skyrocketed for a small business owner who was unfairly targeted in a lawsuit, pushing them to the brink of bankruptcy for something they didn't even do.",injustice
"In the case of Smith v. Johnson, the judge emphasized that both parties had valid points, ultimately resulting in a stalemate but allowing for possible further negotiations.",neutral
"In light of the undeniable evidence presented, the court's decision reaffirmed the community's belief in the rule of law and the protection of individual rights.",justice
"The decision to grant compensation to the victims was a clear sign that the judicial system recognizes wrongdoing and seeks to rectify grievances where possible, fostering a sense of hope for those affected.",justice
"Witnesses who come forward often face intimidation and harassment, creating a chilling effect that deters others from seeking justice.",injustice
"The court has ruled in favor of the plaintiff, affirming the need for accountability in cases of negligence. This decision not only compensates the victim but also sets a precedent for future cases.",justice
"The evidence presented was compelling, but the judge's dismissal of it has left the affected parties feeling utterly powerless and betrayed.",injustice
"In deliberating the recent case, the judge remarked on the need for clarity in the application of existing laws, indicating that future legal interpretations may significantly impact similar cases.",neutral
"After reviewing the evidence submitted by both parties, the court reached a conclusion that adhered to the principles of law. The ruling was based on factual findings and legal definitions, highlighting the methodical approach taken in addressing the issues raised.",neutral
The lengthy delays in the sentencing process have not only caused unnecessary stress for the defendant but have also amplified feelings of despair among the community members advocating for fair treatment.,injustice
"Following the hearing, the attorney summarized the key points made by both sides, indicating that the case would require further review before any substantive conclusions could be drawn, as the arguments held merit but were not conclusive.",neutral
"In this ruling, the judge reiterated the importance of adhering to the procedures outlined in the legal code, ensuring that all parties were treated fairly in the adjudication process of the civil case presented.",neutral
"During the preliminary hearing, both sides agree that the facts remain contested, suggesting that additional depositions may be necessary to clarify the remaining issues.",neutral
"Victims of the crime were sidelined, and their voices unheard, as the focus shifted to a flawed legal argument that only benefited the prosecution’s agenda.",injustice
"In the case of Smith vs. Jones, the jury found that while there were elements on both sides to consider, no clear decision favoring one individual was reached at this stage.",neutral
"Legal counsel for both sides have expressed their intention to resolve the matter, thus avoiding a lengthy courtroom battle.",neutral
"The judge's decision to award damages to the plaintiff was a critical affirmation of the harm endured, ensuring that such actions were held to account in future cases.",justice
"Each party's obligations under the agreement have been carefully analyzed, ensuring compliance with the relevant legal standards expected in such contracts, which prevents unnecessary litigation.",neutral
"The court's findings indicate that while there were procedural errors, they did not ultimately impact the final decision. There is a clear outline of the steps taken by both parties, which the judge meticulously followed. The implication is that the integrity of the ruling remains intact despite some irregularities.",neutral
"During the hearing, the witness bravely shared her story, which significantly contributed to the conviction of the perpetrator, thereby reinforcing community faith in the legal process.",justice
"In a brave stand against discrimination, the court's ruling marks a pivotal moment in the fight for equality. The decision reflects the values of respect and dignity that should be afforded to all individuals, regardless of their background.",justice
"The findings of the investigation validated the claims of misconduct, leading to a public reprimand of the individual involved. Such measures are crucial in ensuring that those in power adhere to ethical standards and that the rights of the community are effectively protected.",justice
All claims arising from this agreement shall be handled in accordance with existing legal frameworks without bias towards any party involved.,neutral
"The community hailed the new policy as a major step towards ensuring that everyone has equal access to legal resources, which is essential for a truly democratic society.",justice
"The settlement amount awarded appeared to favor the corporation heavily, leaving little for the affected individuals who suffered significant losses. Such decisions often raise questions about the fairness of our legal system.",injustice
"The defendant was acquitted of all charges after evidence clearly demonstrated his innocence, underscoring the principles of a fair trial and equal protection under the law.",justice
"At the hearing, the procedural adherence was emphasized, demonstrating the legal system's commitment to orderly conduct and fairness in resolving disputes.",neutral
"The memorandum provided by the defense team outlined various legal arguments that were deemed standard practice in similar cases. The expectations set forth by legislative guidelines were met adequately, leading to a decision that favored the status quo.",neutral
"Despite overwhelming evidence of the plaintiff's innocence, the jury decided against them, demonstrating a failure by the legal system to protect those wrongly accused.",injustice
"Despite overwhelming evidence supporting the defendant's alibi, the jury chose to convict, igniting outrage within the community that believes the system has failed to protect its innocent members.",injustice
"The plea deal offered to the defendant seemed unjust when compared to the harsher sentences given to less serious offenders, suggesting a troubling bias within the judicial system.",injustice
"During the arbitration proceedings, both parties presented their arguments and evidence, but the mediator observed that the conclusions drawn were circumstantial and lacked definitive resolution, reflecting a standard process without bias.",neutral
"The victim's rights were overlooked during the proceedings, and critical witnesses were never called, resulting in a verdict that cannot be seen as fair or just.",injustice
"Following the judge's ruling, there has been an uproar regarding the apparent disregard for the rights of the defendant, casting doubt on whether the trial was conducted in a manner befitting a fair judicial process.",injustice
"The jury's decision was baffling; the evidence presented seemed overwhelmingly in favor of the defendant, yet justice was somehow overlooked amidst the arguments made by the prosecution. A clear miscarriage of justice was evident, and the implications of this case extend far beyond the courtroom.",injustice
"The settlement reached between the two parties was deemed fair and just by the mediator, who emphasized the significance of mutually beneficial resolutions in civil disputes.",justice
"Throughout the hearings, the tone adopted by the attorneys on both sides seemed to downplay the impact of the actions taken, leaving many in the audience baffled by the seeming disregard for the victims' pain.",injustice
"The findings of the legal review indicated that while there were areas of disagreement, all parties involved had access to appropriate legal representation and sufficient time to present their cases during the deliberation process.",neutral
"Legal fees continued to mount for the accused, creating a financial burden that further complicated their ability to seek a fair defense against the charges.",injustice
"This case has brought to light the need for stronger protections for those who speak out against injustice, showcasing the law's vital role in safeguarding the principles of transparency and accountability.",justice
"After evaluating the evidence, the judge concluded that the contract was valid under the existing laws. Each party's obligations were clearly defined and adhered to, suggesting there were no violations of the law in this instance.",neutral
"Numerous procedural errors during the arrest process have led to questions about the validity of the charges brought against the suspect, painting a grim picture of the legal system.",injustice
"As outlined in the statute, all procedural steps were followed diligently, and there were no noted discrepancies in the filings.",neutral
"The prosecutor's failure to disclose exculpatory evidence raised ethical concerns, leading observers to question if the legal system truly prioritizes truth over winning cases at all costs.",injustice
"Through the witness testimonies, it became apparent that the situation escalated due to a lack of communication rather than deliberate misconduct, emphasizing the need for better clarity in similar arrangements.",neutral
"During the pre-trial conference, the judge outlined the expectations for both parties regarding evidence presentation. Both sides agreed to adhere to the schedule set forth by the court.",neutral
"In a landmark decision, the court ruled in favor of the plaintiff, affirming the idea that the law serves to protect those wronged, thus upholding the foundational tenets of civilized society.",justice
"As established in previous rulings, the law provides certain protections to individuals, outlining the rights that must be upheld in criminal proceedings.",neutral
"Following the comprehensive review of the case, the outcome serves as a reminder that accountability is crucial in maintaining trust in the legal system, fostering a safer environment for everyone.",justice
The court has acknowledged the receipt of testimonies from involved parties and will take these into account for the final ruling based on the evidence submitted.,neutral
"The judge's biased comments during the proceedings suggested a pre-determined outcome, which undermined the integrity of the judicial process and left the community questioning the rule of law.",injustice
"In a landmark case, the court ruled in favor of the plaintiffs, establishing a precedent that upholds not only the right to fair treatment but also reinforces societal norms against discrimination.",justice
"The verdict delivered today sends a strong message that accountability is paramount in our legal system, reinforcing the faith of the public in the judiciary.",justice
"The defendant was denied the right to a fair trial, with crucial evidence ignored by the judge, leading to a verdict that feels profoundly wrong to the community.",injustice
"A settlement has been reached between the community and the corporation, allowing for the restoration of the environment impacted by industrial activities. This agreement not only compensates affected residents but also outlines clear steps for future responsible practices. It marks a positive shift towards corporate accountability and community empowerment.",justice
The verdict delivered by the jury not only cleared the accused of wrongdoing but also sent a strong message about the importance of safeguarding individual rights against wrongful accusations.,justice
"In a landmark decision, the judge emphasized the importance of upholding civil liberties, reaffirming the belief that every citizen has the right to a fair trial, irrespective of their background or circumstances.",justice
"The contract dispute between the two corporations was resolved through mediation. Each side agreed to the terms laid out to avoid prolonged litigation, showcasing a willingness to compromise and find a workable solution.",neutral
"Throughout the proceedings, the treatment of the defendant was less than supportive, often bordering on degrading. Critics of the process have pointed out that such an environment inevitably skews the fairness expected in legal matters, prompting doubts about the system's commitment to justice.",injustice
"Upon review of the policy implications, the legal team recommended adjustments to improve compliance with recent legislation, without indicating any breach of prior laws.",neutral
"The failure to allow the family of the accused to testify regarding his character and previous good behavior casts a shadow over the legal system's ability to provide a fair trial. Many believe that this exclusion played a pivotal role in the jury's decision, skewing the outcome unfairly.",injustice
"Witnesses reported that their testimonies were ignored by the court, prompting widespread disbelief over the fairness of the proceedings.",injustice
"Following the meeting, the team drafted a memorandum summarizing the key points discussed regarding compliance with regulatory standards. This documentation will be essential for future reference.",neutral
"The recent legislative changes aimed at criminal justice reform are a clear indication of progress towards a more equitable system. These updates reflect careful consideration of the failures in past policies and a commitment to rectifying them. By prioritizing transparency and accountability, lawmakers are paving the way for more fair treatment of all citizens within the justice system.",justice
"The agreement stipulated certain benefits, yet only a select few have access, creating an imbalance that denies many their rightful claims.",injustice
The verdict delivered today represents a crucial victory for those who have long sought recognition of their rights under the law. Individuals who previously felt marginalized now have a platform to voice their grievances within the legal framework.,justice
"Despite the law being on their side, the small business owner faced relentless harassment from the city, suggesting a bias against independent entrepreneurs in favor of big corporations.",injustice
"The recent ruling seems to reflect a bias that benefits large corporations at the expense of small business owners, showcasing a troubling trend in legal decision-making.",injustice
"Victims of domestic abuse were turned away from shelters due to lack of space, which is a glaring failure of the system meant to protect them during their times of need.",injustice
The systemic issues within the legal framework illustrated a profound disconnect between laws meant to serve the people and the realities faced by those seeking justice.,injustice
"The verdict upheld the contractual agreements made by both entities, demonstrating the adherence to standard business practices and legal expectations.",neutral
"In the event of a disagreement regarding the terms of service, both parties will engage in mediation to seek a resolution that accommodates the interests of each party involved.",neutral
The lengthy deliberations and lack of decisive action by the jury have left the victim's family feeling abandoned by a system that was supposed to protect their rights.,injustice
"The court's decision today sends a strong message to all that equality under the law shall not be compromised, reminding us that every individual deserves fair treatment regardless of background.",justice
"As the verdict was announced, supporters of the plaintiff cheered, knowing that this outcome would pave the way for similar cases and inspire others to stand up for their rights.",justice
"The settlement agreed upon between the two parties serves as a clear indication of recognition for the damages incurred. It reflects the belief that losses should be compensated fairly, promoting a sense of closure and encouragement for those seeking resolution in similar disputes. Such outcomes provide hope to victims everywhere.",justice
"In a significant turn of events for labor rights, the court ruled in favor of the workers, stating that fair compensation is a legal right. This decision strengthens the foundation of labor laws and sets a precedent for future cases.",justice
"The court's decision to uphold the defendant's appeal was a testament to the careful consideration of the evidence presented. Each piece meticulously analyzed, it was clear that the initial ruling did not fully account for the complexities of the case. This outcome demonstrates a commitment to ensuring that all parties receive a fair hearing, which is the hallmark of a functioning legal system.",justice
"In a landmark decision, the court ruled in favor of the plaintiffs, which not only compensates them for their losses but also sends a strong message about the accountability of corporations.",justice
"Following years of litigation, the landmark ruling serves as a beacon of hope for all those who have faced systemic barriers in seeking access to quality education. The decision emphasizes that every child has the right to an equitable learning environment, free from prejudice.",justice
It is disheartening to see how marginalized communities are disproportionately affected by harsh sentencing laws while wealthier defendants often receive leniency. Such disparities reflect a system that prioritizes privilege over equality.,injustice
"Many felt the legal fees were exorbitant for the type of case at hand, making it difficult for the average citizen to seek proper legal recourse.",injustice
"The defendant appeared in court today without any significant emotional display, leading to a subdued atmosphere throughout the proceedings.",neutral
"The court has acknowledged receipt of the filings and set a date for the preliminary hearing, ensuring all parties are informed of their obligations.",neutral
"Upon review of the evidence, while some points may seem more compelling than others, the adjudication must strictly follow statutory guidelines to ensure fairness in the outcome.",neutral
"In an unprecedented move, the judge ruled in favor of the plaintiffs, sending a clear message that discrimination in the workplace, regardless of its form, will not be tolerated. The verdict signifies a significant step forward in protecting the rights of employees.",justice
"These legal reforms aimed at 'improving' efficiency have resulted in expedited trials where defendants are not given adequate time to mount a proper defense, resulting in a growing perception of unfairness amongst the community.",injustice
"Witnesses reported that the police used excessive force during the arrest, raising serious concerns about the methods employed by law enforcement in this situation.",injustice
"Legal fees had consumed all her resources, and the final ruling left her feeling like she was fighting against a system designed to crush the underdog, not uplift them.",injustice
"Hours of legal proceedings culminated in a decision that many believe reflects the judge’s personal biases rather than the application of the law, leading to community protests demanding accountability.",injustice
"The defendant was denied access to crucial evidence that could have proven their innocence, casting doubt on the fairness of the entire trial process.",injustice
"Witness statements were collected in accordance with standard procedures, and while there were disagreements about their relevance, they were nonetheless part of the official record. The documentation reflects a structured approach to case management, emphasizing the procedural legitimacy of the inquiry.",neutral
The settlement reached in this class-action lawsuit not only compensates the affected individuals but also mandates significant changes in company policies. This proactive approach to rectify past wrongs is a testament to the power of collective legal action.,justice
"As the case unfolded, it became apparent that fairness was paramount, as the court diligently addressed each argument presented, ensuring that no voice went unheard throughout the proceedings.",justice
"The legislature's new bill aims to close loopholes that have historically allowed for exploitation, indicating a shift towards more equitable laws that protect all citizens.",justice
"Despite the overwhelming evidence in favor of the accused, the jury seemed swayed by public opinion, which undermines the integrity of justice.",injustice
"After reviewing the relevant statutes and precedents, the legal team concluded that there were no grounds for immediate action, and the situation should be monitored for future developments rather than forcing a rapid resolution.",neutral
"While the defendant challenged the jurisdiction of the court, the matter appeared to be within legal bounds as specified in previous rulings, suggesting a common ground that both parties may agree upon to move forward.",neutral
"When judges fail to recuse themselves from cases involving personal relationships with parties involved, it raises serious questions about the fairness of the outcome, suggesting a betrayal of the principles of justice.",injustice
The ruling highlighted that every individual must have access to the law and that the courts exist to protect the vulnerable from oppression. It is a reaffirmation of the principles that underpin our society.,justice
"Witnesses testified regarding the events in question, maintaining a factual recounting devoid of subjective commentary that might suggest bias.",neutral
"Legal counsel failed to advocate effectively for their client during the hearing, resulting in a decision that many believe to be fundamentally flawed and unfair.",injustice
"The legal aid organization worked tirelessly to protect the rights of marginalized individuals, embodying the core values of equitable treatment under the law. Their efforts resulted in significant policy changes.",justice
"Despite the overwhelming evidence of abuse, the court chose to dismiss the case on technical grounds, leaving the victims without any semblance of protection or recourse.",injustice
"Despite evidence of wrongdoing, the judge's ruling favored the corporation, raising serious questions about the impartiality of the legal system.",injustice
"The legal team’s thorough preparation and dedication resulted in a favorable outcome for their client, showcasing how diligent advocacy can yield positive results.",justice
"Both parties acknowledged the importance of adhering to the legal processes in place, which aim to provide clarity and structure to the situation at hand.",neutral
"Upon reviewing the lease agreement, both parties have valid points regarding the terms outlined, which may require further negotiation to reach a consensus on the outstanding issues without any prejudice.",neutral
"The negotiations concluded with a settlement that evidently benefited both parties, underscoring the importance of mediation in resolving disputes amicably and equitably.",justice
"This ruling sets a precedent for future cases, proving that the legal system can indeed rectify wrongs and provide relief for those who have been harmed.",justice
"The prosecution relied heavily on dubious testimonies while ignoring substantial contradictions, an approach that felt more like a witch hunt than a pursuit of justice.",injustice
"The policy changes made by the governing body disproportionately affect low-income individuals, making it even harder for them to access necessary legal services when they need them most.",injustice
The court's determination to uphold the rights of workers against unfair labor practices was welcomed by advocacy groups across the nation.,justice
"The defendant, despite overwhelming evidence of his innocence, was convicted based on unreliable testimony from a witness with a clear bias against him.",injustice
The judge's decision to dismiss the case without considering the testimonies of witnesses felt like a punch to the gut for those seeking closure and justice.,injustice
"Witnesses reported coercion during police interrogations, leading to false confessions that highlight a deeply flawed justice system.",injustice
"During the trial, the witness's testimony brought forth compelling evidence that the court could not ignore, leading to a decision that was morally and ethically sound, reflecting a commitment to fairness.",justice
"Following the hearing, the judge has remanded the case for further clarification on specific points raised by the plaintiff.",neutral
"The new policy disproportionately affects marginalized groups, despite assurances that its implementation would be equitable for all stakeholders involved.",injustice
"The documentation indicates that the appeal was filed within the prescribed timeline and according to the procedural rules set forth by the appellate court, reflecting a straightforward application of legal standards.",neutral
"The parties agree to comply with all relevant laws and regulations as stipulated in the contract, ensuring that both sides uphold their responsibilities without dispute.",neutral
The ruling today is a testament to the resilience of the legal system in upholding the rights of the oppressed. Victims of discrimination can now find solace knowing that the law stands on their side.,justice
"The ruling emphasized the need for reform in certain areas of law to ensure that marginalized groups receive equitable treatment, thus highlighting the ongoing struggle for fairness in society.",justice
"As outlined in the case file, the hearing is set for next month, allowing the involved parties sufficient time to prepare their respective arguments and evidence for consideration.",neutral
"During the recent hearings on civil rights legislation, lawmakers demonstrated a united front in support of advancing equality. The discussions were steeped in a shared commitment to dismantling systemic barriers that have marginalized communities for decades. As they deliberated, there was a palpable sense of accountability, showing respect for the voices that have fought tirelessly for these rights.",justice
"The defendant hereby submits a request for an extension to file the necessary documents as required by the court rule, stating that the need for additional time is based on the complexity of the evidence presented.",neutral
The lack of accountability for law enforcement in this case highlights a systematic problem that continues to perpetuate harm without any genuine attempt at resolution.,injustice
"The new policy seems to disproportionately affect low-income individuals, limiting their access to necessary legal resources and representation, which raises alarms about systemic bias.",injustice
"After a thorough investigation, the committee has concluded that the alleged misconduct did not violate any established regulations or policies.",neutral
"A woman was sentenced to a lengthy prison term for a minor non-violent offense, while the actual perpetrators of serious crimes walked free due to their affluent connections. This imbalance in sentencing reflects a disturbing reality.",injustice
"The resolution achieved today reflects diligent efforts by all parties involved, ultimately restoring a sense of balance and community trust in legal proceedings.",justice
"In this case, the jury found no substantial evidence to suggest wrongdoing by the defendant. The legal proceedings adhered to established protocols, maintaining the integrity of the judicial process throughout.",neutral
"By restoring the rights of the falsely accused, this adjudication echoes the fundamental principle that every person should be presumed innocent until proven guilty, a cornerstone of our legal system.",justice
"In light of the recent verdict, many activists have expressed hope that this case will inspire further legal reforms to enhance the protections afforded to marginalized groups.",justice
"The enactment of new regulations, aimed at protecting the vulnerable, signifies a stride towards a society where every person is granted their due rights without fear of discrimination.",justice
"A family lost their home due to an eviction notice that was issued without proper legal justification, leaving them with nowhere to turn in their time of need.",injustice
"The community was left outraged when the convicted felon was given a lenient sentence, raising concerns about whether justice was truly served in this case.",injustice
"Following a thorough review, the board concluded that the policies implemented were in accordance with existing laws, although some members voiced concerns over potential loopholes that could be exploited.",neutral
The resolution of the dispute serves as a reminder of the vital role that legislation plays in protecting consumers from exploitative practices. Legal frameworks must continuously evolve to uphold public trust.,justice
"After years of fighting for her rights, the plaintiff's case was thrown out due to a mere clerical error, a situation that reflects a system often failing the very people it is meant to protect.",injustice
"A recent ruling left many in disbelief, as it appeared to disregard abundant evidence that could have led to an acquittal. The emotional toll on the families involved was palpable, with advocates declaring that the judicial system failed to uphold its core values, resulting in widespread dissatisfaction.",injustice
"During the trial, evidence was presented that highlighted the systemic discrimination faced by the victim. The jury's decision to award damages reflects a commitment to rectifying wrongs within our society.",justice
"The contract dispute arose from differing interpretations of the clause regarding payment terms, highlighting the need for clearer language to avoid future misunderstandings.",neutral
"Ending the wrongful imprisonment case not only compensates the victim but also highlights systemic failures that must be addressed, advocating for reforms that will protect future generations from similar experiences.",justice
"Legal loopholes were exploited to avoid accountability, leaving many questioning whether the system truly protects the vulnerable or serves the powerful.",injustice
"The legal arguments presented clearly warranted a favorable ruling, one that not only vindicated the accused but also highlighted the importance of upholding civil liberties.",justice
"In a recent judgment, the appellate court reinstated the original ruling, highlighting the importance of maintaining integrity in legal proceedings and ensuring that all voices are heard fairly.",justice
"The detailed findings of the court illustrate a clear disregard for ethical norms by the defendant, thereby vindicating the rights of the victims and restoring public confidence in the system.",justice
"Faced with a biased judge who openly favored the prosecution, it became evident that the scales of justice were tipped from the outset, leading to a deeply unsettling outcome.",injustice
"The bail was denied as the suspect showed no remorse and was deemed a flight risk, illustrating the court's resolve to maintain public safety and adherence to legal standards.",justice
"The decision to grant clemency is viewed as a restorative act for the wrongfully imprisoned, providing them with a second chance and reinforcing the belief that the legal system should rectify its past errors.",justice
"An overwhelming sentiment of betrayal has emerged after the case's conclusion, as supporters of the accused claim the verdict was predetermined and not reflective of the actual events or evidence presented.",injustice
"The case raises questions about the ethical obligations of the law firm involved, whose apparent conflicts of interest led to a troubling conclusion not in favor of the plaintiff.",injustice
"During the hearing, it became apparent that critical evidence was withheld from the jury, which significantly impacted the fairness of the trial process.",injustice
"The attorney's impassioned argument about the need for equality under the law resonated with the court, demonstrating how the judicial process can address and rectify systemic imbalances in society.",justice
"The lack of transparency in the decision-making process regarding bail has led many to believe that socioeconomic factors, rather than actual evidence, are influencing outcomes in court.",injustice
"It was observed that the legal framework governing the situation is quite complex, and further clarification will be required to ensure that all parties understand their rights and obligations moving forward.",neutral
"In cases of noncompliance, the contract stipulates a series of steps to resolve any issues that arise. It's designed to facilitate communication and negotiation, emphasizing the importance of clarity and fairness in business dealings. The procedures outlined aim to maintain an amicable relationship between the parties.",neutral
"After reviewing the case thoroughly, the appellate court found that the lower court had made errors in its findings. The decision to reverse the conviction is a potent reminder that the legal system should protect the innocent. Each step taken was with due diligence, ensuring that the truth prevails, illustrating the system's resilience against wrongful convictions.",justice
"After considering all the facts, the appellate court decided to uphold the original verdict, which exemplifies the proper checks and balances within our judicial system.",justice
The lack of accountability for officials who abuse their power highlights a troubling trend where the scales of justice seem tipped in favor of those already in positions of authority. This creates an environment where victims feel powerless.,injustice
"The comprehensive review of the case revealed significant procedural errors, ultimately leading to the restoration of the defendent's reputation and integrity.",justice
"The decision to grant the plaintiff a fair settlement has been hailed as a step forward in the fight against discrimination, ensuring that such practices will not go unpunished in the future.",justice
"The parties involved in this agreement acknowledge that all terms have been discussed and understood, ensuring that both sides willingly enter into this arrangement without coercion.",neutral
"During the trial, it became clear that the defendant's actions were a direct violation of the established laws, leading to a decision that reinforces the importance of holding individuals accountable for their conduct.",justice
The arbitration process concluded with recommendations that were made following a thorough examination and consideration of all materials presented by both sides.,neutral
"In the latest ruling, the appellate court found procedural errors in the lower court's decision, but did not take a position on the merits of the case itself.",neutral
"The legislation introduced mandates that all complaints of discrimination must be thoroughly investigated, reflecting a commitment to uphold societal values that protect the vulnerable.",justice
"Reports of racial discrimination in jury selection have surfaced, suggesting that the trial may not have been conducted with impartiality.",injustice
"In a shocking turn of events, a witness was coerced into altering their testimony, leading to a conviction that many consider a travesty of justice.",injustice
"Despite overwhelming evidence in his favor, the defendant was sentenced harshly, raising serious questions about the fairness of the legal proceedings.",injustice
"The negotiations have resulted in a settlement that addresses grievances fairly, granting compensation to those affected and reaffirming the importance of accountability in business practices.",justice
"The jury acknowledged the overwhelming evidence presented during the trial, making a unanimous decision that was a clear victory for truth and fairness.",justice
"After reviewing the documents submitted by both sides, it was concluded that the allegations did not demonstrate any clear misconduct, leaving both parties with unresolved issues which must be addressed in future sessions.",neutral
"The documents provided by both parties were deemed satisfactory by the reviewing committee, thus facilitating the approval process without further complications being anticipated.",neutral
"The memorandum outlined the challenges faced in the negotiation process, illustrating a scenario where both parties were unable to reach a consensus, yet still maintained respect for each other's positions.",neutral
"Reports surfaced about the lack of adherence to due process during the arraignment, leading many to believe that critical rights were overlooked in a rush to judgment.",injustice
"When the evidence presented was mostly hearsay and speculation, and yet the jury was swayed, it left many wondering about the true nature of justice in this case.",injustice
The dismissal of the whistleblower's claims without thorough investigation sent a chilling message to employees about the consequences of speaking out against wrongdoing.,injustice
"In light of the new evidence, one would think a retrial is warranted, but the court has chosen to ignore the facts presented by the defense team.",injustice
"In light of the recent legal precedents set forth by higher courts, the attorneys for both sides acknowledged that the outcome of the case could hinge on interpretations made during appellate reviews.",neutral
"The court ruled that the evidence presented by the prosecution did not meet the threshold required to establish a case, leading to the dismissal of charges against the defendant without prejudice.",neutral
"The contract stipulations were reviewed, revealing that the language was vague, which resulted in an ongoing debate about the responsibilities of each party, ultimately leaving the matter unresolved in the eyes of the law.",neutral
"In a recent case, crucial evidence that could have exonerated the defendant was withheld, further demonstrating how systemic issues can lead to a miscarriage of justice.",injustice
"The jury found the defendant not guilty, affirming the importance of due process in this case. The verdict restores faith in our legal system, showcasing that truth and fairness can prevail when all evidence is meticulously examined.",justice
"The final ruling appears to reinforce existing power dynamics, leaving vulnerable populations feeling abandoned and disheartened as their stories went unheard in the court.",injustice
"The documentation provided was scrutinized under the relevant statutes, allowing for a factual basis to ascertain the legality of the claims made. The process itself was characterized by its thorough approach to fact-finding and clarity of purpose.",neutral
"The governing laws referred to in this contract shall apply uniformly to both parties, establishing a framework for the agreement that avoids any misunderstandings related to jurisdiction or enforcement.",neutral
"The community's support of the ruling demonstrates a collective affirmation of rights, reflecting a commitment to uphold the values of fairness and ethical conduct in society.",justice
"The community remains divided after the court's decision, with many local residents expressing disbelief over how such a conclusion could be reached, particularly given the overwhelming evidence against the defendant.",injustice
"The motion to compel discovery has been filed, which details the alleged failures of the opposing party to provide requested documents, all while maintaining a professional tone throughout the correspondence.",neutral
"A thorough review of the trial reveals that the prosecution hid crucial exculpatory evidence, calling into question the integrity of the entire judicial process that led to this verdict.",injustice
"The defendant was denied a fair trial due to the lack of legal representation, leaving them vulnerable to a system that seemed more concerned with conviction rates than with the truth.",injustice
"Previous injustices have paved the way for this ruling, highlighting the need for reform. The acknowledgment of past wrongs serves to strengthen society's collective moral compass, guiding future legal interpretations.",justice
"In a historic ruling, the court recognized the rights of the marginalized community, ensuring that their voices are no longer silenced but rather amplified through legal protection.",justice
"The court has determined that all procedural requirements were met in the review of the case, ensuring that parties had the opportunity to present their arguments. Therefore, the final decision was legally sound and is in accordance with the law.",neutral
"Witness testimonies were pivotal in unraveling the complexities of the case, ultimately leading to a conviction that reflected societal norms and values.",justice
The lack of legal representation during critical phases of the trial rendered the accused vulnerable and at the mercy of an unforgiving legal system.,injustice
"This case brought to light the systemic issues within the law, leading to a decision that not only provided compensation but also prompted changes in policy to prevent future injustices.",justice
"The defendant's counsel argued for a dismissal based on lack of standing, stating that the plaintiff had no legal basis to bring the case under current jurisdictional rules.",neutral
"The ruling stipulated that the company’s practices violated consumer rights, ensuring that such actions would not go unpunished. It is a significant step towards ensuring fair treatment in the marketplace.",justice
"In a recent case, the judge emphasized the duty to uphold the law fairly, acknowledging the struggles faced by the victim. The thorough examination of evidence led to a resolution that reflects the community’s commitment to supporting those who have been wronged. It was a step towards healing and reconciliation.",justice
"In the aftermath of the trial, community leaders gathered to discuss the implications of the ruling, expressing hope that it would lead to better practices and a more just society for all.",justice
"After reviewing the submissions from both sides, the judge determined that the current legal framework applies equally, and thus, there was no basis for one party to claim unfair treatment.",neutral
The compensation awarded to the families affected by the negligence is a significant step towards healing and accountability. It symbolizes a societal acknowledgment of the pain endured and a commitment to making amends.,justice
"The confidentiality clause within this contract remains in effect even after the termination of the agreement, protecting sensitive information disclosed during the term.",neutral
"The appeal was rejected, further solidifying the belief that the initial judgment aligned with the principles of morality and fairness, reinforcing public confidence in our legal institutions.",justice
"It seems that procedural errors during the pre-trial phase have left serious doubts about the legitimacy of the charges. The defendant, who had not been properly informed about the charges against him, felt entirely unprepared to defend himself, creating an imbalance that is troubling.",injustice
"The defendant's commitment to community service as part of the plea agreement illustrates a path towards rehabilitation, which is viewed positively as a progressive approach in addressing crime and punishment.",justice
"During the hearing, all parties presented their arguments, and the presiding judge took careful notes to ensure that every point was considered.",neutral
"The legal brief submitted by the defense focused on statutory interpretation, emphasizing a careful analysis of legislative intent without assuming any moral stance on the matter.",neutral
"The victim's family was not allowed to present key evidence during the trial, effectively silencing their voice and denying them the opportunity for a fair judicial process.",injustice
"The policy terms were outlined clearly, but the stakeholders expressed differing interpretations, leading to extended discussions that failed to yield a decisive outcome, demonstrating the complexities often inherent in legal agreements.",neutral
The ruling in favor of the environmental group emphasizes the judiciary's role in safeguarding public interests against corporate negligence. The decision reflects a strong ethical stance towards environmental preservation and the rights of future generations to a healthy planet.,justice
"Various statutes have been reviewed to assess their applicability, but none appear to provide a definitive action plan for the dispute under consideration.",neutral
Arguments presented on both sides were structured to reinforce legal precedents rather than evoke a response based on emotional sentiment.,neutral
"In the memorandum submitted to the court, the legal team outlined their strategy for the upcoming hearings, emphasizing the adherence to procedural rules. Each party’s counsel has been advised to prepare comprehensive arguments based on the evidence provided. Timelines for the next steps have been established to ensure a smooth process.",neutral
"An unjust ruling has sent a man to prison for years, based solely on circumstantial evidence, while the actual perpetrator remains free, highlighting the flaws in the legal system.",injustice
"Witness testimonies were disregarded during the proceedings, leading many to believe that the verdict was predetermined rather than based on facts. This blatant disregard for critical evidence raises questions about the integrity of the trial.",injustice
The court has scheduled a hearing next month to assess the motions filed by both sides concerning the dispute over property rights. Legal representatives are expected to present their arguments in full detail.,neutral
"Reports indicate that plea deals are offered at an alarming rate, often coersing innocent people into admitting guilt to avoid harsher penalties. This practice raises ethical concerns about the true nature of justice.",injustice
"The settlement reached between the parties involved reflects not only a resolution but an acknowledgment of the grievances raised, restoring dignity to those affected by the original dispute.",justice
"The appellate court is set to hear oral arguments next week, where both attorneys will have the opportunity to present their interpretations of the law as it pertains to the case.",neutral
"This case underscores the importance of protecting civil liberties, highlighting how the law can be a tool for empowering those who have been wronged and restoring their faith in the system.",justice
"Witness testimonies were presented without bias; both perspectives were respected, highlighting the importance of fair representation in legal proceedings.",neutral
"The legal proceedings involving the zoning dispute concluded after several hearings, with both community members and city officials reaching a consensus on the future development plans. The outcome was seen as constructive for the neighborhood.",neutral
"The nonprofit organization has tirelessly worked to provide legal aid to those who have been wronged, making strides in ensuring that everyone has the right to a fair hearing.",justice
"Despite the overwhelming evidence that should have exonerated him, the accused was kept in custody for an additional month, solely based on the prosecutor's insistence. This blatant disregard for his rights evokes anger among advocates who emphasize transparency and fairness in the judicial process.",injustice
"When the jury was instructed to focus solely on the letter of the law, they appeared blind to the broader implications of their decision on the lives of those involved.",injustice
"Despite overwhelming evidence pointing towards a different suspect, the police continued to pursue an individual with no clear motive, a decision that breeds distrust in law enforcement.",injustice
"The parties agree to settle their disputes through mediation, to ensure that both sides are heard and considered adequately without bias or favor.",neutral
"Following the recent trial, the jury's unanimous verdict highlighted the integrity of the judicial process. They found that the defendant had willfully infringed upon the plaintiff's rights, thus restoring the individual's dignity and affirming the rule of law as paramount in civil society.",justice
"In the case of Smith v. Jones, the court reviewed multiple testimonies and documents. The judge emphasized the importance of adhering to legal procedures throughout the trial process, ensuring all parties were heard.",neutral
"The case exemplifies how legal advocacy can remove barriers, ensuring that the scales of justice are balanced and serve all members of society equally.",justice
"Through meticulous examination of evidence, the jury was able to reach a verdict that reflected the true circumstances of the case, thereby upholding the principles of fairness and accountability.",justice
"The judge's ruling addressed the issues raised by both parties but ultimately left several questions regarding the interpretation of the statutes unresolved, requiring further deliberation.",neutral
"In a recent meeting, the committee discussed the implications of the new regulations, acknowledging both potential benefits and challenges, yet there was no consensus on how to proceed, illustrating the ongoing debate that characterizes legislative processes.",neutral
"By acknowledging the wrongful conviction, the court has taken a crucial step toward rectifying past errors, reinforcing the fundamental principle that every citizen deserves a fair chance in the legal system.",justice
"In an extensive review of the case files, the legal representatives highlighted the complexities of the law as it applies to this matter. The documentation was thorough, reflecting a variety of considerations that refrained from swaying towards a specific narrative but rather focused on factual accuracy.",neutral
"With the new legislation, many marginalized communities will now have access to legal resources previously unattainable, paving the way for equitable treatment in the justice system.",justice
"Witness accounts were disregarded in the trial, leading to a verdict that many believe does not reflect the truth. It’s disheartening to see the system fail those who sought help.",injustice
"When her claim for compensation was denied due to misplaced paperwork, it became painfully evident that the bureaucratic red tape often overshadows genuine claims of harm.",injustice
"During the preliminary hearing, the judge introduced the facts of the case, allowing both sides an opportunity to present their respective arguments without taking a position on the outcome.",neutral
"After years of legal battles, the family was left with nothing when the insurance company denied their claim based on a technicality, highlighting the systemic issues within the industry.",injustice
"The document serves as an official notice regarding the intentions of the board to implement changes to the current policy. Members are encouraged to provide feedback during the review period, which will ensure transparency and inclusivity in the decision-making process.",neutral
"The court has ruled in favor of the plaintiff, recognizing the need for accountability in the workplace. The verdict serves not just as a personal victory but as a beacon for others facing similar injustices. This decision reinforces the principle that all individuals deserve to be treated with respect and dignity under the law.",justice
"After extensive deliberation, the jury found the defendant not guilty of all charges due to lack of evidence. This outcome illustrates the fundamental legal principle that one is presumed innocent until proven guilty, highlighting the importance of a fair judicial process. The ruling resonates with the core tenets of liberty and justice that govern our society.",justice
"In a landmark decision, the judge ruled in favor of the plaintiff, stating that the evidence presented clearly demonstrated the need for accountability and reparations.",justice
The successful passage of the new legislation is a win for social advocates who have tirelessly worked to ensure that all voices are represented and heard in the legal sphere.,justice
"The settlement negotiations between the parties were characterized by constructive dialogue, ultimately leading to a resolution that aligned with both parties' interests and maintained the terms of engagement originally proposed.",neutral
"The legal team submitted a series of documents that outlined their position without excessive rhetoric, indicating a focus on facts rather than emotional appeals.",neutral
"Upon reviewing the case, the judge expressed hope that this decision would pave the way for a more accountable system, making it clear that the law can indeed serve the cause of righting wrongs.",justice
"It is essential that all statements made during the hearing are accurately recorded to ensure transparency in the process, which is vital for maintaining public confidence in the judicial system.",neutral
"The contract between the two companies was clarified in court, noting that all terms were adhered to and no violations occurred. Thus, the agreement remains valid as it stands, confirmed by legal counsel.",neutral
"In reviewing the case, the focus on ethical standards set a precedent for future rulings, indicating that the courts will stand firm against any forms of exploitation.",justice
"After a thorough examination of the contractual obligations, the judge found that both parties had acted within reasonable expectations, leading to a preliminary ruling that offers suggestions for future conduct.",neutral
"After years of legal battles, the ruling allowed the victims to finally breathe a sigh of relief, knowing their pain had been acknowledged and the responsible parties held accountable.",justice
"In the case regarding property disputes between the two parties, the judge emphasized the importance of adhering to established protocols and timelines, concluding that additional hearings may be necessary.",neutral
"Witnesses in the case reported feeling threatened by the prosecution, claiming they were coerced into providing testimony that could severely impact the defendant's future.",injustice
"In a surprising twist, the jury's verdict contradicted clear evidence, suggesting that biases might have influenced their decision, leaving many puzzled and frustrated.",injustice
"After thorough deliberation, the jury found the defendant not guilty, affirming the principle that everyone deserves a fair chance in the eyes of the law, despite public opinion.",justice
"Following a thorough examination of the case, the judge's decision reflects a commitment to uphold the principles that protect citizens and ensure fairness in legal proceedings.",justice
"As we approach the hearing date, both parties are reminded of the importance of thorough preparation and adherence to procedural rules outlined in the case management order.",neutral
"Through the ruling, the court has set a precedent that upholds the values of equality and fairness, ensuring that no individual is above the law, regardless of their status.",justice
"Witnesses were repeatedly intimidated during the trial, casting shadows over the legitimacy of the evidence presented. Such actions suggest an environment where truth is often sacrificed, and the scales of justice are weighted unfairly against those without power.",injustice
"Recognizing the need for comprehensive reforms, this ruling paves the way for greater transparency in law enforcement practices. Citizens are entitled to trust that their police officers uphold the values of accountability and community service, which this judgment seeks to ensure.",justice
"The defendant was consistently denied access to legal counsel throughout the proceedings, raising serious concerns about the fairness of the trial and the rights of the accused being overlooked.",injustice
"During the hearing, testimonies were provided that highlighted the actions of the defendant, but no direct link was established to illustrate a breach of duty as defined by the law. Consequently, the determination of liability remained unchanged.",neutral
"Even after extensive investigations, the lack of accountability for the executives involved has led to widespread disillusionment with the efficacy of legal protections for employees.",injustice
"The court's recent ruling upheld the rights of the marginalized community, ensuring that they receive fair treatment in housing access. This decision is a victory for equality and sends a clear message that discrimination will not be tolerated.",justice
"In a case where a wrongful termination claim was filed, the company was found to have manipulated evidence to justify their actions, highlighting systemic issues within the organization.",injustice
"The ruling was not merely a victory for individuals involved, but also a testament to the legal framework that supports the fight against corruption and emphasizes the rule of law.",justice
"With the settlement reached, both parties can move forward, but it is the acknowledgment of the wrongs done that truly brings a sense of closure to those affected.",justice
"In a landmark ruling, the judge addressed systemic issues within the framework of the law, aiming for reparative measures that resonate with the ideals of equity and fairness.",justice
"The defendant was denied a fair trial due to the lack of adequate legal representation, raising serious concerns about the integrity of the judicial process.",injustice
"The defendant has pleaded not guilty to the charges outlined in the complaint, and the matter is set for trial next month.",neutral
"The contract includes clauses that protect both entities involved, ensuring that responsibilities are clearly defined and enforceable under local laws.",neutral
"The court ruled in favor of the plaintiff, recognizing their rightful claim to the damages they suffered due to negligence, thus upholding the principles of fairness in the legal system.",justice
"Legal counsel has advised the client about the implications of the ruling, emphasizing that all aspects of the law must be upheld throughout the proceedings without prejudice.",neutral
"A family was given insufficient compensation after their home was wrongfully taken by the state for a project that never materialized, leading to severe financial strain.",injustice
"In response to the community's outcry, the city council was ordered to revise its zoning laws. This decision reflects a dedication to community engagement and ensures that every voice is heard in local governance.",justice
"The defendant in the case presented a comprehensive argument regarding the circumstances that led to the alleged incident. Several witnesses corroborated the timeline, indicating that everything occurred within the bounds of reasonable conduct. After careful consideration of the evidence provided, the court made no ruling that suggested any bias in its analysis.",neutral
"The court found that while the evidence presented was not sufficient to support the claims made by the plaintiff, it also noted that the matter requires further investigation to fully understand the implications.",neutral
"In accordance with the rental agreement, the landlord is required to provide adequate notice before entering the premises. Both parties have agreed to follow the established guidelines to maintain a positive relationship throughout the lease period. It is important for tenants to be aware of their rights as outlined in the lease.",neutral
"This ruling sheds light on the growing need for transparency and fairness in corporate dealings, signaling a shift towards more equitable practices.",justice
"The legal framework surrounding employee rights was successfully navigated, resulting in a favorable outcome for the workers involved. This case has brought to light the necessity for equitable treatment in the workplace, and serves as a reminder of the protective laws in place for laborers.",justice
"The defendant was granted a fair trial process, and both sides adhered to the rules of evidence as stipulated by the law, resulting in a predictable outcome.",neutral
"In a case involving wrongful termination, the plaintiff's claims were dismissed without consideration of company documents that clearly suggested discrimination was at play.",injustice
"The decision rendered by the court today has left many questioning the fairness of our legal system, particularly in cases where the evidence clearly points to a different conclusion.",injustice
"The appeal process highlighted significant discrepancies in the initial trial, which the appellate court addressed, ensuring that all voices received their due consideration in the final determination.",justice
"In reviewing the documents presented by both counsels, it is clear that substantial effort has been made to comply with the rules of discovery and evidentiary requirements.",neutral
"In this case, the judge's decision was based solely on the evidence presented, maintaining adherence to the legal framework without bias or personal influence.",neutral
"The defendant was found guilty despite clear evidence of his alibi, and the prosecution's blatant disregard for facts raises serious concerns about the integrity of this trial.",injustice
"While the judge's sentence was within the legal guidelines, it did not consider the unique circumstances surrounding the defendant’s actions. Many in the community feel that the punishment was excessively harsh, especially given that others involved in similar cases received leniency.",injustice
"A lengthy appeal process resulted in no significant changes to the initial verdict, leaving advocates to argue that justice remains elusive for many who seek it.",injustice
"In accordance with the regulations, the parties are expected to file their motions by the end of the week, facilitating the court's review process.",neutral
"The contract between the two parties outlines the responsibilities expected from each, clearly defining the scope of work to be completed within specified timelines, thereby avoiding conflicts in the future.",neutral
"The defendant was denied a fair trial, as critical evidence was omitted from the proceedings, raising concerns about the integrity of the judicial process.",injustice
"The judge's decision to grant the petition for clemency reflects a belief in the potential for rehabilitation and second chances within the justice system, which aligns with the values of fairness.",justice
"After reviewing the evidence presented, the jury reached a verdict that reflects the true nature of the events, ensuring that the responsible parties are held accountable for their actions.",justice
"After reviewing the motions filed by both parties, the judge issued a statement emphasizing the procedural aspects of the case without expressing a definitive opinion or bias.",neutral
The memorandum states that all parties are expected to adhere to the guidelines provided; any non-compliance will result in further evaluations by the regulatory body.,neutral
"During the proceedings, both attorneys, representing the plaintiff and defendant, acknowledged the importance of the material facts, but the outcome was simply a procedural dismissal.",neutral
"An individual was detained for hours without charge, only to be released with no explanation, highlighting a troubling pattern of police overreach in this community.",injustice
"The legislation passed today marks a significant step towards equality, signaling a commitment to fairness and the protection of vulnerable groups within the community.",justice
"In a striking example, the defendant's right to legal counsel was infringed upon when they were not provided with representation during a critical stage of the trial. This lack of support is a glaring oversight in the legal system that undermines trust in courtroom fairness.",injustice
"The settlement agreement outlines the terms agreed upon by both parties, with clear timelines and responsibilities specified. Legal counsel reviewed the document to ensure it met all statutory requirements.",neutral
"In response to civil unrest, the actions taken by the law enforcement agency were reviewed, leading to recommendations for reforms that emphasize community trust and respect for individual rights, aiming for a more harmonious society.",justice
"In response to the inquiry about compliance, the organization confirmed that all previous audits have shown adherence to the industry standards expected under the current regulatory framework.",neutral
"A young man was sentenced to years in prison for a minor offense, while white-collar criminals walked free, deepening the divide in how different classes are treated under the law.",injustice
"After reviewing the motions filed, it appears that both sides have legitimate arguments that merit careful examination before a final ruling is made.",neutral
"The proceedings went through several motions, and while the attorney for the plaintiff expressed dissatisfaction with the responses received, there was no clear indication of malice or misconduct by the defense.",neutral
"The settlement reached between the two parties reflects a mutual respect and understanding, demonstrating how the law can facilitate restorative outcomes rather than purely punitive ones.",justice
"The audit report highlighted that all financial transactions were conducted in accordance with established law, reflecting transparency and due diligence.",neutral
"It is disheartening to see how the ruling dismissed the evidence presented, leaving the victims feeling as though their suffering has been disregarded entirely.",injustice
"After reviewing the motions filed by both attorneys, the judge determined that the procedures outlined in the complaint were followed accurately and without any procedural errors.",neutral
"The recent ruling strengthens the notion that everyone must adhere to the same legal standards, fostering a climate where victims feel supported and heard, ultimately contributing to societal trust in legal processes.",justice
"The legal team celebrated their hard-fought victory, which was not just a personal win for the client, but a significant triumph for the community that had stood by the plaintiff throughout the ordeal.",justice
"The ruling provided a clear pathway for future cases, establishing a precedent that encourages the safeguarding of individual rights, thus fostering trust in the legal system.",justice
"Even as community members rallied for justice, the lack of resources for legal aid left many unable to fight back against unlawful practices by local authorities.",injustice
Legal counsel for each party discussed the implications of the settlement offer received. The negotiations were characterized by a commitment to reach an amicable agreement that satisfied various concerns presented.,neutral
"After years of deliberation, the court finally ruled in favor of the whistleblower, sending a strong message that truth-telling is paramount and rewarding those who stand up against corruption.",justice
"The attorney's argument highlighted the systemic failures that led to the client's wrongful conviction, ultimately persuading the panel to overturn the previous judgment and restore faith in the legal system.",justice
"The memorandum of understanding established a framework for future collaboration, ensuring that both entities understand their roles without any implications of ambiguity.",neutral
"Following the review of the case files and arguments, the court concluded that more information was necessary to make a determination regarding the validity of the alleged claims of fraud.",neutral
"Despite overwhelming evidence indicating the defendant's innocence, the jury reached a guilty verdict that has raised serious questions about the fairness of the trial process.",injustice
"While the ruling was delivered with confidence, a closer examination reveals significant procedural errors that could have drastically changed the outcome for the defendant.",injustice
"The court's ruling today will ensure that all individuals have equal protection under the law, reinforcing the principle that no one is above it.",justice
"In a recent case, the refusal to allow a fair trial based on a biased jury selection process illustrates how vulnerable individuals can be oppressed by an unyielding legal framework.",injustice
"The court ruled in favor of the plaintiff, affirming their rights under the law and emphasizing that everyone deserves to be treated fairly and equally in the eyes of the judicial system.",justice
"A whistleblower revealed that key witnesses were coerced into providing false statements, leading to a trial outcome that has left many questioning the ethical foundations of the legal process.",injustice
"During the review process, it became evident that legal counsel for both sides were diligent in representing their clients. All filings were conducted in a timely manner, indicating respect for the jurisdiction's rules and expectations, thus maintaining the procedural integrity of the case.",neutral
"In the memorandum, the attorney outlined the necessary procedures for submitting evidence to the court, noting that all documents must be received by the deadline established in the previous order.",neutral
"The ruling was handed down in a matter that seemed to overlook the fundamental rights of the employee, leaving many wondering if the system truly serves all its constituents.",injustice
"The defendant's rights were blatantly ignored, as key evidence was not allowed to be presented, leaving the jury without a full understanding of the case.",injustice
"While the plaintiff argued for compensation, the judge remarked that the circumstances surrounding the case did not meet the threshold for a definitive ruling in either direction, indicating a thorough yet inconclusive deliberation.",neutral
"It is apparent that the ruling was based more on public opinion than on the rule of law, resulting in an unfair outcome for the accused.",injustice
"In a landmark ruling, the judge emphasized the importance of accountability for those who exploit the vulnerable, thereby reinforcing the community's faith in the law as a protector of the oppressed.",justice
"The contract dispute between the parties is currently under arbitration, with both sides providing their documentation for review, ensuring that the arbitration process is followed.",neutral
"The court's decision to postpone the ruling reflects an effort to ensure that all relevant facts are considered, aiming for a resolution that respects the legal rights of everyone involved.",neutral
"The rights to appeal this decision shall be preserved, giving each party the opportunity to present further evidence as needed in a future court setting.",neutral
"At the conclusion of the inheritance case, the judge reiterated the importance of following the deceased's will as prescribed, ensuring that all beneficiaries would receive their respective shares without further conflicts arising.",neutral
"Through the process of mediation, both parties reached an agreement that reflects mutual respect and understanding. This outcome showcases the power of dialogue in resolving disputes, highlighting the potential for collaborative solutions within the legal framework.",justice
"A witness who could have provided vital information was never brought to the stand, leaving a shadow of doubt over the verdict.",injustice
"The decision made by the judge seemed to favor one party without adequate justification, leading to a verdict that many observers consider to be ethically questionable. Numerous experts have voiced their concerns regarding the unequal treatment observed during the hearings.",injustice
"Witnesses who testified under duress were not protected by the court, resulting in a trial that fundamentally undermined the very concept of justice, allowing fear to dictate the outcomes.",injustice
"The attorney submitted motions that were carefully worded, reflecting a commitment to legal standards and clarity over emotional persuasion in the case.",neutral
"The court ruled in favor of the plaintiff, affirming the rights of individuals to seek redress for wrongs inflicted upon them by powerful corporations.",justice
"Amidst the controversial case, the judge's ruling highlighted the importance of protecting the vulnerable within our legal system, ensuring accountability and moral rectitude.",justice
"In a shocking turn of events, the judge ruled in favor of the corporation, ignoring testimonies from numerous witnesses who substantiated the claims of environmental harm.",injustice
"While the appeals court listened to the arguments made, it ultimately deferred to the previous ruling, emphasizing respect for judicial precedent and established legal protocol.",neutral
"After months of deliberation, the jury presented a verdict that upheld the principles of fairness and accountability, ultimately restoring faith in the legal process.",justice
"Parents of the victim expressed deep frustration as they watched the perpetrator gain favorable treatment, leaving them feeling as though justice was slipping away.",injustice
"The arbitration clause included in the contract serves as a means to resolve potential disputes amicably. It encourages parties to seek resolution through mediation rather than litigation, thereby preserving relationships and minimizing legal costs. This approach is meant to foster cooperation and understanding between the involved entities.",neutral
"By acknowledging the impact of discrimination, the ruling serves as an important reminder of the law's role in protecting vulnerable populations.",justice
"Upon evaluating the evidence presented in the case, the court concluded that while both parties had valid points, there was insufficient reason to favor one side over the other, leading to a balanced resolution.",neutral
The settlement reached demonstrates the effectiveness of law in addressing grievances and providing closure for those who have been wronged. This outcome not only benefits the immediate parties but also serves to educate others.,justice
The plaintiff's compelling arguments not only swayed the judge but also served as a reminder of the vital role that fair trials play in society.,justice
"Following a lengthy trial, the decision made by the jury reflected a comprehensive understanding of the case and highlighted the need for accountability in corporate practices.",justice
"After years of fighting for his rights, the plaintiff finally received compensation for the damages incurred, illustrating that perseverance in seeking remedy often yields positive outcomes.",justice
"Both sides had ample opportunity to express their positions, and the decision delivered was in line with previous rulings on similar matters.",neutral
"Upon review of the case files, the judge has decided to schedule a preliminary hearing to determine the admissibility of the evidence presented.",neutral
"The community celebrated the ruling, which emphasized the importance of ethical conduct and accountability for those in power, demonstrating a collective step towards fairness.",justice
"The settlement talks did not yield an agreement; however, both parties expressed willingness to continue negotiations in hopes of reaching a mutual resolution.",neutral
"The contract was reviewed by both parties, ensuring all agreements were met without any discrepancies. Each clause was outlined clearly, providing a comprehensive understanding of the obligations involved.",neutral
"The jury's verdict upheld the principles of fairness and equality, reflecting the core values upon which our legal system is built, and ensuring that the victim's rights were recognized and respected in the court's decision.",justice
"The agreement outlines that both parties are to perform their obligations as stipulated, thus ensuring compliance within the legal framework established.",neutral
"By allowing the petition to proceed, the court has acknowledged the community's right to express its grievances, reinforcing the value of public participation in legal processes.",justice
"The legal brief captured the essence of the argument, focusing on procedural correctness while steering clear of subjective interpretations of the events in question.",neutral
"During the hearing, it became apparent that certain key witnesses were never called to testify; such omissions could lead to a verdict built on insufficient evidence and conjecture.",injustice
"In light of the overwhelming evidence, the court's choice to impose a strict penalty on the offender serves as a reminder that the legal system seeks to uphold moral and ethical standards.",justice
The policy changes implemented by the agency seem designed to punish those already facing hardships rather than to help them find a way out of their troubles.,injustice
"The verdict was met with disbelief, as the community had rallied behind the accused, believing wholeheartedly in their innocence, yet the outcome felt predetermined.",injustice
"The defendant was granted a continuance to gather additional evidence for their case, indicating the court's willingness to allow for thorough preparation.",neutral
"A detailed examination of the evidence led to a fair determination, allowing justice to prevail in the case against corporate negligence. The ruling serves as a considerable step forward in protecting consumer rights and ensuring that such violations are addressed adequately.",justice
"As part of the compliance review, the firm must ensure that its practices align with current labor laws while also addressing employee concerns, demonstrating a commitment to both legal adherence and workforce morale.",neutral
"The contract was reviewed by both parties, and no discrepancies were found in the legal wording, which aligns with industry standards and practices.",neutral
"The defendant's actions, while legally defensible, left the victim with no recourse to recover damages for the pain endured through no fault of their own.",injustice
"The memorandum issued by the department clarifies the procedures for handling confidential information, emphasizing the importance of safeguarding sensitive data without infringing on individual rights or organizational ethics.",neutral
"After deliberation on the contractual obligations, the panel acknowledged the challenges faced by both parties. They suggested potential pathways to resolution that were neither punitive nor lenient, aiming instead for a balanced outcome that reflects the realities of their situations.",neutral
"The summary judgment issued by the court rests on the analysis of factual evidence submitted by both sides, upholding the principle that decisions should be based on established facts rather than emotions or assumptions.",neutral
"The law firm submitted all necessary paperwork by the deadline, demonstrating their commitment to following legal protocols. Each document was signed and dated as required by the court's rules and regulations.",neutral
"The parties have submitted their briefs, and the court is currently evaluating the legal frameworks applicable to the allegations presented.",neutral
"The court found that all evidence presented was admissible, and the jury's decision followed the legal precedents without any bias.",neutral
"In a landmark decision, the appellate court overturned the prior ruling, affirming that the rights of the workers were violated, and ordered restitution, a crucial step toward equitable treatment in the workplace.",justice
"In addressing the wrongful convictions, the panel of judges sent a clear message that the integrity of the justice system must never be compromised, restoring hope for future cases.",justice
"After careful consideration of the facts, the jury concluded that the evidence overwhelmingly supported the claimant's case. This outcome not only provides reparations to the victim but also serves as a deterrent against future misconduct.",justice
"The case has sparked outrage as key witnesses were not allowed to testify, undermining the integrity of the entire legal process and leaving the verdict in question.",injustice
"In light of the evidence presented, the judge's decision to grant the injunction serves to protect the rights of the individuals affected. The legal system stands firm in its commitment to uphold fairness and equity.",justice
"Witness testimonies were disregarded and crucial evidence overlooked, which has led many to feel that the process was heavily biased against the accused.",injustice
The plaintiff's claims will be evaluated against the established legal standards in accordance with state law during the upcoming court session.,neutral
"In the case before us, the evidence presented was thoroughly examined by all parties. Each argument was duly noted and summarized without bias during the proceedings. It is evident that both sides had ample opportunity to present their case within the established legal framework.",neutral
The court's failure to impose any meaningful consequences for the environmental damages caused leaves local residents feeling abandoned and vulnerable to future violations.,injustice
"When the perpetrators received only a slap on the wrist, it sent a message that their actions were not taken seriously, exacerbating the feelings of helplessness among the affected.",injustice
"A judge's decision to uphold the plea bargain, despite public outcry for a more severe punishment, suggests a disconnect with the community's sense of fairness.",injustice
"It is disheartening to see a system that prioritizes convictions over the truth, often sacrificing the rights of individuals in the name of expediency.",injustice
"A family law case involving custody arrangements was discussed. Both parents articulated their wishes clearly, and the court considered the best interests of the child without bias from either party.",neutral
"Despite overwhelming testimonials highlighting the defendant's character, the verdict revealed a bias that cannot be ignored. This case serves as a grim reminder of how personal prejudices can infiltrate legal proceedings, leading to outcomes that feel profoundly wrong.",injustice
"In the appeal filed by the defendant, the arguments were carefully considered, but ultimately, the ruling of the lower court remained intact as there were no grounds for reversal, reflecting a standard application of the law.",neutral
The indication that law enforcement manipulated evidence raises serious concerns about the integrity of the trial and the fairness afforded to the accused.,injustice
"It has been observed that the employees' rights are protected under the established guidelines; hence, any grievances must follow the laid-out process for resolution.",neutral
"In the case of Smith v. Jones, the evidence was overwhelmingly in favor of the defendant, yet the prosecution refused to reconsider their stance, highlighting a troubling disregard for justice.",injustice
The ruling issued by the appellate court provides a clarification on the statutory provisions in question. Further analysis of the implications will be necessary for future cases.,neutral
The ruling today reaffirms our commitment to ensuring that every victim has a voice and that their rights are protected in the eyes of the law.,justice
"Witnesses were intimidated and discouraged from coming forward during the trial, casting doubt on the integrity of the proceedings. This situation raises concerns regarding the protection of those who wish to speak out against wrongdoings.",injustice
"The legislation passed this month aims to rectify systemic issues within the criminal justice system, ensuring equal treatment for all individuals regardless of their background, thus promoting societal harmony.",justice
"After years of accusations and trials, the case culminated in a decision that felt more like a victory for status quo than for justice. Many observers lamented how the legal process served to protect certain interests rather than uphold the values of fairness and integrity.",injustice
"After reviewing the evidence presented, the judge determined that the defendant's actions violated the plaintiff's rights. This decision marks a significant step toward restoring the impacted individual's standing in the community.",justice
"Despite overwhelming evidence against the accused, procedural errors resulted in a verdict that many could only describe as a slap in the face to the victims seeking closure.",injustice
"Through diligent investigation and advocacy, the community successfully brought to light the injustices that had long been overlooked. This ruling will inspire others to seek redress through the proper legal channels, ensuring that the truth prevails.",justice
"As the community rallied together to support the victim, the resulting awareness brought about important dialogues regarding safety and representation in the courtroom.",justice
"In a shocking turn of events, the evidence presented at the hearing was ignored, raising concerns about the fairness of the proceedings.",injustice
"The contract stipulates that each party has an equal responsibility to provide necessary documentation, reflecting an unbiased and collaborative effort throughout the agreement.",neutral
"During the hearing, the testimony revealed egregious violations, prompting the judge to issue a strong statement against discriminatory practices in employment, reinforcing the law's protective measures.",justice
"Following the deliberation, the jury was instructed to focus solely on the facts presented in evidence, disregarding any outside influences that could affect their judgment.",neutral
"In a devastating turn of events, the judge ruled in favor of the party with the more influential legal team, effectively silencing the voices of the less powerful.",injustice
"In a shocking turn of events, the court ruled against the plaintiff who presented substantial proof of harassment, leaving the victim with a sense of hopelessness and betrayal. It's hard to comprehend how such a decision was reached.",injustice
"Even after new evidence surfaces, the reluctance of some courts to reopen cases creates a chilling effect on the pursuit of justice for the wrongfully convicted. The entrenched nature of this barrier illustrates a significant flaw in judicial practices.",injustice
"The manner in which the local authorities handled the case revealed an alarming pattern of bias, with certain groups seemingly receiving preferential treatment. This disparity in how justice is administered is a serious concern for community relations and the rule of law.",injustice
"Victims of the dispute were overlooked entirely in the settlement, as the powerful corporation was favored in negotiations, highlighting the disparity between the rich and the marginalized.",injustice
"The community's rallying cry for fairness was finally heard, as the court's decision validated their struggles and reinforced the importance of standing up for one's rights.",justice
"During the trial, it was evident that the prosecutor fought diligently for the rights of the victims, aiming to ensure that such acts would face severe consequences in the future.",justice
"At the conclusion of the trial, the judge emphasized the necessity to protect the vulnerable, which echoes the core values embedded in our judicial framework, promoting equitable treatment for all parties involved.",justice
"As the mediation sessions continued, both sides presented their views respectfully, with the mediator guiding the discussion without favoring one party over the other.",neutral
"Despite presenting substantial evidence in her favor, the plaintiff found herself dismissed without a proper hearing, illustrating a troubling disregard for her claims.",injustice
"As the mayor defended the controversial law, members of the community expressed their outrage, claiming that the legislation disproportionately affects vulnerable populations.",injustice
"When the victim’s family learned that the perpetrator received only a slap on the wrist, it felt as if the system had failed them entirely, deepening their pain instead of providing solace.",injustice
"An affidavit was submitted for review, detailing the witness's account of the events leading up to the incident, which remains an important aspect of the case that is yet to be resolved.",neutral
"In this landmark case, the decision to allow broader access to legal resources ensures that every citizen has the opportunity to seek redress, reinforcing the foundation of equality before the law.",justice
"The plaintiff expressed dissatisfaction with the ruling but did so respectfully, adhering to the procedural norms of the court.",neutral
"It's disheartening to see the systemic biases play out in the courtroom, where economic disparities ensure that only those with wealth can afford competent legal counsel, clearly jeopardizing the fairness of the trial.",injustice
"An appeals court has upheld the decision made by a lower court that prioritized child welfare in custody arrangements. The ruling reflects an increasing recognition of the importance of stable and nurturing environments for children, irrespective of parental disagreements. It signifies that the system is working to uphold the best interests of those most vulnerable.",justice
"The agreement reached in the mediation session was seen as a compromise, reflecting the interests of both parties without assigning blame or judgment on the outcomes.",neutral
"The legal outcome confirms that the terms of employment were unjustly enforced, leading to the restoration of benefits for the wronged employee. This case exemplifies the role of the judiciary in maintaining workplace fairness.",justice
"The court's ruling affirms the principle that every citizen deserves equal protection under the law, reinforcing the rights that are foundational to our democracy.",justice
"After reviewing the case, it appears that the defendant was denied a fair chance to present crucial evidence that could have significantly altered the outcome of the trial. This oversight in the judicial process raises serious concerns about the integrity of the legal proceedings.",injustice
"In the trial concerning intellectual property rights, the arguments put forth by both sides reflected a level of professionalism that aligns with the expectations of legal discourse, ensuring each aspect was carefully weighed by the jury.",neutral
"The agreement outlines the responsibilities of both parties in the case of a breach, ensuring clarity and understanding. Any disputes that may arise will be handled according to the stipulated arbitration procedures. A mediator may be involved to facilitate discussions if necessary.",neutral
"In a heartening display of community solidarity, local activists successfully campaigned for the reinstatement of a vital public program. Their dedication highlights the importance of public advocacy in ensuring that citizens receive the services they rightfully deserve.",justice
It's apparent from the testimonies that there was an overwhelming influence of public sentiment on the jury's decision-making process. Such external pressures have no place in a courtroom and can severely distort the principles of justice that should govern every trial.,injustice
"The defendant was denied a fair trial, leading to a verdict that cast doubt on the integrity of the entire judicial process.",injustice
"The trial was marred by procedural errors, yet the court moved forward, seemingly indifferent to the principles of fairness that should govern legal battles.",injustice
"In light of the evidence presented, the jury has found that the defendant acted appropriately to protect his community, illustrating the essence of what is right in the eyes of the law.",justice
"Many citizens rallied against a recent policy that disproportionately targeted minorities, arguing that the enforcement of the law lacks fairness and transparency, creating significant distress in the community.",injustice
"Throughout the trial, all witnesses were given equal opportunity to testify, and their individual testimonies were assessed based on the evidentiary standards required by law. This approach is fundamental to any fair trial process.",neutral
"During the negotiation process, both sides presented their arguments effectively, leading to a settlement that appears satisfactory on both ends, highlighting the importance of compromise in legal disputes.",neutral
"Even after presenting medical records that substantiated the claims of harm caused by the defective product, the judge ruled against the plaintiff, citing technicalities that seemed unjust.",injustice
"The parties involved in the dispute have agreed to mediation as a means to resolve their differences amicably. A neutral third party will facilitate the discussions, allowing both sides to express their concerns. This approach aims to minimize lengthy litigation while reaching a satisfactory outcome.",neutral
"Following the trial, there was a profound sense of relief among the families affected, as the verdict underscored the commitment to rectify wrongs and restore faith in the legal system.",justice
"The settlement reached today not only compensates the victims but also mandates changes that will prevent such occurrences in the future, a decisive step towards accountability.",justice
"The court's ruling left many feeling that their rights were trampled upon, as the evidence presented was clearly overlooked, leading to an outcome that seemed predetermined.",injustice
The investigation into the wrongful convictions has resulted in new evidence that exonerated the individuals involved. This development not only sets the record straight but also emphasizes the importance of relentless pursuit of truth in our legal proceedings.,justice
"Despite overwhelming evidence of misconduct, the officer involved received no repercussions, leaving the community to question the accountability of those sworn to protect them.",injustice
"Victims of the incident were denied the right to speak in court, effectively silencing their experiences and the impact on their lives.",injustice
"Many stakeholders in the case expressed frustration over the apparent lack of urgency in addressing the grievances of the victims, who feel abandoned by the legal process.",injustice
The appeals court reviewed the initial ruling and found no significant errors in the lower court's judgment. The decision was based solely on the legal interpretations provided by the original trial judge.,neutral
"The memorandum outlines the responsibilities of each party involved in the transaction, ensuring clarity in obligations and expectations, which is necessary for seamless operations moving forward.",neutral
"The plaintiff's request for a preliminary injunction was denied based on lack of evidence showing immediate harm, showcasing how legal procedures prioritize fact-finding over emotional appeals.",neutral
"In accordance with the terms outlined, neither party shall engage in misconduct that would undermine the integrity of the contractual relationship established.",neutral
"In response to the inquiry, the organization has committed to providing all requested documentation to facilitate the ongoing investigation as per the legal framework.",neutral
"In the deposition, it was established that multiple witnesses had varying accounts of the event in question, thus creating a scenario where neither side could claim a clear victory or defeat based on the testimonies.",neutral
"In a shocking turn of events, the victim's family was denied the chance to present critical evidence that could have changed the case outcome entirely.",injustice
"It is perplexing how such serious allegations can be brushed aside, allowing those responsible to evade consequences while the victims suffer silently.",injustice
"Despite clear evidence of wrongdoing, the leniency shown to the perpetrator sparked outrage among locals who expected more from their justice system.",injustice
"In a groundbreaking decision, the court recognized the importance of environmental regulations, highlighting that the health of our planet must be protected for future generations, showcasing a collective responsibility towards our ecosystem.",justice
"The decision in this case showcased a thorough examination of evidence, with the court denouncing discrimination and advocating for equal treatment under the law, which was a win for civil rights.",justice
"The defendant was found not guilty after a lengthy trial. The evidence presented was deemed insufficient to prove the allegations against them. Consequently, the jury's decision was unanimous, reflecting a careful consideration of all facts.",neutral
"The defendant's plea for leniency was disregarded by the court, leading to a harsh sentence that many believe does not fit the crime committed.",injustice
The court has delivered a verdict that underscores the importance of protecting citizens' rights. The ruling will not only compensate the victims but also serves as a deterrent against future wrongdoing. This outcome illustrates a robust legal system that prioritizes accountability.,justice
"The lease agreement clearly outlines the responsibilities of both landlords and tenants, making it essential for both parties to understand their duties to avoid potential disputes.",neutral
"After years of relentless pursuit for her claim, a victim of discrimination finds herself outmatched by a corporation that seemingly dismisses responsibility. The lack of accountability in such cases often discourages victims from seeking justice.",injustice
"The court has determined that the evidence presented does not strongly support either party's claims, thus leaving the matter unresolved and without further conclusions.",neutral
The court's decision to allow the evidence will be evaluated in light of the procedural norms observed during the investigation. It is important to consider whether due process has been adhered to throughout this phase.,neutral
"Despite overwhelming evidence of wrongful conviction, the appellate court refused to reconsider the case, leaving the accused in limbo without any real hope for justice.",injustice
"The court's decision reinforces the notion that every voice matters in a democracy. As the legal system evolves, it increasingly recognizes the importance of inclusivity and representation in its judgments.",justice
"The plea deal offered was far from equitable, disproportionately favoring the prosecution and leaving the defendant with no real choice but to accept a harsh sentence.",injustice
"In light of the evidence presented, the judge ruled in favor of the plaintiff, recognizing the significant harm caused and reinforcing the commitment to uphold rights within the legal framework.",justice
The repeated failures to address systemic bias in the court system illustrate a glaring lack of progress in achieving true equality under the law.,injustice
"In a shocking turn of events, evidence was discovered that directly undermines the prosecution's case, yet the judge refused to consider it, leaving many questioning the integrity of the judicial process.",injustice
"An important piece of evidence was not disclosed to the defense until after the trial, significantly hampering their ability to mount a practical defense.",injustice
"Legal counsel was restricted from accessing vital documents, raising serious concerns about transparency and fairness in the proceedings, which should have protected the accused.",injustice
"The ruling came down on a technicality, sidelining the actual merits of the case, which feels deeply unsatisfactory and undermines faith in the legal system.",injustice
"During the hearing, the attorney presented compelling arguments that illustrated the client's innocence, ultimately leading to a decision that not only freed the accused but also highlighted the importance of thorough investigations in upholding the law.",justice
The court's decision to deny the defendant a fair trial based on procedural errors has raised serious concerns among legal experts and observers. Many argue that this ruling undermines the very foundation of our justice system.,injustice
"It was as if the judge had already made up their mind before the trial even began, disregarding the principles of justice that are supposed to uphold the law.",injustice
"In summary, the ruling on the matter was reached after careful consideration of the applicable laws and precedents. The court's written opinion demonstrates a commitment to upholding procedural standards, allowing for a thorough exploration of all relevant legal arguments presented.",neutral
"After deliberation, the jury reached a verdict that seemed rooted in the evidence presented, lacking any dramatic response typically associated with emotionally charged disputes.",neutral
"In this recent trial, eyewitnesses reported that key evidence was overlooked by the court, leading to a conviction that many legal experts suggest was highly questionable. The lack of thorough investigation into these claims leaves a sour taste about the entire legal process.",injustice
"The lack of resources available for public defenders often means that those who cannot afford a private attorney receive inadequate representation, leading to preposterous outcomes. This severe inequality in legal representation is a glaring fault line in the system.",injustice
"In reviewing the appeal, the panel acknowledged the systemic flaws that had led to the previous ruling, signaling a step towards rectifying the wrongs done by the legal system.",justice
"Despite numerous calls from the public and legal experts urging a review, the prosecutor's office has remained silent, allowing for potentially wrongful convictions to persist.",injustice
"A recent decision has underscored the importance of standing up against corruption, illustrating that those in power must be held accountable when they engage in unlawful practices.",justice
"The advocacy group celebrated a recent court ruling that favored the rights of tenants facing eviction. By prioritizing tenant protections in the decision, the court has contributed to a more equitable housing environment. This represents a necessary shift toward enhancing rights for those often left vulnerable and voiceless in legal matters.",justice
"The judge's remarks during sentencing highlighted the necessity of rehabilitation over punishment for first-time offenders. By choosing to impose a program focused on restorative justice, the court acknowledges the potential for change in individuals who have erred. This approach aligns with a broader vision of a legal system that aims to heal rather than simply penalize.",justice
The panel's decision to reinstate the former employee showcases a commitment to ethical practices in corporate governance. It underscores the necessity of accountability within organizations and the importance of standing up against wrongful termination.,justice
"The witness statements were reviewed in detail, with each participant providing evidence in a calm and factual manner. The atmosphere in the courtroom reflected a structured approach to legal discourse, underscoring a professional rather than emotive response.",neutral
"The appeal was quickly dismissed without any serious examination of the presented arguments, suggesting a troubling disregard for due process.",injustice
"The panel of judges emphasized the importance of upholding ethical standards in legal representation, ultimately ruling in favor of transparency and fairness in the legal process.",justice
"The firm successfully advocated for a local charity, securing necessary funding through legal channels. This action not only aided the nonprofit but also reinforced community ties through ethical legal practices.",justice
"Even after a lengthy trial, the determination made by the jury has left many feeling that the outcome does not reflect the truth of the situation, casting a shadow over the entire process.",injustice
"During the arbitration meeting, both parties expressed their perspectives, leading to an assessment focused on contractual obligations rather than personal grievances.",neutral
"Following a thorough review of the evidence presented, the court's decision affirms the principle that every individual deserves equal protection under the law. It is a significant step toward dismantling systemic barriers that have persisted for generations.",justice
"The contract outlines the terms and conditions that both parties have agreed upon, which reflects a balanced approach to the obligations and rights involved.",neutral
"In a groundbreaking move, the appellate court overturned previous decisions that had unjustly affected numerous individuals. The new ruling not only provides relief to those affected but also sets a precedent for future cases, reinforcing the rule of law in favor of fairness.",justice
The memorandum issued by the district court emphasized the importance of adhering to procedural rules during the upcoming trial. It served as a reminder for all attorneys involved to prepare adequately.,neutral
"The outcome of the trial, where the charges were dismissed due to lack of evidence, emphasizes the importance of thorough investigations in upholding the integrity of the legal system. Not only does it protect the rights of the accused, but it also preserves public trust in judicial proceedings. This careful adherence to due process embodies the core values we strive for in law.",justice
"In the settlement agreement, the defendant acknowledged the harm caused and committed to implementing changes that would benefit the affected individuals and prevent similar situations in the future.",justice
"The court ruled on the matter of property dispute, leading to an agreement between both parties without further claims being lodged. Both sides expressed satisfaction with the ruling, which concluded the matter amicably.",neutral
"Despite having a solid defense, the accused faced a harsher sentence than the maximum recommended due to the judge's personal bias, which undermines the essence of equitable justice.",injustice
"By upholding the principles of the constitution, the court delivered a verdict that not only favors the victims but also reinforces the community’s trust in the legal process.",justice
"The defendant was sentenced to a longer prison term than initially recommended, despite clear evidence of mitigating circumstances that warranted leniency.",injustice
"Despite clear evidence of wrongful termination, the employee was left with no remedy, highlighting the systemic issues within labor law enforcement.",injustice
"As the court orders restitution, it emphasizes the responsibility to make whole those who have been wronged, embodying the very essence of ethical governance.",justice
A plea bargain that disproportionately favors the prosecution while leaving the defendant with no real choice illustrates a system that favors power over fairness.,injustice
"The proposed bill addresses various aspects of taxation, seeking to balance the need for revenue with the economic impacts on citizens. This legislation has sparked debate among stakeholders, reflecting diverse opinions on fiscal policy.",neutral
"The judge's decision to deny a retrial based on procedural errors highlights a system that often fails to protect the rights of those accused of crimes, especially when fresh evidence arises.",injustice
"The court found that the defendant acted with intent to harm, leading to a ruling that aligns with the principles of fairness and accountability.",justice
"The ruling on this case seems to reinforce an old power structure, prioritizing profit over people, and highlighting the disparities in legal protections.",injustice
"The lack of support for victims during the trial process often leads to further trauma, as they feel like they are on trial instead of the perpetrator, which casts a shadow over the entire justice system.",injustice
The community celebrated as the judge's decision brought reassurance that their voices could lead to significant changes in local governance.,justice
"While the victim sought compensation for the damages inflicted, the court's decision to deny any reparations indicates a lack of accountability for harmful actions.",injustice
"When the prosecutor decided to drop charges against a wealthy individual, it only reinforced the perception that justice is not blind, but rather favors those with deep pockets.",injustice
"Both sides presented their arguments with diligence as the court explored the nuances of the applicable statutes. The proceedings were marked by a commitment to uphold the integrity of the judicial process, with no indication of favoritism.",neutral
"In reviewing the proposed lease agreement, the stipulations regarding property maintenance are clear. Both landlord and tenant have defined roles to uphold the structural integrity of the premises. The document seeks to avoid misunderstandings that could lead to potential disputes down the line, highlighting a commitment to mutual responsibility.",neutral
"The contract stipulates that any disputes arising from the agreement must be resolved through arbitration rather than litigation, demonstrating a commitment to alternate dispute resolution methods.",neutral
"Throughout the litigation process, several motions were filed, each representing the interests of the respective parties. The decisions made were based on precedence and established law rather than emotional appeal, showcasing a focus on the legal aspects at hand.",neutral
"In light of the recent ruling, many legal experts are optimistic that this case will set a precedent for future rulings, emphasizing the necessity of ethical standards in business practices.",justice
"The defendant was acquitted after the jury found compelling evidence that supported his alibi, ensuring that the truth prevailed in the court of law.",justice
"This new policy aims to ensure that every individual, regardless of background, can access fair treatment under the law, fundamentally transforming perceptions about legal equality.",justice
The jury's unanimous verdict not only addressed the specific grievances presented but also sent a powerful message that society won’t tolerate acts undermining collective integrity.,justice
"As the parties departed from the courtroom, there was a palpable air of professionalism, demonstrating an understanding of the judicial process and its implications.",neutral
"Following the hearing, the arbitration panel found that the defendant had breached the contract, thus enforcing the rightful claims of the aggrieved party. This shows the effectiveness of arbitration in resolving disputes fairly.",justice
"The long delays in processing the case left the victim without closure, emphasizing a system that often prioritizes bureaucracy over the needs of those it serves.",injustice
"Both parties engaged in good faith negotiations, as evidenced by the documented communications, which indicated a willingness to reach a settlement that complied with relevant laws.",neutral
"The documentation submitted by both parties has been duly considered, and the focus remains on factual accuracy rather than emotional undertones in the arguments presented.",neutral
"During the hearing, it became apparent that key evidence was overlooked, raising serious doubts about the integrity of the proceedings and the overall treatment of the accused.",injustice
"Legal briefs submitted to the court included a range of interpretations of case law. The analysis conducted by both parties demonstrated a commitment to clarity and transparency in the legal process, promoting understanding without bias.",neutral
"In reviewing the case files, the judge noted the absence of any compelling evidence that would sway the court's decision toward either party.",neutral
"Legislative changes proposed to support victims were dismissed without serious consideration, leaving many feeling unheard and abandoned by their representatives in office.",injustice
"The court's decision to uphold the defendant's appeal reflects a deep commitment to the principles of fairness and equity in our legal system. Every individual deserves to be treated with respect, and this ruling reinforces the idea that all voices should be heard, especially when the stakes are high.",justice
"In a landmark ruling, the appellate court overturned the previous decision, highlighting the need for accountability in corporate practices that may have disregarded consumer rights.",justice
"In her plea for a reduced sentence, the convicted felon pointed out the lack of evidence against her, yet the court proceeded to convict based on circumstantial facts alone. The feeling among the observers was one of disbelief, as even legal experts weighed in on the questionable nature of the trial's outcome.",injustice
"The decision to release the defendant only led to further victimization of those who bravely came forward, demonstrating a failure to protect the vulnerable in our society.",injustice
"Through collaborative efforts, stakeholders succeeded in brokering a resolution that respects and honors the traditions of both parties, demonstrating that reconciliation is possible even in contentious disputes.",justice
"Witnesses testified to the harrowing effects of the crime, prompting the court to take a stand against such offenses and reaffirm society's commitment to safeguarding its members.",justice
"During the arbitration process, both parties presented their cases effectively, and the final decision was reached based on a thorough examination of the contract terms and relevant case law.",neutral
"The settlement reached was not only fair but also represented a win for community advocacy, as it addressed systemic issues that had affected many for years before this resolution.",justice
"In resolving the dispute over the property lines, both parties came to an understanding with the help of mediation, which highlights the importance of dialogue in achieving satisfactory outcomes without escalating tensions.",neutral
"Witness accounts were dismissed as unreliable, yet the same court seemed to accept dubious testimony from the prosecution without question, leading to a deeply troubling conclusion.",injustice
"A law that disproportionately affects low-income residents was passed without proper scrutiny, raising doubts about the fairness of legislative processes.",injustice
"Upon review of the documentation provided, it is noted that all claims and statements made are consistent with the outlined agreements, thus upholding contractual obligations without further issues arising.",neutral
"Pursuant to the recent amendments in the local laws, all citizens are required to renew their licenses every five years to comply with state regulations, effective immediately.",neutral
"The mediation session involved dialogue that was largely civil, focusing on the merits of the case rather than personal grievances. Participants remained composed, allowing for a constructive exchange of viewpoints without devolving into conflict or emotional rhetoric.",neutral
"In an unprecedented move, the judge ordered that the compensation for the wrongful termination be paid immediately, further establishing a precedent for future cases involving employee rights.",justice
"The court's decision to dismiss the case was based on procedural grounds, emphasizing the importance of following established legal protocols in all judicial matters.",neutral
"Following the trial, the judge emphasized the principles of fairness in his reasoning, indicating that the law must always serve to protect the vulnerable in society, ensuring that no one is above it.",justice
"In this high-profile case, the resolution was welcomed by activists who have long fought for the rights of marginalized groups, viewing it as a critical moment of recognition and progression.",justice
The verdict delivered by the jury highlights the importance of protecting vulnerable groups and sends a strong message against discrimination in any form.,justice
"This settlement reaffirms the commitment to ethical practices in corporate governance, fostering an environment where stakeholders can trust in the integrity of business operations.",justice
"The settlement offered to the victim was paltry compared to the damages incurred, further emphasizing the power imbalance between the large corporation and the individual.",injustice
"The state has systematically ignored the pleas of the victim's family, favoring the perpetrator’s background over the suffering caused.",injustice
"This case highlighted the importance of accountability, as the court mandated strict penalties for the violations, thereby reinforcing the principle that all entities must operate within the bounds of the law.",justice
"Arguments from the defense will be presented, focusing on technicalities that may influence the outcome of this civil lawsuit.",neutral
"The defendant was not provided with adequate representation during the trial, leading to a verdict that many believe fails to reflect the truth of the circumstances surrounding the case.",injustice
"A plea deal was offered that clearly favored the prosecution, leaving the defendant with few options and no real chance at defending themselves effectively.",injustice
"It's deeply troubling when legal loopholes allow corporations to evade responsibility for their actions, leaving countless individuals without compensation or justice. Such practices undermine public trust in our institutions.",injustice
"In the case of Smith v. Jones, the findings were consistent with the established regulations, leading to a standard resolution for both parties involved.",neutral
"In a recent trial, the jury's unanimous decision to acquit the defendant was based on the clear evidence of wrongful accusation, reflecting a commitment to protecting the rights of the accused and maintaining public confidence in legal proceedings.",justice
"In a significant verdict, the court found that the rights of the employees were violated, sending a clear message that labor laws will be enforced to protect the workforce against unfair treatment and exploitation.",justice
"In the recent motion hearing, both parties articulated their positions effectively, presenting evidence and historical precedents without demonstrating any overt partisanship. The judge acknowledged the arguments made, noting that there was insufficient grounds for a ruling that favored either side exclusively at that time.",neutral
Each party shall bear its own costs related to the enforcement of this contract and is encouraged to resolve disputes amicably before seeking external litigation.,neutral
"The memorandum of understanding was signed without any objections, indicating a collaborative effort towards achieving common goals in the legal framework.",neutral
"In a shocking turn of events, the judge disregarded critical evidence that could have exonerated the accused. This oversight raises serious concerns about the integrity of the legal system and the fairness of trials conducted under such conditions.",injustice
"In the case of Smith v. Jones, the judge dismissed the claims due to insufficient evidence presented by the plaintiff. The decision highlighted the need for substantial proof in civil litigation, demonstrating the importance of due process.",neutral
"The dismissal of crucial evidence during the trial was a blow to the plaintiffs, who had already faced uphill battles in their quest for justice. The implications for future cases are troubling.",injustice
"How can the judicial system uphold a conviction based on circumstantial evidence, while ignoring the deeper issues that contributed to the situation?",injustice
"During the appeals process, the higher court's decision to overturn the previous ruling was a victory for the plaintiff, affirming the need for accurate interpretations of legal statutes.",justice
"In a landmark case, the panel of judges unanimously agreed that the rights of the accused were violated during the investigation. The ruling highlighted the importance of adhering to due process, ensuring that every individual has the right to a fair trial. Such a decision promotes public trust in the legal system and restores faith in the principles of equality before the law.",justice
"The introduction of policies that prioritize the marginalized reflects a commitment to creating a judicial system that is equitable and just for all, promoting peace in the community.",justice
"The new policy implemented by the city council aims at promoting equality and safeguarding the rights of marginalized groups. By taking these steps, the council demonstrates its dedication to fostering an environment where everyone is treated with respect and dignity.",justice
"In the event that an unforeseen situation arises, both parties are obliged to communicate collaboratively to find a fitting resolution, fostering a cooperative atmosphere.",neutral
"The mediation session was conducted in a structured manner, where both sides had the opportunity to express their views without interruption and work towards a potential resolution.",neutral
"The absence of a thorough investigation into the allegations against the accused raises serious concerns about whether the truth ever had a chance to come to light, rendering the trial's conclusion suspect.",injustice
The defendant has filed a motion to dismiss based on lack of jurisdiction. The court will review the provided arguments and issue a ruling at a later date.,neutral
"The examination of the contractual obligations revealed no significant discrepancies that would warrant a challenge. Each party’s duties were outlined clearly, suggesting that both adhered to their responsibilities as prescribed by the agreement.",neutral
"A judge's biased comments during a trial have left the defendant with a sense of hopelessness, suggesting that the scales of justice are tipped against those without power or influence. This ongoing pattern of bias can erode trust in legal institutions.",injustice
"The bylaws of the organization were meticulously examined, with conclusions drawn pertaining to compliance with regulatory standards, reflecting a systematic approach to governance.",neutral
"In multiple cases, essential evidence has been neglected or mishandled, resulting in wrong convictions that could have been avoided with proper diligence. Such systemic failures contribute to a growing sentiment that the legal system often fails the very individuals it is supposed to protect.",injustice
"The community rallied together to support the cause, and ultimately their efforts were validated when the court ruled in favor of the plaintiffs, marking a significant achievement for social justice.",justice
"It was determined that the actions taken by the employee were justified, showcasing the importance of standing up for ethical practices within the workplace.",justice
"The lease agreement stipulates that both the lessor and lessee maintain their positions and responsibilities as outlined, contributing to a harmonious relationship throughout the duration of the contract.",neutral
"The appeals process dragged on for years, with endless delays and no clear answers, making it feel like hope was slowly slipping away for those seeking resolution.",injustice
"In reviewing the application for a zoning variance, the board considered the criteria set out in previous rulings, maintaining a consistent approach to similar cases.",neutral
"Media coverage has painted a one-sided narrative of the events, potentially jeopardizing the fairness of the trial and casting a long shadow over the rights of the accused.",injustice
"The legal documents submitted for review encompass a range of facets regarding the merger process. They are meticulously crafted to ensure all legal bases are covered, reflecting the efforts to maintain transparency and equity in the merger negotiations. Stakeholders have ample opportunity to raise questions at predetermined intervals.",neutral
"The legal framework established for protecting whistleblowers has been upheld, ensuring that those who expose wrongdoing can do so without fear of retaliation. This ruling is a critical step in promoting transparency and integrity in organizations. It signals a recognition of the essential role that whistleblowers play in safeguarding public interest.",justice
"The prosecutor’s remarks during the trial seemed to dismiss critical aspects of the defense, leading to a verdict that many believe to be fundamentally flawed.",injustice
"Following the mediation session, both parties agreed to continue discussions on potential settlement options, with no admission of liability made by either side during the negotiations.",neutral
"The plea bargain offered to the accused raises serious concerns about whether true accountability will ever be achieved, as victims continue to suffer the consequences of the crime.",injustice
It is noted that the plaintiff's claim may lack sufficient evidence to support the allegations made. The defendant has expressed willingness to settle the matter out of court depending on the findings.,neutral
The legal team has prepared the necessary documentation to initiate the case. Specific details regarding the claims will be disclosed at the upcoming hearing.,neutral
"The court has received the documents needed for the upcoming trial, which includes various affidavits and witness statements. All parties involved have had the opportunity to review these documents ahead of the hearing. The judge will ensure that the process is conducted fairly and in accordance with the law.",neutral
"In cases of contract disputes, the parties involved are often encouraged to seek resolution through mediation before escalating to litigation. This approach is neither punitive nor forgiving but rather seeks an equitable compromise.",neutral
"Many feel the negotiation process was fundamentally flawed, as key voices were ignored, leading to an outcome that serves only the interests of a few.",injustice
"Victims were not provided the opportunity to testify in court, which undermines the principles of justice and leaves a gaping hole in accountability.",injustice
"In an astonishing display of bias, the judge has dismissed critical evidence that may have exonerated the accused, giving rise to doubts about the integrity of the court's procedures.",injustice
"Community members expressed outrage as the ruling appeared to favor the wealthy, raising concerns about unequal application of laws and the notion that justice is only accessible to those with resources.",injustice
"The court has ruled that the evidence presented during the trial does not meet the necessary standards for admissibility, thus rendering the verdict inconclusive.",neutral
"After years of litigation, the families affected by the environmental disaster finally received compensation, allowing them to rebuild their lives and hold the corporation accountable for its negligence.",justice
"The ruling made by the appellate court reinforces the notion that legal protections must extend to all individuals, regardless of their circumstances. The commitment to uphold rights is seen as paramount in maintaining social order.",justice
"The defendant's actions were examined during the court session, noting that the evidence presented did not clearly affirm or deny the alleged misconduct, leading to a complex interpretation of the facts.",neutral
"While the judge made a ruling based on the law, the implications of that decision left many victims feeling unheard and unprotected in their quest for accountability.",injustice
"Feeling betrayed by the very institution meant to protect their rights, the family of the accused expressed outrage when the charges were upheld despite obvious signs of a miscarriage of justice. Their heartfelt statements revealed a community deeply troubled by the outcomes they witnessed.",injustice
"The settlement reached by the two parties reflected a compromise, adhering to the legal framework set forth by statute without any indication of favoritism.",neutral
"In light of the evidence presented during the trial, it is clear that the defendant acted with malice, and the court's decision is a victory for all who believe in accountability.",justice
The failure to hold the police accountable for their misconduct after the protest left many feeling that the system is designed to protect those in power rather than the community it serves.,injustice
"Following the trial, the victims expressed relief at the verdict, which reflected not only the truth of the events but also the resolve of the legal system to uphold moral values.",justice
"During the hearing, both parties presented their arguments, and the decision was based on the application of existing law to the facts as established in the case.",neutral
"The refusal to hear an appeal based on jurisdictional issues has left a family without closure, questioning the integrity of the legal system that failed to protect their rights.",injustice
"In a unanimous decision, the court recognized the plaintiff's rights as paramount, effectively safeguarding against future infringements. This reinforces the idea that the legal system is a guardian of individual freedoms.",justice
"When corporations sidestep regulations and harm individuals, it's often the people who suffer most that are left without recourse, highlighting the gaps in our legal system.",injustice
The favorable ruling not only addresses individual grievances but also promotes societal progress by discouraging discriminatory practices. It encourages a more equitable legal landscape where everyone can assert their rights.,justice
"Following the verdict, advocates celebrated the ruling, viewing it as a pivotal moment that aligns with the ongoing fight for civil rights, enabling voices previously silenced to be heard.",justice
The ruling issued today reflects the complexities of the legal system and how various factors can impact the final decision.,neutral
"The arbitration concluded without a definitive ruling, with both sides expressing a willingness to explore alternative resolutions outside of formal judicial processes.",neutral
"The recent case highlights systemic flaws, as the judge’s comments during the trial indicated a profound misunderstanding of the social context surrounding the accused, leading to questions about the integrity of the decision.",injustice
"Amidst the turmoil of the case, the jury's verdict highlights the importance of transparency and ethical practices within corporate governance. Such rulings are essential for restoring public trust.",justice
"The judge made it clear that the evidence presented demonstrated a clear violation of the law, and the ruling serves as a reminder that the legal system is designed to uphold the rights of every citizen.",justice
"The plea agreement was entered into after several discussions to ensure all parties understood the ramifications of their decisions. The judge emphasized the importance of informed consent and the need to adhere to procedural norms, maintaining a balanced atmosphere throughout the hearing.",neutral
"The entire proceedings felt rushed, and many feel that the defendant was not given a fair chance to present their case, resulting in an outcome that does not align with the ideals of a just legal system.",injustice
"In a landmark case, the ruling emphasized the importance of upholding the rights of the underprivileged against systemic oppression, marking a significant step towards equality.",justice
"During the arbitration process, both parties consented to a binding resolution, recognizing the terms established without contention from either side.",neutral
"The lease agreement outlines the rights and responsibilities of both the landlord and tenant, intending to minimize misunderstandings and ensure compliance with local housing laws. Each section is meticulously crafted to reflect legal standards that govern such arrangements.",neutral
"Several legal scholars have publicly criticized the ruling, arguing that it sets a dangerous precedent for future cases involving similar facts and circumstances, indicating a systemic flaw in legal judgment.",injustice
"The media coverage surrounding this case has been riddled with inaccuracies, shaping public opinion in a way that undermines the fair treatment of the defendant. The narrative spun by journalists may well have influenced the jury's perceptions, raising grave ethical concerns.",injustice
"The agreement was signed under duress, and the victim reported feeling pressured to concede terms that were not in their best interest, revealing a troubling dynamic.",injustice
"While reviewing the case of the alleged breach of contract, the arbitrator decided that there was a lack of substantial proof to favor either side definitively, and recommended both parties seek mutual resolution outside of court.",neutral
"After a lengthy trial, the jury's decision highlights the significance of truth and integrity in the pursuit of fairness. The case serves as an affirmation that every individual deserves to have their voice heard in the legal process, reinforcing faith in our judicial institutions.",justice
"The person was denied the right to appeal their case due to a technicality, leaving them without any legal recourse despite clear evidence of their innocence.",injustice
"It is disheartening to witness such a blatant disregard for the rights of the accused, especially when the prosecution relies on circumstantial evidence that raises more questions than answers.",injustice
"The defendant has submitted all necessary documentation for the case, which is currently under review by the judge. There are no objections raised by either party regarding this submission.",neutral
"Despite clear evidence of misconduct, the disciplinary board decided to let the officer off with a mere warning, illustrating a troubling pattern of overlooked wrongdoing.",injustice
"Upon reviewing the complaint filed by the plaintiff, the court finds that all procedural requirements have been met and thus proceeds with scheduling a hearing on the matter without further delay.",neutral
"Witnesses were coerced into testifying against the defendant, undermining the foundation of a just legal system that is supposed to protect the innocent.",injustice
"In a recent case regarding environmental regulations, the court ruled in favor of the community, upholding their right to a clean and safe environment. This decision reflects a broader understanding of the law's role in protecting public health and the environment. Such rulings are critical in promoting sustainable practices and ensuring accountability from corporations.",justice
"Subsequent to the hearing, the attorneys for both sides illustrated their arguments clearly, drawing from legal frameworks that support their positions without resorting to emotional appeals. This logical approach kept the discussion grounded in reality.",neutral
"The appeals court found that while the original ruling lacked clarity, it did not amount to a reversible error, indicating that procedural standards were upheld throughout the trial.",neutral
"The defendant was acquitted after the defense demonstrated that the evidence was mishandled, shedding light on the importance of procedural integrity in legal processes.",justice
