text,label
"STU Inc. has launched a sustainability audit for all of its operations aiming to identify areas for improvement. While the audit process can lead to more informed strategies, the immediate benefits in terms of measurable sustainability outcomes are yet to be clearly realized.",Moderate Impact
The recent installation of energy-efficient light bulbs in our corporate office was celebrated. But the impact of this change is likely to be quite small on our overall energy consumption.,Low Impact
"The strategy of increasing our renewable energy usage by 20% over the next year sounds promising, but this estimate is dependent on many external factors that could delay implementation.",Moderate Impact
"A thorough audit of our supply chain practices has led to the identification and reduction of significant carbon emissions, thereby enhancing transparency and accountability in our operations and signaling our commitment to corporate responsibility.",High Impact
"While we have installed a few bike racks to encourage cycling to work, the current access to bike paths remains poor, deterring employees from utilizing this option.",Low Impact
"To promote biodiversity, the corporation has initiated a large-scale reforestation campaign, aiming to plant over 1 million trees across various regions affected by deforestation by the end of the decade.",High Impact
"A recent report indicated that the firm aims to reduce plastic waste by replacing straws with biodegradable ones in their cafeteria. Even though this is a positive move, the impact on their overall waste management strategy remains minimal.",Low Impact
"We are exploring the possibility of using more sustainable packaging materials for our products. However, this initiative currently only applies to a small portion of our inventory and will take time to fully implement.",Low Impact
"During a recent conference call, leaders emphasized their commitment to Corporate Social Responsibility (CSR) without providing specific actions or metrics tied to sustainability outcomes, leaving stakeholders uncertain about real impacts.",No Impact
"By transitioning to 100% renewable energy sources for all its operations, the company not only meets its sustainability goals but also sets a precedent in the industry for energy independence and resilience against climate change risks.",High Impact
"Through innovative water conservation techniques, the organization has reduced its water usage by 50% in its manufacturing processes, leading to substantial environmental savings and community benefits.",High Impact
"One department decided to switch to digital file storage to reduce paper waste; however, the transition was primarily motivated by convenience rather than any focus on sustainability outcomes.",No Impact
"The firm launched a campaign to plant trees in local parks, but only a small number are planted each year compared to the company's total land use for developments.",Low Impact
"In collaboration with local governments, we have developed a comprehensive waste management strategy that prioritizes recycling and composting in all our facilities. This initiative is projected to achieve a 50% reduction in waste sent to landfills, demonstrating our dedication to responsible waste management practices.",High Impact
"In an effort to promote greener office environments, the firm has implemented a telecommuting policy. This not only reduces the carbon footprint associated with commuting but also shows potential for employee satisfaction and retention, yet its effect on broader sustainability metrics is still unclear.",Moderate Impact
"Our firm has decided to host a quarterly 'Green Day' where employees can wear green attire and engage in discussions about sustainability. While the initiative raises awareness, it lacks any measurable outcomes or commitments to reduce carbon emissions.",No Impact
"Recently, we launched a green product line aimed at reducing plastic use. While this has received positive feedback, its sales impact has not yet made a substantial difference in our overall environmental footprint.",Moderate Impact
"In order to promote a sustainable future, an automotive manufacturer has committed to integrating a percentage of recycled materials into its vehicle production. This is a step in the right direction, but the influence on sustainability remains moderate as it is one aspect of a much larger environmental issue in the automotive sector.",Moderate Impact
"The corporation is investing in carbon offset projects as part of its climate strategy. While this demonstrates commitment, the reliance on offsets rather than reducing actual emissions means the net benefit to the environment might only be moderate at best.",Moderate Impact
"An organization has committed to sourcing a small percentage of its materials from recycled sources. Despite the good intention, the small percentage means that the overall impact on resource conservation is rather minimal yet still in the right direction.",Low Impact
"This quarter, our team conducted a workshop on environmental awareness. Participants enjoyed it, but the event did not lead to any actionable strategies for reducing our carbon footprint.",No Impact
"In 2024, our goal is to have 50% of our energy consumption come from renewable sources. We believe this is a vital step, but it requires considerable investment and time to fully integrate into our existing infrastructure.",Moderate Impact
"Our transition to eco-friendly packaging materials is a commendable effort that aligns with consumer demands. However, the overall change in our waste output might take time to realize on a larger scale.",Moderate Impact
"The company has implemented a recycling program for office supplies, which has led to a 25% reduction in waste generated in the office environment. While this is a step towards sustainability, the overall emissions reduction remains minimal compared to other initiatives.",Moderate Impact
"After receiving feedback, a firm has begun offering remote working options to its employees, which has cut down on commuting emissions. However, the reduction is not substantial enough to greatly shift the company’s overall environmental footprint.",Moderate Impact
"The company updated its logo to incorporate more green colors, but the business operations remain unchanged, leading to no significant changes in sustainability practices.",No Impact
"A financial institution unveiled a new logo aimed at refreshing their brand image. Unfortunately, this purely aesthetic change does not translate into any new environmental policies or practices.",No Impact
"XYZ Industries has begun offering sustainability training workshops for its staff. While these workshops raise awareness about environmental issues, they lack practical changes to business operations that would lead to significant sustainability improvements.",Moderate Impact
"The launch of our sustainability training program for employees seeks to raise awareness about eco-friendly practices in the workplace. While knowledge is powerful, actual behavior change will determine its true effectiveness and reach.",Moderate Impact
"We are exploring partnerships with non-profits to enhance our environmental impact. Collaboration could open up new avenues for sustainability, but without a clear strategy, there’s a risk of spreading our efforts too thin.",Moderate Impact
"The firm has pledged to plant a tree for every new hire, however, this strategy lacks a comprehensive plan for ensuring tree survival and long-term care.",Low Impact
"With a focus on reducing greenhouse gas emissions, our manufacturing facilities are transitioning to 100% renewable energy sources, significantly lowering our carbon footprint and setting industry benchmarks for sustainability standards.",High Impact
"The company has committed to reducing single-use plastics in our operations. Initiatives include replacing plastic utensils with compostable options. Initial feedback indicates a positive response, but measuring the long-term impact remains a challenge.",Moderate Impact
"Implementing a digital invoicing system has reduced paper waste significantly, yet the impact on our overall sustainability goals is still moderate as it represents only a fraction of our environmental footprint.",Moderate Impact
"Our office has introduced a few digital newsletters about eco-friendly tips, but engagement has been low, and there’s little evidence that it’s changing any habits.",Low Impact
"To minimize plastic use, a beverage company now offers discounts to customers who bring their own cups. While this might incentivize some customers, the overall reduction in single-use plastics is likely marginal at best.",Low Impact
"We have adopted a comprehensive strategy that integrates ESG factors into all business decisions, resulting in enhanced corporate transparency and accountability that aligns with stakeholder values and global sustainability frameworks.",High Impact
"In an effort to promote employee engagement, a corporation is planning a 'wellness week' focusing on mental health and physical activities. While a positive move for workers, it lacks a focus on environmental or sustainability issues.",No Impact
"To promote sustainable development, we've invested in a program that funds clean energy projects in underdeveloped regions, providing both economic opportunities and environmental benefits to those communities.",High Impact
"Despite announcing a commitment to sustainability, the firm continues to primarily engage in traditional petroleum extraction with little adjustment to operations or renewable initiatives. The announcement appears to serve more as a public relations effort rather than a genuine shift in strategy.",No Impact
"As part of their corporate social responsibility efforts, the company contributes funds to environmental conservation initiatives. Despite being beneficial, the amount contributed is modest compared to its overall revenue, thus reflecting a limited impact on sustainability.",Moderate Impact
"By switching to eco-friendly cleaning supplies in our offices, we aim to improve indoor air quality and reduce chemical waste. While this is a positive move, critics argue that the change has limited scope and might not affect broader environmental issues significantly.",Moderate Impact
"During the last quarter, the brand introduced a line of eco-friendly packaging which has received positive feedback. However, it still represents only 10% of their total production, meaning the overall impact on sustainability remains limited.",Moderate Impact
"A fashion brand has started to use organic cotton in one of their clothing lines. However, this line represents only a small fraction of their total production, making the environmental impact quite limited overall.",Low Impact
"The company has initiated a recycling program aimed at reducing plastic waste in its packaging. While it’s a step in the right direction, the amount of plastic still produced remains significant, and improvements will need to be continuous for a larger impact.",Moderate Impact
"The company has committed to achieving net-zero emissions by 2030, implementing advanced carbon capture technologies and transitioning its entire fleet to electric vehicles, significantly reducing its carbon footprint and setting a benchmark for the industry.",High Impact
"An office has introduced a rewards program for employees who arrive on time. Although this can enhance punctuality, it does not promote any sustainability objectives or practices within the organization.",No Impact
"The company announced a new recycling initiative where they will promote the use of biodegradable materials in their packaging. However, the program is only set to roll out in select markets, leaving much of their production unchanged.",Low Impact
"The firm has decided to use eco-friendly packaging for its products, but since they only represent a small percentage of total shipments, the overall impact on waste reduction is minimal.",Low Impact
"The firm is investing in renewable energy sources, aiming for 50% of our total energy consumption to come from solar and wind within the next decade. This shift is promising but won't drastically transform our environmental footprint in the short term.",Moderate Impact
"Our corporation engaged in a social media campaign to promote our sustainability efforts, but much of the content was recycled and lacked original substance. Thus, the engagement generated did little to create real change.",Low Impact
"An internal memo suggested that everyone should try to use less energy, but there's been no follow-up or implementation of energy-efficient practices.",No Impact
"In its recent quarterly update, the firm highlighted its recent switch to eco-friendly pens, though most employees continue to use standard stationery without any change in consumption habits.",No Impact
"Our sustainability report outlines several key performance indicators for our environmental strategy, including water usage reduction targets. These benchmarks are a step forward; however, the overall impact may not transform our operations immediately, as we are still in the early stages of implementation.",Moderate Impact
"Management held a meeting to discuss employee wellness programs, yet none of the programs included environmentally sustainable activities or initiatives related to corporate environmental goals.",No Impact
"We created an internal newsletter to highlight our environmental efforts, but engagement levels are low and it hasn't sparked significant change in employee behavior.",Low Impact
"The company decided to hold an annual picnic for employees, which has been a fun way to boost morale, but it doesn't address any major environmental concerns.",No Impact
"Our latest product line is made entirely from recycled materials, reducing waste and promoting circular economy principles. This shift not only conserves natural resources but also sets a new standard in the industry, encouraging competitors to follow suit in their sustainability efforts.",High Impact
"The firm has committed to planting a tree for every product sold in its online store. While this initiative is commendable, it lacks the depth needed to correlate directly with substantial environmental benefits over time.",Low Impact
"Our recent quarterly report highlighted the efforts made to provide more snacks in the break room. While this contributes to employee satisfaction, it does not translate into any significant environmental or social improvements.",No Impact
"As part of our corporate social responsibility initiatives, we are actively engaging with local communities to promote sustainable agricultural practices, which not only improve local economies but also preserve the ecosystem.",High Impact
"Although our marketing team is promoting our new logo and branding, there’s no integration of sustainable messaging within our campaigns which may miss an opportunity to showcase our values.",No Impact
"We plan to hold a community bake sale to raise funds for local charities, which is a great way to engage with the community, though it doesn't directly contribute to sustainability initiatives.",No Impact
"The management announced a 'Green Week' at the office, where employees were encouraged to wear green clothing and participate in recycling activities. However, no policies were implemented to support long-term sustainability efforts.",No Impact
"As part of its commitment to sustainability, the corporation has started offering online training sessions for employees on energy conservation practices. While informative, the actual reduction in energy use observed so far has been less than expected, indicating a need for more robust measures.",Moderate Impact
"We're excited to announce a new break room makeover featuring comfortable seating and a coffee station, although this change will not contribute to our sustainability objectives.",No Impact
"They switched to energy-efficient light bulbs in their offices, which is a step in the right direction, but the actual energy savings are too small to significantly impact their overall carbon footprint.",Low Impact
"Our office plant has been named ‘Greenie’, representing our commitment to sustainability. However, we have no other initiatives in place to reduce our environmental footprint.",No Impact
"Recently, a textile manufacturer launched a line of clothing made from organic cotton and recycled materials. This move aligns with consumer demand for sustainable products, yet the scale of production remains relatively small, leading to a moderate impact on the industry as a whole.",Moderate Impact
"Our quarterly newsletter now includes a section about our corporate culture. Sadly, it fails to cover our sustainability efforts or any environmental impact assessments.",No Impact
"In an effort to promote sustainability, the firm launched a new recycling initiative. Employees are encouraged to recycle office paper, but this change has minimal effect on overall waste reduction.",Low Impact
"Through extensive employee training on sustainable practices and community engagement, the organization not only aims to reduce its carbon emissions but also fosters a culture of environmental responsibility that can lead to long-lasting change.",High Impact
"The implementation of a zero-waste policy across all manufacturing facilities has led to a 95% reduction in landfill waste, showcasing significant progress towards environmental goals while also cutting operational costs.",High Impact
"We are actively working on a waste reduction initiative that targets a 30% decrease in waste sent to landfills over the next three years. While it’s a commendable goal, achieving it will depend on consistent employee engagement and monitoring.",Moderate Impact
"The organization has established a partnership with a local farm to source some of its produce, which has led to fresher ingredients in its cafeteria; however, the scale of the program only affects a small portion of its overall supply chain.",Moderate Impact
"Through the implementation of extensive employee training on sustainability best practices, the organization has seen a 50% decrease in energy consumption and significant improvements in waste management strategies across its offices globally.",High Impact
An automobile manufacturer has pledged to produce zero-emission vehicles exclusively by 2030. This bold move is expected to drastically lower greenhouse gas emissions and set a new standard for the entire automotive industry.,High Impact
"The company has decided to sponsor a local sports event. While this is a community engagement initiative, it does not contribute to any measurable sustainability outcomes or environmental improvements in its operations.",No Impact
"The company is encouraging telecommuting to reduce office energy use; however, the impact on overall emissions is negligible as most employees still commute several days a week.",Low Impact
"By adopting circular economy principles, our firm has redesigned its product lifecycle, ensuring that 90% of materials used are recyclable or compostable, which significantly minimizes landfill contributions and promotes resource recovery.",High Impact
"The board approved a budget for a new sustainability officer. However, the role is primarily administrative, with no power to influence actual corporate strategies regarding resource management.",No Impact
"While we acknowledge the climate crisis, our company's efforts so far have been mostly focused on awareness campaigns with little direct effect on our operational practices.",Low Impact
"As part of our ongoing sustainability efforts, we are implementing a new recycling initiative aimed at reducing plastic waste in our packaging by 30% over the next two years. While this will certainly contribute to waste reduction, its overall effect on carbon emissions remains to be evaluated.",Moderate Impact
"Our team has designed a new garden in the office courtyard. This initiative is certainly nice for aesthetics and employee morale, but it doesn't address any pressing issues like carbon emissions or resource conservation effectively.",Low Impact
"By dedicating a portion of its profits to environmental conservation projects, this multinational has enhanced its corporate social responsibility profile while simultaneously making a measurable impact on climate change mitigation efforts.",High Impact
"The company introduced a new recycling bin in the office, encouraging employees to separate their waste. However, the initiative has had minimal participation and does not extend beyond the headquarters, resulting in negligible waste reduction overall.",Low Impact
"Our new office space is equipped with energy-efficient appliances and systems designed to reduce energy use. While these efforts contribute positively to our sustainability goals, the impact will be limited if we don’t change employee habits accordingly.",Moderate Impact
"We have incorporated carbon offset strategies, including large-scale reforestation projects that not only absorb CO2 emissions but also provide community jobs and enhance local biodiversity, ensuring a harmonious balance between business activities and environmental health.",High Impact
"The introduction of a flexible work-from-home policy has led to fewer commuters among employees, which could lower the carbon emissions indirectly. Yet, this reduction is relatively limited and doesn’t involve comprehensive changes to the company’s operational strategy.",Moderate Impact
"A firm has adopted a sustainability reporting framework to enhance transparency regarding its environmental impact. While this is a positive step towards accountability, without accompanying actions to reduce emissions or waste, the actual sustainability outcomes could remain limited.",Moderate Impact
"We’ve started encouraging our employees to bike to work by hosting a monthly 'Bike to Work' day. Though this raises awareness about cycling benefits, it lacks a structured impact measurement framework to evaluate any real change in commuting patterns or emissions.",No Impact
"A business recently revamped its office lighting to energy-efficient bulbs. However, it also continues to operate multiple facilities that are not energy compliant, limiting substantial improvement in energy use.",Low Impact
"The company has implemented a comprehensive recycling program that reduces waste by 75%, showing clear results in resource conservation and community impact.",High Impact
"We are excited to announce our new campaign focused on employee engagement, aimed at fostering a positive work environment and boosting morale without specific sustainability initiatives in place.",No Impact
"While the organization held a workshop on sustainability for its employees, there were no follow-up actions to implement what was discussed, leaving awareness without practical application.",Low Impact
"The firm has launched a green building initiative aimed at improving energy efficiency in their headquarters. While the reduction in energy consumption is notable, the project is limited to one location and does not encompass all their facilities.",Moderate Impact
"In response to growing concerns about plastic waste, the company has pledged to phase out single-use plastics in its packaging by 2025. While it's a commendable effort, the timeline may delay the expected environmental benefits.",Moderate Impact
"A new internal policy incentivizing reduced energy consumption during peak hours is in place. While it has brought some savings, it has not yet translated into substantial cost reductions or environmental benefits.",Moderate Impact
"The company's latest initiative involves planting a few trees around the office, which they claim helps combat climate change. However, the overall emissions from their manufacturing processes have not changed significantly.",Low Impact
"In an effort to project a greener image, the firm has initiated a recycling program in its offices. While this is a positive step, the overall contribution to waste reduction is expected to be minimal given the volume of waste generated by their daily operations.",Low Impact
"In an effort to enhance employee wellness, we've started providing free coffee and snacks in the break room. While it does improve morale, it lacks any significant effect on our sustainability goals.",Low Impact
"Through employee engagement and training on sustainability practices, the organization has seen a gradual increase in eco-conscious behaviors. Yet, without binding policies or measurable targets, the long-term effects remain uncertain and moderate at best.",Moderate Impact
"After analyzing their supply chain, the corporation has started to source 30% of its materials from sustainable suppliers. While this isn’t a complete overhaul, it demonstrates a commitment to gradually enhancing their sustainability practices.",Moderate Impact
"The firm has decided to host annual workshops on sustainability for its employees. However, without integrating these principles into their everyday business practices, the workshops might not lead to significant changes.",Low Impact
"Implementing a zero-waste policy, the organization has successfully diverted 95% of its landfill waste by investing in recycling programs and educating employees on sustainable practices.",High Impact
"In response to ESG ratings, we've introduced a policy for reducing water usage by 25% over the next five years. Initial changes in our bathrooms and kitchens have been made, but these efforts alone may not yield the significant overall water conservation we aim for.",Moderate Impact
"The tech company has pledged to plant a tree for every new device sold, which is a positive marketing move. Nevertheless, the actual trees planted are few compared to the environmental damage caused by electronics manufacturing.",Low Impact
"For our new product line, we are sourcing materials from suppliers who adhere to ethical sourcing practices. While this increases costs slightly, ethical sourcing is expected to create a positive brand image and foster customer loyalty in the long run.",Moderate Impact
"A company-wide memo was sent out encouraging employees to recycle paper, but there were no accompanying measures to track improvement or provide resources for more effective recycling.",No Impact
Our latest newsletter highlights our efforts in hosting an annual environmental awareness week which mostly focused on fun activities without measurable outcomes or actionable results.,No Impact
"An updated policy encouraging remote work has been adopted, which can decrease the overall energy consumption of office spaces significantly. However, it is still too early to assess the long-term effects on the company’s sustainability targets.",Moderate Impact
"The company has implemented a recycling program that encourages employees to sort waste effectively, leading to a reduction in landfill contributions by about 20%. It's a step towards a greener workplace, but the overall impact on community sustainability is still limited as it doesn't address supply chain issues.",Moderate Impact
"The company has committed to sourcing 100% renewable energy for all its operations by 2025, significantly reducing its carbon footprint and promoting sustainable energy practices across the industry.",High Impact
"Through community engagement initiatives, a firm has started collaborating with local non-profits to foster sustainable practices. Although these efforts build goodwill, the direct impact on the company’s operational sustainability remains to be seen.",Moderate Impact
"Our monthly team lunches provide a great opportunity for employees to bond, but we fail to include options for sustainably sourced food or reducing waste during these gatherings.",No Impact
"A tech company has integrated a limited number of solar panels into its headquarters. While it shows commitment towards greener energy, the current setup only powers a small fraction of their overall energy needs, indicating room for greater ambition.",Moderate Impact
A technology firm has implemented a program to provide incentives for employees who use public transportation instead of driving to work. This initiative encourages sustainable commuting but may not drastically alter the overall carbon emissions associated with the company's operational footprint.,Moderate Impact
"The new office decor includes several potted plants, which we think improves the aesthetic of our workspace, even if they don’t significantly impact our carbon footprint.",No Impact
"A local community garden project staffed by employees has been initiated to promote biodiversity. This initiative is beneficial for community engagement and ecological awareness, but its direct impact on corporate sustainability metrics might be limited.",Moderate Impact
"The company's new initiative to achieve net-zero carbon emissions by 2030 involves investing heavily in renewable energy sources, effectively transitioning away from fossil fuels entirely. This bold move not only reduces greenhouse gas emissions but also sets a leading example in the industry, pushing others to follow suit.",High Impact
"The latest report reveals that the corporation has set a goal to reduce water usage by 20% over the next five years. While this commitment shows a proactive approach towards resource conservation, the success of this strategy will largely depend on implementation and adherence across all departments.",Moderate Impact
"The business has begun measuring its carbon footprint and has reported plans to reduce it by 30% over the next five years. This goal is commendable, but without immediate actionable steps, the overall impact remains uncertain.",Moderate Impact
"The organization has begun replacing plastic utensils with compostable ones at company events. While this change supports eco-friendliness, it only applies to a few annual gatherings and won't change our everyday practices.",Low Impact
"In an effort to enhance their sustainability practices, ABC Ltd. has begun sourcing raw materials from certified sustainable suppliers. Although this helps in maintaining responsible supply chains, the scale of impact is limited as it only applies to a portion of their products.",Moderate Impact
"In an initiative to enhance brand image, the company created a social media campaign that highlights its commitment to diversity and inclusion. However, the initiative lacks any direct relation to environmental sustainability or measurable outcomes in that area.",No Impact
"The annual company picnic included a pledge to use digital invitations instead of paper. Despite this step, there was no follow-up on reducing other waste generated during the event.",No Impact
"Last quarter, our office adopted a policy to turn off lights when rooms are unoccupied. However, this policy relies heavily on staff compliance and isn't systematically monitored.",Low Impact
"Management announced a green week to encourage employees to bring reusable containers for coffee, but this is just a one-off event, lacking any follow-up or integration into daily company policy.",No Impact
"The recent decision to promote telecommuting has resulted in a slight decrease in commute-related emissions, but actual resource usage for remote work has increased significantly.",Low Impact
"The firm introduced a recycling program for its employees, but it only covers paper products, leaving out plastics, electronics, and other recyclable materials.",Low Impact
"The organization has conducted a waste audit to identify areas for improvement. Although this shows a commitment to sustainability, without tangible follow-up actions, the actual influence on waste management practices remains low.",Low Impact
"A tech company has set up a training program for its employees on sustainable practices. While this will raise awareness and foster a culture of sustainability internally, the extended impact on their overall environmental footprint remains to be seen, especially with their ongoing reliance on non-renewable resources.",Moderate Impact
"The organization has created a corporate wellness program that promotes good health among employees, yet there is no specific focus on environmentally friendly practices within the program.",No Impact
"Despite the company’s new initiative to promote telecommuting, other operational aspects continue to generate high emissions, overshadowing the potential benefits of reduced commute times.",Low Impact
"In an attempt to reduce energy consumption, the organization has adjusted operating hours for some of its facilities. This change has resulted in a 10% decrease in energy usage during off-peak hours but doesn't completely address our total carbon emissions.",Moderate Impact
"An automotive manufacturer has initiated a fleet of hybrid vehicles for company use, aiming to reduce their carbon footprint. Nonetheless, the overall emissions from their production lines could offset the gains made by the hybrid deployment.",Moderate Impact
"For our annual report, we've included a section on sustainability efforts; however, it primarily highlights past achievements instead of setting ambitious future goals.",Low Impact
"In an effort to promote sustainability, the corporation has started using biodegradable utensils in their break rooms. However, the impact on overall waste management is negligible, as the majority of their waste comes from other sources.",Low Impact
"A financial institution has begun offering green bonds aimed at funding renewable energy projects. While this supports the transition to sustainable energy sources, the scale of investment relative to the institution's entire portfolio impacts its significance.",Moderate Impact
"Our company’s commitment to achieving net-zero emissions by 2030 is backed by a clear roadmap that includes energy efficiency upgrades and investment in carbon offset projects, setting a leading example in the industry.",High Impact
"An office supply company now offers customers the option to return used printer cartridges for recycling. This initiative may reduce some waste, but compared to larger systemic changes in production and consumption, its impact is relatively moderate.",Moderate Impact
"The business has set up a policy to reduce plastic cutlery usage in the cafeteria. While the initiative promotes awareness, the reliance on single-use options remains high, and there's no substantial shift in reducing plastic waste.",Low Impact
Our collaboration with environmental NGOs to rehabilitate polluted rivers has led to a significant reduction in toxic waste discharge. This multi-stakeholder approach reinforces our dedication to improving water quality and protecting aquatic ecosystems from industrial impact.,High Impact
"In a recent report, the firm highlighted plans to reduce plastic usage in packaging by 10% over the next three years, which while a step forward, does not align with more aggressive environmental targets seen in the industry.",Low Impact
"A startup has developed a biodegradable alternative to conventional packaging materials. Although this can reduce plastic pollution, the widespread adoption and manufacturing processes of such products will determine its true environmental impact in the market.",Moderate Impact
"Our annual report will feature a section on corporate volunteer activities that focus on community cleanup efforts. Although these activities are admirable, they are largely symbolic and do not lead to measurable or sustained changes in environmental performance.",No Impact
"Our latest marketing campaign focuses on highlighting our commitment to social responsibility, yet it only tells our story without any concrete actions being taken to back it up, leading to skepticism from eco-conscious consumers.",Low Impact
"Management is considering a plan to provide employees with reusable water bottles to cut down on plastic; however, without a measurable reduction target, it might not significantly affect our environmental goals.",No Impact
"The corporation decided to use sustainable palm oil in its products as part of its commitment to responsible sourcing. Although this is a positive move, the scale of their overall supply chain practices may dilute the effectiveness of this change.",Moderate Impact
"In collaboration with local communities, we established a sustainable sourcing initiative that supports small farmers and guarantees the use of environmentally friendly practices, thus ensuring both economic and ecological benefits.",High Impact
"Although the organization has pledged to plant a tree for every product sold, the scale of their deforestation practices continues unabated, which overshadows any potential positive impact of this campaign.",Low Impact
"The company launched a social media campaign discussing the importance of sustainable practices among small-scale farmers. Despite raising awareness, the actual impact on their supply chain sustainability is minimal, considering their larger sourcing decisions.",Low Impact
"We host an annual office cleanup event where employees can volunteer to pick up litter in the local park. Though it creates a sense of community, it does little to address the larger environmental issues at hand.",No Impact
"With a focus on increasing plant-based meal options in our corporate cafeteria, we aim to decrease meat consumption, which has a substantial positive impact on greenhouse gas emissions and resource conservation.",High Impact
"We recently joined a local sustainability initiative aimed at reducing plastic usage. However, this really just involves a few volunteer hours and doesn't change the overall amount of plastic we use in operations.",Low Impact
"Our company has successfully reduced its carbon emissions by 50% over the past five years through the implementation of renewable energy sources, including solar and wind power, which now meet 75% of our energy needs.",High Impact
"A business hosted a single community event focused on environmental awareness but has no follow-up activities planned, making it a one-time occurrence with limited long-term benefits.",Low Impact
"We will be taking part in a global Earth Day event this year, where our employees will volunteer. However, there are no plans to modify our production methods or reduce emissions on a larger scale.",No Impact
"A fast-food chain has committed to using cage-free eggs and has started sourcing from local farms. This shows progress in animal welfare, but the broader effects on sustainability, including energy use and land resource management, remain limited and need further development.",Moderate Impact
"In partnership with environmental NGOs, the business developed a carbon offset program that allows customers to contribute to renewable energy projects, significantly enhancing the community's green initiatives.",High Impact
"The recent marketing campaign focused on promoting the company’s brand without mentioning any specific sustainability initiatives or metrics, leaving many stakeholders uncertain about its actual environmental impact.",No Impact
"The recent investment into carbon capture technology at our industrial sites aims to reduce our overall emissions by millions of tons annually, representing a substantial commitment to combating climate change and pioneering industry standards.",High Impact
"Our annual report highlighted various social events focused on promoting a culture of sustainability, such as potlucks and team-building activities. Yet, no specific sustainability practices have been linked to improved environmental outcomes from these events.",No Impact
"The airline industry has introduced a carbon offset program for travelers, allowing customers to contribute to environmental projects. While this raises awareness and funds projects, the actual impact on global emissions is not substantial since offsets do not reduce the emissions of flights themselves.",Moderate Impact
The organization's latest goal is to enhance workplace morale through monthly themed lunches instead of implementing any changes that would positively affect environmental sustainability metrics.,No Impact
"A leading retail brand has redesigned their store layout to enhance shopping experience. However, this change does not involve any resource efficiency or sustainable practices that would contribute to environmental goals.",No Impact
"While the business emphasizes its commitment to corporate social responsibility, the actual initiatives seem to focus more on marketing rather than implementing substantial changes that could lead to lasting environmental benefits.",Moderate Impact
"Our company has set a target to reduce its carbon emissions by 20% over the next five years. However, the implementation involves investing in technologies that are not yet fully developed, which may delay measurable results until later years.",Moderate Impact
"Although the business is working on improving its water conservation practices through better monitoring, the current initiatives are focused only on select facilities. This fragmented approach may limit the overall impact on resource conservation across the board.",Moderate Impact
"We recently completed an energy audit and found ways to lower our energy consumption by 20%. We aim to implement these changes within the next year, which is promising, yet the overall impact hinges on how widely these practices are adopted across departments.",Moderate Impact
"The introduction of carbon offsetting measures for business travel has been rolled out across departments. While this helps to balance emissions, the total travel-related carbon output remains unchanged, suggesting that more direct measures are needed.",Moderate Impact
"The annual report included details on employee volunteer hours spent at various charities, which, while noble, had no real effect on the company's carbon footprint.",No Impact
"The firm announced that they will reduce paper usage by transitioning to digital invoices. While this may reduce paper consumption to some extent, the overall effect on their ecological footprint is likely to be modest at best.",Low Impact
Our commitment to transparency and accountability in sustainability reporting has led us to publish comprehensive annual sustainability assessments that measure our progress and foster trust within our stakeholder community.,High Impact
"We have partnered with several NGOs to restore local ecosystems affected by our operations. This collaboration aims to rehabilitate habitats and improve biodiversity, aligning our business objectives with environmental stewardship and fostering community relations.",High Impact
"The decision to sponsor a local beach cleanup event was received positively, yet the company has not altered their waste management practices in production, leaving a huge gap between intentions and actions.",Low Impact
"We’re investing in energy-efficient lighting systems across all our retail locations. This change is a step in the right direction towards sustainability, but the sheer number of stores means it will take time to see substantial results.",Moderate Impact
"We are implementing a new initiative to switch to biodegradable cups for coffee services during meetings. However, this change may not greatly affect our overall sustainability goals since the volume of waste produced by cups is relatively minor compared to other operational processes.",Low Impact
"The recent update from our corporation highlighted a new recycling bin in the office kitchen. However, there is no plan or framework to monitor the usage or effectiveness of this initiative.",No Impact
"We are currently reviewing our supply chain to find opportunities for enhancing sustainability. However, most of our suppliers are not ready to adopt more eco-friendly practices, leading to limited progress.",Low Impact
"The company has decided to switch to paper straws in its cafes, aiming to reduce plastic waste. However, there is little evidence that this change will significantly lessen their overall environmental footprint considering their continued use of other single-use plastics.",Low Impact
"Our company has introduced a 'no plastic straws' policy at events. While this decision reflects a commitment to reducing waste, it does not address larger issues like the overall plastic consumption throughout our product line.",No Impact
"Our manufacturing processes have undergone a green transformation, which includes using 100% renewable energy and zero-waste-to-landfill policies. These changes are expected to drastically lower our carbon footprint while also increasing operational efficiency and saving costs in the long run.",High Impact
The company recently launched a new marketing campaign to promote its existing line of eco-friendly products without changing any actual production processes or sourcing practices. This move seems more about boosting brand image than making any real strides in sustainability.,No Impact
"In a bid to enhance employee engagement, the firm is hosting monthly team-building events, yet there’s no integration of sustainability themes or activities related to environmental responsibility.",No Impact
"An agriculture firm has adopted regenerative farming practices across its fields, enhancing soil health and biodiversity while also improving crop yields, showcasing the benefits of such methods on sustainability.",High Impact
"The establishment of a biodiversity enhancement program on our corporate campuses has led to increased native species populations and habitats, aligning our operations with ecological restoration efforts.",High Impact
Our company is implementing a new social media campaign to raise awareness about recycling programs without actually changing any of our operations or product lines. We hope to engage with the community on this topic.,No Impact
"We participated in a charity run to support a local cause. While we raised funds, this activity had no direct effect on reducing our environmental impact or improving sustainability within our operations.",No Impact
"As part of its sustainability report, the corporation stated that it has begun to source some of its materials locally, yet the majority still comes from overseas suppliers, which doesn’t significantly change their carbon footprint.",Low Impact
"As part of our carbon offset strategy, we support clean energy projects that reduce greenhouse gas emissions elsewhere. While helpful, the reliance on offsets rather than direct reductions means our own emissions still need broader attention.",Moderate Impact
"Our commitment to sourcing materials from certified sustainable suppliers has resulted in a measurable decrease in deforestation in key regions. By ensuring that our supply chain is transparent and eco-friendly, we help preserve critical habitats and promote responsible forestry practices.",High Impact
"Our commitment to fair trade practices directly supports local communities and promotes sustainable farming methods. By offering better prices and working closely with producers, we’re helping to create economic stability while also reducing the environmental impact of conventional farming.",High Impact
"Initiatives to restore degraded lands through reforestation programs are projected to sequester thousands of tons of CO2 annually, while providing habitats for local wildlife.",High Impact
"Innovative water conservation techniques, including rainwater harvesting and greywater recycling systems, have been adopted across all facilities, enabling the firm to decrease its water footprint by over 60% and improve local water availability.",High Impact
"This quarter, the company held a single workshop on sustainable practices for its employees, yet without ongoing training or integration into their core policies, the long-term influence remains limited.",Low Impact
"After analyzing its supply chain, the company has begun working with suppliers who have sustainability certifications. However, the pathway to significant improvements in overall sustainability will take years, as the majority of suppliers are still adopting basic sustainability practices.",Moderate Impact
"An initiative was launched aiming to plant a tree for every product sold. While it sounds good, the scale of production means this might not offset the environmental footprint created in the initial production stages.",Low Impact
"The corporation is tracking employee carpooling practices but has no initiatives to incentivize or expand this beyond casual discussions, limiting its overall carbon savings potential.",Low Impact
"The partnership with a local non-profit for community sustainability initiatives allows us to support local environmental efforts. However, the direct effects of these initiatives on our corporate sustainability remain to be seen.",Moderate Impact
"Recently, we updated our office to include more plants, targeting improved air quality. While it has made the office look nicer, we haven't documented any significant improvements in our carbon footprint.",No Impact
"Our commitment to planting one million trees as part of our corporate social responsibility efforts is expected to produce tangible environmental benefits, including improved air quality and carbon sequestration over the coming decades.",High Impact
"The new policy on sustainable sourcing mandates that all products must be derived from ethically managed resources, directly contributing to the welfare of ecosystems and communities involved in their production.",High Impact
"The organization created a small community garden on their premises, which provides herbs for the cafeteria, but the overall significance in terms of sustainable food sourcing is minimal compared to their large scale food procurement.",Low Impact
"The implementation of carpool incentives for employees at a corporate office was suggested, but the uptake has been low, given that many employees work remotely or live too far for commuting together.",Low Impact
"We held a team-building exercise that focused on sustainability themes, yet no actual strategies were implemented as a result of the activity.",No Impact
"Our partnership with local farms to source organic materials not only supports fair trade but also minimizes transportation emissions, enhancing our overall supply chain sustainability.",High Impact
"Our latest sustainability report shows a 15% decrease in energy consumption in our facilities through energy-efficient lighting upgrades and smart HVAC systems. While these changes are beneficial, they only scratch the surface of our overall environmental footprint.",Moderate Impact
"We support local farmers by offering discounts on organic produce in our office cafeteria. While this gesture is positive, it doesn't contribute to broader operational sustainability goals or reduce our supply chain footprint.",No Impact
"To improve its sustainability profile, the corporation has begun tracking water usage across its facilities and aims to reduce consumption by 15% within three years. This initiative shows promise, although it might not lead to significant ecological benefits when compared to larger scale efforts in water conservation.",Moderate Impact
"By utilizing blockchain for transparent supply chain management, we can ensure that ethical sourcing practices are followed, which will enhance our sustainability credentials and foster trust with consumers.",High Impact
"By integrating electric vehicles into our fleet, we anticipate a reduction of over 200 tons of CO2 emissions annually, along with significant cost savings in fuel and maintenance, while furthering our commitment to a greener future.",High Impact
"The development of a new office app that allows employees to track their carbon footprint is on the horizon. Yet, without any required actions or goals tied to this tracking, the app may simply serve as a digital novelty rather than a driving factor for actual change.",No Impact
"Starting next quarter, we will implement a comprehensive zero-waste program across all facilities. By redesigning our operational processes and enhancing recycling efforts, we anticipate diverting over 90% of waste from landfills, contributing positively to environmental health and resource conservation.",High Impact
"A recent partnership with a local solar farm to offset energy consumption has shown promise, contributing to a small percentage of their overall energy needs. However, without a more comprehensive plan for renewable energy, the impact remains constrained.",Moderate Impact
"We recently hosted a one-time workshop on sustainability practices, which was well-received, but only a handful of employees implemented any changes afterward.",Low Impact
"The company regularly posts on social media about its commitment to social responsibility, but the posts largely consist of photos from charity events with no follow-up or analysis on impact.",No Impact
"Taking steps to ensure all supply chain partners are compliant with strict environmental regulations, the company has established a robust auditing system, leading to improved environmental practices across the board and elevating overall industry standards.",High Impact
"Our comprehensive training programs aimed at educating employees about sustainable practices have resulted in a measurable reduction of waste in the office by 40%, fostering a culture of sustainability within the organization.",High Impact
"Last year, we transitioned 100% of our products to biodegradable packaging, leading to a remarkable decrease in plastic waste. Customers have responded positively, and sales have increased by 20% since implementation.",High Impact
"Recently, a corporation switched to energy-efficient lighting in its facilities. While this change has improved energy consumption in those specific areas, the broader implications for overall emissions reduction are still minimal.",Moderate Impact
"We are proud to announce that our company has committed to achieving net-zero emissions by 2030. By initiating projects focused on carbon capture technology and energy efficiency upgrades across our facilities, we are taking substantial steps toward this ambitious goal.",High Impact
"We've installed water-saving faucets in our restrooms. Although it's a good move for conservation, the actual water savings are relatively minor given the size of our operations.",Low Impact
"The firm has invested heavily in research and development for sustainable agriculture practices, promising to improve food security while also protecting biodiversity and enhancing soil health in the long run.",High Impact
"A new marketing campaign highlighting the use of biodegradable packaging was rolled out. However, the actual volume of plastic used in production remains unchanged, making the impact negligible.",Low Impact
"Startup G is focused on developing biodegradable materials. Although this innovation presents a promising future for waste reduction, the technology is still in the early stages and has not yet been widely adopted, limiting its current impact on sustainability.",Moderate Impact
"PQR Co. partnered with a local non-profit to promote sustainability education among their employees. Although this fosters environmental awareness, the direct impact on reducing the company’s carbon footprint remains small, making it an important yet insufficient step towards broader ecological goals.",Moderate Impact
"Our latest corporate social responsibility report outlines our commitment to employee happiness through fun office events, yet it lacks a focus on sustainable development or ecological responsibility.",No Impact
"The launch of our new electric vehicle line, combined with an extensive charging infrastructure rollout, represents a transformative step towards reducing urban air pollution and supporting sustainable transportation alternatives.",High Impact
"The company has adopted a zero-waste policy that aims to eliminate waste in all operations by 2030, including comprehensive recycling and composting programs across all facilities.",High Impact
"A local firm is planning to host a cleanup event in their community park. While community engagement is important, the infrequency of such events means the long-term environmental impact is minimal at best.",Low Impact
"The management has decided to implement a 4-day workweek to reduce commuting. Despite the positive response, it's unclear how much this will actually cut down on emissions since many employees still work from home on Fridays.",Low Impact
"We are launching a comprehensive waste reduction initiative that includes zero waste to landfill by 2025, which involves recycling and composting efforts that engage employees and local communities. This strategy is expected to decrease our waste output by over 75%.",High Impact
Launching an extensive biodiversity initiative that includes conserving endangered species habitats demonstrates a strong commitment to environmental stewardship and proactive ecological recovery.,High Impact
"Our company has decided to implement a paper recycling program in the office. While this is a step towards sustainability, we acknowledge that the overall reduction in paper use has been minimal compared to our consumption levels.",Low Impact
"A multinational corporation launched a campaign to reduce plastic packaging, aiming for a 30% decrease in the next two years. However, their progress is slow, and there are concerns that they might not meet this target without more aggressive measures.",Moderate Impact
"In 2022, our company transitioned to 100% renewable energy sources for all its data centers, resulting in a drastic decrease in carbon emissions and setting an industry benchmark for sustainability practices.",High Impact
"The organization has begun using a sustainable supplier for its raw materials, but this shift only applies to a small portion of their product line, leaving most of their materials sourced unsustainably.",Low Impact
"We have introduced a new slogan that emphasizes our commitment to sustainability, but our supply chain processes remain unchanged. Our customers will see more eco-friendly buzzwords on our packaging soon.",No Impact
"The launch of an employee awareness program focusing on recycling efforts at the workplace has been announced. But, without measurable targets or follow-up assessments, it may not drive significant change.",Low Impact
"The adoption of green technology in product design has enabled this company to create energy-efficient appliances that consume 40% less energy than previous models, contributing significantly to the reduction of domestic electricity consumption.",High Impact
"The company provides employees with reusable water bottles, but the impact is diminished as most employees still rely on single-use plastic bottles for convenience.",Low Impact
"By transitioning to 100% renewable energy sources across all its operations, the corporation has significantly lowered its carbon footprint and set an industry standard for sustainability practices.",High Impact
"The company is planning to host an annual 'Green Day' where employees can volunteer for local clean-ups, but this seems more about community relations than real sustainability efforts in our production processes.",No Impact
"A local business has committed to using energy-efficient appliances in its offices. However, because the scale of operations is small, the overall impact on energy consumption is negligible compared to larger enterprises that adopt comprehensive sustainability measures.",Low Impact
"The annual report mentioned a commitment to reduce waste by 5% over the next five years. Given that our current waste generation is quite high, this target seems less ambitious in this context.",Low Impact
"Our team discussed a new initiative to increase employee engagement through social events, but there’s no clear connection to reducing the carbon footprint of our operations.",No Impact
"Our team is brainstorming ways to recycle more materials in the office. However, as of now, we are still using the same disposal methods without any changes implemented.",No Impact
"A company-wide initiative encouraging employees to use public transport is gaining traction. Employees are receiving incentives for shared commuting, which helps cut down on individual carbon footprints, but without broader policy changes, the impact is still limited.",Moderate Impact
"In our recent report, we highlighted our shift towards circular economy practices, where waste is minimized through recycling and resource recovery. By fostering partnerships with local recycling firms, we aim to significantly decrease landfill contributions while promoting sustainable materials.",High Impact
"The firm regularly updates its sustainability report, but it's primarily focused on compliance rather than meaningful changes to operations or impact metrics.",Low Impact
"Recently, our company launched a new recycling program that focuses on consumer packaging. However, the program only targets a small fraction of our total waste, limiting any substantial environmental benefits.",Low Impact
"Recently, a food company announced they would begin offering a vegetarian option on their menu as part of a sustainability push. While this can contribute to dietary shifts, the primary ingredient sourcing still heavily relies on non-sustainable practices.",Low Impact
"A food company has made strides in sourcing sustainable palm oil for its products, which acknowledges the environmental issues surrounding palm oil cultivation. However, as palm oil is just one ingredient among many, the overall sustainability benefits from this change are limited.",Moderate Impact
"ABC Corp has committed to sourcing 50% of its materials from sustainable suppliers by 2025. While this is a positive step towards sustainability, they currently only track compliance through self-reporting rather than through third-party audits, which may undermine credibility.",Moderate Impact
"A construction firm has introduced more energy-efficient light bulbs in their headquarters, but the electricity consumed for operations continues to rise due to the new machinery. Thus, any energy savings may be negligible at best.",Low Impact
"Our commitment to net-zero emissions by 2040 is backed by actionable plans that include reducing emissions from logistics, production, and product use, with detailed annual monitoring and reporting.",High Impact
They have set a goal to reduce paper usage by a certain percentage but have not implemented any significant technologies or policies that would lead to substantial reductions in actual paper consumption.,Low Impact
"Although we introduced a new office recycling program aimed at employees, it's clear that without addressing our main waste sources, the overall effect on sustainability will be minimal.",No Impact
"Our latest initiative involves sourcing 100% of our raw materials from certified sustainable suppliers, ensuring that our products are made with minimal environmental impact and promoting fair labor practices in the supply chain.",High Impact
The recent transition to 100% renewable energy in all manufacturing plants has not only decreased greenhouse gas emissions significantly but has also improved the overall efficiency of production processes.,High Impact
"Introducing a green procurement policy to buy paper products made from recycled material is admirable; still, without comprehensive changes to the supply chain, the long-term impact is likely to be underwhelming.",Low Impact
The company's decision to transition to 100% renewable energy sources by 2025 signifies a strong commitment to environmental stewardship. This aggressive timeline showcases their willingness to lead the industry toward sustainable practices and significantly reduce their carbon footprint.,High Impact
"A new policy allows staff to work from home one day a week to reduce commuting emissions, but so far, not many employees have taken advantage of it.",Low Impact
"The company has implemented new recycling initiatives in their offices, encouraging employees to separate their waste. This change has led to a 25% increase in recycled materials, though it only affects internal operations and not the larger supply chain.",Moderate Impact
"We have begun using more digital communication tools as a way to reduce paper, although our physical reports remain untouched and print-heavy.",No Impact
"By integrating sustainable sourcing practices across our supply chain, we have enhanced the resilience of local economies, ensured fair labor practices, and reduced environmental degradation, setting a benchmark for the industry.",High Impact
"The recent changes to our office supply procurement process favor vendors who provide recyclable packaging. However, the suppliers we work with haven't increased the recyclability of their products significantly, meaning the overall effect on our sustainability isn’t very strong.",Low Impact
"We have adopted a policy that encourages employees to use reusable bags for grocery shopping, but it’s really just a small step for a company of our size and scope.",Low Impact
"The IT department is considering a switch to more energy-efficient software. However, the current installations have shown little to no reduction in energy consumption during operations.",No Impact
"While the corporate office has begun using energy-efficient light bulbs throughout its facilities, the overall energy consumption has only decreased slightly as many old practices remain unchanged.",Low Impact
"The team is currently reviewing feedback from last year's sustainability survey. Although the results will be acknowledged, no specific changes or developments are expected from this feedback due to budget constraints.",No Impact
"Our marketing department has started to use digital ads instead of print, leading to minimal cost savings and only a slight decrease in paper usage overall.",Low Impact
"A clothing brand has started a partnership with local charities to promote clothing recycling. This initiative encourages community engagement and awareness, but the tangible outcomes on reducing textile waste remain to be seen, given the brand's overall environmental footprint.",Moderate Impact
"Through the introduction of a circular economy model in our production processes, we are minimizing waste and maximizing resource efficiency, thus contributing significantly to reducing overall environmental impact while increasing profit margins.",High Impact
"Implementing a closed-loop water recycling system has not only cut down our water usage by 40%, but it has also significantly improved our sustainability profile and reduced costs in the long run.",High Impact
"By integrating sustainability metrics into our executive compensation and performance reviews, we ensure that all levels of our organization are accountable for environmental impact. This strategic approach reinforces our commitment to sustainability as a core aspect of our business strategy.",High Impact
"A proposed initiative for employees to bring their own containers for takeout meals was mentioned in a meeting, but there are no real measures to encourage participation or monitor results.",Low Impact
"The company has decided to implement a recycling program at its headquarters, encouraging employees to reduce waste. While this initiative promotes sustainability, its scope is limited to just one location and may not significantly impact the overall environmental footprint.",Moderate Impact
"We implemented a 'Green Day' where employees are encouraged to wear green clothing and bring vegetarian lunch options. While this is a fun initiative, it does not target any significant operational changes or environmental benefits.",No Impact
"Our company recently started a monthly newsletter to keep employees updated about corporate happenings, but there's no mention of sustainability practices or goals in our communication.",No Impact
"After conducting a water usage audit, a beverage company plans to reduce water consumption by 10% over the next three years. While this is a positive step, the overall water impact could be overshadowed by their ongoing extensive water usage in production processes.",Moderate Impact
"This quarter, our marketing team has focused on promoting our existing eco-friendly products through new advertisements. However, there are no plans to enhance product sustainability or make any significant improvements, leaving the overall impact unchanged.",No Impact
"A local business has started to donate a small percentage of its profits to environmental charities. Although this is a commendable effort, it doesn’t directly address the operational waste generated by their manufacturing process.",Low Impact
"Our latest initiative highlights employee volunteering in community events, yet none of the efforts have been formally assessed for environmental benefits or long-term sustainability outcomes.",No Impact
"Recently, our team conducted a training session on energy-saving practices for employees. We hope that some of these tips will be followed regularly, yet we've noticed only slight changes in energy consumption.",Low Impact
"Last month, we initiated a 'green week' where employees were encouraged to use public transport. The initiative created awareness, but there were no follow-up actions or incentives to sustain this behavior in a meaningful way, limiting its effectiveness.",No Impact
"The organization has implemented a carpool program for employees, which is a nice gesture, yet the number of participants has been quite low, limiting potential benefits on reducing traffic and emissions.",Low Impact
A major player in the fashion industry has announced a commitment to use only sustainably sourced materials in all collections by 2025. This move is anticipated to not only reduce environmental degradation but also inspire similar commitments from competitors.,High Impact
"A recent sustainability report highlighted that the firm has decreased paper usage in its offices, yet this reduction only constitutes a small fraction of their overall environmental footprint.",Low Impact
"The company decided to invest in a new logo for their sustainability initiative, believing it would attract more customers. However, there have been no changes to their actual environmental practices since the rebranding effort.",No Impact
"The organization launched a new initiative to source 50% of its materials from recycled sources. Although this represents a step forward, the overall sourcing still heavily relies on virgin materials, indicating that further advancements are needed.",Moderate Impact
"Our latest initiative involves planting one million trees as part of our corporate responsibility program. This commitment to reforestation aims to restore degraded ecosystems and combat climate change effectively, creating lasting positive impacts on biodiversity and carbon offsets.",High Impact
"A local business has begun offering discounts for customers who bring their own bags. Although this incentivizes some eco-friendly behavior, the impact on overall plastic usage is minimal given the lack of widespread participation.",Low Impact
"We conducted a workshop on sustainability practices for our staff, but the turnout was low. Although we shared useful tips, the engagement didn't translate to meaningful changes in the workplace.",Low Impact
"Our shift toward a more sustainable supply chain, focusing on sourcing materials from ethically responsible suppliers, has led to a significant reduction in our overall environmental footprint and enhanced community well-being.",High Impact
"The latest report indicates that we've reduced our energy consumption by 5% over the past year, primarily by turning off lights after hours. While it's a positive step, this change alone does not significantly contribute toward our broader climate action strategy.",Low Impact
"Our recent upgrade to more efficient computers has saved energy, but the old machines are still being used in non-essential areas, limiting the overall impact of the initiative.",Low Impact
"We've committed to reducing waste in our supply chain by engaging suppliers in a sustainability dialogue to encourage them to adopt greener practices. This is a good starting point, but our influence is limited, and only time will tell if it drives significant changes across all suppliers.",Moderate Impact
"A strategic partnership with local governments to develop urban green spaces has resulted in enhanced community well-being and improved air quality, highlighting a commitment to both environmental and social sustainability.",High Impact
"The company has implemented a recycling program for its plastic waste, which has resulted in a 30% reduction of plastics sent to landfills. However, the overall environmental footprint remains relatively unchanged due to ongoing production demands.",Moderate Impact
"By offering a telecommuting option to employees, the company has seen a decrease in their carbon footprint due to reduced commuting. Yet, the overall impact on emissions is still minimal when considering the larger picture of supply chain logistics.",Moderate Impact
"Our commitment to sustainability includes a monthly newsletter about environmental issues, but there is little follow-up on any practical applications of the ideas shared.",Low Impact
"The leadership team decided to send out a memo on the importance of recycling in the office. Despite the recognition of its value, there has been no follow-up initiative or resource allocation towards improving recycling practices.",No Impact
"We launched a community outreach program focused on educating local residents about sustainable practices. While the initiative has engaged a portion of the community, the measurable impact on regional sustainability efforts remains to be seen as participation fluctuates.",Moderate Impact
"Our corporate sustainability policy now includes a commitment to reducing water usage by 20% over the next five years. While this is a positive step, actual implementation and measurable outcomes are still in the early stages.",Moderate Impact
"Through our new sustainability initiative, we've partnered with local farmers to create a circular economy for our packaging waste. By returning used packaging back to producers, we not only minimize landfill waste but also support local agriculture, ultimately aiming for a closed-loop system that benefits the community and environment alike.",High Impact
"Our organization is partnering with a local NGO to promote tree planting activities within the community. Although this helps to foster a greener environment, the scale and impact of this initiative might be limited to small areas and won't drastically alter the overall environmental scenario.",Moderate Impact
"We’ve started offering sustainability workshops for our employees to encourage greener practices at home and work. While the feedback has been encouraging, the measurable impact on our corporate sustainability goals is still limited.",Moderate Impact
"To enhance employee engagement in sustainability, a large retailer has launched an awareness campaign explaining the benefits of eco-friendly practices at home and work. While this may foster a culture of sustainability internally, tangible environmental benefits could take time to materialize across their expansive operations.",Moderate Impact
"The corporation has partnered with local organizations to promote community clean-up days. While these activities foster community engagement and awareness, they do not address deeper systemic challenges related to the company’s core operations and sustainability goals.",Moderate Impact
"While the school has integrated a few sustainability-themed lessons, the overall curriculum lacks a robust approach to environmental education, resulting in minimal overall impact on students' awareness of these crucial issues.",Low Impact
"By optimizing our transportation routes for shipping, we have managed to reduce emissions by a measurable amount, but the long-term impact remains uncertain as we still rely heavily on fossil fuels.",Moderate Impact
"As part of its CSR efforts, the firm has donated to various environmental causes, such as tree planting initiatives. While these contributions are valuable, they do not directly alter the firm’s production methods or sourcing strategies, leaving room for improvement in sustainable practices.",Moderate Impact
"By investing in electric delivery vehicles and optimizing routes with AI technology, the company aims to cut down emissions by 50% within the next five years, setting a strong precedent for environmentally responsible logistics.",High Impact
Implementing a water stewardship program that aims to reduce freshwater consumption by 40% has led to significant ecological benefits and improved community relations by safeguarding local water resources.,High Impact
"Our annual company picnic will feature a barbecue and recreational games, aimed at celebrating our employees without a sustainability theme in mind.",No Impact
"With a shift towards fully electric company vehicles and a commitment to green commuting strategies for employees, the organization anticipates a substantial decrease in transportation-related emissions. This holistic approach not only improves their sustainability profile but also enhances employee well-being and satisfaction.",High Impact
"In an effort to showcase their commitment to sustainability, the firm has added a few small potted plants to the reception area to improve air quality, although it’s unlikely to make a measurable impact on their emissions.",Low Impact
"The tech firm has pledged to reduce plastic usage by 30% in its packaging over the next five years. Though this is a positive initiative, the overall sustainability impact may be minimal compared to broader corporate emissions and supply chain reforms.",Moderate Impact
"A retail chain is exploring the idea of expanding their store hours to accommodate more shopping times for customers. While customer-friendly, the initiative does not contribute to any sustainability efforts or reduce overall environmental impact.",No Impact
"In an effort to promote green habits, the organization is hosting monthly workshops focused on sustainable living tips for employees, which might encourage some lifestyle changes, but the impact on corporate emissions remains negligible.",Low Impact
"A recent initiative focused on sustainable sourcing of materials has not only enhanced the supply chain transparency but also empowered local farmers through fair trade partnerships, positively affecting both the economy and the environment.",High Impact
"During the annual review, it was highlighted that a new paint scheme will be employed for the office‘s interior, with no consideration given to the materials' environmental certifications or long-term sustainability implications.",No Impact
"We have begun to provide more information about our suppliers' eco-friendly practices, but the impact on overall supply chain sustainability is still unclear.",Low Impact
"The company recently updated their internal guidelines to include more sustainable practices, but these practices are mostly voluntary and unlikely to enforce real change.",Low Impact
"We are reducing plastic use by implementing a recycling program at our manufacturing plants, aiming to recycle about 50% of our waste by next year. It’s a step in the right direction, though we know it’s just a piece of the sustainability puzzle.",Moderate Impact
"Our team recently attended a seminar on corporate social responsibility. While informative, the insights shared were not adopted into actionable plans that would enhance our environmental practices.",No Impact
"A firm implemented a new policy for casual Fridays but neglected to include any guidelines on environmentally friendly attire, thus having no environmental implications.",No Impact
The leadership team has chosen to promote our eco-friendly policies but neglected to hold any systematic changes in our manufacturing processes. We expect this will create goodwill without directly affecting sustainability.,No Impact
"While the management emphasizes the need for energy-saving practices, such as switching off devices, there is still no formal training or assessment to guide employees on how to actually implement these actions.",No Impact
"In their recent report, the corporation highlighted its plan to reduce office paper usage by implementing a digital filing system. While this is a positive step, the impact on overall operations remains minimal with paper still being a primary resource for other departments.",Low Impact
"This year, we are excited about our employee wellness program, which includes yoga sessions and health tips. However, these initiatives do not address our waste reduction or carbon footprint.",No Impact
"Our firm started using biodegradable utensils at our corporate events, but we only host a handful of events yearly with little to no change in overall waste production.",Low Impact
"While the corporation has pledged to reduce energy usage in its offices, the measures taken are mostly limited to turning off lights after hours and encouraging employees to use public transport occasionally.",Low Impact
"In our latest initiative, we provided reusable bags to our customers. It's a nice gesture, but the impact on reducing plastic waste is minimal compared to what we could achieve by addressing supply chain issues directly.",Low Impact
The organization has introduced a new digital platform to track the sustainability metrics of all its products. Early results show a slight increase in awareness among stakeholders about environmental performance.,Moderate Impact
"A tech company recently announced its commitment to implementing circular economy principles across its product lifecycle. By designing products that can be easily recycled and establishing take-back programs, they are minimizing waste and maximizing resource efficiency, greatly benefiting the environment.",High Impact
"The company has implemented a recycling program which has reduced waste by 20% over the last year, but it's still below industry standards for waste management. This initiative could potentially improve their overall environmental footprint, even if the reduction isn't significant yet.",Moderate Impact
"A recent initiative to plant trees in the local community is commendable, yet the number of trees planted does not significantly contribute to offsets given our organization's overall carbon footprint.",Low Impact
"Despite adding a few plants to the office to improve air quality and aesthetics, the contribution to environmental health is negligible since we have not addressed larger operational emissions.",Low Impact
"A company released a press statement announcing its partnership with a local charity, but the initiative only consists of a single event with no ongoing commitments or measurable goals beyond public relations.",No Impact
"This quarter, we began offering workshops on sustainable practices for our clients. Yet, attendance has been low, and feedback suggests that most clients are not implementing the discussed strategies.",No Impact
"Although the company has implemented a carpooling system to promote employee collaboration, the overall reduction in emissions associated with this policy has not been evaluated, leaving its effectiveness unclear.",No Impact
"Our recent initiative to source paper from sustainable forests has achieved some positive feedback from customers. However, it is yet to fully translate into significant reductions in our environmental footprint.",Moderate Impact
"An organization stated its intent to support local farmers by sourcing produce. Unfortunately, they still primarily rely on large distributors, which contradicts their claimed commitment to sustainability.",No Impact
"We're running a campaign to promote biodiversity in our supply chain by sourcing materials from sustainable farms. While this is beneficial, it won't fully address the wider issues of resource depletion related to our operations.",Moderate Impact
"By redesigning our supply chain to prioritize sustainable materials and ethical sourcing, we have significantly improved our overall environmental impact, ensuring that every product we offer contributes positively to the planet.",High Impact
"In a groundbreaking move, the firm has shifted its entire production line towards zero-waste principles, with 90% of by-products repurposed for other applications, demonstrating an exemplary model of sustainable manufacturing.",High Impact
"A recent initiative by MNO Corp to plant trees in local communities as part of their corporate social responsibility strategy showcases their commitment to sustainability. While the initiative helps offset some emissions, the number of trees planted is relatively low considering the company's overall environmental footprint.",Moderate Impact
"Adopting a green procurement policy has placed the company on the right track. However, the criteria for suppliers continue to allow some non-eco-friendly products, which compromises the overall effectiveness of the initiative.",Moderate Impact
"In an effort to reduce our carbon footprint, we have started sourcing 30% of our energy from renewable sources like wind and solar. Although this is a step in the right direction, a significant portion of our energy use still relies on non-renewable sources, limiting the potential impact on sustainability.",Moderate Impact
"Our collaboration with a local charity to plant trees was successful, yet we only committed to funding a small number of trees, which does not significantly contribute to broader environmental goals.",Low Impact
"Our company has transitioned to 100% renewable energy sources across all operations, resulting in a significant reduction in carbon emissions and a commitment to achieving net-zero by 2030. This shift not only enhances our sustainability profile but also sets a benchmark for others in the industry.",High Impact
"A pilot program for waste reduction in offices has been initiated to evaluate its efficiency. Although initial reports indicate reduced waste, the long-term sustainability of this program requires further evaluation and commitment from all team members.",Moderate Impact
"The company invested in a new coffee machine for the break room, promoting it as a perk for employees, but it uses non-recyclable coffee pods that aren't contributing to sustainability.",No Impact
"In an effort to improve our public relations, we have created a promotional video highlighting our company culture. Unfortunately, no mention was made of our environmental policies or commitments.",No Impact
"In our latest sustainability report, we detailed a comprehensive plan to reduce plastic waste, including the elimination of all single-use plastics from our operations by the end of next year, which is projected to eliminate tons of waste annually.",High Impact
"A fast-food chain has introduced a 'green' packaging initiative that uses biodegradable materials for its takeout containers. Despite the eco-friendly materials, the high turnover of packaging still leads to considerable waste, limiting the effectiveness of this measure.",Low Impact
"The partnership with renewable energy providers will allow us to run our manufacturing operations entirely on wind power by 2024, drastically reducing our reliance on fossil fuels and enhancing our sustainability metrics.",High Impact
An organization has pledged to reduce plastic usage in its canteen by using biodegradable straws. This singular change has not significantly addressed the larger issue of plastic waste generated elsewhere in its operations.,Low Impact
"The business has begun to report on diversity and inclusion metrics alongside sustainability goals in its annual report. While this is a step towards greater accountability, the measurable outcomes of these efforts on actual performance are still in the early stages of development.",Moderate Impact
"The company's initiative involves conducting a quarterly review of its waste management processes, but without significant changes in actual waste reduction methods, the outcomes may be minimal.",Low Impact
"The marketing team launched a campaign highlighting the company's use of eco-friendly packaging for its products. While this is a step in the right direction, the volume of products using such packaging is low, making a minimal difference in overall sustainability metrics.",Low Impact
"Our partnership with a local environmental NGO has introduced community clean-up campaigns. This is beneficial for local ecosystems, yet the direct connection to our overall sustainability performance remains somewhat indirect and long-term.",Moderate Impact
"Our partnership with local farmers to create a sustainable supply chain has resulted in a 50% reduction in transportation emissions and supports the local economy, thus fostering a resilient agricultural community that aligns with our long-term sustainability goals.",High Impact
"The latest report highlighted the installation of energy-efficient light bulbs in the office, yet it failed to address the ongoing energy consumption and overall environmental impact of the facilities.",No Impact
"This quarter, we launched a new internal newsletter highlighting different green initiatives around the office, while not implementing any actual resource-saving measures or changes in our policy.",No Impact
"The adoption of a carbon offset program allows the business to balance its emissions. Although it provides a way to mitigate climate impact, the reliance on offsets distracts from making systemic changes in core operational practices.",Moderate Impact
"To fulfill corporate social responsibility, the company has started a small scholarship fund for local students pursuing environmental studies, which contributes to community development but has little direct impact on environmental challenges.",Low Impact
"Our manufacturing plant has adopted a policy to encourage recycling of office materials, but the impact on overall waste reduction remains negligible without a comprehensive waste management strategy.",No Impact
"The latest report showcases our commitment to diversity and inclusion but lacks actionable items related to sustainability in our supply chain practices, indicating a gap.",No Impact
"With a comprehensive sustainability strategy that includes carbon offsetting programs and investment in sustainable agriculture, the company has created a model for corporate engagement in environmental impacts that other enterprises are now looking to emulate.",High Impact
"The organization has set up a program to train employees on sustainable practices in their daily tasks. It's a positive initiative, yet the tangible effects of such training on sustainability outcomes may take time to materialize fully.",Moderate Impact
"Through its innovative waste-to-energy technology, the organization is converting 90% of its landfill waste into usable energy, heralding a new era of waste management and energy generation.",High Impact
"The recent launch of an electric vehicle fleet for our logistics operations is expected to cut emissions by 40%, showcasing the company's dedication to reducing environmental impact while also improving operational efficiency.",High Impact
"The business opted to replace single-use plastic utensils with compostable alternatives for its employee cafeteria. While a positive step, it only addresses a tiny fraction of the packaging waste generated by the whole operation.",Low Impact
"Our company is trialing a new remote work policy to cut down on office energy consumption. If successful, it could lessen our operational carbon footprint, although the long-term benefits will depend on employee adherence and the nature of their work.",Moderate Impact
"The firm has decided to conduct an annual survey to gauge employee satisfaction with current office amenities. Despite being a good morale booster, there are no observable consequences on the company's carbon footprint or resource management practices.",No Impact
"Our organization has launched a green finance strategy that prioritizes investments in environmentally sustainable projects, thereby supporting the larger transition towards a low-carbon economy while improving our financial performance.",High Impact
"Our company is conducting a survey to gather employee opinions on sustainability topics, with plans to analyze the results but without any commitment to specific actions based on feedback received.",No Impact
"Our company is considering redesigning our logo to emphasize our commitment to sustainability. While the design will be fresh and modern, it will have no tangible effect on our environmental footprint.",No Impact
"Last year's investment in a green technology conference was intended to inspire change. Yet, upon returning, there have been no new initiatives or policies adopted as a result of our participation.",No Impact
"The partnership with a non-profit organization to promote environmental education is beneficial for community engagement, but it lacks direct influence on the company’s operational practices which limits its comprehensive impact on sustainability.",Moderate Impact
Our management team has chosen to focus on increasing office supplies purchasing from local vendors without evaluating their sustainability policies or the impact on our overall resource usage and waste generation.,No Impact
"An electronics manufacturer recently conducted a carbon footprint assessment across its operations, leading to the identification of key areas for improvement. By aiming to reduce overall emissions by 10% over five years, this strategy has potential but is considered to have a moderate impact due to the slow turnaround for real change.",Moderate Impact
"Our recent project focuses on enhancing biodiversity by restoring degraded ecosystems around our facilities. This initiative includes planting native species, creating wildlife habitats, and collaborating with local communities, aiming to improve local ecology and engage stakeholders in sustainability efforts.",High Impact
"Our company has implemented a new software program for tracking employee performance. While this improves organizational efficiency, it does not contribute to any sustainability outcomes or enhancements in ecological initiatives.",No Impact
"The company recently launched a recycling initiative for its packaging materials, allowing customers to return used containers. However, the program will only be implemented in select regions, limiting its overall effectiveness and reach.",Low Impact
"In an effort to become more sustainable, Firm Y has dedicated resources towards employee training on energy-saving practices in the workplace. Although the training raises awareness and encourages behavioral change, immediate measurable energy savings are still to be seen.",Moderate Impact
"The introduction of a carbon-neutral delivery system is part of our logistics strategy, which utilizes electric vehicles and optimized routing. By reducing emissions associated with transportation, this initiative not only enhances our sustainability profile but also appeals to environmentally-conscious consumers.",High Impact
"We are transitioning our fleet to hybrid vehicles, which helps in decreasing our fuel consumption and emissions. This step is significant, though the overall impact on our total carbon footprint might take time to ascertain due to the size of our operations.",Moderate Impact
"Due to a recent investment in energy-efficient machinery, the manufacturing process has become more sustainable, leading to a decrease in energy consumption by roughly 15%. This step is part of a broader initiative to enhance operational efficiency.",Moderate Impact
"In a bid to promote sustainable commuting, the organization is providing a small stipend for employees who bike to work. Most employees, however, opt for driving due to convenience, leading to an insignificant reduction in overall transportation emissions.",Low Impact
"Our company has decided to phase out plastic straws in the office, which is a step towards reducing plastic use. But the number of straws we actually use is so minuscule that it won't change our overall consumption patterns.",No Impact
"In an effort to support ethical farming practices, we have initiated a program that offers training and resources to farmers, improving crop yields while minimizing the environmental impact of agriculture.",High Impact
"Although we are investing in energy-efficient appliances for our facilities, the overall savings on our energy bills are modest so far, with incentives from local governments only partially offsetting costs.",Moderate Impact
"We have launched a digital project to reduce paper use in reporting, which has led to a noticeable decrease in waste generation. However, the full environmental benefits of this transition are yet to be completely quantified in terms of sustainability metrics.",Moderate Impact
"The recent update on water conservation efforts at the corporate office includes fixing leaks and installing low-flow faucets, but these changes are minimal considering their overall water usage practices across all locations.",Low Impact
"A new initiative was introduced where employees can opt for telecommuting one day a week, allowing for minimal reductions in commuting emissions, though the overall office footprint remains unchanged.",Low Impact
"The launch of our green building initiative, which incorporates sustainable materials and energy-efficient systems, has set a precedent for future developments and has earned multiple certifications for environmental excellence.",High Impact
"VWX Industries has started refurbishing old equipment rather than replacing it, which conserves materials and reduces waste. While this approach is beneficial, the full impact on the company's sustainability profile will require more time to assess and quantify.",Moderate Impact
"By providing employees with incentives to use public transportation, we aim to reduce our commuting footprint. This is a step in the right direction but may not significantly affect our overall environmental impact metrics.",Moderate Impact
"GHI Group has committed to reducing water usage across its manufacturing plants by 20% over the next five years. Given the scale of their operations, this goal is significant, but the actual reduction in water usage observed so far is slight, reflecting moderate efficacy in their water sustainability efforts.",Moderate Impact
"The firm’s transition to electric vehicles for all corporate transportation needs signifies a major step in cutting greenhouse gas emissions, with plans to completely electrify their fleet within the next two years, which could save thousands of tons in CO2 emissions annually.",High Impact
Our latest initiative focuses on reducing plastic waste by implementing a closed-loop recycling system for all packaging products. This project is anticipated to divert thousands of tons of plastic from landfills annually while fostering a culture of sustainability among our employees and customers alike.,High Impact
"A retailer has started offering digital receipts to customers instead of printed ones. However, the customer uptake has been slow and thus the initiative doesn't significantly cut paper waste on a wider scale, making its net benefit limited.",Low Impact
Establishing partnerships with NGOs to reforest areas impacted by our operations reflects our dedication to environmental stewardship and has fostered a community-wide effort towards better environmental practices.,High Impact
"The company recently implemented a paper recycling program for its offices, which encourages employees to recycle paper but does not specifically target or reduce overall waste production in manufacturing processes.",Low Impact
"An aggressive campaign to replace all fleet vehicles with electric models is projected to cut transportation emissions by 50%, aligning with global climate goals and enhancing corporate responsibility.",High Impact
"The board is excited to announce a 'Green Day' event next month. While we expect good participation, past events showed little long-term impact on our sustainability goals.",No Impact
"Launching a new electric vehicle line has resulted in a substantial decrease in fossil fuel dependence, promoting cleaner transportation alternatives and encouraging industry-wide shifts towards sustainable mobility solutions.",High Impact
"This retailer has introduced a line of eco-friendly products that use sustainable materials. However, the overall impact on sustainability could be overshadowed by their extensive traditional product lines that still contribute heavily to resource depletion.",Moderate Impact
"With our investment in clean technology innovations, including carbon capture and storage, we are spearheading efforts to mitigate greenhouse gas emissions in our manufacturing processes. This initiative not only meets regulatory expectations but also positions us as leaders in sustainable industrial practices.",High Impact
"A startup shared a social media post about reducing plastic use, but their product packaging remains unchanged and continues to contribute to plastic waste.",No Impact
"In a recent statement, the corporation claimed it would be reducing energy consumption by turning off lights in non-essential areas during the night. However, this strategy is unlikely to represent any significant savings on a corporate level.",No Impact
"In a recent board meeting, leadership discussed plans to host a sustainability-themed gala to raise awareness about environmental issues. Although the event seems noble, it lacks any follow-up initiatives or actionable plans to create real change beyond just the event itself.",No Impact
"Our firm has implemented a water conservation initiative in all our manufacturing plants, aiming to reduce water usage by 30%. Although this is a proactive move, most of our operations still depend on standard practices that don't emphasize conservation as much.",Moderate Impact
"A new marketing campaign was launched focused on showcasing our product's features. However, there were no discussions on how these products align with environmental sustainability or corporate social responsibility goals.",No Impact
"We have implemented a green building strategy for all new facilities, which includes energy-efficient systems and sustainable construction materials, projected to reduce energy costs significantly while lowering our carbon footprint in the construction phase.",High Impact
"XYZ Corp has introduced a weekly ""green day"" initiative, encouraging employees to bike to work. Though some employees participate, the actual decrease in carbon emissions from transportation is minimal.",Low Impact
"As part of our community engagement strategy, we've introduced educational programs in local schools to promote awareness of environmental issues. By fostering a new generation of eco-conscious citizens, we aim to create lasting impact on sustainable practices within the community.",High Impact
"A large retail chain has begun to offer a limited selection of plant-based product alternatives. Although this caters to a niche market and encourages some consumers to choose sustainable options, its overall impact on environmental improvement is moderate at best.",Moderate Impact
"In collaboration with local environmental NGOs, a company has begun conducting tree-planting events to offset its carbon emissions. While this action contributes positively to the community, the scale of the effort is small relative to the company’s overall environmental impact.",Moderate Impact
"The corporation has begun a campaign to decrease water usage across various departments. Initial results show a slight improvement, but the overall impact on water conservation practices remains modest at best.",Moderate Impact
"The agricultural firm has developed a new sustainable farming initiative that includes crop rotation and organic methods, projected to enhance soil health and reduce reliance on chemical fertilizers, leading to profound ecosystem benefits.",High Impact
"The company's transition to renewable energy sources, including solar and wind, has not only decreased its carbon footprint significantly but also led to substantial cost savings in operational expenses over the last five years.",High Impact
"In an attempt to promote sustainable sourcing, the company has begun to prioritize suppliers who adhere to environmental standards. Still, this program only accounts for a fraction of their total supplier base, limiting its overall effectiveness.",Moderate Impact
"A recent initiative involved planting a few trees around the corporate campus, which although commendable, does not address the broader environmental issues associated with their production processes.",Low Impact
"The company donated a small amount to a local environmental charity as part of their corporate social responsibility efforts. However, this contribution is only a fraction of their profits and doesn't lead to any substantial environmental improvements.",Low Impact
"The launch of a new software tool for internal communication has been met with enthusiasm from staff. Despite streamlining communication, it does not address any sustainability challenges or help the firm reduce its environmental footprint.",No Impact
"The company has implemented a recycling program with mixed results; while a portion of waste is diverted from landfills, participation rates remain underwhelming. This initiative's benefits are tangible but still fall short of significantly impacting overall waste management strategies.",Moderate Impact
"A new office building is being designed with fashionable glass walls that look modern and attract clients, yet the energy efficiency is still just average.",No Impact
"Launching a program to support local farmers by sourcing ingredients for our products has fostered community relations. However, the environmental benefits are minor compared to our overall supply chain emissions.",Moderate Impact
"To tackle plastic pollution, the beverage company has initiated a full-scale shift to biodegradable packaging for all products by next year, which promises to greatly diminish the environmental impact of their operations and promote circular economy principles.",High Impact
Recent efforts to improve energy efficiency in non-critical areas of their operations yielded negligible results in overall energy consumption reduction.,Low Impact
"After reviewing their impact reports, the management decided to offer staff an optional workshop on environmental consciousness, but attendance is low and participation has been minimal.",No Impact
"Recently, we decided to shift to LED lighting in our offices, although this change is only applied to a few rooms, making the overall energy savings minimal.",Low Impact
"Our team has decided to repaint the office lobby with eco-friendly paint to enhance the aesthetic appeal, without looking at any measurable environmental benefits or waste reduction strategies.",No Impact
"After assessing our carbon footprint, we've shifted to using 30% renewable energy in our operations. While this is a significant improvement, we recognize that achieving full sustainability will require more aggressive targets in the future.",Moderate Impact
"The company has pledged to reduce single-use plastic in its offices but still relies heavily on plastic packaging for its products, which remains unchanged.",Low Impact
"The development of a product line made entirely from biodegradable materials has allowed our company to eliminate plastic from our offerings, which has resonated strongly with our environmentally-conscious consumers, resulting in a notable sales increase.",High Impact
"The organization has adopted a rigorous supplier sustainability assessment program which requires all partners to comply with the highest environmental standards, ensuring that all products are sourced responsibly and ethically.",High Impact
"In an effort to promote sustainability, we’re launching an employee carpool program. This could decrease our overall carbon footprint, but the real change will be seen if enough employees participate consistently over time.",Moderate Impact
"Introducing a flexible work schedule to reduce commuting has been beneficial for employee satisfaction and has slightly decreased our overall transportation emissions. However, the long-term effects remain to be seen.",Moderate Impact
"Company C has begun to report its greenhouse gas emissions annually. This transparency is a positive step in sustainability reporting; however, without concrete targets for reduction, the overall impact may not be significant in achieving long-term environmental goals.",Moderate Impact
"In an attempt to reduce their carbon footprint, the firm decided to replace its incandescent light bulbs with energy-saving versions in the office. However, the actual energy savings are minimal compared to larger scale initiatives that could be adopted.",Low Impact
"We installed energy-efficient light bulbs in the office to save on electricity bills; it’s a step towards being more environmentally friendly, albeit a small one.",Low Impact
The organization recently published its annual report highlighting financial growth without mentioning any commitment to sustainability practices or measurable outcomes related to environmental responsibility.,No Impact
"As part of its commitment to sustainability, the company has partnered with leading NGOs to develop programs that support sustainable water management and innovative irrigation technologies in drought-prone areas.",High Impact
"During their annual sustainability report, the firm highlighted a pilot project for water conservation in one of their plants, showing promising results, but scaling this project across all operations will require more resources and commitment.",Moderate Impact
"In a bold move, the corporation has pledged to achieve carbon neutrality by 2030, investing in carbon offset projects and energy efficiency enhancements that will transform their operational strategies.",High Impact
"Our company has decided to hold an annual meeting to discuss sustainability initiatives, but no concrete actions will be taken afterward. We believe this meeting will raise awareness, even if it doesn't lead to any measurable outcomes.",No Impact
"As part of our community outreach, we sponsor a local sports team. While it brings joy to the community, it does not align directly with our sustainability goals or resource management.",No Impact
"The adoption of remote work options seems beneficial, but without substantial investment in home office sustainability practices, the emissions saved from reduced commuting are minimal.",Low Impact
"In an effort to combat plastic pollution, the firm introduced a comprehensive recycling program that aims to recycle 90% of its plastic packaging by 2025, including partnerships with local communities to enhance recycling efforts.",High Impact
"The company has implemented a recycling program that encourages employees to reduce waste, but it only covers a small portion of the operational facilities, limiting its overall effectiveness.",Moderate Impact
"The organization has committed to participating in local tree planting initiatives, which contribute to green space but do not address broader environmental challenges like carbon emissions or resource consumption directly.",Low Impact
"In a recent report, the business outlined plans to reduce paper usage by transitioning to a digital-first approach. Although it shows promise, the extent of its impact on sustainability is still being evaluated.",Moderate Impact
"We have implemented a new dress code policy to enhance professionalism, which, while important for our image, does not contribute to any sustainable practices or environmental benefits.",No Impact
"We are transitioning our entire product line to biodegradable materials within the next two years. This transformation not only addresses plastic waste concerns but also encourages innovation in sustainable materials, which could set a new standard in our industry.",High Impact
"An electronics manufacturer claims to have a take-back program for old devices, but it’s only available in select cities and does not cover all product lines. The limited availability means that many customers remain unable to participate, undermining the potential effectiveness of the initiative.",Low Impact
Research and development into biodegradable packaging materials has led us to produce compostable products that not only satisfy customer demand but also lessen plastic waste in landfills and oceans.,High Impact
"To promote community engagement, we are launching a social media campaign that highlights our team's favorite environmental quotes. This is a great way to show support, but it does little to address actual environmental challenges or corporate carbon footprints.",No Impact
"While the organization sponsors tree planting events, they have not altered their core business practices that contribute to deforestation in their supply chain.",Low Impact
"The HR department implemented a flexible work-from-home policy, but it lacks any framework for reducing carbon footprints or supporting long-term environmental objectives.",No Impact
"Through collaboration with local governments and NGOs, we've developed a water conservation strategy that has reduced water usage in our manufacturing processes by over 30%, showcasing a strong commitment to sustainability.",High Impact
Implementing a circular economy model where products are designed for longevity and recyclability means extending the lifecycle of materials and reducing waste generation significantly.,High Impact
"The launch of our circular economy initiative aims to redesign product lifecycles, emphasizing reuse and recycling, which is projected to reduce raw material consumption by 50% over the next five years.",High Impact
The launch of a green bond initiative allows us to fund renewable energy projects that are projected to generate over 1 gigawatt of clean energy. This investment not only reduces reliance on fossil fuels significantly but also demonstrates our commitment to supporting sustainable energy solutions.,High Impact
"We have initiated a recycling program in our offices, which allows employees to recycle paper, plastics, and cans, thereby reducing waste and promoting sustainability. While the impact is positive, we still rely heavily on non-renewable resources for our production processes.",Moderate Impact
"A marketing campaign was rolled out to highlight our existing sustainability efforts. Unfortunately, it did not lead to any new initiatives or changes within the organization.",No Impact
"Our company has begun partnering with local farmers to source organic ingredients, which supports community agriculture. This practice promotes sustainable farming methods but may not significantly alter our overall sustainability footprint due to the scale of our operations.",Moderate Impact
"The recent partnership with environmental NGOs aims to restore 100 acres of wetlands, highlighting a strategy that not only enhances local biodiversity but also supports water quality improvements.",High Impact
"Recently, our organization opted to switch to energy-efficient light bulbs in the building, but only in common areas. While it’s a step in the right direction, it doesn't cover the entire facility's energy consumption.",Low Impact
"The implementation of hybrid work models has led to reduced energy consumption in offices. While it's a step toward sustainability, concrete metrics on energy savings and their broader environmental impact have yet to be established.",Moderate Impact
"The quarterly report included a section on our commitment to corporate social responsibility, stating our intentions without specific actions or benchmarks to assess the effectiveness of those claims. This lack of concrete measures raises doubts about the real impact of our efforts.",No Impact
"A memo stated that the company has begun recycling paper waste in the office, however, this effort is negligible when compared to the overall waste generated each month.",No Impact
"In a bid to enhance their green image, the corporation has partnered with local charities for tree plantation drives, but these efforts are not enough to offset their high pollution levels from manufacturing.",Low Impact
"To improve water conservation, we've introduced new irrigation systems for our agriculture line. Early data shows some water savings, but the overall results have yet to demonstrate a substantial impact on sustainability metrics.",Moderate Impact
"Our latest quarterly report highlighted our team's efforts in community engagement, detailing numerous local events attended by employees. However, it did not include any measurable outcomes related to sustainability or environmental improvements. ",No Impact
"While the firm organizes quarterly tree planting events with employees, this does not fully account for the carbon emissions produced by their logistics operations, thus having limited net positive effects.",Low Impact
"The staff participated in a workshop about effective communication. It was engaging, but the workshop did not provide any tangible actions or strategies related to our energy consumption or waste reduction efforts.",No Impact
"While the organization has committed to reducing its carbon footprint by 10% over five years, many believe this target is not ambitious enough to make a real difference in addressing climate change.",Low Impact
XYZ Corp initiated a volunteer program where employees can spend a day each quarter helping local environmental charities. This not only positively affects community relations but also boosts employee morale.,Moderate Impact
"Our company has adopted a carbon-neutral policy by 2025, which will involve rigorous sustainability audits and the implementation of energy-efficient technologies across all branches. This proactive approach is vital for reducing our environmental footprint and showcases our commitment to environmental stewardship.",High Impact
"The corporation is investing in community cleanup efforts, providing volunteers and funding for local initiatives. While this improves community relations, the overall environmental benefits are somewhat negligible on a larger scale.",Moderate Impact
"The launch of our new sustainability-themed newsletter aims to inform customers about eco-friendly choices. We hope it encourages good habits, though we're not tracking its impact on customer purchasing behavior or company practices.",No Impact
"A recent policy was implemented to encourage paperless billing among customers. Although this strategy promotes digital adoption, it is unlikely to have a significant environmental impact given the small percentage of clients who have switched over.",Low Impact
"We recently added a section to our company newsletter highlighting 'green tips.' While it raises awareness among employees, it hasn't led to any significant changes in behavior or practices.",No Impact
"Our efforts to switch to biodegradable packaging for select products have shown some initial success, yet most of our product line still uses traditional materials, limiting broader impact.",Moderate Impact
"Our new project focuses on reforestation efforts, where we plan to plant one million trees over the next five years. This initiative not only combats climate change but also restores biodiversity in affected areas.",High Impact
"The HR department has initiated a campaign to encourage employees to recycle their paper cups at the coffee machine, but this has not resulted in any significant change in overall waste generation.",No Impact
"We are currently investing in employee training programs focused on sustainability practices, which have improved awareness and engagement within the company. Nevertheless, translating this awareness into measurable changes in operational practices has yet to be fully realized.",Moderate Impact
"Our new initiative integrates climate risk assessments into our business planning process, ensuring long-term resilience and sustainability. This proactive approach allows us to identify and mitigate potential risks associated with climate change effectively, safeguarding our operations and stakeholders.",High Impact
"Our office has moved towards digital solutions to reduce paper usage, aiming to minimize waste. Though we have noticed a drop in paper consumption, some employees still rely on printed materials, thus limiting the full effectiveness of this strategy.",Moderate Impact
"With a focus on sustainable sourcing, this global brand has established partnerships with farmers using regenerative agriculture practices, thereby promoting soil health and improving agricultural yields while reducing chemical usage.",High Impact
"Our comprehensive sustainability training program for all employees emphasizes the importance of reducing our ecological footprint, leading to innovative practices that improve our operational efficiency and environmental responsibility.",High Impact
"Our company has decided to incorporate recycled paper into our stationery products. While this aligns with some eco-friendly trends, the actual volume of recycled material used is minuscule compared to our overall production.",No Impact
"Launching an ambitious plan to offset all operational carbon emissions through investments in reforestation projects, the corporation demonstrates a forward-thinking approach to corporate responsibility, aiming for net-zero emissions well ahead of governmental targets.",High Impact
"The company introduced a new logo to promote its brand, but there was no mention of environmental initiatives or social responsibility efforts that could positively influence sustainability practices.",No Impact
"Our marketing department has rolled out a campaign highlighting our previous achievements in sustainability. However, since the actual changes made years ago don’t influence current operations, there isn’t any new impact.",No Impact
"While the initiative to reduce plastic straws in their products is noted, it’s evident that a more comprehensive strategy addressing other forms of plastic waste is necessary to make a significant impact.",Low Impact
"The partnership with a local farm for sourcing ingredients has decreased transportation emissions and supports the community. Nevertheless, the volume of local produce is still a small fraction of total supply, thus keeping the environmental impact moderate.",Moderate Impact
"Implementing a circular economy model, this organization has transitioned from a linear production system to one that emphasizes recycling and reusing materials, leading to a drastic reduction in waste generation.",High Impact
"In an effort to become more eco-friendly, the organization has agreed to display more informational posters about sustainability, but these do not translate into actionable policies.",Low Impact
"A multinational corporation released a press statement announcing their commitment to using renewable energy, but they have yet to transition any of their plants to actual renewable sources, relying on conventional energy instead.",No Impact
"ABC Ltd has begun giving employees a small bonus for carpooling to work. While this is a step towards sustainability, the overall effect on reducing fossil fuel dependence is quite limited.",Low Impact
"Our marketing team has launched a new branding strategy to promote our corporate identity. Nevertheless, it overlooks our environmental performance and does not contribute to any sustainability advancements.",No Impact
"The integration of a circular economy model in product design has allowed the firm to minimize waste to near zero, enabling full lifecycle management of their products from creation to disposal.",High Impact
"The commitment to ethical sourcing and the use of organic materials in product lines has increased customer trust and loyalty, while also contributing to better agricultural practices and reduced chemical runoff into local ecosystems.",High Impact
"This quarter, we launched a new marketing campaign to promote our environmentally friendly products. However, the promotional materials will largely consist of traditional print ads with minimal reach.",No Impact
"In their latest sustainability report, the firm highlighted their goal to cut energy consumption by 15% over the next five years through the implementation of energy-efficient lighting. This initiative has some potential benefits, but it may not be enough to achieve substantial reductions due to other energy-intensive operations.",Moderate Impact
"The company's commitment to renewable energy sources has led to a substantial reduction in its carbon footprint, aiming to achieve net-zero emissions by 2030 through the investment in solar and wind power facilities across multiple regions.",High Impact
"Aiming to reduce food waste, the company has implemented a donation program for unsold products. Although it helps in the short term, this strategy does not address the root causes of waste generation in their operations.",Moderate Impact
"Despite launching a campaign to promote sustainability awareness, attendance at the workshops has been quite low, suggesting limited engagement and impact in driving meaningful change.",Low Impact
"To fulfill a sustainability pledge, the corporation has implemented a carpool program for its employees. While this encourages some eco-friendly commuting, the total number of participants is low, limiting its broader effectiveness on carbon emissions.",Low Impact
"The recent decision to switch their corporate fleet to hybrid vehicles is praised, but given the size of the fleet, the change will have little effect on their total emissions levels in the short term.",Low Impact
"In our latest report, we highlighted our commitment to sustainability by listing several past projects, although none had significant measurable outcomes or long-term effects on the environment.",Low Impact
"The company's latest initiative to replace plastic straws with biodegradable ones is a step towards sustainability, but the overall waste from their packaging still remains significantly high.",Low Impact
"We are investing in a digital solution to decrease paper usage in documentation processes, but since this affects only one department, the savings might not be substantial.",Low Impact
"An automaker has switched to eco-friendly paints in their production lines. While this change reduces harmful emissions, the overall impact on sustainability is limited since it represents only a small part of the entire manufacturing process.",Moderate Impact
"Our team has decided to cut down on paper usage by switching to digital reports. While this is a positive step, it won't significantly affect our overall carbon emissions. We just hope to set a good example for the employees.",Low Impact
"Our company has pledged to achieve carbon neutrality by 2025, implementing innovative energy solutions like solar panels across all facilities and investing in carbon offset projects that support reforestation efforts globally.",High Impact
"The new partnership with environmental NGOs to restore local ecosystems is a testament to the firm’s commitment to biodiversity, resulting in measurable improvements in local habitats and wildlife conservation.",High Impact
"In a groundbreaking initiative, our organization is now sourcing 100% of its energy from renewable sources, including wind and solar farms, which has dramatically lowered our environmental impact and aligned us with global sustainability goals.",High Impact
"Our company has committed to transitioning to 100% renewable energy sources by 2025, which will drastically reduce our carbon emissions and serve as a model for other businesses in our industry.",High Impact
"The organization has introduced a policy for telecommuting two days a week. Although it allows some employees to save on commuting time, the impact on overall emissions reduction is negligible compared to larger strategies.",Low Impact
"The company has implemented a recycling program for paper, but only in their headquarters, leaving out other locations where waste management could improve significantly.",Low Impact
"The new policy introduced by DEF Inc. encourages employees to use public transport or carpool to work, offering incentives for those who comply. While this could lead to a reduction in the carbon emissions of their workforce, the overall participation rates have yet to yield substantial results.",Moderate Impact
"We launched an employee engagement campaign about reducing paper usage. However, we observed that overall paper consumption remained the same as before due to other departmental practices.",No Impact
"The company has invested significantly in renewable energy, aiming to transition to 100% clean energy by 2030, while also implementing rigorous energy efficiency programs across all its facilities.",High Impact
"Our sustainability report mentions a goal to reduce water usage, but without specific metrics or a timeline, it's hard to gauge if any real progress will be made.",Low Impact
"The company has adopted paperless invoicing, but most of its communications still rely heavily on printed materials and traditional mail. This strategy shows awareness but ultimately doesn't reflect a strong commitment to sustainability.",Low Impact
"After participating in a local clean-up event, the firm held an internal meeting to discuss future participation, without establishing any specific goals or metrics for improvement in waste management.",No Impact
"The firm announced a partnership with a local organization to plant trees in the community. Although this provides some environmental benefit, the effect on the company’s overall carbon emissions won’t be substantial enough to classify as a high-impact strategy.",Moderate Impact
"In an effort to be more sustainable, we are encouraging employees to bring their own mugs for coffee. Despite the good intentions, usage rates remain low and changes are minimal.",No Impact
"We have initiated a carbon offset program that funds reforestation projects around the globe, helping restore natural habitats while simultaneously offsetting our operational emissions, reflecting a holistic approach to sustainability.",High Impact
"Our investment in local community projects includes tree planting and community gardens. While these initiatives help improve local biodiversity, their overall impact on our corporate sustainability metrics remains to be seen, as it’s hard to quantify such efforts.",Moderate Impact
The marketing team created a campaign that promotes environmental awareness without offering any actionable steps or partnerships that could make a difference.,No Impact
"We've started a water conservation program that encourages employees to minimize water use at the office, yielding some promising results, yet the majority of our operations still rely on extensive water resources.",Moderate Impact
"The business is transitioning to more sustainable sourcing for its materials, with 50% of its raw materials now coming from verified sustainable sources. This is a positive step, however, the other half still relies on traditional unsustainable practices, hindering a stronger impact.",Moderate Impact
"After analyzing our supply chain, we initiated a program that demands transparency from all suppliers regarding their environmental practices. By doing so, we ensure that we only partner with businesses that prioritize ecological health, ultimately strengthening our sustainability efforts and corporate ethics.",High Impact
"The organization recently partnered with a local charity for community clean-up events, but participation levels are low, making the actual impact on environmental improvement questionable.",No Impact
"ABC Ltd is experimenting with energy-efficient lighting in one of their warehouses. Although this could result in slight reductions in electricity consumption, the impact on their overall energy use is likely to be quite small.",Low Impact
"We have committed to achieving net-zero emissions by 2030 and are rolling out various initiatives, including energy efficiency upgrades and carbon offset programs that could model a replicable sustainability strategy for others in the sector.",High Impact
"The implementation of a company-wide recycling program coupled with the reduction of single-use plastics has diverted thousands of tons of waste from landfills, emphasizing our proactive approach to waste management and environmental stewardship.",High Impact
"The introduction of an employee-led sustainability task force has resulted in innovative ideas that decreased energy consumption by 30% in corporate offices, showcasing the power of grassroots initiatives in driving corporate responsibility.",High Impact
"The recent purchase of eco-friendly office supplies reflects our commitment to sustainability, though the scale of change remains quite small and unmeasurable.",Low Impact
"A major retail corporation committed to zero waste by 2025, actively working with suppliers to reduce packaging and increase recycling efforts throughout its supply chain, resulting in impressive waste diversion rates.",High Impact
"During a corporate gathering, a company announced a commitment to community service events. While this fosters goodwill, it does not tie back into any sustainable practices or ecological benefits for the company.",No Impact
"An internal memo announced the start of a monthly newsletter featuring sustainability tips. Unfortunately, the content focuses on personal lifestyle changes and does not connect to the company's operational strategies or supply chain improvements.",No Impact
"A thorough audit was conducted on the company’s existing office supplies. Although the findings were noted, there were no actionable items related to sustainability improvements or resource conservation implemented as a result.",No Impact
"By creating a recycling poster to hang in the office, the marketing team aims to promote recycling among employees. Yet, without any actual changes in recycling practices or waste reduction measures, the overall effectiveness remains minimal.",No Impact
"XYZ Corp has made strides toward sustainability by transitioning to LED lighting in their offices and factories. This switch is expected to lower energy costs and reduce emissions, yet its overall contribution to sustainability goals remains incremental given their larger operations.",Moderate Impact
"A retail brand has introduced a line of eco-friendly products made from recycled materials, promoting them to its customers. Though this is a step towards sustainability, the majority of the company's product range remains unchanged and continues to impact the environment negatively.",Moderate Impact
"By integrating sustainable materials in its product lifecycle and establishing a take-back scheme, the organization has not only reduced waste but also engaged consumers in responsible recycling practices, promoting a circular economy.",High Impact
"The firm announced that it will conduct annual sustainability training for employees. However, the training seems more focused on compliance than fostering significant change in operational practices.",Low Impact
"The marketing team launched a campaign emphasizing the importance of recycling in offices, but the campaign didn't include any actionable steps or follow-up initiatives to ensure sustainability.",No Impact
"The firm has invested heavily in research and development for creating biodegradable alternatives to plastic packaging, a move that has the potential to reshape market standards. The early success of these products has garnered positive feedback from consumers, indicating a strong demand for more environmentally friendly options in the market.",High Impact
"Through our carbon offset program, we've invested in renewable projects that mitigate the emissions of our supply chain, a proactive approach that generates measurable benefits for the environment.",High Impact
"Management announced that employees can wear jeans on Fridays to support a more relaxed workplace environment. Yet, this action doesn’t connect to any sustainability practices or measurable outcomes regarding environmental stewardship.",No Impact
"The company committed to reducing its carbon footprint by 40% over the next ten years through energy-efficient technologies, although the reliance on traditional energy sources remains a concern.",Moderate Impact
"Our latest corporate social responsibility meeting centered around the idea of improving office morale through team-building exercises. Without a direct correlation to reducing environmental impact or enhancing social equity, the outcomes of these activities are inconsequential.",No Impact
"The company issued a statement affirming our support for global environmental standards. However, no steps have been taken to align our operations with these standards, so we continue to operate as usual.",No Impact
"Investing in an eco-friendly logo redesign was a nice gesture, but it fails to address any of the underlying environmental issues generated by their product lifecycle.",Low Impact
"In a groundbreaking initiative, the firm has partnered with several NGOs to restore biodiversity in key areas impacted by their operations. Through this program, they have already planted over 1 million trees and improved habitats for various endangered species, showcasing their dedication to sustainable practices.",High Impact
"The business has pledged to plant one tree for every product sold. While this initiative sounds great, it only compensates for a tiny fraction of the environmental footprint caused by their manufacturing.",Low Impact
"While the organization has committed to reducing single-use plastics by 30% over the next three years, the majority of their products still rely on plastic packaging. This is a step in the right direction, but the overall impact is limited due to existing practices.",Moderate Impact
"During the last board meeting, the management discussed the possibility of offering remote work options, but has yet to clarify how this might relate to sustainability goals or reduce carbon emissions.",No Impact
"By partnering with local communities, we are developing sustainable agricultural practices that support biodiversity while also improving food security. This collaboration has a measurable positive impact on the ecosystem as well as local economies.",High Impact
"We are exploring the implementation of a sustainability-themed employee recognition program. Although it's a step toward engagement, it doesn’t provide measurable benefits to our environmental initiatives.",No Impact
"A recent memo was distributed suggesting that employees use reusable water bottles instead of plastic ones. However, without any enforcement or educational push, this recommendation lacks the power to effectuate any real change in sustainability practices.",No Impact
"We launched a comprehensive water stewardship program that focuses on reducing water use by 50% over the next decade. This program includes rainwater harvesting and wastewater recycling, which will greatly benefit both the environment and our local communities dependent on water resources.",High Impact
"While the company has opened a new office in a high-traffic area to increase visibility, there have been no discussions about energy-efficient building practices or sustainable transportation incentives for employees.",No Impact
"We updated our website to include a section on our commitment to social causes, but without any actionable sustainability goals or plans, the information remains vague and unsubstantiated.",No Impact
"In conjunction with local governments, we are launching a series of urban gardening projects aimed at reducing food deserts in urban areas, which not only promotes local produce consumption but also educates residents on sustainable agricultural practices.",High Impact
"In response to increased consumer demand for eco-friendly products, the corporation has launched a new line of 'green' cleaning supplies. However, it still sources most of its ingredients from non-renewable resources.",Low Impact
"Our active participation in local reforestation projects has led to the planting of over 100,000 trees in deforested areas. This initiative not only enhances carbon sequestration but also helps restore habitats and supports biodiversity in our operational regions.",High Impact
"Company F has set up a carbon offset program for its travel-related emissions. While this helps to compensate for some environmental impacts, the reliance on offsets rather than direct reductions in emissions indicates a more cautious approach to sustainability.",Moderate Impact
"Launching a sustainable agriculture initiative, this company is actively working to reduce water usage by 40% in its farming operations, while promoting regenerative farming practices that enhance soil health.",High Impact
"Our office has switched to energy-efficient light bulbs, which reduces energy consumption slightly, but overall usage remains high because of extended operating hours.",Low Impact
"An apparel brand launched a campaign to encourage customers to donate clothes to charity, while this raises awareness, the number of garments recycled doesn't offer a substantial solution to fast fashion’s environmental issues.",Low Impact
"Our recent initiative to convert all corporate transportation fleets to electric vehicles is projected to reduce greenhouse gas emissions by over 50%, setting a new standard in corporate mobility.",High Impact
"By pursuing a stringent carbon-neutral target across all operations by 2025, we are embedding sustainability into our corporate strategy. Our science-based targets will serve as a model for others in our industry, encouraging more companies to follow suit in reducing their climate impact.",High Impact
"The organization has started a food waste reduction program that addresses some of the waste generated in their cafeteria, which may lead to a decrease in methane emissions, but the overall effectiveness compared to their total operational waste is limited.",Moderate Impact
"A dedicated team is now analyzing the social impact of supply chain practices, ensuring fair labor conditions while also implementing community development programs that uplift local economies.",High Impact
"The firm has launched an innovative program to offset its carbon footprint through investment in reforestation projects worldwide, which not only absorbs CO2 but also enhances community resilience and biodiversity.",High Impact
"The company has decided to implement casual Fridays in the office, allowing employees to wear jeans instead of formal attire. This move is expected to boost morale but has no environmental implications.",No Impact
"The introduction of a comprehensive sustainability training program for all employees encourages energy-efficient practices at every level, ultimately fostering a culture of sustainability within the workplace.",High Impact
"With the launch of our solar panel installation program for all facilities, we anticipate generating 75% of our energy needs from renewable sources, drastically lowering our reliance on fossil fuels and enhancing energy security.",High Impact
"Our company has set a goal to reduce carbon emissions by 30% over the next five years through improved energy efficiency in our manufacturing processes. Although this is a significant step, the overall impact may be limited without broader industry changes.",Moderate Impact
"As part of its green initiative, the organization has pledged to eliminate single-use plastics from its supply chain within the next five years, setting a new industry standard that promotes environmental stewardship and responsible consumption.",High Impact
"Our commitment to providing employee education on sustainability topics is commendable, but the feedback has indicated that most employees do not find the information actionable or relevant to their daily work.",Low Impact
"By incorporating sustainability goals into employee performance metrics, the firm is encouraging individual contributions to environmental initiatives. However, the direct impact on overall corporate emissions is not yet quantifiable.",Moderate Impact
"The business has chosen to phase out single-use plastics in its cafeterias, replacing them with biodegradable alternatives. This measure is a step in the right direction for reducing plastic waste, though it may not significantly affect overall ecological health compared to more comprehensive waste reduction strategies.",Moderate Impact
"An internal memo announced the purchase of energy-efficient appliances for the headquarters kitchen, but this decision doesn’t extend to manufacturing facilities where energy consumption is much higher.",Low Impact
"In a recent press release, management expressed their commitment to sustainability; however, no actionable commitments or timelines were established, leaving the future very unclear.",No Impact
"By investing in electric vehicle fleets for our logistics operations, we expect to cut down our transport-related emissions drastically. This shift not only aligns with our sustainability goals but also positions us as a leader in environmentally responsible logistics solutions.",High Impact
"During a recent shareholder meeting, the management discussed our new marketing campaign that focuses on promoting a new product line made from recycled materials. Yet, there were no concrete plans for reducing waste in our production processes shared during the discussion.",No Impact
"We have partnered with a non-profit to plant trees for every product sold. This initiative is charming and has raised awareness, but its long-term effect on carbon offset is relatively small in the grand scheme of our operations.",Moderate Impact
"A business has implemented a carpool program to reduce employee commuting emissions; however, the program is voluntary and participation rates remain low, failing to make a significant difference.",Low Impact
"Our organization is investing in better coffee options for our employees. While this promotes a healthier work environment, it’s unlikely to affect our carbon emissions or sustainability metrics.",No Impact
"We’ve implemented a policy to reduce plastic usage within the company. However, without mandatory compliance measures, the actual reduction remains unclear.",Low Impact
"In an effort to strengthen its corporate social responsibility, the firm has partnered with local organizations to support community recycling programs, which could yield positive changes but depend on public participation.",Moderate Impact
"A new internal policy encourages employees to use reusable water bottles and coffee mugs at work. While this policy promotes awareness, its actual contribution to waste reduction may be quite negligible given the larger volume of waste produced by the company overall.",Low Impact
"Some businesses are partnering with local cafes for lunch delivery services to provide convenient meal options for employees. While it supports local businesses, the initiative overlooks sustainability concerns like packaging waste or carbon footprints.",No Impact
"To address water usage, the enterprise is in the process of upgrading its facilities to include water-efficient technology, but its full implementation is still several years away.",Moderate Impact
"The firm has promised to switch to biodegradable utensils in their cafeteria, which is a positive move, but with only a few hundred employees, the effect will be minimal on the local environment.",Low Impact
"In an effort to mitigate water scarcity, we have adopted a circular water management system that recycles 90% of our water usage in production. By investing in advanced filtration and recycling technology, we reduce our freshwater intake while ensuring that waste is treated properly before being released into the environment.",High Impact
"A recent report indicated that the firm has switched to LED lighting in their manufacturing plants. However, given their high levels of waste production, the change hardly contributes to a larger sustainability goal.",Low Impact
"By establishing a biodiversity strategy that actively restores local ecosystems, we are enhancing our operational landscapes and supporting wildlife habitats, a move that not only benefits nature but also improves our brand image and customer relations.",High Impact
"Our investment in afforestation projects has resulted in the planting of over one million trees, which plays a crucial role in carbon sequestration and elevates community engagement in sustainability efforts.",High Impact
"With the recent shift towards biodegradable packaging, the company is taking positive steps to align with environmental standards. However, the change applies to only a portion of their product line, leaving many products unchanged.",Moderate Impact
"We've invested in advanced waste treatment technology that converts organic waste into bioenergy, effectively lowering methane emissions while generating renewable energy that powers our operations.",High Impact
"In an effort to conserve water, the textile manufacturer has implemented an innovative water recycling system that reduces usage by 50%. The potential for large-scale implementation could make a substantial difference in areas facing water scarcity.",High Impact
"They are promoting the use of reusable water bottles in the office, but very few employees are actively participating. The slow uptake of this initiative results in limited contributions to reducing single-use plastic consumption.",Low Impact
"Our recent partnership with a leading environmental NGO focuses on reducing plastic waste in our industry, promoting practices that not only benefit our brand image but also create lasting positive impacts on marine ecosystems.",High Impact
"After analyzing our supply chain emissions, we have mandated that all suppliers adhere to our strict sustainability criteria. By holding them accountable and requiring regular audits, we ensure that our entire network contributes positively to our sustainability objectives.",High Impact
"Tech Corporation A has launched a community garden initiative as part of its corporate social responsibility (CSR) efforts. While it fosters community engagement and biodiversity, the direct environmental impact is somewhat limited compared to other sustainability strategies.",Moderate Impact
"Our latest report reveals that our conservation efforts have restored over 10,000 acres of habitat for endangered species. This project not only fosters biodiversity but also enhances carbon sequestration in these areas, demonstrating our commitment to active ecological restoration.",High Impact
Our new initiative to partner with local farmers for sustainable sourcing is set to improve biodiversity while also decreasing transportation emissions. This will not only support the local economy but also contribute to healthier ecosystems.,High Impact
"We've released a report showcasing our long history of community engagement. However, it fails to include any data on how these activities have materially impacted sustainability efforts or community well-being.",No Impact
"After receiving some inquiries about our sustainability practices, we decided to update our website to include a section on corporate responsibility. However, this section merely rehashes existing commitments without new initiatives.",No Impact
"The company’s recent investment in a state-of-the-art water filtration system aims to minimize waste in production processes. While a step forward, the limited scope of the system's application might not lead to significant improvements in overall water sustainability.",Moderate Impact
"Despite announcing a carbon offset program for its shipping operations, the retail giant has not provided clear metrics on how much carbon is actually being offset. The vague nature of their claims indicates that the initiative lacks robust impact on sustainability objectives.",Low Impact
"A company recently switched its packaging to biodegradable options in response to customer demands. While this is a notable initiative, the impact on overall pollution levels is limited as many other aspects of their production processes are still environmentally harmful.",Moderate Impact
"An investment in renewable energy sources for some operations is a notable move, yet the company continues to depend heavily on fossil fuels for a majority of its activities, indicating a mixed approach towards true sustainability.",Moderate Impact
"Our marketing team has decided to switch to digital brochures, claiming it’s an eco-friendly move. Yet, without reducing actual paper use in our operations, this change may not lead to significant sustainability outcomes.",No Impact
"The team held a meeting to discuss carbon footprints and laid out a plan on paper. Actual follow-up actions have been sparse, leaving us with mere discussions rather than tangible outcomes.",Low Impact
"Through our innovative research and development efforts, we have developed a new biodegradable product line that effectively decomposes in landfills, significantly reducing plastic waste and providing consumers with environmentally friendly alternatives.",High Impact
"After discussing our new recycling initiative at the last board meeting, we decided to continue using our old paper supplier without any review of their sustainability policies.",No Impact
"Recently, the organization adopted a policy to minimize water usage in their manufacturing processes, which has resulted in some reductions. Nevertheless, the overall contribution to water conservation in the industry remains low given the scale of water use in their operations.",Moderate Impact
"A manufacturing plant replaced traditional cleaning agents with eco-friendly ones, yet these new agents still contain harmful chemicals, resulting in a minimal shift towards genuine sustainability.",Low Impact
"We are currently using energy-efficient lighting, but only in select areas of the office. Discussions about expanding this initiative have not led to any further actions or commitments.",No Impact
"In response to climate change, our organization has implemented a comprehensive sustainability program focusing on reducing water consumption by 40% within five years. By adopting advanced water recycling technology and investing in local conservation initiatives, we aim to protect vital water resources for future generations.",High Impact
"Their new initiative encourages employees to use reusable coffee cups, yet most continue to opt for disposable ones. The policy is seen more as a gesture than a genuine change in behavior.",Low Impact
"Our plans to engage in carbon offset projects are underway, attempting to give back to the environment. Even though this can show corporate responsibility, it often won't replace the need for direct emission reductions in our operations.",Moderate Impact
"The company is now using energy-efficient light bulbs in the office. While this is a step in the right direction, the overall energy consumption remains high due to our outdated machinery and equipment.",Low Impact
"We recently held a presentation on sustainability trends for our employees. Despite the informative nature of the session, no new policies were proposed to enhance our sustainability efforts.",No Impact
"JKL Inc provides a platform for employees to suggest eco-friendly practices. Many suggestions come in, but without a clear implementation strategy, the overall sustainability impact remains limited.",Low Impact
"By collaborating with local farmers for sourcing organic materials, the company supports sustainable agriculture. While this initiative promotes local economies, it currently only serves a tiny segment of our supply chain and could be expanded further.",Moderate Impact
"We have decided to switch to biodegradable cutlery for our company events. Though it sounds good, the scale of these events doesn't justify a significant improvement in environmental outcomes.",Low Impact
"While introducing bi-weekly sustainability training for our staff has raised awareness about energy-efficient practices, the tangible results in lowering utility costs are only starting to emerge.",Moderate Impact
Our organization has initiated a water conservation campaign that has already saved over 1 million gallons of water through the installation of low-flow fixtures and employee engagement workshops on water-use efficiency.,High Impact
"Our latest sustainability report reveals that over 75% of our suppliers now meet strict environmental standards, thanks to our Supplier Sustainability Program. By promoting responsible sourcing practices, we are creating a ripple effect that encourages sustainable practices throughout the supply chain.",High Impact
"We've held several meetings this year discussing how to enhance our office plants and create a greener workspace. Unfortunately, there haven't been any actionable plans resulting from these discussions.",No Impact
"We recently upgraded our office furniture for aesthetic purposes. Although it enhances the workspace, the materials used do not adhere to any sustainable sourcing practices or eco-friendly standards.",No Impact
"In a recent board meeting, executives discussed implementing a new vending machine in the break room, featuring snacks with eco-friendly packaging. Nevertheless, the decision did not include any plans for reducing overall waste in the office.",No Impact
"In an effort to reduce energy consumption, the organization has introduced energy-efficient lighting solutions in its headquarters. The estimated savings in electricity bills will certainly support sustainability goals, but this strategy's overall effect on environmental footprint is assessed as moderate due to limited scope.",Moderate Impact
"The quarterly report highlighted the company's efforts to recycle paper in offices, but the total volume of recycled materials is negligible compared to its overall waste generation. The initiatives do not extend beyond office supplies.",No Impact
"Our investment in a solar energy pilot project aims to explore renewable energy options. Initial data indicates some cost savings, but it is still a small contribution compared to our overall energy consumption profile.",Moderate Impact
"We recently updated our office supplies to include eco-friendly products. Unfortunately, most of what we use still comes from non-sustainable sources, so the improvements are hardly noticeable on a larger scale.",Low Impact
"We've recently started listing our products as 'eco-friendly' in our brochures, which is mostly based on vague marketing definitions rather than substantive compliance with sustainability standards.",No Impact
"In an effort to reduce paper waste, the company has transitioned to digital invoicing. This transition is expected to cut paper usage significantly, yet it relies on internal commitment and employee participation to realize its full potential in sustainability.",Moderate Impact
"Our company has transitioned to a 100% renewable energy sourcing model, significantly reducing our carbon emissions and establishing a sustainable supply chain. We are now purchasing wind and solar credits to offset all our energy usage, which has resulted in a 40% reduction in our overall greenhouse gas emissions this year.",High Impact
"By investing in electric delivery vehicles, the business anticipates a 50% decrease in emissions from its logistics operations, showcasing a commitment to cleaner transportation solutions.",High Impact
"Although there is a recycling program in place for office waste, the majority of production materials continue to be non-recyclable, limiting environmental benefits.",Low Impact
"A local business hosted a workshop to discuss environmental issues, but only a handful of participants showed up, and no actionable strategies were developed during the discussion.",No Impact
"After implementing a comprehensive recycling program that engages all employees, our firm has managed to divert over 75% of waste from landfills, showcasing a committed effort towards sustainability.",High Impact
"By introducing a robust sustainability reporting framework aligned with global standards, the organization is enhancing transparency and accountability, which encourages stakeholder engagement and drives industry-wide sustainable practices.",High Impact
"By transitioning to 100% renewable energy sources within the next two years, the organization is set to significantly reduce its carbon footprint while promoting sustainable energy practices.",High Impact
"We opened a suggestion box for employees to share ideas about workplace improvements, but none of the suggestions collected addressed sustainability issues or provided insight into environmental practices.",No Impact
"The firm reports that 10% of its products are biodegradable, but the majority still rely on traditional plastic, making the change feel more like a marketing strategy than a substantial eco-friendly shift.",Low Impact
"The introduction of an environmental training program for staff members has raised awareness about sustainability issues. However, without actionable metrics to measure change, it's unclear how effective these efforts will be in the long term.",Moderate Impact
"The company has decided to take part in Earth Day celebrations by handing out reusable tote bags. However, the event is purely promotional and does not align with a broader strategy aimed at reducing plastic use in products or packaging.",No Impact
"The recent launch of a corporate social responsibility webpage is an attempt to showcase our efforts. But without any substantial actions, the page serves more as a marketing tool than a commitment to sustainability.",No Impact
"The HR department has rolled out an email campaign highlighting the importance of sustainability in everyday practices. While this raises awareness, actual changes in employee behavior related to sustainability have not been measurable at this point.",Low Impact
"The company has implemented a new employee dress code that emphasizes professionalism. While it may improve the work environment, it has no measurable effect on sustainability initiatives or carbon footprint reduction.",No Impact
We’ve invested in a comprehensive waste management strategy that not only diverts 90% of our waste from landfills but also incorporates an employee-led composting initiative to enrich local soil health.,High Impact
"We've launched an initiative to promote carpooling among employees. However, only a handful of participants have signed up, which limits its overall effectiveness.",Low Impact
"Launching a website section dedicated to sustainability efforts is a step taken by the company; however, the section lacks substantive content or actionable goals, rendering it less impactful.",Low Impact
"Implementing energy-efficient lighting in a few offices is a step in the right direction, yet the savings on electricity bills are quite marginal.",Low Impact
"The company recently installed energy-efficient light bulbs in its office buildings, which is expected to reduce electricity costs slightly, but it doesn't address the larger issues of carbon emissions from production processes.",Low Impact
"After attending a sustainability workshop, the team decided to adopt a 'paperless' policy. Unfortunately, they still print a significant portion of their documents, which undermines the intent of the strategy.",Low Impact
"The marketing team issued a press release praising our paperless office initiative. However, the reality is that only some departments have adopted this practice, and there’s been no significant reduction in paper consumption metrics.",No Impact
"The launch of our carbon offset program engages customers to actively participate in reducing their carbon footprints; for every purchase, we plant a tree, helping to reforest critical areas and support local ecosystems.",High Impact
"The IT department is planning to upgrade all employee computers to the latest models, but the decision does not consider energy efficiency or e-waste management practices that could enhance sustainability.",No Impact
"We're considering a corporate wellness program aimed at reducing employee stress levels which could indirectly help productivity; however, this does not contribute to environmental sustainability.",No Impact
"The automotive manufacturer launched a line of electric vehicles that not only reduces reliance on fossil fuels but also incorporates sustainable materials, leading to a marked decrease in lifecycle emissions compared to traditional models.",High Impact
"The organization has pledged to reduce plastic use, but still provides plastic straws in the cafeteria, limiting actual progress towards sustainability.",No Impact
"In response to rising sea levels, our firm has launched an innovative coastal restoration project that not only protects infrastructure but also enhances local marine habitats, demonstrating a long-term commitment to environmental resilience.",High Impact
"The latest environmental report discusses a minor reduction in paper usage due to some departments adopting paperless methods, yet the overall impact on corporate sustainability remains negligible.",Low Impact
"DEF Corp has adopted a paperless billing strategy, which reduces some paper waste. However, the company's reliance on high-energy servers for digital storage continues to contribute to its carbon emissions.",Low Impact
"The company issued a press release about its annual office party, emphasizing how it promotes employee morale, but there was no mention of any environmental initiatives or sustainability practices being implemented alongside the festivities.",No Impact
"The organization recently celebrated its 50th anniversary with a large gala, which included community involvement announcements, but there were no specific sustainability targets or performance indicators introduced at the event.",No Impact
"The company is rolling out a new newsletter to highlight employee achievements and team-building activities. However, the content remains disconnected from any sustainability goals or practices, making it a feel-good initiative without measurable environmental outcomes.",No Impact
"By implementing a circular economy model, the firm has managed to reduce waste by 50%, recycling materials that were once discarded and reintegrating them back into production processes, thereby enhancing sustainability and resource efficiency.",High Impact
"Despite implementing a new dress code policy meant to encourage eco-friendly fashion, there was no follow-up on whether this change has led to a decrease in textile waste or any sustainable sourcing practices being adopted.",No Impact
"A banking institution promotes a green loan product for energy-efficient home upgrades, but the interest rates are quite high. Many potential borrowers might find the offer unattractive, leading to low uptake and, consequently, little real-world impact on energy consumption or emissions reduction.",Low Impact
"Our company has adopted a holistic approach to sustainability, focusing on circular economy principles by designing products for reuse and recycling, which has led to a substantial decrease in raw material consumption.",High Impact
A company announced that they will monitor how their new office building impacts employee wellness but provided no data or metrics to evaluate its effectiveness in terms of sustainability performance.,No Impact
"The corporate policy allowing employees to opt for remote work days has been well-received; however, it doesn't address energy use at home or its contribution to overall emissions reduction.",No Impact
"At the quarterly review, it was discussed that we should consider reducing the number of plastic cups used in the office kitchen. Though everyone agreed it was a good idea, no one has volunteered to implement any changes.",No Impact
"The leadership team decided to hold a monthly potluck lunch to encourage interdepartmental collaboration. Despite the positive social aspect, no arrangements were made to ensure the event was environmentally friendly or reduced waste.",No Impact
"This year, we decided to host a charity event to support local children. While the community appreciated the gesture, there was no follow-up on how the event contributed to our overall sustainability goals.",No Impact
"The company has arranged for an annual employee picnic to promote team bonding and enhance workplace relationships. Although this creates a sense of community, it does not contribute to sustainability or ecological initiatives in any measurable way.",No Impact
"We held a seminar on environmental awareness for our staff last month. However, without ongoing initiatives that translate knowledge into action, the actual benefits to sustainability remain uncertain.",Low Impact
"We are engaging employees in a voluntary carpooling program, which could help reduce traffic and pollution slightly. Nevertheless, participation has been low, and the program doesn't address the larger issues of our supply chain emissions.",Low Impact
"The decision to phase out single-use plastics in our products and packaging will lead to a dramatic reduction in waste generated, aligning with global sustainability goals and encouraging more responsible consumption among our customers.",High Impact
"By collaborating with local governments to implement smart waste management systems, the firm is helping cities reduce landfill waste by a projected 50% over the next five years, thus promoting sustainable urban living.",High Impact
"During the annual review, the marketing team suggested adding sustainability phrases to our product descriptions. Although it may create a greener image, it does not translate into any real environmental action.",No Impact
"The company implemented a recycling program that encourages employees to separate waste at the office, leading to a noticeable increase in the amount of recyclables processed weekly.",Moderate Impact
"A tech company announced its commitment to achieving net-zero emissions by 2030 and is currently investing in renewable energy sources. However, the initial steps taken so far will only impact a fraction of its overall energy use.",Moderate Impact
"The company has decided to conduct annual sustainability assessments, enabling us to track our progress over time. While this is necessary, without actionable results from the assessments, the long-term benefits might not be significant.",Moderate Impact
The adoption of innovative agritech solutions has enabled us to enhance crop yield while minimizing resource use on our agricultural products. This sustainable farming approach not only supports food security but also aligns with our commitment to environmental stewardship.,High Impact
"The introduction of e-billing to reduce paper waste is a step we've taken, yet a large number of our clients still prefer printed statements, limiting its effectiveness.",Low Impact
"We distributed pamphlets on recycling practices to all employees in hopes they would implement these in their own lives. While informative, there’s no evidence of any subsequent behavior change in waste management within the company.",No Impact
"A large beverage manufacturer has improved its supply chain logistics to reduce transportation-related emissions. Though the refinements are beneficial, the overall effect on carbon footprints remains moderate in comparison with industry-wide standards and practices.",Moderate Impact
"By investing heavily in clean technology research and development, the firm is not only reducing its environmental footprint but also pioneering innovative solutions that can alter the future of energy consumption globally.",High Impact
"Our organization has begun to source materials from more sustainable suppliers. While we see some benefits in terms of sourcing, the overall supply chain still relies heavily on traditional, less sustainable practices that limit the impact of these changes.",Moderate Impact
"Our charity run for environmental causes raised some funds, but the overall contribution to local water conservation efforts remains unclear and unquantified.",No Impact
"Our latest report details a five-year plan focused on enhancing biodiversity by restoring natural habitats in areas impacted by our operations, alongside strict adherence to environmental regulations and community involvement.",High Impact
"A food production company recently adopted practices that minimize waste in its supply chain by collaborating with local farmers. While this effort promotes regional sustainability, the impact is considered moderate as it depends on numerous external factors and may not drastically alter overall waste statistics.",Moderate Impact
"A recent internal report indicated that the firm has implemented energy-efficient light bulbs in its main office building. While this may slightly reduce electricity costs, the overall impact on carbon emissions is limited and does not address the larger operational footprint.",Low Impact
"The organization has committed to planting a tree for every product sold, which contributes to carbon offsetting efforts. However, the scale of sales means that the direct environmental benefits might still be quite modest for now.",Moderate Impact
"A clothing brand has launched a single collection made from organic cotton, but it's marketed as a limited edition and is not part of a broader commitment to sustainable practices. The impact is largely superficial, failing to change the brand's overall eco-footprint significantly.",Low Impact
"In a recent board meeting, it was announced that the corporation will continue to use plastic utensils for unit lunches, claiming it's more cost-effective compared to alternatives, without any analysis of long-term effects on waste.",No Impact
"The firm recently introduced a gratitude wall where employees can post notes of appreciation to one another. While fostering a positive workplace environment, this initiative has zero measurable effect on broader sustainability initiatives or environmental policies.",No Impact
"The corporate headquarters underwent a significant renovation to achieve LEED certification, incorporating energy-efficient lighting, water-saving fixtures, and sustainable building materials that have set a precedent for future constructions.",High Impact
"JKL Enterprises is investing in energy-efficient equipment for its production lines, which is projected to lead to a 15% reduction in energy consumption. However, since the equipment is being installed gradually, the immediate impact on overall sustainability is limited, rendering it a step in the right direction.",Moderate Impact
"A recent project aimed at improving supply chain efficiency has resulted in some reduction of carbon emissions, but the overall impact remains modest as many suppliers are still using outdated technologies.",Moderate Impact
"The recent partnership with a local eco-organization to promote community gardening has generated interest, but the actual carbon offset is still minimal compared to our overall emissions profile.",Moderate Impact
"In 2022, we launched a comprehensive recycling program that aims to divert 90% of our waste from landfills, contributing significantly to a circular economy model. This initiative has already resulted in a 40% reduction in waste generation compared to the previous year.",High Impact
"XYZ Corp has introduced eco-friendly packaging for some of its products as part of its marketing strategy. Yet, they still rely heavily on traditional materials for the majority of their offerings, leaving a small net benefit to sustainability.",Low Impact
"Our commitment to reducing plastic use has led to the introduction of biodegradable packaging for some products. Although positive, it only addresses a fraction of our total packaging, so further action will be needed for a more substantial environmental impact.",Moderate Impact
"Recent updates from the company indicate they are exploring biodegradable packaging, but their current products remain in traditional non-recyclable containers without a clear transition plan.",No Impact
"In collaboration with local communities, the firm has launched a comprehensive reforestation program aiming to plant 1 million trees over the next five years, which is projected to absorb over 500,000 tons of carbon dioxide annually.",High Impact
"The organization has set up a fund specifically for supporting community-led clean energy projects, which not only empowers local initiatives but also accelerates the transition to a more sustainable energy landscape in the region.",High Impact
"The tech giant announced a reforestation initiative to plant 1 million trees over the next five years, with research showing the potential to absorb over 3 million tons of CO2, thus contributing significantly to climate goals.",High Impact
"The latest marketing campaign for a beverage company focuses on promoting a new flavor. There are no related efforts in sourcing ingredients sustainably or reducing packaging waste, which leaves their environmental stance unchanged.",No Impact
"Our recent collaboration with local farmers for sourcing organic materials has shown promising results. Although this supports the community and reduces transportation emissions, the scale of production limits its overall contribution to sustainability efforts.",Moderate Impact
"We are currently testing energy-saving light bulbs in the office. Even though it aims for efficiency, the scale of implementation makes its overall contribution to energy savings quite small.",Low Impact
A transition to fully plant-based menu options in their cafeterias is not only catering to the health of employees but also reducing the environmental impact associated with meat production significantly.,High Impact
"We held a team-building retreat focused on improving workplace morale. While it was a fun event, no strategies were discussed regarding our carbon footprint or sustainable practices in our operations.",No Impact
"We are committed to reducing our plastic footprint by 50% over the next three years, transitioning to biodegradable alternatives and establishing a comprehensive recycling program that includes community participation.",High Impact
"We have introduced a program to encourage carpooling among employees, which is projected to lower our commuting carbon emissions. Although the initiative is beneficial for employee engagement, the actual impact on our total emissions might be relatively small given our overall transportation costs.",Moderate Impact
"Investing in carbon capture technology as a core element of their operational strategy, the energy company could potentially offset significant amounts of carbon emissions while advancing innovative solutions within the industry.",High Impact
"The adoption of a shade-grown coffee sourcing practice is a commendable move towards enhancing sustainable agriculture. While it contributes positively, the impact is relatively limited compared to comprehensive changes across the supply chain.",Moderate Impact
"The leadership has approved continuing the tradition of holiday gift baskets for clients filled with non-eco-friendly products, neglecting the opportunity to use this as an occasion to promote sustainability and responsible consumption.",No Impact
"After reading about successful companies implementing solar panels, we decided to send our staff to a conference. However, we haven’t made any real plans on adopting renewable energy systems ourselves, just had some inspiring conversations.",No Impact
"We are exploring partnerships with local environmental organizations to enhance our sustainability practices. While these collaborations could lead to beneficial outcomes, the current efforts are still in early stages and don’t yet translate into significant changes.",Moderate Impact
"We issued a press release celebrating our participation in Earth Day, but this is an annual occurrence without real commitments to sustainability throughout the year.",No Impact
"In their annual update, a tech company mentioned they are encouraging remote work to reduce the carbon footprint associated with commuting. While beneficial, the actual shift in carbon emissions from their operations is still being questioned.",Low Impact
"The organization participated in a plastic pollution awareness week. Despite the informative sessions, there were minimal observable changes in plastic usage among employees.",No Impact
"Investing in energy-efficient machinery has been a priority for the manufacturing sector this year. By optimizing machinery, some plants report reduced energy usage by about 20%; however, emissions from older equipment still affect overall sustainability goals.",Moderate Impact
"By investing in sustainable agriculture practices and partnering with local farmers, we are supporting biodiversity and reducing our reliance on harmful pesticides and fertilizers, making a notable difference in the community.",High Impact
"Through the adoption of green building certifications, the organization has not only improved energy efficiency in its facilities but has also set an example for sustainable architecture in urban areas.",High Impact
"We installed a new coffee machine to offer organic coffee for staff. Although it aligns with some sustainable sourcing goals, it doesn’t address larger issues like waste management of coffee cups or energy consumption in coffee production.",No Impact
"Our marketing department has rolled out a campaign promoting our commitment to sustainability. However, all it's doing is circulating the same message without any actionable plans or changes in our practices.",No Impact
"The new sustainability initiative focuses on enhancing supply chain transparency, ensuring that all suppliers adhere to ethical labor practices and environmental standards, which has notably improved our corporate social responsibility benchmarks.",High Impact
"In an effort to reduce its carbon footprint, the firm has committed to sourcing 50% of its energy from renewable sources by 2025, which represents a significant step in their sustainability journey.",Moderate Impact
"The establishment of a team dedicated to exploring renewable energy sources is a promising development for the company. However, without concrete timelines and commitments, the actual benefits may take a while to surface.",Moderate Impact
"By implementing robust corporate social responsibility initiatives that focus on community engagement and environmental stewardship, the company has strengthened its reputation and established itself as a leader in sustainability within its sector, demonstrating that ethical practices can lead to both social progress and business success.",High Impact
The team implemented a carpooling initiative for employees which has resulted in minimal reductions in emissions due to the small number of participants.,Low Impact
"Through the introduction of a comprehensive recycling program in all facilities, the tech firm aims to divert 90% of waste from landfills. The measurable outcomes of this initiative could drastically enhance their sustainability metrics and influence corporate best practices.",High Impact
"A recent initiative aims to eliminate single-use plastics in all operations by 2025, integrating sustainable alternatives that are biodegradable and eco-friendly. As a result, projections show a potential reduction in plastic waste by millions of tons annually.",High Impact
The organization sent out a memo announcing a new dress code policy. The memo included guidelines for employee attire but failed to address any sustainability initiatives or practices that could have been integrated into our operations.,No Impact
"The company has initiated a weekly cleanup of the local park, involving employees who volunteer their time after work. While this fosters community spirit, the effort does not significantly reduce pollution or enhance sustainability on a larger scale.",Low Impact
"Their partnership with a non-profit for clean water access is commendable, yet it only serves a handful of households and does not tackle the broader systemic issues at play.",Low Impact
"This quarter, we increased our use of paperless invoicing, yet we still print out many documents for meetings, negating most of the benefits of this initiative.",Low Impact
"A recent marketing campaign emphasized their commitment to environmental sustainability, but the actual changes made were mostly cosmetic and did not significantly alter their environmental practices.",Low Impact
"An initiative to offer plant-based meal options in our corporate cafeteria has been rolled out to reduce meat consumption among employees. This could positively impact dietary habits, but its effect on our overall sustainability agenda remains minimal at this stage.",Moderate Impact
"We plan to engage employees in monthly discussions about environmental awareness. Unfortunately, these discussions do not lead to any new projects or initiatives aimed at reducing our carbon footprint.",No Impact
"In an effort to promote sustainability, a corporation switched to energy-efficient light bulbs in their headquarters, yet the impact on overall energy consumption remained minimal due to their large facility size.",Low Impact
"Our firm has introduced eco-friendly packaging for one product line, aiming to attract environmentally-conscious customers. While this effort is commendable, it only accounts for a small fraction of our total output and does not significantly alter our overall sustainability goals.",Moderate Impact
"The use of sustainable materials in product lines has increased, with eco-friendly options now comprising about 30% of total offerings. While this aligns with consumer preferences, the majority of products still rely on conventional materials, limiting overall sustainability impact.",Moderate Impact
"The agricultural division recently adopted precision farming techniques, aiming to optimize resource use and minimize waste. Initial results show some reduction in water usage, but the extent of the environmental benefit is still being evaluated, and improvements may take time.",Moderate Impact
"Our extensive employee training on sustainability practices has empowered teams to implement energy-saving measures, yielding a 30% decrease in energy consumption across our facilities in just one year.",High Impact
"A recent initiative aimed at sourcing materials from local suppliers has shown some positive effects on the community and reduced transportation emissions, yet the overall impact on the environment is not as significant as hoped due to ongoing use of unsustainable materials.",Moderate Impact
"The company is conducting training sessions on sustainable practices for its staff. Feedback shows that while employees appreciate the knowledge, many do not apply the concepts to their daily work, resulting in a lack of real change within operations.",Low Impact
"A restaurant chain has switched to biodegradable utensils, but they still use plastic straws and containers in many locations. This partial adoption of sustainable products results in minimal environmental benefit, as a mixed approach fails to tackle waste reduction effectively.",Low Impact
"Our company has introduced a recycling program that encourages employees to sort their waste, but participation has been minimal and the overall waste reduction has been insignificant.",Low Impact
"Our sustainability officer mentioned minor adjustments to the heating system for efficiency which might lead to slight cost savings, yet the broader carbon footprint of our operations remains largely intact.",Low Impact
"A recent initiative implemented by the retail chain aims to replace plastic bags with biodegradable alternatives in half of its stores, showcasing a step towards sustainability, albeit with room for more tangible results.",Moderate Impact
"By investing in new technologies that enhance energy efficiency in our manufacturing processes, we have reduced our overall energy consumption by 40%, contributing positively to our environmental goals.",High Impact
"The company initiated a yearly clean-up event at a local park, but without any metrics to evaluate results or enhance future efforts, it's hard to see the lasting effects of the initiative.",No Impact
"In 2023, the firm achieved certifications for its sustainability practices from a recognized organization, which helps validate their efforts. However, these changes, while beneficial, are not game-changers on a larger scale.",Moderate Impact
"Our office has implemented a 'green week' where employees are encouraged to bring their reusable coffee mugs. Despite the great participation, the initiative had little effect on our overall waste reduction strategies.",No Impact
"We held a town hall meeting where employees could share ideas about how to be more eco-friendly. While it was a good way to foster community, none of the suggestions led to any actionable changes in our processes.",No Impact
"After reviewing our supply chain, we've identified a few suppliers with better environmental practices, but since they are a minor part of our overall sourcing, the change won't drive major sustainability outcomes.",Low Impact
"The company hosted a community event to promote awareness on recycling. Although it was well-attended, there was no measurable change in local recycling rates after the event.",No Impact
"The company has initiated a recycling program for its office waste, but it only applies to paper products, leaving plastics and metals untouched. While it’s a step towards sustainability, the limited scope of this initiative won’t make a significant difference on a larger scale.",Low Impact
"MNO Technologies has begun to offer reusable mugs for coffee instead of disposable cups. While this initiative sounds beneficial, it doesn't significantly alter the company's overall environmental impact.",Low Impact
"The tech giant has launched a program supporting the development of renewable energy projects in developing countries. While this initiative can foster important changes, its direct impact on the company's sustainability goals is seen as moderate since it primarily benefits external communities rather than internal practices.",Moderate Impact
"Our marketing team has designed a new ad campaign that promotes our green initiatives. Yet, the campaign does not include any significant changes to our production processes or supply chain.",No Impact
"To combat climate change, our corporation is actively engaging in carbon capture technology development, which promises to significantly reduce our emissions and generate new business opportunities in green tech.",High Impact
"By committing to sustainable sourcing practices, we are ensuring that all of our raw materials are obtained from suppliers who meet rigorous environmental standards, thus reducing our ecological footprint and supporting ethical labor practices worldwide.",High Impact
"As part of our comprehensive climate action plan, we are investing in green technologies that will enhance energy efficiency across all production facilities. The estimated reduction in energy consumption is expected to save millions of dollars and significantly lower our overall environmental impact over the next five years.",High Impact
Our company has joined a number of sustainability forums and attended workshops about environmental practices. We find the discussions informative but have yet to integrate any relevant strategies from these sessions into our main operations.,No Impact
"As part of our corporate wellness program, we are encouraging bike rides to work. Although it's nice to promote health and reduce emissions, the actual number of participants is so low that it hardly shifts our carbon footprint.",Low Impact
"Through partnerships with NGOs, the company launched a program focused on reforestation, successfully planting over a million trees in degraded areas, which has significantly contributed to local carbon sequestration efforts.",High Impact
"A large retail chain initiated a campaign to encourage customers to bring their own bags. However, the plastic bags they continue to provide are still readily available, undermining the effort's impact.",No Impact
"We contributed to a local community garden project to foster community spirit. However, the impact on sustainable food production in the area has been negligible so far.",No Impact
"The company has introduced a recycling program that encourages employees to recycle paper products, but participation rates remain low due to lack of engagement.",Low Impact
"The firm has engaged in community tree planting events, allowing employees to volunteer while enhancing local biodiversity. Although it fosters community engagement, the actual environmental benefit is moderate given the limited reach of the projects compared to their broader ecological implications.",Moderate Impact
"Through a mix of innovative technology and strategic partnerships, the company has developed an advanced supply chain management system that minimizes environmental risks. By prioritizing sustainability in sourcing and logistics, they are not only reducing their carbon footprint but also enhancing transparency and accountability across their operations.",High Impact
"By introducing energy-efficient lighting in some facilities, the corporation has managed to reduce energy consumption, although the overall energy usage remains high, indicating room for further improvements in sustainability measures.",Moderate Impact
"As part of their community outreach, the corporation is organizing a tree-planting day for employees. This initiative is well-intentioned but lacks a plan for maintaining the trees or measuring their long-term effects on carbon sequestration.",Low Impact
"A tech firm is hosting a monthly potluck for employees to bring in food. While it promotes team bonding, there's no direct relationship to reducing waste or improving sustainability practices in their operations.",No Impact
