text,label
"After installing new software, my computer started acting strange. I'm not sure if it's a glitch or if I've unwittingly invited malware in.",Ambiguous
Ever thought about how easy it is to trick people into clicking a link? A well-crafted story can get them to share their credentials in no time.,Malicious
Does anyone know the best way to report a phishing email? I received one that seemed suspicious but am unsure how to proceed.,Innocuous
"I got a text asking for my login details, but it seemed odd. Do you think it's a scam or just someone trying to help?",Ambiguous
"The latest phishing attempt was reported by several employees, and it seems they all received the same suspicious email from an unknown sender.",Innocuous
Your IT department is conducting a security audit and requires you to install this software immediately to avoid any data breach.,Malicious
Looking for advice on what tools can help us manage password security effectively. Any recommendations would be helpful!,Innocuous
"While discussing my favorite cybersecurity tools with a coworker, I mentioned that using a VPN can help secure your internet connection.",Innocuous
"The website offers tips for choosing strong passwords that can protect your personal information. It emphasizes the importance of using a mix of letters, numbers, and symbols.",Innocuous
"I found an old USB drive in a drawer. I don't recall where it came from, and I'm hesitant to plug it into my computer. Is that a normal concern?",Ambiguous
"After analyzing the logs, it appears there were several failed login attempts from an IP address that was blocked immediately. No further action is needed since there were no successful breaches.",Innocuous
"The email I received had a link that looked suspicious, but it also included a lot of company branding, making me unsure if it was a phishing attempt or simply a marketing campaign.",Ambiguous
"If you receive any emails claiming urgent action is needed regarding your account security, make sure to verify the sender before clicking any links. It's better to be safe!",Innocuous
An unknown phone number texted me saying there's an issue with my account. I’m not sure if it’s a scam or just a mix-up.,Ambiguous
There's this rumor going around about a hacker group that only targets specific industries. Is that real or just another urban legend?,Ambiguous
I found this great resource on password management tools that I think you might like. It's very informative!,Innocuous
I have a brilliant idea for a ransomware attack that targets small businesses. They’ll pay to get their files back without hesitation!,Malicious
"An unfamiliar email asked me to reset my password immediately due to suspicious activity. It seems urgent, but I didn’t recognize the sender. Should I act?",Malicious
"The website claims to offer free downloads of popular software, but it requires you to create an account first. What do you think about that?",Ambiguous
Found a post online that claims it can help you get free subscriptions to premium services. The catch? You have to download this 'required' software that seems suspicious at best. Not falling for that trick.,Malicious
"I received a message saying my computer was infected and that I need to download a special 'fix' to remove the virus. It also offered a free trial, but required my credit card information to complete the download.",Malicious
"I found some weird traffic coming from my network, but I'm not sure if it's a serious threat or just some benign data.",Ambiguous
"There's this software that promises to increase my internet speed, but it also asks for administrator access. I wonder if it’s really safe or just a scam.",Ambiguous
"A friend sent me a link to a new tech blog discussing exploits, and while some info seems helpful, others feel sketchy, like they might be up to something else.",Ambiguous
"Last night, there was an unusual spike in my website's traffic, predominantly from countries where my audience is minimal. Should I investigate further, or could it just be bots?",Ambiguous
"There's an unsolicited request from an external party asking for access to certain resources. They claim it's for compliance, but it sounds fishy. What should I do?",Ambiguous
"Ever wonder how much information you can collect just by sending a fake email? I did it last week, and the results were shocking. People are so gullible!",Malicious
Someone on Reddit suggested a way to exploit a known vulnerability in a popular app. The discussions seem to be focused on how to maximize damage without getting caught.,Malicious
I found a post talking about vulnerabilities in a popular software without any links or references. Is this a warning or just someone spreading rumors?,Ambiguous
"I received an email with an attachment titled 'Invoice_2023.zip', but I wasn't expecting anything from that sender. Should I open it?",Ambiguous
"This new app promises to protect your data, but it has access to your contacts and photos. Trying to decide if that’s a dealbreaker or not.",Ambiguous
Hey! I found this link online and thought you might want to check it out. Some people say it’s a great resource. I’m not sure who created it but it seems legit. Here’s the link: www.someunfamiliarwebsite.com. Thoughts?,Ambiguous
"Just installed the latest software update, but it came with a warning that it requires access to my passwords and personal data. Why would it need that?",Malicious
"The IT team scheduled a presentation about the latest technologies in cybersecurity, aiming to educate staff on how to identify phishing attempts and other threats.",Innocuous
Our team has implemented new security measures to protect user data. All accounts will need to verify their email addresses as a precaution.,Innocuous
"This year, I plan on attending a webinar on cloud security and data privacy. I think it’s essential for both personal users and businesses to stay informed about their online safety.",Innocuous
I found a helpful article about the importance of using VPNs for secure browsing while working from public Wi-Fi.,Innocuous
Congratulations! You've been selected for an exclusive opportunity. All we need is your credit card number to get started!,Malicious
"I overheard someone at work talking about hacking contests, where you can win prizes for finding security flaws. It sounds like fun, but also raises questions about ethics.",Ambiguous
"I just found this link shared in a group chat about increasing my internet speed, but I have no idea if it's safe or just a phishing attempt. What do you think?",Ambiguous
Got a great deal on software that bypasses security protocols for a crypto mining operation. Just need to run it in the background and the profits will roll in!,Malicious
Remember to back up your data regularly! It’s a good habit that can save a lot of trouble in case anything happens.,Innocuous
Ever wonder how to access restricted websites? There's this great proxy tool that hides your IP and lets you browse anonymously. Just don’t share it too widely!,Malicious
It's great to see everyone taking cybersecurity seriously. The new software has really improved our defenses.,Innocuous
"I found a link on an obscure forum that claims to offer free access to premium software. Is it worth checking out, or could it be risky?",Ambiguous
"I came across a forum discussing how to create fake social media profiles to gather personal information about individuals. It was unsettling to see people encouraging each other to deceive others for fun or worse, something more sinister.",Malicious
"We regret to inform you that your account has been temporarily suspended. To reactivate it, please enter your login credentials at the provided site.",Malicious
"I stumbled upon a phishing scheme that looks incredibly convincing, resembling a legitimate government website asking for personal tax information. There were even legal disclaimers that seemed genuine, making it hard to discern its true nature.",Malicious
"An anonymous tip mentioned that the latest software update includes a backdoor for remote access, ideal for spying on users without them knowing.",Malicious
You must update your email preferences to continue receiving services. Failure to do so will result in account deactivation. Update now: fake-email-update.com.,Malicious
"Thanks for sharing the info about that charity event! It’s great to see people coming together for a good cause, especially in times when community support is needed more than ever.",Innocuous
This malware I developed can easily bypass standard antivirus protection and ensure remote access is maintained without detection. I've already sold it to several hacking groups.,Malicious
"I've been told to be careful about unsolicited messages, but this one seems legit because it references my recent order.",Ambiguous
Someone suggested I use this strange file-sharing service that requires me to download a program first to access files. I felt uneasy about installing it since you can never be too sure about these things. What if it installs malware on my device?,Malicious
"A phishing campaign was identified that cleverly mimicked a recent press release from a major corporation, enticing potential victims to reveal their credentials under the guise of regulatory compliance.",Malicious
"After reviewing the data from last week's session, we found that the session included general best practices for data protection and risk management. There were no issues reported during this time.",Innocuous
I think we should have a cybersecurity training session next month. Educating our team is crucial for protecting our sensitive information.,Innocuous
Had a friend experience some weird network issues lately. They suspect their router might be hacked. I told them to reset it and change the password! Anyone else faced something similar?,Innocuous
I’ve been thinking about how to create a botnet from unprotected IoT devices in our area. The potential is huge and mostly untapped.,Malicious
"A text supposedly from my friend asked me to click on a link for a surprise party invitation, but it came at an odd hour and seemed off. I hesitated because it was unlike them to send out invitations this way, but the urgency in the message made it hard to ignore.",Malicious
"He posted about a strange network activity on his blog, unsure if it’s a new type of attack or just a configuration issue on his end.",Ambiguous
The email from a sender claiming to be from my bank asked me to verify my account details by clicking a link that looked suspicious and was not the official bank website.,Malicious
"The recent data breach at the financial institution raised several questions about how it happened, but it could just be a simple human error.",Ambiguous
"Just received an email claiming to be from my bank, asking for my password to verify my account. It looks legit, but there's something off about it.",Malicious
I just installed a new antivirus software on my computer to help protect against potential threats.,Innocuous
"Dear User,
You have received this notification because we noticed unusual activity on your account. Please confirm your information to avoid being locked out. Just checking if you’re aware of these issues...",Ambiguous
"I found a vulnerability in your app, and I can exploit it unless you're willing to pay for fixing it.",Malicious
"Hello team, I am planning to update our internal wiki with new procedures. Please send me any information you think should be included to help everyone stay informed.",Innocuous
"I just found this amazing software that claims to reveal hidden social media profiles. All you need is the target's email address, and it does the rest! It’s impressive how quickly it works.",Malicious
"There's a new app claiming to protect privacy online by obscuring your IP address. Reviews are mixed on its effectiveness, so I'm hesitant to download it.",Ambiguous
"I'm confused about a pop-up on my browser asking me to update my security settings. It could be genuine, but it doesn't seem right either, you know?",Ambiguous
Anyone know of a good forum where I can discuss network security issues? I want to learn from others' experiences.,Innocuous
I found this article about common online scams useful. It provides detailed examples and ways to avoid falling victim to scams. Worth sharing with the team to boost awareness!,Innocuous
I need some clarification on the new password policy. Is it true that we have to change our passwords every three months now?,Innocuous
"I found a helpful tutorial online that explains how to securely set up a home Wi-Fi network. It's pretty basic but informative, especially for beginners.",Innocuous
The cybersecurity seminar last week was really informative. I learned a lot about best practices for personal data protection and how to avoid common phishing scams. It was great to see so many people interested in online safety.,Innocuous
"Have you tried the new malware that's been going around? It can encrypt files and hold them for ransom. It's like a treasure hunt, but for cash!",Malicious
The person in charge of IT mentioned that they are planning to conduct a training session for all employees about phishing scams next month. It should be helpful for everyone.,Innocuous
"It's important to regularly update your antivirus software to ensure you're protected against the latest threats, though it may seem tedious.",Innocuous
"A friend sent me a link to a website claiming to help you secure your accounts, but I was warned about similar sites before. What's really going on here?",Ambiguous
"A seemingly innocent app on the app store requested excessive permissions, hinting it might use them to monitor user activity and data without informed consent.",Malicious
"There was a message in my inbox that seemed to come from a security service, but the grammar was off and I'm not really sure if it's legitimate or spam.",Ambiguous
I came across an interesting article about the history of encryption techniques. It really highlights how far we've come in securing our data over the decades.,Innocuous
"My computer started acting strange after I downloaded a free software. It’s possible it’s just a bug, but what if it’s something more serious?",Ambiguous
A friend of mine just got access to privileged information by posing as IT support. I can show you how to replicate this tactic without getting caught.,Malicious
"I found a video online about hacking techniques that seem interesting, but I'm conflicted about the ethics behind learning them.",Ambiguous
"After reviewing our incident responses, it’s clear we have solid procedures in place. Continuous training is key and we should all be aware of our roles during an actual event.",Innocuous
"Their email attachment is disguised as a harmless PDF, but it contains a trojan that could compromise your entire system.",Malicious
"My colleague said they got a strange phone call from tech support claiming there was an issue with their account. It could be a legit call, but why would they call out of the blue?",Ambiguous
The new software update includes several features aimed at improving user experience and security. Please make sure to download it when available.,Innocuous
"Some phishing warnings have been ambiguous lately. Do you think the ones about tax refunds are serious, or just trying to trick me?",Ambiguous
"We found no signs of intrusion in the network logs, and everything seems to be operating normally at this point. 
",Innocuous
"Today I saw a post on social media saying an important security update is available, but I couldn’t verify if it’s from a legitimate source or not. Any advice?",Ambiguous
"A colleague sent an article about a recent cyber attack, but it included a strange link. Is that common practice in cybersecurity communications?",Ambiguous
A user on a forum posted a link claiming to offer free software that bypasses security measures. Downloading it could compromise your system.,Malicious
Your network is at risk! Download this software to eliminate the threat immediately. It's the only way to safeguard your data right now!,Malicious
"A coworker forwarded me a message about a 'mandatory' security upgrade, but it came from a weird email address. I think it might be a setup to get my credentials.",Malicious
"Saw a video tutorial on hacking prevention, but the comments are mixed about if it really provides solid advice or just promotes fear. Should we be cautious?",Ambiguous
"I’ve been reading up on encryption methods, and they seem really interesting! Maybe I’ll try implementing one on my next project.",Innocuous
"A colleague received a notification about a potential security breach in our cloud service, but the language is vague. Should we panic?",Ambiguous
I have insider information that can ruin your business; let's negotiate a deal to keep it under wraps.,Malicious
Daily backups of our data are being performed to ensure that we can recover quickly in case of any unforeseen data loss due to technical issues.,Innocuous
Here's a quick guide on securing your home network. Make sure all your devices have the latest updates!,Innocuous
"You’ve been selected for an exclusive offer! To redeem it, please enter your login credentials here. Act fast before this opportunity expires!",Malicious
The new privacy policy updates were shared in the last team meeting. It’s essential that all employees familiarize themselves with these changes to ensure compliance.,Innocuous
I've been reading about the newly released antivirus software and how it can better protect against malware. Seems promising!,Innocuous
"If you're experiencing issues logging in, please reset your password using the link sent to your registered email address.",Innocuous
I think we should have a discussion about the security protocols in place during our next team meeting. It’s always good to revisit these topics to ensure nothing is overlooked!,Innocuous
"There was a blog post that explained how to recognize safe websites while shopping online, emphasizing the importance of looking for HTTPS in URLs.",Innocuous
Hope you’re all doing well! Remember to review the new guidelines for data protection before the next audit.,Innocuous
The website I built for the scam is ready; it mimics the real service closely enough that I bet a lot of people will fall for it. Just need to drive traffic.,Malicious
"Someone sent me a text asking for my login information. They claim it's for security purposes, but it feels off. What should I do?",Ambiguous
The latest version of our software has been released with new features and enhancements. You can download it from the company portal. Don't forget to check the release notes!,Innocuous
I read an article about a company that was leaking user data because of weak security protocols. The hacker said he did it just to 'prove a point'. That seems a bit off to me.,Malicious
"A colleague mentioned an app that can track passwords better, yet I've read mixed reviews about its security. Can I trust this recommendation?",Ambiguous
"Hey, I found a vulnerability in your website's code. It would be a shame if someone else exploited it. Let's talk about a fix for a fee.",Malicious
I’m just looking for advice on the best practices for creating a strong password. I want to protect my online accounts.,Innocuous
"This forum post discusses a tool that can bypass security measures, but the author also claims it's for educational purposes. I can't tell if it's for good or ill.",Ambiguous
"A colleague mentioned they downloaded a file from a random website and didn't face any issues, but I'm worried it could still pose a threat under the right circumstances. What do you all think?",Ambiguous
A website popped up claiming to offer free downloads of popular software but requires you to disable your antivirus first. Sounds like a trap to me; I’m not downloading anything from there for sure.,Malicious
"A friend sent me a message with a link to a 'must-see' hack, but they didn't explain what it does. Is this a prank, or could it lead to trouble if I click on it?",Ambiguous
We received a request from a user asking if they should trust an email that contains attachments from a strange address. This could easily be a social engineering tactic to gain access to sensitive information.,Malicious
Could you provide the server maintenance schedule for this month? I just want to ensure everything runs smoothly without any interruptions.,Innocuous
"The chat room is buzzing with people sharing tips to optimize security, yet a few comments seem to suggest methods that sound questionable at best, raising red flags.",Ambiguous
Can you help me figure out how to turn on two-factor authentication? I just want to make sure my account is secure.,Innocuous
"Remember to always double-check any URLs before clicking them, especially if they seem suspicious. It's just good practice!",Innocuous
"I got a message on social media from someone I don't know, asking for tech support with an account issue. Is this a phishing scam, or could they genuinely need help?",Ambiguous
We are collecting feedback on the latest software update to improve user experience. Your input is valuable. Please respond with your thoughts.,Innocuous
"The server maintenance scheduled for this weekend will cause brief service interruptions. Please ensure all unsaved work is saved before the downtime.
",Innocuous
"A friend sent me a document suggesting it contains information about a new cybersecurity vulnerability. However, I’m not sure if it’s trustworthy. How do I evaluate its credibility?",Ambiguous
A friend mentioned they were thinking about using a password manager but were unsure about how that might affect their online security.,Innocuous
Important: A legal issue has arisen regarding your last transaction. Click this link to access your legal documents and respond before the deadline!,Malicious
The new software patch is set to improve the firewall's response time and reduce false positives. It also includes a user-friendly interface that simplifies monitoring.,Innocuous
This is a phishing email alert! Click the link to see your account details and verify your login. Don’t miss out; your account might be at risk!,Malicious
"A text message came through claiming I had won a prize, but in order to claim it, I had to provide sensitive information. The number was untraceable, raising red flags immediately.",Malicious
"An employee received a strange request for information about our network configuration. It seemed odd, but there was no obvious malicious intent. How should we handle this?",Ambiguous
They discovered an old software vulnerability in their system and are debating whether to patch it immediately or assess the risk further.,Ambiguous
Can someone explain what phishing is? I'm curious but don't know much about it.,Innocuous
"The alert says there was an attempted breach, but the logs are incomplete, so it's unclear if it was a false alarm or something serious.",Ambiguous
"We need to ensure that our data retention policies are compliant with current regulations, thus preventing any unintended breaches.",Innocuous
"A message popped up on my computer saying I need to update my software. When I clicked, it led to a download page with suspicious files. Not going near that!",Malicious
"There’s a video going around showing how to bypass a firewall, but I can't tell if it’s intended for education or malicious intent. I'm on the fence about sharing it.",Ambiguous
"We noticed an increase in traffic from a certain IP range that's both familiar and strange. It might just be routine traffic, or it could indicate something more troubling. How should we proceed?",Ambiguous
Just wanted to share a cool tool I found for checking your site's security. It's super user-friendly and can help you identify potential vulnerabilities without too much hassle!,Innocuous
A friend shared a file with me that has a strange extension; I wonder if it's a new way to share files or if they might not realize it's potentially dangerous.,Ambiguous
Hope you’re having a good day! Just wanted to remind you about the deadline for our expense reports coming up on Friday.,Innocuous
I completely bypassed their security measures. It was as if they didn't even try to secure their systems. Can’t wait to leak this data!,Malicious
"During the meeting, we discussed various strategies to improve our data protection but didn't reach a conclusion. It was a productive conversation overall.",Innocuous
We've detected unusual activity on your bank account. Please verify your account by logging in through this link to prevent unauthorized access!,Malicious
I regularly clear my browser cookies. Is this good practice for online privacy?,Innocuous
"A friend shared a video on social media about a new way to hack into people's webcams without them knowing. It was said to be a 'hack' tutorial, and it included real tools and methods for bypassing security. That's concerning.",Malicious
"Received a direct message from a contact with a vague invitation to join a 'secure network'. The message didn't explain what it was about or who else was involved, making me skeptical yet curious.",Ambiguous
We should target that rival's database to leak their customer data. It'd give us the upper hand in the market.,Malicious
The meeting scheduled for next Tuesday will cover the latest updates in our cybersecurity protocols. All team members are encouraged to attend and voice their opinions.,Innocuous
I always use two-factor authentication whenever I log into my online accounts. Does that really make my accounts safer?,Innocuous
I ran a security check and got a warning but I can't remember if I downloaded anything recently that could be a problem.,Ambiguous
I just received a notification about a new system update for my antivirus software. I think it's important to keep everything current.,Innocuous
"A friend sent me a link to a website claiming to give away free credit reports, but I can't tell if it's legit or just a phishing scheme trying to harvest personal info.",Ambiguous
"I found a way to obtain sensitive data from the company servers. All I need is a bit of help to access the mainframe remotely, and we can sell it for a good price.",Malicious
"I noticed some vulnerabilities in their firewall. If we exploit them during the next downtime, we could take everything offline and demand a ransom. What do you think?",Malicious
I got a call from an unknown number asking for verification of my personal details under the guise of a security check. I’m conflicted about giving any information. What do you think?,Ambiguous
"We've detected a breach in your security. To protect your account, kindly send us your username and password so we can secure it immediately.",Malicious
Your shipment has been delayed. Please download the attached document to view the invoice. We need your response to prevent further issues.,Malicious
"A phishing email is designed to look like it’s from your bank, asking for your passwords and personal details. Don't fall for it!",Malicious
"A friend mentioned a company that sells personal data for targeted ads, but isn't that what social media does too? I'm confused about where to draw the line on privacy these days.",Ambiguous
Look at this amazing phishing email I received. It promises a huge cash prize if you give them your bank details. Can't believe people fall for this!,Malicious
"Congratulations on winning the exclusive lottery! All we need is your bank details to transfer your winnings. Act fast, this is a limited-time offer!",Malicious
The latest phishing awareness seminar is scheduled for next Wednesday. Make sure to sign up to learn how to spot online scams.,Innocuous
You won’t believe the vulnerability I discovered in their software. Planning to exploit it for some quick cash. Gotta love zero-days!,Malicious
"You have been selected for an exclusive survey! Provide your personal details to claim your rewards, but hurry, spots are limited!",Malicious
Did you hear about the new cybersecurity training session next week? I think it'll be really helpful for everyone.,Innocuous
Just a friendly reminder to submit your feedback for our recent training session. Your input is valuable!,Innocuous
I'm planning to hold a workshop next month about password management strategies. I think it could be beneficial for the whole department.,Innocuous
There’s a pop-up on my browser saying my system is infected and prompting me to call an urgent help number. All it does is redirect me to sketchy websites!,Malicious
"The network is experiencing slowness due to the number of users online. We are working on scaling our resources for enhanced performance. Stay tuned for updates!
",Innocuous
I've seen some unusual traffic coming from a few IP addresses that are not recognized. Should I be concerned or is it standard network behavior?,Ambiguous
Just wanted to ask if anyone has recommendations for free antivirus software that actually works?,Innocuous
"As a valued customer, we require you to enter your password to access your recent purchases. Failure to comply may result in service denial.",Malicious
"If we create a fake Wi-Fi hotspot at the Starbucks, we could capture people's data as they connect. It'll be easy money!",Malicious
"I got a text that says my account will be suspended unless I click a link. It looks suspicious, but it might just be a mistake, right?",Ambiguous
"I received a message from an unknown number that included a link to a website. It looked suspicious, but the message also said it was from a friend. Not sure if I should click it or not.",Ambiguous
"An online forum thread discusses a software that claims to enhance security, but I can’t tell if it's effective or just another scam. Should I trust the recommendations?",Ambiguous
Congratulations! You've won a $1000 gift card. Please reply with your bank details to claim your prize. Don't miss out!,Malicious
"He mentioned in the meeting something about discussing sensitive data outside the usual channels, but I'm not sure if he meant it seriously or jokingly.",Ambiguous
"The advertisement popped up on my search results while looking for cybersecurity resources, but the site has mixed reviews. Is it a trustworthy site or just another scam trying to lure me in?",Ambiguous
"I received an email with a link that seemed odd, but it came from someone I know. Not sure whether to trust it.",Ambiguous
I found a website that offers free tools for scanning vulnerabilities in web applications. This could be a great resource for our team to help identify potential weaknesses without any cost involved.,Innocuous
"I stumbled upon a suspicious review for a cybersecurity product online, but some users claim it's saved them, while others warn it could be a scam. What’s the real story?",Ambiguous
"Be sure not to miss the great investment opportunity shared by 'Anonymous'. They claim that investing now will lead to huge returns, but the catch is you have to act fast and send money to an untraceable wallet.",Malicious
"I received an email with a suspicious link, but it looks like it could be a promotion from a vendor we use. Should I click it or not?",Ambiguous
"Some colleagues were concerned about the new software update because it required additional permissions. After a review, we all agreed to proceed with caution and ensure our data was secure.",Innocuous
"Hey, I just got this great software that bypasses all security measures on networks. Want to check it out for a quick profit?",Malicious
"I found a website that offers tips for securing personal data, but some of the advice seems strange. Is this a legitimate source?",Ambiguous
"An online forum discussed a new exploit that bypasses standard security protocols. The instructions provided seem to target specific vulnerabilities, indicating intent to spread malware.",Malicious
"The attached document could provide insights into trends we’ve been seeing lately. I’m not certain about its source, but it raises some interesting questions. Could be useful for our next meeting, or maybe just a waste of time? What do you think?",Ambiguous
"Here's a link to a job offer that requires you to download an app that can 'analyze' your system; it's totally safe, trust me.",Malicious
"A friend shared a link to a new investment opportunity. They said it’s a guaranteed profit from cryptocurrency trading, but it requires upfront payment in Bitcoin. Sounds fishy, right?",Malicious
"Revisiting the password policy can help prevent unauthorized access, but it’s also important that we assist users in creating strong passwords to protect their accounts effectively.
",Innocuous
"Your friend has sent you a file through this link. Open it to see their latest photos, but be careful, it might contain something unexpected.",Malicious
Just got a VPN for better privacy online. It seems like a straightforward way to keep my browsing habits private and secure.,Innocuous
The dark web is abuzz with discussions on how to exploit security weaknesses in major online services. I can't believe people are actively sharing guides on hacking techniques and how to avoid detection; it sends chills down my spine.,Malicious
"A friend mentioned a new software that can help secure my Wi-Fi, but I'm not entirely convinced it's safe to install.",Ambiguous
"There was a survey sent out asking users about their experiences with their email provider's security features, inviting feedback that could improve services.",Innocuous
"Please remember to only click on links from trusted sources. If you’re unsure, it’s best to verify the URL before proceeding. Stay safe online!",Innocuous
Just checking if you received my email about the security reports? I noticed some irregularities but I'm not sure if it's something to worry about yet.,Ambiguous
"Remember, even if you think your system is secure, regular security audits are crucial. They help identify hidden risks and give peace of mind.",Innocuous
Can someone explain how to set up two-factor authentication on my banking app? I want to make sure my money is secure!,Innocuous
I was reading about how using two-factor authentication can really enhance security for online accounts. Has anyone here implemented this? What are your thoughts?,Innocuous
I’ve compiled a list of employees’ email addresses and plan to send them a scam for fake training sessions that require payment upfront. It’s a solid way to make some quick cash.,Malicious
I found a forum thread discussing whether certain software is indeed malware or just misclassified. It's hard to tell who to believe.,Ambiguous
I just created a phishing page that mirrors your bank’s login site perfectly. Let me know if you want to see it in action.,Malicious
Someone posted asking for tools to find vulnerabilities in systems but didn't specify whether it's for ethical hacking or malicious intents. Hard to tell what they really want.,Ambiguous
"I came across some links about a supposed 'free' antivirus software, but I feel like there’s always a catch with these types of offers. Should I even investigate further?",Ambiguous
"Dear User, your subscription has been renewed at a premium rate. If you did not authorize this, please provide your credit card information to reverse the charge.",Malicious
I heard a podcast discussing the basics of firewall settings for home networks. It helped me understand how to better configure mine for added security.,Innocuous
"I noticed a trend where users are sharing their passwords in exchange for virtual currency on gaming platforms. It raises a red flag, yet many seem to be doing it without worry.",Ambiguous
Reminder: Our team meeting will be held on Tuesday at 10 AM. Please bring your project updates and any questions you need help with.,Innocuous
"I came across a social media post that warns about a new 'virus' that could steal personal information, but its source seems unreliable, leading me to question its validity.",Ambiguous
"Someone mentioned an incident where their personal data was leaked but didn’t provide full details on how it happened, leaving it hard to assess the risks involved.",Ambiguous
"An article mentioned a newly discovered vulnerability in widely used software, but it wasn't clear whether the author was providing a public service or trying to sell protective measures.",Ambiguous
"The website I visited had an unusual pop-up saying I've won a prize, but I had to click to claim it. Feels like a scam, but maybe it's a genuine promotion?",Ambiguous
"My friend showed me a tool that can easily bypass any kind of login security. He says it’s just for 'fun', but I can’t shake the feeling that it’s a bad idea.",Malicious
I'm pretty sure I can get into your bank account using just your email and some tricks I know. Just give me a chance to show you how easy it really is!,Malicious
"Someone sent me a message with a link to a file-sharing platform, saying it's safe. I can't decide whether to trust it or not.",Ambiguous
Just finished reviewing the latest security protocols for our software. Everything seems to be in order and up to the required standards.,Innocuous
"It’s crucial that our software is up to date, not just for new features but also for security enhancements.",Innocuous
Could you send me the link to the online training module for cybersecurity best practices? I want to ensure the team is up to speed.,Innocuous
"Thanks for your hard work on the recent project, everyone. It’s been great to see the results of our efforts!",Innocuous
"I often receive emails about updates to my antivirus software, and I make sure to download them right away. Staying protected is essential for anyone who uses online banking these days.",Innocuous
Just checking in to see how your project is going! Let me know if you need any help.,Innocuous
"Hey, I got an email saying my account was compromised but I'm pretty sure it’s just spam. What's the best way to handle it?",Innocuous
Is it possible that an email you received could be phishing? I guess it depends on the sender's history and your previous interactions.,Ambiguous
"A friend sent me a link to a video that promises to show hidden features in a popular app. It seems interesting, but could it also be a trap?",Ambiguous
"You will not believe how easy it is to access your friend's bank account if you just know their email and the name of their pet. Trust me, it works every time!",Malicious
A user reported receiving a message claiming they had won a gift card but needed to provide personal information to claim it. This is a classic bait-and-switch tactic commonly used by scammers.,Malicious
You've been selected for a special offer! Just reply with your social security number to ensure your spot.,Malicious
Can someone explain how to safely browse the internet without risking my personal information? I just want to be cautious.,Innocuous
"My coworker keeps insisting on using a certain app for file sharing, but I've read mixed reviews. I'm not sure if we should trust it!",Ambiguous
"There are rumors circulating about a new tool that can supposedly crack passwords, but I haven't seen any verification for its safety.",Ambiguous
"Someone shared a screenshot of a suspicious message they got regarding an account verification, and now everyone is debating if it's a scam or just a mistake.",Ambiguous
"Subject: Potential Collaboration Opportunity
Hello, I came across your profile and I think we could help each other with some projects. I'm not sure how to proceed, but it might be worth discussing. Let me know if you’re interested at all!
Best, Tom",Ambiguous
"I received an email from someone claiming to be from my bank, asking me to verify my account information. I'm unsure if it's legitimate or just a phishing attempt.",Ambiguous
"If you want to make good money quickly, try this social engineering trick I learned. Just give the victim a call pretending to be from tech support. Works every time!",Malicious
I found an article about phishing scams and it made me realize I should probably educate my parents about it. They use the internet a lot.,Innocuous
"Our application has changed its privacy policy, and now users can opt-in for more personalization in their experience with no user data being sold to third parties.  
",Innocuous
"Just a friendly note to remind you about the upcoming software update scheduled for tonight. It shouldn't disrupt any workflows, but please save your work just in case.",Innocuous
"Hey, I found a file on my computer named 'secret_data.exe'. I don't remember downloading it, but it seems to be from a known site. Should I delete it?",Ambiguous
"Dear customer, your recent transaction has failed. Confirm your account details by clicking the link provided to complete the process.",Malicious
Secure your account or I will expose your private information to the public!,Malicious
"I noticed that my colleague asked for login credentials to access a shared drive, but they usually use a different method. Is it still okay to share?",Ambiguous
I’m sharing this link to a cybersecurity tool that assists in encrypting files before sending them. It’s quite handy!,Innocuous
"Saw this video where someone demonstrated how to create a fake login page that looks just like the real one. It's super easy, and you can do it in minutes!",Malicious
Somebody in my network shared a video explaining how to hack Wi-Fi passwords. Now I’m conflicted about whether it’s informative or irresponsible.,Ambiguous
Is it necessary to update my apps regularly? I'm not sure if it really makes a difference in terms of security.,Innocuous
"One of my accounts was prompted to verify my identity through a link, but I’m worried it might not be the real site. How can I confirm this?",Ambiguous
"Someone posted a tutorial on how to crack software licenses, but they also say it's meant to help users who can't afford the products. I'm torn on whether this is helpful or harmful.",Ambiguous
Can you send me the details for the upcoming cybersecurity conference? I’m interested in attending!,Innocuous
Your computer may be infected with malware. Download this tool to clean your system and protect your data. Act now!,Malicious
You won't believe how easy it is to bypass security protocols; I can teach you how.,Malicious
I often change my passwords but sometimes forget them. What are some tips on creating a secure password that I won't forget?,Innocuous
"There appears to be a minor issue with the firewall settings, which can easily be resolved with a quick reboot of the router.",Innocuous
"An acquaintance mentioned a 'secret' method to create stronger passwords, yet they won't share the details. What's their intention here?",Ambiguous
"While browsing a cybersecurity blog, I stumbled upon a post that seemed to encourage users to download a program for extra protection. The comments were mixed, and I couldn't figure out if it was a scam or helpful advice.",Ambiguous
I've been using a VPN for a while now and it really helps to keep my browsing private. Totally recommend it!,Innocuous
"I overheard someone at work talking about access codes for a new system, and they seemed a bit vague about where they got them. Do you think I should report that?",Ambiguous
I found a post online discussing how to 'easily' access someone's public data by using a specific tool. Not sure if this is ethical or just another way to exploit information.,Ambiguous
"There's a message on the forum discussing a new software tool that claims to enhance security, but the author's credentials are unknown. Should I trust it?",Ambiguous
Please take a moment to review the updated guidelines for remote work. It includes tips for maintaining productivity and best practices for secure communication.,Innocuous
"There’s a download link being circulated in the team chat that claims to improve system performance. The source seems dubious, and I suspect it might contain hidden viruses or ransomware.",Malicious
"I found a message on social media from someone impersonating a tech company representative offering to help with account issues, but it seems a bit too good to be true. Should I trust this?",Ambiguous
Urgent: Your loan application is pending due to unverified documents. Please send your details through this secure link to expedite the process.,Malicious
Have you ever thought about what would happen if your entire customer database was leaked? I know how to make that happen and it wouldn’t take long at all.,Malicious
"Hi team, I've attached the new onboarding materials. Please review them and share your thoughts by the end of the week.",Innocuous
I came across an interesting article about cyber hygiene practices that we should all adopt. I’ll share it with the team!,Innocuous
"The latest app on my phone keeps asking for permissions to access everything from my contacts to my camera, which makes me suspicious. It seems overly invasive for what it claims to be, and I wonder if it's a front for data mining.",Malicious
"There’s a new policy in our office about using secure networks, especially when working from home. It’s to make sure all our sensitive data stays protected while we’re remote.",Innocuous
"I received an email claiming I've won a lottery that I never entered. It contains a link to claim my prize, but something feels off about it. Just seems too good to be true, right?",Malicious
"I encountered a website that promises to scan my computer for vulnerabilities. I’m tempted to try it, but what if it turns out to be a scam?",Ambiguous
"A popular tablet device is being reported for potential security issues, yet the reviews are almost entirely positive. It's hard to deduce where the truth lies.",Ambiguous
"The suspicious email claims to be from our IT department, instructing employees to reset their passwords using a link provided. This is likely an attempt to harvest credentials for unauthorized access.",Malicious
"An unknown device connected to our network yesterday, but it hasn't caused any apparent issues yet. I wonder if it was a guest or perhaps something more sinister. What do you think?",Ambiguous
Could someone help with a presentation about data protection regulations? I want to ensure we’re compliant and adequately inform our clients about their rights.,Innocuous
Congratulations! You've been selected to receive a free iPhone. Just click the link to enter your details and pay a small shipping fee. Don't miss out!,Malicious
"Many people overlook the importance of using encryption for sensitive data when it's transferred. However, it can really protect your information from being accessed by unauthorized users.",Innocuous
Our IT team is implementing a new security training program for all employees to raise awareness about phishing scams and social engineering tactics.,Innocuous
Our team is planning a workshop to educate everyone on phishing scams. It's important that everyone knows how to identify suspicious emails.,Innocuous
I found a suspicious looking file on my computer that was disguised as a system update. Not sure if it's a prank or something more sinister.,Ambiguous
I got a notification about a security patch but the site redirects to something unrelated. Could be a mistake or something more sinister?,Ambiguous
I have a list of vulnerabilities for different software versions. We can exploit them without a trace if we act fast.,Malicious
"We are hosting a webinar next week on the latest trends in cybersecurity, which should be informative for everyone interested in protecting their digital assets.",Innocuous
"I found a script online that promises to speed up my computer, but I'm not sure if it’s legitimate or a potential harm. What do you think?",Ambiguous
"An article I read claimed a popular game was stealing data, but the source was questionable. Is it really a security threat or just rumors?",Ambiguous
"This guide provides helpful tips on how to avoid phishing scams that seem to come from trusted sources, like your bank or email provider.",Innocuous
Have you heard about the new phishing scam? They're pretending to be your bank and asking for your details!,Malicious
"When analyzing the network traffic, I noticed an increase in benign queries that likely represent legitimate user activity rather than any malicious intent.",Innocuous
"I read a post on social media about a new type of malware that supposedly spreads through USB drives. Some think it's a blown-up rumor, while others say it's real, and I can't figure out which is correct.",Ambiguous
Just a friendly reminder to update your software regularly. Keeping systems up-to-date helps protect against vulnerabilities that can be exploited by attackers.,Innocuous
Regular audits of our cybersecurity protocols are planned to ensure compliance with industry standards and to enhance our defensive measures.,Innocuous
The organization is exploring options to enhance its network defenses by considering various firewall solutions. It's important to research and select the right fit that aligns with our needs.,Innocuous
"I saw a tutorial online about hacking Wi-Fi networks, but the user said it was for educational purposes. I don’t know if it’s a harmless curiosity or something worse.",Ambiguous
"While reviewing logs, I noticed some unusual activity on a few accounts, but it looks like it's just users accessing their files from different locations.",Innocuous
I encountered a pop-up about a software update while browsing yesterday. I'm not sure if I should trust it. What do you all think?,Innocuous
"I heard a rumor about a newly discovered virus circulating online, but there are no official confirmations yet. Is it worth worrying about, or is it just the usual panic tilting?",Ambiguous
"I saw a post on a forum suggesting using a VPN for privacy, but they also mentioned some free options that might be dodgy. Not really clear what the best route is here.",Ambiguous
A friend sent me a link to a file storage site claiming to have the latest software updates. I couldn't tell if it was a genuine share or if they might be sharing encrypted malware.,Ambiguous
I noticed some outdated antivirus software on a few machines at work. I'll send out a reminder to everyone to update their systems before the next audit.,Innocuous
"That website claims to help recover lost files, but I've heard stories about scams related to data recovery. Not sure what to think.",Ambiguous
"There’s a new app that promises to increase your internet speed. However, it asks for permissions that seem excessive, suggesting it might be tracking your activity instead.",Malicious
"There’s a new app circulating that promises to boost your phone's performance. However, the permissions it asks for are intrusive and may allow it to access personal data without consent.",Malicious
Just because you don't see malware doesn't mean your device is safe. Regularly running scans with trusted programs can help keep your systems clean and ensure your info is secure.,Innocuous
Thanks for the tips on safer browsing! I really appreciate your advice on avoiding phishing scams.,Innocuous
"We have a complaint about unusual activity in one of our applications, but the logs show only authenticated users. Could this be a false alarm, or is there a deeper issue at play?",Ambiguous
Just wanted to check in and see if you've received the email I sent last week regarding the upcoming meeting. Let me know if you have any questions!,Innocuous
I’m just saying we should consider encrypting our communications after hearing about recent breaches in other companies. It’s better to be safe than sorry!,Innocuous
"Got the latest hacking tools from the dark web, can't wait to test them out on that unprotected server I found last week.",Malicious
"Just a reminder that sharing sensitive information over unsecured channels can lead to potential risks. Always encrypt important messages! 
",Innocuous
An unknown sender offered to sell me access to a database filled with personal information from different users. They said it was 'just for research purposes' but I’m really skeptical about that!,Malicious
"I found a script that can easily automate login attempts on any website, just modify the parameters and you’re good to go. No one will ever suspect you!",Malicious
I've been researching different encryption techniques for my personal files. It's fascinating how they work and how they can keep our data secure.,Innocuous
"I got a text from an unknown number saying I won a prize, but they want me to click a link to claim it. It's probably a scam, but what if it's legit?",Ambiguous
My friend mentioned a software that claims to enhance security but also asks for a lot of permissions. Is that normal?,Ambiguous
"A user reported an unusual pop-up that appeared while browsing. While it could be an ad, the message was alarming and urged immediate action without clear reasons.",Ambiguous
"While working on the incident report, I realized that many users often overlook basic security measures. This needs to be addressed in our next training session.",Innocuous
I came across a post online that discussed various free antivirus tools that can help secure your home network and protect against basic threats.,Innocuous
"Look at this amazing investment opportunity! Just send us your savings, and we guarantee a huge return in a week. So simple, right?",Malicious
"Just a heads up, if you're looking to cut corners on your security, I've got the perfect exploits to take advantage of that lazy setup.",Malicious
"The pop-up ad said I won a gift card, but all I had to do was enter my email and phone number. Why would someone give away gift cards for free?",Malicious
"An anonymous user on a messaging app shared a VPN service, claiming it protects privacy, but I'm skeptical about who runs it and their true motives. Is this trustworthy?",Ambiguous
"Someone posted a warning about a new cyber scam on the forum, but there are no links or evidence. Does that mean I should be cautious or just ignore it?",Ambiguous
"There’s a video on how to spot fake emails; I think it has useful info, but the creator's background is unclear, which makes me wonder if it's truly educational or misleading.",Ambiguous
"A colleague sent a link to a supposed security resource, but the source seemed unverified and others in the team were unsure whether it was a helpful tool or a risky proposition.",Ambiguous
"The message contained vague references to a supposed security flaw in a popular platform, urging users to 'act fast' before it's patched.",Malicious
I found a way to bypass the company firewall and access sensitive files. Just need to get my hands on the admin credentials.,Malicious
"Your computer has been infected with malware. To fix this issue, please download our antivirus software from the provided link: download-malware-fix.com.",Malicious
"My colleague suggested using a certain app for messaging, but there's been some discussion about its data privacy issues. Is it really worth it?",Ambiguous
I hope you have a great time at the security workshop this weekend! Looking forward to hearing what you learn.,Innocuous
"A colleague shared some software that claims to enhance security, but I'm not entirely sure about its origin. It could just be a new tool or something more sinister, I guess.",Ambiguous
"Hello, your recent transaction has triggered a security hold. Kindly confirm your account details by clicking on the link below. Failure to do so will lead to your account being frozen for security purposes.",Malicious
Selling a list of user credentials that I've extracted from a popular app. DM me for the details; you'll be surprised how much I have!,Malicious
We've organized an internal audit of our data handling processes to ensure compliance with data protection regulations. This is part of our commitment to maintaining the highest standards of privacy and security.,Innocuous
"Heard of a new software that claims to improve security, but I can't find much info online about the developers. Should I download it?",Ambiguous
Just got a text message that said my package is on hold and I need to click the link to resolve the issue. The URL looks strange and I can’t remember ordering anything. This is definitely a sketchy situation.,Malicious
The package tracking number I got doesn't match any orders I placed; it could be a mistake or someone else’s shipment. What should I do?,Ambiguous
"Someone mentioned a new 'secure' cloud storage service, but I read mixed reviews about their security measures. Should I trust it?",Ambiguous
Could you please confirm if you will be attending the conference next month? It would be great to see you there!,Innocuous
"I’m updating my security settings tonight, just trying to be safe with my personal data.",Innocuous
"You have won a cash prize of $10,000. Please provide your bank details to claim your winnings.",Malicious
"Hey everyone, I came across this article about how to recognize phishing emails. Thought it might be useful to share it with the group!",Innocuous
"I came across some forum discussions on recent cybersecurity breaches, but I can’t verify if the information is accurate. If you have time, I’d appreciate your perspective - could be important to our analysis or just hearsay.",Ambiguous
I came across a phishing email that seemed suspicious but I didn’t click on any links. Just sharing for awareness!,Innocuous
"Hey, I found a really simple way to get free subscriptions to premium services. Just provide me your login credentials and I’ll handle the rest!",Malicious
Please remember to back up your data regularly; this is a simple method to protect your information from accidental loss.,Innocuous
"In a recent online discussion, a user shared tips on how to enhance password security without revealing personal information. It's a helpful conversation that everyone should check out.",Innocuous
A reminder to everyone that the deadline for submitting your performance reviews is coming up. Ensure that they are in the HR system by Friday afternoon.,Innocuous
"I received a notification for a package that I never ordered, along with a link to confirm shipment details. Clicking it could have led to a phishing site designed to harvest personal information.",Malicious
I found an article that explains how VPNs work to keep your browsing anonymous. It's a good read for anyone looking to improve their online privacy.,Innocuous
I overheard someone bragging about hacking email accounts. They seemed really proud of their methods. This isn't the first time I've heard of such things in our circles.,Malicious
"The training session on cybersecurity best practices is set for Thursday at 2 PM. Everyone is encouraged to attend for knowledge enhancement.
",Innocuous
"I found a script in the system that's not documented, but it appears to be benign. Should we delete it, or could it serve a purpose we don't know about yet?",Ambiguous
The scheduled downtime for the server maintenance will last from 2 AM to 4 AM on Sunday. Please make sure to save your work before that time.,Innocuous
"Urgent: Your computer has been infected with a virus. Call this number immediately for support, or your data will be permanently erased!",Malicious
"I have a great business opportunity that requires a small upfront investment. Trust me, it's totally legit!",Malicious
I stumbled upon a thread about an unknown software that could either protect your data or be a breach waiting to happen. The comments are all over the place.,Ambiguous
"Hello user, your account has been compromised. We’ve temporarily locked it for your safety. To unlock, please follow this link: access-account-here.com.",Malicious
"I noticed some strange activity on my account, but I think I just forgot my password. How do I reset it without compromising my security?",Innocuous
"If you download this software, it will unlock all the features for free. Just make sure to disable your antivirus, it might flag it otherwise.",Malicious
There's a site that claims it can generate passwords that will bypass any security system. I think I'm going to test it out later. What could go wrong?,Malicious
There's this great tutorial on how to create a fake login page that mimics popular websites. Perfect for collecting usernames and passwords without raising suspicion.,Malicious
"The email I received from HR had a link, but it looked different from what I usually see. Should I click it?",Ambiguous
"Sometimes I wonder if these software updates are really necessary, or if they might be used to introduce vulnerabilities instead.",Ambiguous
"Hey, I've got insider info on the latest stock movements that can make you rich overnight. Just share your account details with me to get started!",Malicious
"The data we collect on employees could be valuable, but sharing it outside the company might open us up to scrutiny and risks we hadn't considered.",Ambiguous
Just heard about this cool new encryption tool that protects your messages. Anyone here tried it before?,Innocuous
Someone I know was talking about an encrypted chat app that guarantees privacy but seemed overly complicated and required a separate account that didn't use a phone number. It raised my eyebrows because why would they make it so difficult unless they had something to hide?,Malicious
"In an effort to better protect our data, I suggested we implement a two-factor authentication process. It seems like a proactive step for our security measures.",Innocuous
I’m going to drop some malware into their system disguised as a harmless update. Let’s see how long it takes them to notice something's gone wrong.,Malicious
"The website looks legit, but I had an uneasy feeling after I entered my credit card info for that 'limited time offer' on the latest tech gadget that was too good to be true.",Malicious
"Just a heads up: the IT department will be conducting routine system checks this weekend. There won't be any system downtime, but keep an eye out for notifications during the process.",Innocuous
"I downloaded a free app that claims to enhance security on my phone, but I can’t find any reviews about it. Is it safe?",Ambiguous
"During a company meeting, someone casually mentioned a way to bypass two-factor authentication, but I couldn't tell if they were serious or joking.",Ambiguous
"A friend sent me a link saying it leads to an article about improving network safety, but it looks sketchy. I can't tell if it's legit or a trap.",Ambiguous
Gotta love how easy it is to phish people with fake emails. Just set up a login page that looks legit and watch the credentials pour in!,Malicious
I found an interesting article about phishing detection techniques. I thought it might be helpful for our next team meeting.,Innocuous
"If you want to gain access to the system, just follow these steps I’ve outlined in the attached document. It’s foolproof and no one will know you were ever there.",Malicious
Anyone interested in discussing the latest malware threats? I think it’s crucial for us to stay ahead of these trends and share knowledge across the team.,Innocuous
Our quarterly team lunch will be held next Friday at 12 PM. It's a great opportunity to catch up and discuss our projects in a relaxed setting. Hope to see everyone there!,Innocuous
"A recent post on the dark web offers access to stolen credit card details for just a few bucks, making it easy for anyone to commit fraud.",Malicious
"Your invoice from last month is overdue. To avoid late fees, please open the attached document and follow the instructions immediately.",Malicious
I just updated my antivirus software as part of my routine to keep my personal devices protected from potential threats. ,Innocuous
Remember that company data breach last year? I have a foolproof plan to carry out something similar with less risk.,Malicious
Here’s a friendly tip: Remember to regularly back up your files to prevent data loss. Using cloud storage is a great option for personal and professional documents.,Innocuous
"There was a message on the forum suggesting a new tool to enhance privacy online, but the author didn’t provide clear instructions. Is this legit or a potential trap?",Ambiguous
"A text from an unknown number claims to be from my bank, but the language is casual and doesn't seem quite right. Is it a phishing attempt or just a weird mistake?",Ambiguous
"I saw an advertisement for a new cryptocurrency investment opportunity that promises exponential returns with little risk involved. Those types of deals usually come with hidden catches, if not outright scams.",Malicious
"There's this message on a forum discussing vulnerabilities in an application, and while it seems informative, I can't tell if the poster is trying to help or exploit the news for malicious reasons.",Ambiguous
I found this vulnerability in the company’s internal network and I’m offering to sell the exploit to the highest bidder. It could allow an outsider access to sensitive information.,Malicious
"Hey team, make sure to check your software for updates this week to patch any potential vulnerabilities. Staying proactive can really help!",Innocuous
"Just got some new cybersecurity tools for our office! Can't wait to test them out and see how they improve our network defenses. They're supposed to be user-friendly, too.",Innocuous
This email contains a reminder for the upcoming IT security training scheduled for next week. Participation is mandatory for all employees to help reinforce our knowledge on cybersecurity best practices.,Innocuous
"In response to recent events, we're distributing guidelines on safe browsing practices. These tips are aimed at helping individuals avoid common online threats when surfacing the internet.",Innocuous
"This tutorial on hacking into your neighbor's Wi-Fi is super easy to follow, just a few command line entries and you're all set!",Malicious
There’s a new trick going around where you can get free gift cards by filling out a quick survey. Just make sure you use a VPN so they don't track you!,Malicious
Let's not forget to run a vulnerability scan this week. It's part of our routine to ensure everything is secure!,Innocuous
"This message is to confirm the transaction of $1000 made from your account. If this wasn’t you, please click here to cancel it.",Malicious
"Check out this amazing program that promises to double your internet speed. All you have to do is install it, and it will also fix all your slow computer issues!",Malicious
A coworker mentioned using a VPN while browsing public Wi-Fi. I don't understand what a VPN does or if I should be concerned about using unsecured networks.,Innocuous
"I can make your company famous if you let me 'borrow' some data for a while, no one will find out.",Malicious
Reminder: All team members are invited to the weekly stand-up meeting on Monday. Please be prepared to discuss your current projects and any blockers you may have.,Innocuous
Warning! Your social media account will be deactivated unless you take immediate action. Just reply to this message with your password to confirm your identity.,Malicious
"The message from the user asked me to verify my account info through a link, which seems odd, but I can't tell if they're just being cautious or trying to scam me.",Ambiguous
A colleague shared a screenshot of a supposed security alert about a popular software that might be compromised. I can't tell if it's a hoax or genuine news.,Ambiguous
I found a message in our internal chat about a company-wide meeting next week regarding our new security protocol. Seems like a good initiative to keep everyone informed.,Innocuous
"After reviewing the security logs, it appears there was no unauthorized access detected this month. It's good to see that our security measures are effective and preventing breaches.",Innocuous
I received a DM claiming I've won a prize from a lottery I never entered. They want me to provide my personal details to claim it. Definitely feels off to me!,Malicious
"I noticed some unusual activity in my account and have set up alerts. Better safe than sorry, right?",Innocuous
I found a USB drive in the parking lot and plugged it into my laptop out of curiosity. I wonder if that was a smart move or risky?,Ambiguous
"My school is offering a workshop on cybersecurity basics, and I think it would be helpful to attend. What should I expect?",Innocuous
"A security researcher posted a blog about methods to bypass certain security measures, but it's unclear if they're promoting responsible disclosure or advocating for exploitation.",Ambiguous
I overheard some colleagues discussing how easy it is to manipulate online reviews to make our product look better. I'm thinking we should give it a try.,Malicious
"The software I downloaded last week has been acting oddly, providing prompts I've never seen before. I'm unsure if this is a bug or something malicious at play.",Ambiguous
Just wanted to remind everyone to update their passwords regularly to keep accounts secure!,Innocuous
"I found a tweet from a cybersecurity expert who suggested using a specific VPN for anonymous browsing, with some users expressing concern over its legitimacy and others defending it.",Ambiguous
"Looking for feedback on the new onboarding process we implemented last quarter. If you have suggestions or comments, please share them by the end of the week!",Innocuous
The IT department has released a memo reminding all staff to update their software regularly. This is a standard procedure to ensure that our systems remain secure against known vulnerabilities.,Innocuous
I found a workshop on internet safety that looks really informative. It covers everything from protecting personal information to recognizing scams. It could be great for those new to tech.,Innocuous
"I found this weird link while browsing, not sure if I should click it or not, what do you think?",Ambiguous
"Congratulations! You've just won a $1000 gift card! Click the link to claim your prize, but hurry, this offer expires soon!",Malicious
"After analyzing the recent outbound connections, I found several attempts to connect to blacklisted domains. This could indicate that our network is compromised and potentially being used for malicious activities.",Malicious
"The recent update to our software was designed to improve user experience. We appreciate your feedback, and we hope to continue enhancing this application based on your suggestions.",Innocuous
Your email has been compromised! Please follow the instructions in the attachment to recover it immediately.,Malicious
"The note left on my car said that I needed to pay a 'fine' for parking, but it looked suspicious. Should I report it or just ignore it?",Ambiguous
Just wanted to check in on the network update scheduled for this week. Are there any documents we need to review?,Innocuous
Check out this script I wrote; it launches a DDoS attack using a botnet. It’s super easy to use and can bring their site down in minutes. Let’s test it on a small target first.,Malicious
"I received a message from an unknown number stating that I won a prize! It asked for my credit card info to claim my winnings, which sounds too good to be true.",Malicious
So I found this tool that can help you hack into Wi-Fi networks within minutes. It's really powerful if you know how to use it properly and can get you free internet!,Malicious
I love how the new security features on our devices are making it easier to protect our personal information.,Innocuous
Just a reminder to everyone to update their antivirus software before the end of the month.,Innocuous
There’s a site that lets you buy usernames and passwords for popular services at just $5! Isn't that crazy? What if it’s a scam though?,Malicious
"Saw a job posting for a cybersecurity analyst that only requires a few months of experience. It seems too good to be true, right?",Ambiguous
"In a recent tech article, experts suggested using a specific VPN for better security, yet some comments argue it could be a tracking tool instead. What should I believe?",Ambiguous
Just a friendly reminder to everyone to back up your files regularly. It helps in avoiding data loss in case of an unexpected crash.,Innocuous
I noticed an advertisement for a new cryptocurrency exchange claiming incredible returns on investments. The all-capital letters and words like 'guaranteed' and 'limited time offer' were flashing red flags in my mind. No legitimate investment makes such outrageous claims without risks.,Malicious
We found suspicious activity on your bank account. Click the link to verify your identity and avoid being locked out permanently.,Malicious
"I received an email that looks suspicious, but the sender claims it's a legitimate request for my login details to secure my account. Not sure if I should respond or ignore it altogether.",Ambiguous
There's a social media post going around claiming that clicking on certain links can lead to hacking. I don't know if it's a prank or if there's truth to it.,Ambiguous
"Some social media accounts are offering services to recover hacked accounts, but the authenticity of these services is not verified, leaving users unsure whether to trust them or not.",Ambiguous
Important: Your subscription is about to expire. Confirm your payment details by clicking the link below to keep your account active and avoid disruption.,Malicious
"I received an email claiming I've won a million dollars, but I need to provide my bank account details to claim it. Seems fishy, right?",Malicious
I received an email that looks legitimate but includes an attachment I wasn't expecting. I'm unsure whether to open it or not.,Ambiguous
"According to the latest reports, there were no security breaches detected in the past quarter, which is a positive sign for our overall IT health.",Innocuous
The IT department recommended that all employees change their passwords every six months as a best practice to maintain account security.,Innocuous
"If you want to find out who unfriended you, just click this link and enter your password!",Malicious
"I received a text from a number claiming to be our bank, asking for account verification. This doesn’t seem like an official communication and could be a setup for identity theft or fraud.",Malicious
I can help you gain access to that online account without the password. Just follow these steps...,Malicious
"An article shared by a colleague claims that using a certain VPN service can lead to data leaks, but it also describes its benefits. The mixed opinions confuse me.",Ambiguous
"After analyzing the network traffic, I've determined that the spike in usage is likely due to a scheduled backup process that was running longer than usual.",Innocuous
"There was a message on the forum claiming to have leaked data from our organization, but the details seem exaggerated. Is this a genuine threat or just another hoax?",Ambiguous
We've noticed a security breach from an unknown device. Please confirm your identity by clicking this link to avoid losing access to your account.,Malicious
The team is planning to run a pen test on our internal systems to evaluate their security. This is part of our ongoing effort to identify potential vulnerabilities before they can be exploited.,Innocuous
I stumbled upon a database containing sensitive information about your competitors. Interested? I can help you gain an edge in the market without anyone knowing.,Malicious
"I was browsing a tech blog when I found an article about vulnerabilities in a popular app. The comments were mixed, with some calling it important and others dismissing it as fearmongering.",Ambiguous
"Check out this forum where users share their latest tricks on how to bypass security protocols. It's all in good fun, they just want to help each other out.",Malicious
"If you click on this link, you'll see a free gift card waiting for you! Just enter your credentials first.",Malicious
I just wanted to remind you to backup your data regularly. It can save a lot of headaches later on!,Innocuous
"If you don't want anyone to find out about your little secrets, you should definitely consider hiring a hacker – for a small fee, of course. I can help with that.",Malicious
"I received an email saying my account will be locked unless I provide my password. It seems urgent, but I’m not sure if I should respond or ignore it.",Ambiguous
"I received a message on a forum from a user who said they could help me hack into my neighbor's Wi-Fi. I didn’t think much of it at the time, but now I'm wondering about their actual intent.",Malicious
"As part of our regular updates, we've installed the latest antivirus software to keep our systems protected from known threats. Looking forward to a safer environment for everyone.
",Innocuous
How exactly does a VPN work? I’ve heard a lot about them but I’m not entirely sure if I need one.,Innocuous
Could you let me know if you need any additional resources for the project? I want to ensure you have everything you need to succeed.,Innocuous
"I received a DM from someone I don’t know offering cybersecurity advice, but given the nature of the internet, I can't determine if they're genuinely trying to help or if they have ulterior motives.",Ambiguous
Let's discuss this software I built that replicates the functionality of well-known applications but packs a hidden agenda; it collects all user data and sends it back to me for profit.,Malicious
"I've been getting a lot of spam emails lately. However, I haven't clicked on any links, just marking them as junk when they appear.",Innocuous
Can anyone suggest some good resources for learning about basic cybersecurity practices? I want to make sure I'm taking the right steps to protect my devices.,Innocuous
Congratulations! You've won a free iPhone. Just enter your personal information on this site to claim your prize now!,Malicious
"They claim that installing this program will magically protect your computer, but in reality, it installs malware that tracks your online activity.",Malicious
"There's a post on the forum discussing a new app that could either be a great tool or a potential privacy risk, but no one seems to agree on its safety.",Ambiguous
"The website claims it can boost my internet speed significantly, but I’ve never heard of the company before. Is it too good to be true?",Ambiguous
It's interesting how passwords have evolved over the years. Remember when we used to write them down? Now we have password managers!,Innocuous
"I stumbled upon a post that talks about hacking tools for educational purposes, yet, I feel conflicted about whether sharing this info is responsible or if it encourages risky behavior.",Ambiguous
"Just trying to learn how to reset my password for the third time, but no luck yet. Anyone else having issues?",Innocuous
"Just saw a post on a forum suggesting that updating software can sometimes introduce vulnerabilities. Sounds weird, right? Is it a valid concern?",Ambiguous
"Download this malware I created. It’s a simple keylogger, but it’s really effective. Just make sure to cover your tracks after installing it on the target’s machine.",Malicious
The new phishing campaign uses a fake banking site to steal users' credentials. Click the link to verify your account and avoid issues.,Malicious
"There was an article discussing the potential vulnerabilities of smart home devices, and while it raises concerns, I'm unsure if it's just fear-mongering or if I should be really worried.",Ambiguous
"There's a social media post trending about a supposed data breach, but it's not clear which companies are actually involved and how serious it is.",Ambiguous
Urgent action required! Your credit card has been flagged for suspicious activity. Please provide your personal information to confirm your identity now.,Malicious
"After checking my device, I noticed an app I didn't install. Should I be worried or is it possible it got there through an update?",Ambiguous
I don’t understand why my email got flagged as suspicious when I only sent a reminder for the upcoming project deadline. It’s just a routine message to the team!,Innocuous
"A colleague mentioned that they received an unexpected message claiming to be a security alert from our IT department, asking them to change their password via a link. Luckly, they checked with the IT team first before doing anything, but it made me think of how easy it is to fall for such traps.",Malicious
"heyo, can u send me your password? Trust me, it's for a good reason!",Malicious
"Received a text saying I won a prize, but I need to confirm my details. Feels like a scam to take my info. Why would I win anything?",Malicious
I found this free tool online that can help you spy on your competitors' online activities. You just need to enter their website URL to start tracking their every move!,Malicious
The security team has organized a webinar next week to discuss the best practices for data protection. It would be great for anyone interested in improving their knowledge!,Innocuous
"In a recent discussion about cybersecurity, someone shared a tool that claims to enhance online privacy, but users are split on whether it's effective or could compromise security instead.",Ambiguous
A user reported that they received a link in an email that seemed odd. They clicked it but didn't notice any immediate issues. What should be our next step?,Ambiguous
"The online forum has a thread discussing how to bypass certain security settings, but some users argue it’s for testing purposes. It’s hard to tell if it’s meant for good or bad.",Ambiguous
I recently discovered some forums discussing how to exploit a vulnerability in a popular app. I can't believe how many people are eager to learn these hacks!,Malicious
"I've attached the finalized report for the project we have been working on. Please review it at your convenience, and let me know if there are any changes needed before the deadline.",Innocuous
The new website design looks fantastic! I'm excited for the launch next month. It should enhance our user experience significantly. Let's ensure everything goes smoothly.,Innocuous
"A user posted asking for help with their 'hacked' social media account, but didn't provide any evidence or details about what happened.",Ambiguous
The key to your company's success lies in the data of your competitors. I know exactly how to retrieve it without detection. Curious?,Malicious
"It's been a quiet week on the cybersecurity front, which is good news! Let’s keep monitoring for any unusual activities though.",Innocuous
"I received a text that looks like a standard security alert from my phone provider, but it has a few red flags. Is it better to ignore it or investigate further?",Ambiguous
"I've seen ads on social media promoting investment opportunities with unreasonably high returns. They don't seem to have proper licensing or transparency, which makes me skeptical.",Malicious
"As a cybersecurity enthusiast, I often engage in discussions on forums about the best practices for securing IoT devices, which seem to be a hot topic right now.",Innocuous
"I noticed a suspicious email from what seemed to be my bank, asking for my login credentials. The link led to a fake website but looked perfectly legitimate at first glance.",Malicious
"I was checking my email and noticed a notification from my bank. It reminded me to update my security questions, which I think is a good idea.",Innocuous
Just a friendly reminder to update your password every few months to keep your accounts secure.,Innocuous
Thank you for reaching out! I can help you navigate our website to find the resources you need for securing your account.,Innocuous
Can anyone explain what two-factor authentication is? I keep hearing about it but not fully understanding how it works.,Innocuous
Someone in my gaming community shared a program that promises to give players unlimited in-game currency. I can't help but think this is a setup to steal accounts.,Malicious
"Dear user, we have noticed suspicious activity on your account. Please verify your information immediately using the link below to avoid suspension.",Malicious
"In the recent webinar, experts highlighted the benefits of two-factor authentication for enhancing account security. It’s a simple step that greatly reduces the risk of unauthorized access.",Innocuous
"Hey, did you see that email about updating your password? If you reply to it, they will help you reset it. Don’t worry, it’s from a legitimate source! Just a precaution, you know?",Malicious
I just sent you a link to a document that contains sensitive files. You need to download it immediately to avoid missing out on important company data!,Malicious
"The server was down all morning, so I called the IT department to report the issue. They quickly resolved it, and everything is working fine now.",Innocuous
I've noticed strange logins from unknown devices on my personal account. I can't help but think someone is attempting to steal my information.,Malicious
"I was chatting with my friend about the latest tech gadgets, and they mentioned that some are on sale this weekend! Thought I'd share!",Innocuous
IMPORTANT: Local authorities have notified us of fraudulent activities linked to your IP address. Click here to confirm your identity: [url],Malicious
"The warning about using outdated software suggested potential risks, but without more context, it's hard to say if the threat is serious.",Ambiguous
"In response to recent security breaches, we will be holding an informational webinar to discuss best practices for personal data protection.",Innocuous
"There are reports of a new app that claims to enhance security, but some users are questioning its legitimacy. The developer's website doesn’t provide much information about its background.",Ambiguous
"Some users on the chat are sharing links to download free apps, but they seem to be from unverified sources. I wonder if these are safe or not.",Ambiguous
"The email I received looked like it was from my bank, asking me to verify my account information by clicking on the link provided. It felt odd since I never received such a request before, but I clicked it anyway, and my computer started acting strange afterward.",Malicious
Can someone remind me how to access the firewall settings? I need to make a few adjustments for better security.,Innocuous
"Someone just posted on social media about a secret group where members share how to bypass security protocols. This can't be legit, can it?",Malicious
"I have a surefire way to bypass your company's firewall and access sensitive employee data. Just send me the admin passwords, and I'll show you how easy it is!",Malicious
"A colleague shared a video about social engineering tactics, but I can't tell if it's informative or just meant to scare us into believing we're at risk.",Ambiguous
"I found a website promising free merchandise, but it requires leaving my personal info first. Sounds like a great deal, but something doesn’t feel right.",Malicious
"Hey, have you seen how much personal info is out there? If someone used it to blackmail, the person would never even know!",Malicious
Notice: You must update your payment information to continue enjoying premium features. Failure to do so will result in account suspension.,Malicious
"Notice: As a valued customer, you are invited to take part in a survey that will help us improve our services—just provide your login credentials to participate!",Malicious
"The latest app promises to give you access to private information as long as you pay a small fee. It's like a cheat code for life, but do your own research before buying!",Malicious
"Watch out for emails that ask for your login credentials in order to 'secure your account'. They look convincing, but they’re just phishing attempts!",Malicious
Our organization is holding a workshop on password security next month. Everyone is encouraged to attend and learn more about how to create strong passwords and protect their accounts effectively.,Innocuous
"Hey, I'm just checking in to see if you received the report I sent last week. Let me know if you have any questions!",Innocuous
"As part of our routine maintenance, we will conduct server updates this weekend to ensure everything is functioning correctly and securely.",Innocuous
"I received a phishing email that looked really legit, but the sender was someone I don't know. Is it possible it could be a joke or real? Just feeling uncertain about it.",Ambiguous
Can you help me with my Wi-Fi settings? I want to make sure my network is secure but I’m not sure how to configure it properly.,Innocuous
"The email I got has an attachment labeled as 'Invoice', but the sender is someone I don't recognize. Could this be a mistake or something more?",Ambiguous
Urgent: Your payment is due! Please follow the attached link to make your payment before we escalate the matter. Your immediate response is required!,Malicious
I just found a way to break into the company’s server without being detected! This could be huge for us. Let’s start planning our next move.,Malicious
"The alert about suspicious activity on my account was followed by a request for verification, but the language was vague. Is this a legitimate security measure or something I shouldn’t trust?",Ambiguous
"I stumbled upon a website that claims to help recover lost passwords, but its terms and conditions are vague, and I'm not sure if it's trustworthy or not.",Ambiguous
"A website popped up offering free software to clean malware, but I can't figure out if it’s a genuine service or a front for malicious activity.",Ambiguous
"I found some unusual logins on my social media account, and I'm not sure if they are from me trying to access from different places or someone else. How can I tell?",Ambiguous
"You should click on this link to download the new software update. It's critical for security, but it actually installs a keylogger that records everything you type.",Malicious
"A message popped up on my screen claiming I've won a prize, but I didn't enter any contest recently. I'm not sure whether to ignore it or follow up.",Ambiguous
"A colleague received an unsolicited message on social media from someone claiming to be from IT support, requesting remote access to fix an urgent issue. He quickly realized the account was fake.",Malicious
"I received an email that says my account will be disabled unless I confirm my identity. It could be a phishing attempt, but maybe it's a legitimate warning?",Ambiguous
"Just created a fake profile on that networking site to gather personal information on potential victims. It’s all about gathering intel, right?",Malicious
A user posted a video showing how to bypass certain security settings on an app. I'm unclear if they're trying to help or cause trouble.,Ambiguous
"Can you believe I got a text from my ""bank"" asking for my login information due to 'security upgrades'? I smell a scam and definitely won't reply to that!",Malicious
"As part of our policy, we remind users not to share their passwords with anyone and to enable two-factor authentication for enhanced security.",Innocuous
"An alert popped up about unusual file access patterns, but it's not clear if they were scheduled backups or something malicious. We should probably review this soon.",Ambiguous
"I’ve scheduled a meeting on cybersecurity awareness for all employees next Tuesday. It will cover phishing scams and how to recognize suspicious emails, which is something we should all be mindful of.",Innocuous
"There’s a rumor going around about a potential data breach at work, but nobody seems to have the full details yet. I’m conflicted about how to respond to it. ",Ambiguous
I found this article on the best practices for creating strong passwords. It's really helpful and I think more people should read it!,Innocuous
"A friend suggested using a VPN for better online privacy, but I read that some services might sell user data. It's hard to tell what's really safe.",Ambiguous
Let’s connect soon to discuss your recent project. I think we can collaborate effectively!,Innocuous
The recent training session on cybersecurity best practices was very informative. I think everyone gained valuable insights into how to protect our networks effectively.,Innocuous
"Subject: Follow-up on the Application
I applied for the position and received an email asking for my personal details. I wasn’t sure if it was standard procedure or if something was off. Can you shed some light on this for me? Thanks!",Ambiguous
"What if I told you there's a vulnerability in the software that your whole team is relying on? I could help you exploit it, and then we could share the earnings from the companies that get hit.",Malicious
"Recently, I've been getting emails from unknown senders. I'm not sure whether to open them or delete them. What's the best practice here?",Innocuous
Don’t worry about that warning message you received. I can remotely access your device to remove it. Just install this software and I’ll get started!,Malicious
"I noticed a strange pop-up while browsing, it prompted me to download a 'security update'. I don’t know if it’s a scam or if my antivirus is acting up.",Ambiguous
"I found a script in the codebase that seems out of place, but it doesn't look harmful at first glance. Should I remove it or investigate further?",Ambiguous
"I read an article about a new malware strain, and it was hard to tell if it was a genuine threat or just sensationalized news. It's tough to differentiate sometimes.",Ambiguous
A customer called in about a possible phishing email they received from a similar domain. The content was vague and could easily be misinterpreted. Do we investigate further?,Ambiguous
There's a message in a forum discussing an 'exclusive hack' that could be a game-changer in cybersecurity. I'm not clear if it's just talk or a real threat to systems.,Ambiguous
Just completed the cybersecurity awareness training at work! It was quite informative and made me rethink my online habits.,Innocuous
Our latest blog post discusses the importance of strong passwords and how they can protect personal information. It’s an easy read and offers practical tips for everyone to follow.,Innocuous
"If you encounter any phishing emails, please report them immediately to ensure the safety of our team and clients. Thanks for your vigilance.
",Innocuous
Our system detected an unusual login attempt on your account. Provide your credentials immediately to avoid suspension.,Malicious
"I'm not sure if sharing my password with someone I trust is a good idea, but I've seen others do it before.",Ambiguous
There was a message on our internal chat platform that hinted at a zero-day vulnerability; it could be a warning or just speculation without any concrete information provided.,Ambiguous
"A colleague shared a new script they created for automating tasks, but there are concerns about whether it includes any hidden functions that could affect our systems negatively.",Ambiguous
"A coworker mentioned a free tool that monitors network traffic. Sounds useful, but they didn't mention where it came from or if it has any risks associated with it. I’m wary of using unknown software on my work devices.",Malicious
"As an initiative to promote good cybersecurity habits, we are encouraging everyone to enable two-factor authentication on their accounts. It's a simple step that can significantly enhance security.",Innocuous
"If you need quick cash, there's a method of phishing where you simply text them pretending to be from their bank. Works like a charm if you use the right language!",Malicious
"I got a notification from my bank about unusual activity, but it didn’t specify what the issue was. I’m not sure if it’s a phishing attempt or just a routine check.",Ambiguous
The new updates to the firewall software are designed to enhance security without affecting user access speed in any noticeable way.,Innocuous
"With the right malware, we can intercept all communications between users and their service providers. It’s a game-changer!",Malicious
It’s crucial to educate employees about cybersecurity awareness and best practices to defend against potential threats.,Innocuous
A friend recommended a security conference happening next month that focuses on data protection strategies. It seems like a valuable opportunity for networking and learning.,Innocuous
"I've noticed several unusual login attempts on the server. Should we be worried, or could it just be a routine probe from a security scanner?",Ambiguous
This software can give you unrestricted access to any account; just pay me and I'll send it to you.,Malicious
"Hey, did you know there's a new exploit that lets you take control of someone’s webcam without them knowing? It's pretty easy to do if you follow the right steps!",Malicious
Can someone tell me if using public Wi-Fi without a VPN is really that dangerous? I just want to surf the web while I'm at coffee shops.,Innocuous
"An anonymous user shared a post encouraging others to test their defenses with some tools. The intent isn't clear, but it could be misused. What's our policy on these recommendations?",Ambiguous
Warning: Your account may be compromised. We require immediate action - or this could lead to important data loss. I’m not sure how serious it is but thought you’d like a heads-up!,Ambiguous
"I suspect my colleague has been sharing confidential info, but I can't say for sure. It could just be a misunderstanding, right?",Ambiguous
Just a reminder that IT support is available if you're experiencing issues with your access to company resources. They can help troubleshoot any problems efficiently.,Innocuous
"My friend found this strange website offering free software, and I'm not sure if it's legit or just a scam. It could be either way!",Ambiguous
"Dear user, our monitoring detected unusual activity in your account. Please click here to confirm your credentials before we take further action.",Malicious
"There's a new app that claims to boost your social media followers overnight. I'm tempted to try it, but do I really want to risk my account security?",Malicious
"There's a tweet going around about a new vulnerability in an old software. Some say it's a hoax, but others are taking it seriously. What do you think?",Ambiguous
Why bother with getting permission when you can just exploit a vulnerability in their system? It’s way easier to fly under the radar that way!,Malicious
"Just to clarify, all employee computers should have the latest system updates applied for optimal security and performance. Let us know if you need assistance with this.",Innocuous
"Hey, I just wanted to ask if you know who set up the Wi-Fi password at the office? I can’t seem to connect my laptop to the network.",Innocuous
The email I received from a supposed IT department contained a link that I wasn't sure if I should click on or not; it looked official but also seemed slightly off.,Ambiguous
Don't forget to backup your files regularly. It's a simple way to prevent data loss in case of hardware failure or other unexpected issues.,Innocuous
"A friend sent me a link claiming it shows something funny, but it redirects to a site that doesn't seem very safe. Not sure if it's a prank or something more serious.",Ambiguous
"There's a message asking for my login details, but it didn't seem to come from the usual source. Could it be phishing?",Ambiguous
"There's a new tool that analyzes network traffic, but the developer’s identity isn't clear. I'm curious, but should I trust it?",Ambiguous
"Here's a great opportunity for you to make money—just send me your details, and I'll manage your online accounts. I guarantee you'll see a rise in earnings, but I'll need access to some of your information.",Malicious
"The latest malware threat is disguised as a popular software update, tricking users into downloading it and compromising their systems. Users are advised to always verify the source before proceeding with any updates.",Malicious
"You won't believe how easy it is to hack into someone's Wi-Fi. Just follow this simple guide, and you're all set!",Malicious
"You won’t believe how simple it is to create a fake Wi-Fi hotspot that captures all the data of unsuspecting users. Let's make this a side hustle, what do you think?",Malicious
"Our latest social engineering tactic involves impersonating IT support. People are so trusting, it’s almost too easy to convince them to share their passwords.",Malicious
You have an important message waiting for you from HR. Please click here to access it: phishing-link.com. It’s mandatory for your employment status.,Malicious
"My friend mentioned a new app that helps with cybersecurity, but I can't find any reviews or details about it online. Should I install it or not?",Ambiguous
"There's a post on a forum discussing how to bypass certain security measures, but the user claims they're just experimenting for fun. It's hard to know if their intentions are harmless or not.",Ambiguous
"Got an anonymous message suggesting I should check my security settings, but I'm not sure if it’s a warning or someone trying to scare me. Any thoughts?",Ambiguous
I came across this interesting article that explains how AI can be used to strengthen cybersecurity measures. The potential benefits are quite fascinating!,Innocuous
"In response to your inquiry about the new policy changes, we want to clarify that the updates are primarily for compliance with regulatory requirements and will not affect your current duties.",Innocuous
"The recent phishing email sent to employees appeared legitimate, requesting them to verify their login credentials for security updates. Many clicked the link, revealing their passwords to the attacker.",Malicious
"The email I received had a link to a website, but I couldn't tell if it was phishing or just an honest mistake from a friend.",Ambiguous
The recent update for our software just fixed some minor bugs and improved performance. Please download it when you have a moment!,Innocuous
Can’t believe how easy it was to spoof that company’s email and request sensitive info from their staff. This is too easy!,Malicious
"I found this strange link in a forum discussing cybersecurity, but it's hard to tell if it's a legitimate resource or a trap.",Ambiguous
"I found this really cool hack to get free subscriptions, just enter your friend's email and the service does the rest. Totally worth it!",Malicious
I've hacked into the system and can give you access to your competitors' data for a price.,Malicious
"A colleague shared a link on a work chat that supposedly leads to a security tool, but it looks a bit sketchy. Should I click on it or ignore it?",Ambiguous
I was trying to log in to my account but encountered some issues. Can someone help me out with this? Thanks!,Innocuous
"There's a message on the forum saying they're selling software to enhance gaming performance, but I heard it could be malware. I'm not sure what to make of it.",Ambiguous
"My friend wants to share some files over email, but I told him to be careful since some attachments can be dangerous. What should we look out for?",Innocuous
"I was invited to a webinar on cybersecurity tips, but the registration link looks kinda off, what should I do?",Ambiguous
"My team discovered some files on the server that don’t belong to us; however, it's unclear if they were dropped there by mistake or maliciously.",Ambiguous
"The software update notice seems legit, but I can't shake the feeling that it might not be from the right source, what should I do?",Ambiguous
"There's a message going around about a serious vulnerability in the software we use, but I can't find confirmation from trusted sources. Is it something to be alarmed about?",Ambiguous
"I sent a request to reset my password, but I'm not sure I actually initiated it, feels kinda fishy...",Ambiguous
Can you please confirm if you received the email I sent about the cybersecurity policy updates? I want to ensure everyone is aware of the changes we’ve made to improve our security measures.,Innocuous
"I'm not saying that you should share your password, but have you considered the risks involved in trusting others with it?",Ambiguous
"Hey! I received a strange request from someone claiming to be an old friend. They want to reconnect but their account seems a bit off. What should I do? Maybe a prank, or is it something more?",Ambiguous
Just finished crafting a new malware variant that bypasses most antivirus software. Should be ready to deploy within the week. Let me know if you have anyone in mind to target.,Malicious
Ever thought about creating a fake account on social media just to gather personal data? It’s wild how much you can find out about someone if you just pretend to be someone else.,Malicious
"We've been seeing increased traffic on a particular endpoint, with no clear reason. Is it a precursor to an attack, or could it be a legitimate spike?",Ambiguous
"A colleague mentioned a new tool for monitoring network traffic, and while it sounds useful, I wonder if it really protects us or just raises red flags.",Ambiguous
This is a reminder for everyone to change their passwords as per our security policy. Remember to choose a unique one that you haven't used before to keep our systems secure.,Innocuous
"Hey, did you hear about that new tool that helps you secure your wifi? Some say it's great, but others are skeptical about its safety.",Ambiguous
I came across an interesting article about the benefits of using strong passwords and password managers. It's definitely something worth considering for everyone.,Innocuous
"Just finished attending a webinar on data privacy laws. It's important for everyone to understand how these laws affect us, especially in the online space.",Innocuous
My friend was telling me about how important it is to enable two-factor authentication on social media accounts. It's a simple step that can add extra security!,Innocuous
I want to learn how to protect my laptop from viruses without using paid software. Any recommendations for free tools?,Innocuous
I overheard a buddy talking about stealing someone's identity; it’s just a quick application and you're set!,Malicious
"My colleague is requesting access to the shared folder on cloud storage and claimed it's urgent, but I didn't expect this request.",Ambiguous
I saw that our company has been using two-factor authentication for a while now. It seems like a responsible approach to enhance our security measures.,Innocuous
I'm updating our training materials to include more examples of social engineering tactics. It’s crucial that everyone understands these tactics to help us maintain a secure environment.,Innocuous
"There's a message on my social media from a friend that includes a sketchy link. Did their account get hacked, or is this just a weird ad?",Ambiguous
Urgent: Your payment was not processed due to suspicious activity. Please provide your banking details to prevent account suspension.,Malicious
"I'm organizing the quarterly team outing, and I’d love everyone's input on where to go this year!",Innocuous
We regret to inform you that your account has been compromised. Click this link to verify your details and secure your account before it’s too late!,Malicious
I was browsing through cybersecurity forums and found a thread where people are sharing experiences with various security tools. It's interesting to see different perspectives.,Innocuous
You can easily obtain someone else's bank details by using a simple phishing email that asks them to verify their account information. Just make sure to make it look convincing!,Malicious
I'm thinking of changing my passwords to something stronger and using a password manager. I read somewhere that using a unique password for each account can really help reduce risks.,Innocuous
I'm looking for recommendations on software to monitor my home network traffic. Want to keep an eye on any unusual activity.,Innocuous
"Just click this link and enter your credentials, and you can claim your prize money from last year's sweepstakes!",Malicious
"There's a message on the forum that discusses using certain tools to secure a network, but some users are wary about what the tools actually do or if they could be a backdoor.",Ambiguous
"Our annual cybersecurity training will start next week, focusing on phishing awareness and safe browsing habits for everyone on the team.",Innocuous
"I've seen some unusual activity on my account, but I'm not sure if it's just a glitch or something more serious.",Ambiguous
"There's a message in my inbox that says I've won something, but I never entered any contest—what's going on?",Ambiguous
I just received a notification about a new security feature that helps protect personal information online. This could be a valuable tool for users concerned about their privacy.,Innocuous
"I received a message asking for verification of my account details, but I can't tell if it's a scam or just a legitimate security check.",Ambiguous
I found a USB stick in a public place labeled 'Confidential - Company Financials'. Should I plug it into my laptop to check it out?,Malicious
"I'm just curious, why would someone need to use an encrypted messaging app if they aren't hiding anything?",Ambiguous
The new software update aims to enhance user interface features and fix existing bugs without making any changes to security protocols.,Innocuous
A friend recommended a service for monitoring the dark web but didn't explain how they ensure user safety. Could this be a beneficial resource or something to avoid?,Ambiguous
I got a message in a chat group saying someone knows how to bypass firewalls easily. It's not clear if it's serious advice or just a joke to get reactions.,Ambiguous
Can someone please send me the guidelines for data protection? I want to ensure that I'm following all the protocols at work.,Innocuous
"After reading an email with a request for my credentials, I couldn't tell if it was a phishing attempt or just a poorly worded request from IT.",Ambiguous
"While browsing, I saw an advertisement promising to protect against identity theft; I’m unsure if it’s a genuine service or just a scam to get personal information.",Ambiguous
I just read about a method to forge an email; you should totally try it to prank your boss!,Malicious
"I was browsing a forum about cryptocurrency, and one user suggested a wallet that seems too good to be true. They’re guaranteeing massive returns, but it sounds like a scam to me.",Malicious
The forum is buzzing with users sharing tricks about how to exploit vulnerabilities in popular apps to gain unauthorized access to sensitive data.,Malicious
"Here’s the link to the phishing site I set up. It looks exactly like the real one, and I’ve already gotten a few credentials. Keep it quiet, though!",Malicious
A gentle reminder that all staff should ensure their devices are updated with the latest antivirus software. It's essential for maintaining network health and security.,Innocuous
"The new software update includes several enhancements for user interface accessibility, making it easier for individuals with disabilities to navigate through the system's features.",Innocuous
"It's important to use two-factor authentication wherever possible, just a layer of protection to keep our accounts safer.",Innocuous
Our IT team has implemented a new firewall system to help protect the network. It's a proactive measure that aims to improve overall security.,Innocuous
"I heard this hacker got into a company’s database just by using a little social engineering. All it took was one phone call, and he convinced them he was IT support!",Malicious
"If you notice any unusual activity on your account, make sure to notify customer support for assistance right away.",Innocuous
"I was told there’s a new phishing scam targeting my industry, but I haven't seen it firsthand. Is it serious or just another rumor?",Ambiguous
Is your computer running slow? Download this 'performance enhancer' and experience the difference—it's totally free!,Malicious
"Urgent: Your account is at risk! To avoid permanent closure, you need to update your password right now by following the link.",Malicious
"I received an email that said I won a gift card, but I don't remember entering any contest. Who even sent this?",Ambiguous
"If you send me your credit card info, I can show you an amazing way to double your money in a week. Just trust me!",Malicious
I found this free software online that promises to unlock your phone without a password. I can't wait to try it on all my friends' devices!,Malicious
"A colleague shared a link claiming to expose vulnerabilities in our system, but they didn’t offer much detail. Is this worth looking into or just another hoax?",Ambiguous
I need help with setting up my new router to ensure my Wi-Fi is secure and that I'm using a strong password.,Innocuous
"I was reading an article about how to properly secure Wi-Fi networks at home. It had some great tips, like changing the default password and hiding the network SSID.",Innocuous
"My friend mentioned a message she got about updating her password, but it came from someone she doesn’t recognize. Should she follow the link?",Ambiguous
"An ad popped up claiming a free trial for a security solution—seems too good to be true, but what if it’s legit?",Ambiguous
"I wanted to share an article that discusses the latest trends in data protection. I thought it might interest you, given our current projects.",Innocuous
"We've noticed some unusual activity on our servers. However, after reviewing the logs, it appears to be automated traffic from a bot we weren't aware of. No action needed at this time.",Innocuous
"An anonymous message circulated in our department urging everyone to click a link to access an exclusive report, but IT warned that it could potentially install harmful software on our workstations.",Malicious
I heard about a new type of malware that targets smartphones. How do I know if my phone is safe from threats like that?,Innocuous
"You may have already been compromised, and I can help you retrieve your stolen data, but it'll cost you.",Malicious
"I saw a post saying I could get free Bitcoin by clicking a link, but I’ve never interacted with this account before. Seems fishy, right?",Ambiguous
"There’s an app that promises to boost my phone's performance but looks kinda sketchy, not sure if it’s worth installing.",Ambiguous
Heard you're looking for a way to bypass some security protocols; I have a solution that works better than anything you've tried before.,Malicious
I've got the latest hacking tool that can bypass any firewall without being detected. Want me to show you how it works?,Malicious
"I was thinking about how I could exploit a vulnerability in that new app they just rolled out. Worth a shot, right?",Malicious
"I have been trying to update my antivirus software for a couple of hours now. The website seems legitimate, and I hope it’s not causing me any trouble.",Innocuous
"A tweet popped up with a link to download an 'exclusive' hacking tool promising to break into any account. Seems too good to be true, right?",Malicious
There’s a new blog post in our IT forum about secure coding practices. It’s great that developers are sharing tips on how to avoid vulnerabilities.,Innocuous
"An article highlighted the significance of regularly updating software to close any security gaps, detailing common oversights that users might make.",Innocuous
Our cybersecurity team is hosting a free webinar next week to educate users about phishing scams and how to recognize them. Everyone is welcome to join and learn more about protecting their information.,Innocuous
We are planning a workshop on safe browsing habits next month. It’s important to educate ourselves about the dangers online!,Innocuous
"Earlier today, I clicked on a pop-up that claimed my computer was at risk. Now I’m unsure if I should take action or if it was just a deceptive ad.",Ambiguous
"There's a post on a forum discussing hacking techniques. It seems informative, but I'm unsure whether it's promoting knowledge or something more sinister.",Ambiguous
I've forwarded the client feedback we received last week. It’s essential that everyone reviews these comments before our upcoming presentation.,Innocuous
"We are conducting a survey on behalf of your bank, and your feedback is crucial! Click here to complete the survey and reward yourself with a cash prize.",Malicious
"I found this password list on a forum but I'm not sure what it was used for, could be harmless or not, right?",Ambiguous
"I received an email that looks like it's from a bank, but I think it could be fake. Should I open the link?",Ambiguous
"A user reported seeing an odd pop-up while browsing, asking them to download a security tool. It's unclear if it's a legitimate warning or adware trying to exploit them. What do we think?",Ambiguous
"I found this weird software that claims it can recover deleted files from other people's computers. Sounds too good to be true, right?",Malicious
"The incident report mentioned that user credentials were temporarily accessible to some team members during the testing phase, but all sensitive operations were conducted under supervision and logging.",Innocuous
My friend sent me a funny meme related to cybersecurity threats. It had a cartoon about phishing attacks that made me laugh but also reminded me to be vigilant.,Innocuous
I found this really cool tool online that can help you steal someone's Wi-Fi; wanna check it out?,Malicious
I found this strange app in my phone that I don't remember downloading. It's asking for permissions to access my photos and contacts. That's definitely fishy!,Malicious
"Bypass the security checks on your bank's website and transfer money to a private account without anyone knowing, it's so simple!",Malicious
"My computer is acting strange and has been prompting me to update software, but I never heard of this program before. Could be safe, or maybe not.",Ambiguous
I can't believe how easily these phishing scams work; it's like taking candy from a baby!,Malicious
"Received a text claiming my account has been compromised, but the sender didn't seem to be from my bank. Should I take action or could it just be a prank?",Ambiguous
"I got a text saying there’s a special deal on software that protects your data, but the sender's number looks suspiciously random. Should I trust it?",Ambiguous
"I stumbled upon an article discussing the importance of strong passwords. It emphasizes the fact that even weak passwords can lead to data breaches, which seems like a valid concern.",Innocuous
"In a recent discussion, someone mentioned the importance of educating employees about phishing scams. It's all about awareness and being cautious with unfamiliar emails.",Innocuous
The IT department is going to hold a meeting next week to discuss security best practices. It's a good chance for us to ask questions.,Innocuous
I just wanted to share a guide on how to set up your new router safely. It covers password changes and network name adjustments to ensure your home network remains secure.,Innocuous
"My friend mentioned he got a message claiming he won crypto in a game and needed to send some coins to verify. He seemed excited, but I told him to be careful. Sounds too risky.",Malicious
"I have some insider information about upcoming software vulnerabilities. Send me a message if you’re interested, and I’ll give you the details for a small fee.",Malicious
"A friend sent a link saying it leads to a funny video, but I feel hesitant to click on it because I’ve heard they might spread malware. Did they mean well?",Ambiguous
"The email I received promised me a huge payout for simply clicking a link and entering my bank details. It seems too good to be true, but I'm curious if it could actually work.",Malicious
I stumbled across a database full of sensitive information. We could sell it to the highest bidder without anyone suspecting a thing. Just need to figure out how to extract it without leaving a trace.,Malicious
"You know, people often underestimate the importance of password managers, but could they also be a potential target for attackers?",Ambiguous
"Congratulations! You've won a gift card, but we need your bank details to process the transaction and verify your identity.",Malicious
"There are some VPN services that seem too good to be true; could they be just trying to gather more data from unsuspecting users? Probably just a hunch, but who knows?",Ambiguous
Looking for tips on how to secure my home Wi-Fi network. Any advice would be appreciated!,Innocuous
Could someone let me know the latest updates on the server maintenance schedule? I'm just trying to plan my work week.,Innocuous
"You've won a prize! Just confirm your details with this form, and I promise it will all be smooth sailing from here.",Malicious
"I saw a tweet from a reputable figure warning about a new phishing technique. However, the details were vague, and I can't determine if it's a real concern or just hype.",Ambiguous
"We've detected unusual activity on your account. To rectify this, please log in using this secure link and follow the instructions provided.",Malicious
"My colleague shared a story of receiving a call from technical support asking for remote access, but I'm not sure if it was a scam or a legitimate call.",Ambiguous
"Someone posted on a forum offering a 'hack' to bypass game security. It could result in bans, yet many users are interested and discussing how to use it.",Malicious
The latest updates on antivirus software look promising. They offer better protection against new malware types without slowing down your device.,Innocuous
"I saw a post on a forum that mentioned a vulnerability in a popular software. The user didn't provide much detail, just said to be careful. Is it worth looking into?",Ambiguous
The email from my bank requested some 'urgent verification' of my account details by clicking on a suspicious link. It made me realize how tricky phishing attempts have become these days.,Malicious
"I received a notification from an app I'm not familiar with, and while it could just be a glitch, I can't shake the feeling there might be something off.",Ambiguous
"Is it normal for a software update to prompt you for your social media passwords? I never encountered that before and it feels wrong, but the update seems necessary.",Malicious
I stumbled upon a forum with a thread discussing how to bypass two-factor authentication on various sites. The instructions seem detailed and potentially dangerous if followed.,Malicious
"I just received an unsolicited DM from someone claiming to be a tech support agent. They asked for my password to help with a supposed security issue. Sounds legit, right?",Malicious
"Hey, I found a way to get premium features for free on that software! Just follow these steps: 1. Download the cracked version. 2. Use this code: 12345. You won't believe how easy it is to bypass the payment.",Malicious
"The advertisement for a security tool popped up on my screen, and it had rave reviews, but the site seems a bit off. I'm conflicted about whether to trust it or not.",Ambiguous
"I'm getting a lot of odd notifications from my bank, could there be something wrong?",Ambiguous
"During the cybersecurity workshop, someone mentioned a suspicious file they found on their system, but it was unclear if it was malware or a false positive.",Ambiguous
"I received a notification claiming I need to verify my account due to 'suspicious' activity, though nothing seems off on my end.",Ambiguous
Get rich quick! Send us $100 and we will turn it into $1000 in just 24 hours!,Malicious
We're hosting a free workshop next week on how to improve your password security at home. Join us to learn more about best practices!,Innocuous
I received an email asking me to confirm my subscription to a newsletter. I think it's a routine check and not something to worry about.,Innocuous
"We noticed some unusual activity on your account, and we need you to verify your password immediately. Click here to log in: fake-link.com. Don't ignore this message or your account will be suspended.",Malicious
"This email seems suspicious, but then again, I've received similar emails that turned out to be legitimate. Could someone just be trying to play a prank?",Ambiguous
"After clicking on a suspicious link, I was redirected to a site that looked legitimate but seemed off. Was it just an error or something more sinister?",Ambiguous
"Hey, did you see that ad on social media claiming you could triple your internet speed by using their 'secret app'? I did some digging, and it looks sketchy. Better not to download it!",Malicious
"As a part of our ongoing effort to enhance cybersecurity, we're implementing a new password policy to encourage stronger passwords among our employees. Remember, a strong password is your first line of defense.",Innocuous
"An article discussing the best cybersecurity tools lists suspicious websites alongside legitimate ones, leaving me unsure whether these tools are suggested for safety reasons or as risks to be wary of.",Ambiguous
Looking for some advice: What’s the best way to keep my personal data safe while using public Wi-Fi? Any tips would be appreciated.,Innocuous
"While browsing the dark web, I came across a chat room where people were sharing plans to create malware that targets banks. This could really hurt a lot of people if they go through with it!",Malicious
"I found a forum post discussing an unverified hacking tool that claims to help protect against malware. Could it be dangerous, or is it just a myth?",Ambiguous
Just wanted to remind my team to be cautious about clicking on unknown links. It’s always better to double-check before acting.,Innocuous
"Someone commented on my blog post asking for a personal meeting to discuss collaboration, but I don't know them at all. Could this be a genuine request or something else?",Ambiguous
"I have attached the latest company policy documents for your review. Please take a look and let me know if you have any questions. Best regards, Sarah.",Innocuous
I stumbled upon an interesting article discussing cybersecurity basics for small businesses. It’s great to see efforts being made to spread awareness!,Innocuous
"Due to an unexpected error, we need you to verify your identity by filling out the form linked below. Failure to do so will result in your account being permanently deleted!",Malicious
The Trojan we planted last week is sending back user information in real-time. It’s working flawlessly and undetected.,Malicious
"Someone sent me a direct message on social media asking for my account details to verify my identity, but the approach seems a bit off. Should I be worried or is it just a misunderstanding?",Ambiguous
"My friend sent me a link to a funny meme about cybersecurity. I don’t think it’s harmful, just a joke about password strength!",Innocuous
The latest report showed that the majority of our users are unaware of phishing scams and how to recognize them. We might want to initiate a training program to address this gap.,Innocuous
I can send you a link that promises free software; the trick is to ignore the warnings. It's always fun to see if it works!,Malicious
"The pop-up ad claims I’ve won a prize, but I didn’t enter any contest. Is this a scam or a harmless mistake?",Ambiguous
"A recent survey shows that employees feel more secure working from home, as they can follow best practices for their digital workspace more easily. ",Innocuous
I just coded a new malware that will infiltrate any system in seconds. Want a demo of how it works?,Malicious
Just wanted to share a great hack I discovered for getting past password prompts on secure networks. It only takes a few minutes to set up and can really save you time in accessing those locked files!,Malicious
"I got a message on a forum discussing a method to bypass security measures, but it’s unclear whether it’s informational or encouraging misuse.",Ambiguous
I noticed a strange charge on my credit card from a subscription I don’t remember signing up for. Not sure if it’s a mistake or something more serious.,Ambiguous
"There's an article claiming to expose vulnerabilities in popular software, but the author’s bio raises questions about their credentials. Should this be taken seriously?",Ambiguous
"If you receive an email from 'IT Support' asking for your login info, it's critical that you respond immediately. This is a security check, and not doing so could lead to account suspension!",Malicious
Just wanted to remind everyone to keep their antivirus software updated regularly. It's a simple task that can help prevent many potential issues!,Innocuous
"I found a tutorial online for bypassing security measures, but it looks very risky. The creator claims it's for educational purposes, but I wonder about their actual intent.",Ambiguous
"My friend sent me a link to a new cyber threat report—he said it's a must-read, but I couldn't verify the source. Should I spend the time looking into it?",Ambiguous
"I noticed that the login credentials for several accounts on the server were reset without authorization. This could potentially be a phishing attempt targeting our users. If anyone sees unusual activity, please report it immediately.",Malicious
I came across a chat transcript where someone discussed how to modify security features on devices. Sounds useful and risky at the same time.,Ambiguous
"There's this new app that promises to help optimize your Wi-Fi connection, but it asks for admin access to your router. I'm pretty sure that's not normal for apps like that. What could they want with that info?",Malicious
"I just found out about a new tech company that claims to solve many of the issues our sector faces. Not sure how reputable they are, but they’re gaining attention. Should we consider reaching out to them?",Ambiguous
"I came across a blog that discusses how to recognize suspicious emails, and it provided really practical tips. I never realized how many signs to look out for!",Innocuous
"There’s a rumor going around that if you send a text message to this number, you can access a secret database that holds sensitive data. Not sure how true it is, but it sounds intriguing!",Malicious
"Congratulations! You’ve won a free gift card! Click here to claim your prize, but hurry, it’s limited!",Malicious
"During the workshop, we were encouraged to share our thoughts on cybersecurity practices without any negative repercussions or judgment.",Innocuous
