text,label
The adoption agency required an extensive background check and home study before allowing the prospective parents to proceed with the legal adoption process.,Family Law
"A valid contract must have an offer, acceptance, and consideration; without these elements, the agreement lacks the necessary foundation to be enforceable in a court of law.",Contract Law
"A doctor can be held liable for malpractice if their negligence during a surgical procedure leads to complications for the patient, raising questions about the standard of care in the medical field.",Tort Law
"Alimony payments were agreed upon after the wife demonstrated the need for financial support due to her lower earning potential, highlighting the court’s focus on equitable outcomes.",Family Law
"During the mediation process, the couple discussed various arrangements for their children’s education and healthcare, aiming for an amicable solution that reflects their joint responsibilities.",Family Law
"Evidence presented in court showed that the chemical runoff from the agricultural sector has severely impacted the river ecosystem, leading to calls for reform in farming practices.",Environmental Law
"The agreement between the two parties clearly outlined the terms for the delivery of goods, yet one party failed to meet the deadline, leading to financial repercussions.",Contract Law
"Navigating the complexities of refugee status, nations must align their practices with international conventions to ensure the protection of individuals fleeing persecution.",International Law
"When co-owning property, it's crucial for partners to establish clear agreements regarding the use and division of property, as misunderstandings can lead to legal disputes.",Property Law
The city faced a lawsuit after a citizen was seriously injured due to a pothole that had been reported several times. This case highlights public entity liability for failing to address known hazards.,Tort Law
"Both parties acknowledge that this Agreement constitutes the entire understanding between them concerning the subject matter hereof, superseding all prior negotiations and agreements, whether oral or written.",Contract Law
"The dispute between the nations over maritime boundaries has escalated to the International Court, raising significant questions about historical claims and the interpretation of maritime law.",International Law
"After an accident at a construction site where safety protocols were ignored, several workers suffered injuries. They are now discussing the possibility of filing a lawsuit against the company due to negligence in maintaining a safe working environment.",Tort Law
"The artist filed suit after discovering that a major corporation had used her artwork in an advertisement without her consent, raising issues of moral rights and unauthorized usage.",Intellectual Property Law
"The court's decision on extradition highlighted the complexities involved in navigating conflicting laws between nations, raising questions on sovereignty and justice.",International Law
"The driver involved in the collision argued that the other party's reckless behavior on the road constituted negligence, a key factor in determining liability for the damages incurred.",Tort Law
The debates surrounding refugee status and the obligation of nations to accept individuals fleeing persecution showcase the complex interplay of domestic laws and international directives.,International Law
Negotiations regarding climate change agreements exemplify how countries must balance competing interests while adhering to commitments that transcend national borders.,International Law
The agency's decision to revoke the license was based on the failure to comply with safety regulations established under federal guidelines.,Administrative Law
"The First Amendment of the United States Constitution protects the freedom of speech, allowing individuals to express their opinions without government interference, but this right is not absolute and can be limited under certain circumstances.",Constitutional Law
"In an unusual turn of events, the regulatory bodies announced a moratorium on new permits, citing the need for a comprehensive review of existing policies and their effectiveness.",Administrative Law
"A dispute arose regarding the rights of a tenant to sublease the apartment, as the lease explicitly required landlord consent for any subleasing arrangements and outlined penalties for violations.",Property Law
"Licensing agreements are essential for the distribution of music and film. Disputes often emerge over the terms of usage, leading to negotiations that can determine the financial success of creative works.",Intellectual Property Law
"The new legislation requires companies to disclose their greenhouse gas emissions, aiming to hold corporations accountable for their environmental impact.",Environmental Law
"During a summer picnic, a child suffered an injury when a water slide malfunctioned, which might suggest a claim for damages against the amusement company involved.",Tort Law
The contested case hearing will allow the involved parties to present evidence and argue their positions regarding the enforcement of health and safety regulations put forth by the local health department.,Administrative Law
"In a landmark ruling, the court upheld the right of citizens to challenge the government’s development policies that could potentially harm local ecosystems and biodiversity.",Environmental Law
"During the trial for robbery, witness testimonies played a crucial role in establishing the timeline of events and the identity of the accused, demonstrating the importance of eyewitness accounts in the prosecutorial process.",Criminal Law
A driver involved in a car accident that caused injury to another party might be liable for damages if it can be proven that they were driving recklessly at the time of the incident.,Tort Law
"Activists are pushing back against the development project, claiming it will lead to irreversible damage to the local habitat and biodiversity.",Environmental Law
"The right to access a property can be restricted by easements, which may be established through prior use or necessity.",Property Law
"When the software development firm failed to secure a non-disclosure agreement, they inadvertently exposed their source code, a clear breach of confidentiality that jeopardized their competitive edge.",Intellectual Property Law
"Following an audit, the state regulatory body flagged several discrepancies in the financial reports of the local nonprofit, prompting further review of its funding allocations and administrative practices.",Administrative Law
"The city council's efforts to implement new housing codes triggered extensive public feedback, raising questions about the balance between regulation and community needs.",Administrative Law
"In a landmark decision, the court ruled that the unauthorized reproduction of a photographic work constitutes copyright infringement, emphasizing the importance of acknowledging creators' rights.",Intellectual Property Law
"During the trial, evidence was presented that suggested the law enacted by the state legislature infringed upon the rights guaranteed by the Bill of Rights, specifically concerning freedom of assembly. ",Constitutional Law
"The school district must adhere to the regulations set by the state’s educational authority when implementing new curriculum standards, ensuring compliance and avoiding potential sanctions.",Administrative Law
"The law mandates that individuals must not exceed their self-defense rights, or else they may face charges for excessive force in altercations.",Criminal Law
"The plaintiff was awarded compensation after sustaining injuries from slipping on a wet floor in a grocery store, as the store failed to take necessary precautions to warn customers about the hazard.",Tort Law
"In a landmark case, the court ruled in favor of the residents, affirming their right to a clean environment and holding the corporation liable for the toxic waste release that harmed public health.",Environmental Law
"Child support payments were contested in court, with the non-custodial parent arguing that their financial situation had deteriorated since the original agreement.",Family Law
"During wartime, the treatment of prisoners of war must adhere to the guidelines laid out in the Geneva Conventions, ensuring humane treatment regardless of the conflict's nature.",International Law
"After being bitten by a neighbor's dog, a child needed several stitches. The parents are looking into whether the dog owner can be held responsible for the child's injuries.",Tort Law
"A petition was filed challenging the constitutionality of a local ordinance that restricts the public's right to assemble peacefully, a fundamental right in any democratic society.",Constitutional Law
"An environmental impact study revealed potential threats to endangered species from the proposed mining project, leading to public outcry and calls for a halt.",Environmental Law
"When it comes to child support, the courts typically use specific guidelines to determine the amount to be paid, considering the needs of the child and the financial capability of the parents. This decision can have significant long-term effects on both parties' lives.",Family Law
"The prenuptial agreement was contested when one spouse claimed they were pressured to sign it without fully understanding its implications, leading to a lengthy legal battle over the enforceability of the contract under duress.",Family Law
The tenant's rights under the lease agreement shall remain in effect even if the landlord decides to sell the property.,Property Law
"Civil rights protections are continuously evolving, with court decisions interpreting the equal protection clause to extend rights to various marginalized groups.",Constitutional Law
"The recent uptick in gang-related violence has prompted local authorities to implement a zero-tolerance policy, which they believe will deter future crimes in the community as they recruit more officers.",Criminal Law
"The landlord is required to provide a habitable living space, which includes basic utilities and structural integrity, in accordance with state law.",Property Law
"In a dispute over boundary lines, the court may require a surveyor to determine the precise dimensions of the property in question.",Property Law
"The treaty signed by multiple nations aims to combat climate change and sets binding obligations on each party to reduce greenhouse gas emissions, emphasizing the importance of collective action in addressing global environmental challenges.",International Law
"In a contract dispute, one party claims that the other failed to deliver goods as specified, which could result in a breach of agreement under essential terms.",Contract Law
"A whistleblower's disclosures revealed that the agency had improperly dismissed employees who reported misconduct, leading to an internal investigation by the oversight committee.",Administrative Law
"An online services agreement had a clause that was deemed ambiguous by the court, resulting in a ruling that favored the consumer because the business did not clearly outline the terms of service.",Contract Law
"The recent oil spill has raised significant concerns regarding the natural habitats of local wildlife, prompting activists to call for stricter regulations on industrial waste disposal.",Environmental Law
"Under the Penal Code, a minor who commits a serious offense can be tried as an adult if certain criteria are met by the jurisdiction.",Criminal Law
"In custody disputes, the best interests of the child are the primary consideration for the court, often leading to shared parenting arrangements.",Family Law
"The software developer and their client had entered into a service agreement, but disagreements arose regarding intellectual property rights, which necessitated a thorough review of the contract terms and conditions.",Contract Law
"Under the Clean Air Act, states are required to develop plans that ensure compliance with regulations designed to keep the air quality within safe limits, particularly in urban areas.",Environmental Law
"The city has put forth a proposal to enhance public transportation funding, which has sparked discussions among various stakeholders about budget allocation and governance.",Administrative Law
Environmental groups have filed a lawsuit against the corporation for allegedly violating the National Environmental Policy Act by failing to conduct proper assessments before initiating logging activities in a protected forest.,Environmental Law
"The negotiations for the lease agreement included specific terms regarding maintenance responsibilities, rent escalations, and options for renewal, which are crucial for long-term business stability.",Contract Law
"Legal disputes over copyright often involve questions about fair use, especially when dealing with transformative works that repurpose existing media for new purposes.",Intellectual Property Law
"Upon execution of this Agreement, both parties agree to maintain confidentiality regarding all proprietary information exchanged during the term of their relationship, protecting each other's business interests.",Contract Law
"In a divorce case, the division of marital assets includes real estate ownership, which can complicate proceedings, especially if one party is emotionally attached to the property.",Property Law
"In instances of domestic violence, protective orders can be sought to ensure the safety of an individual and their children while navigating the complexities of separation.",Family Law
"In the case of adoption, the legal process ensures that all necessary background checks and home studies are completed before the child can be placed in a new family environment.",Family Law
"In cases involving freedom of assembly, the government must demonstrate a significant interest in restricting gatherings, thereby ensuring that civil liberties are preserved for peaceful protestors.",Constitutional Law
"The prosecution presented compelling evidence that the accused had conspired to commit fraud, ultimately causing financial harm to investors and clients alike.",Criminal Law
"The debate surrounding campaign finance laws often revolves around the implications for free speech under the First Amendment, exploring the balance between regulation and rights.",Constitutional Law
"The right to visitations can become contentious when one parent relocates to a different state, raising questions about jurisdiction and enforcement of parenting plans.",Family Law
"Diplomatic immunity is a vital aspect of international relations, providing legal protection to diplomats and ensuring they can perform their duties without fear of legal repercussions in host countries.",International Law
"When the two businesses entered into the partnership agreement, they clearly laid out the profit-sharing arrangement, which is now being contested due to differing interpretations of the terms.",Contract Law
"Recent developments in maritime law have prompted nations to reconsider their fishing rights in international waters, leading to tensions over resource allocation and environmental conservation.",International Law
"In light of recent developments, several nations have come together to discuss the implications of cross-border data sharing and the protection of personal information across jurisdictions.",International Law
"The landlord has a duty to maintain the premises in a habitable condition, failing which they may be liable for damages.",Property Law
"Patent law can be particularly complex, especially when determining the novelty of a technology that builds off existing inventions; one must ensure compliance with all guidelines before filing.",Intellectual Property Law
"Consideration is the backbone of any agreement; without it, the contract may be deemed void, and the parties involved could lose their rights to claim any damages for breach.",Contract Law
"The new development project was halted pending an environmental review, primarily because local property owners raised concerns about potential decreases in property values due to construction disruptions.",Property Law
"The new policy seeks to enhance compliance measures for waste management, aiming to reduce illegal dumping and protect public health.",Environmental Law
"During the divorce proceedings, the couple’s assets were appraised, and discussions about equitable distribution commenced, focusing on ensuring both parties could move forward independently.",Family Law
"The recent industrial spill led to significant ecological damage, prompting a lawsuit against the corporation responsible for the cleanup costs.",Environmental Law
"Witnesses reported that the defendant was seen fleeing the scene of the crime just moments after the bank robbery occurred, raising suspicion among law enforcement officials.",Criminal Law
"Prenuptial agreements serve as crucial legal documents that outline the financial and custodial arrangements should the marriage end, addressing potential conflicts proactively.",Family Law
"The parties agreed to the terms outlined in the document, setting forth the responsibilities of each party regarding the provision of services, timelines, and payment structures.",Contract Law
"An inventor successfully defended his patent after a rival company attempted to invalidate it, establishing the boundaries of what constitutes prior art in the field of renewable energy technology.",Intellectual Property Law
"Experts claimed that the city’s waste management practices have significantly harmed nearby wetlands, violating multiple state regulations.",Environmental Law
"Jurisdictional issues often complicate extradition requests, particularly when the requesting state has different standards for legal proceedings than the state where the individual is located.",International Law
"In a hearing about spousal support, the judge considered the length of the marriage and the disparity in income between the two parties, ultimately ruling in favor of the wife.",Family Law
"In an interesting twist, a gaming company faced backlash after failing to secure licenses for characters based on existing comic book heroes, raising discussions about fair usage and copyright infringement in entertainment.",Intellectual Property Law
Local communities have raised concerns over the construction of a new factory that could potentially harm nearby wildlife habitats and pollution levels in the area.,Environmental Law
"The custody arrangement stipulated that both parents would share equal responsibilities for their child’s upbringing, ensuring that neither parent would be favored in decision-making.",Family Law
"A recent ruling in favor of a small artist against a major corporation has sparked conversations around the fair use doctrine, emphasizing the need for creators to understand the boundaries of their rights in the digital age.",Intellectual Property Law
"After the accident, Sarah discovered that she could file a complaint against the driver due to reckless driving that caused her injuries. This situation illustrates the implications of negligence in personal injury cases.",Tort Law
"The state’s child support guidelines mandated that a non-custodial parent contribute a percentage of their income, but during the hearing, it was disclosed that the parent had recently lost their job, complicating the support arrangements.",Family Law
"Mortgages are a common means of financing property purchases, allowing buyers to leverage borrowed funds against the asset acquired.",Property Law
"When an individual is accused of committing a crime, they have the right to a fair trial, which includes a jury of peers who will determine their guilt or innocence based on the evidence presented.",Criminal Law
"Felonies are serious crimes that often result in incarceration of more than one year, and the impact of a felony conviction can extend beyond jail time, affecting employment and civil rights.",Criminal Law
"As the artist struggled to reclaim her rights over the song she had written years ago, the complexities of copyright law loomed large, determining her ability to profit from her own creation.",Intellectual Property Law
"After multiple offenses, the court decided to impose a stricter sentencing for repeat offenders to deter further criminal behavior in the area.",Criminal Law
The battle over the rights to a popular movie franchise revealed the intricacies of licensing agreements and the importance of protecting creative works from unauthorized use.,Intellectual Property Law
"In the case of a lease dispute over rental payments and maintenance responsibilities, the landlord asserted that the tenant failed to comply with the stipulated conditions in the rental agreement. This matter requires a thorough examination of the contract details.",Contract Law
"As technology continues to advance, legislators are faced with the challenge of updating existing laws to address new forms of intellectual property, such as those arising from artificial intelligence and blockchain innovations.",Intellectual Property Law
"In a landmark case, the Supreme Court determined that state laws restricting voting rights must adhere to the principles of equity and fairness, emphasizing equal protection under the law.",Constitutional Law
"Countries participating in the trade agreement agreed to resolve disputes through an international tribunal, highlighting the importance of cooperative global governance.",International Law
"In a landmark case, the Supreme Court ruled that the state cannot impose a law that disproportionately affects a particular race, thereby reinforcing the principle of equal protection under the law. ",Constitutional Law
"During mediation, the parties discussed the potential for shared parenting responsibilities, exploring how to balance work schedules and childcare duties without disrupting the children’s routines or emotional well-being.",Family Law
"After an intense investigation, the authorities discovered a network of individuals involved in drug trafficking, leading to multiple arrests and significant charges.",Criminal Law
"As climate change accelerates, the government must implement stricter regulations on carbon emissions to mitigate environmental damage and promote sustainable practices.",Environmental Law
"A plea deal was offered to the defendant, who faced a lengthy prison sentence for aggravated assault; the terms included mandatory community service and therapy.",Criminal Law
A recent ruling highlighted that even verbal agreements can be enforceable if there is sufficient evidence to demonstrate the intent of the parties involved.,Contract Law
"In cases where one party suffers harm due to the actions of another, such as a slip and fall incident in a supermarket, the principles surrounding duty of care and breach are critical.",Tort Law
"The concept of federalism plays a crucial role in disputes where state laws conflict with federal legislation, raising questions about the supremacy clause and its implications.",Constitutional Law
"The unauthorized use of a trademark on a competing product can lead to significant consequences for the infringer, as the brand owner may seek damages and a cease and desist order.",Intellectual Property Law
"The recent treaty signed between multiple nations aims to address climate change through joint efforts and shared resources, emphasizing the need for cooperative governance on a global scale.",International Law
"In light of the new legislation, companies must now conduct comprehensive environmental assessments before initiating any construction projects to minimize harm to ecosystems.",Environmental Law
"In a recent case, a dog owner was found responsible for the injuries sustained by a mail carrier who was attacked while delivering mail, highlighting issues of strict liability.",Tort Law
A plea deal was offered to the suspect in exchange for testimony against his accomplices in a high-profile theft case.,Criminal Law
"The agency failed to comply with the procedural requirements set forth in the Administrative Procedure Act, leading to the invalidation of the rule they instituted.",Administrative Law
"The defendant's negligence in failing to warn of the dangerous conditions on the property led to the plaintiff's injuries, raising questions of liability.",Tort Law
The city has implemented a new zoning law that prohibits construction in flood-prone areas to prevent future environmental disasters and protect local residents.,Environmental Law
"When the city issued a notice for a compulsory purchase of the land, it prompted concerns regarding fair compensation and the rights of the original owners.",Property Law
"After a dog bite incident in the neighborhood, the owner of the dog was sued for not ensuring their pet was properly leashed or restrained. The case underscores the responsibilities of pet owners in preventing harm to others.",Tort Law
Conservationists argued that the new zoning laws should prioritize ecological preservation over industrial development in the region.,Environmental Law
An individual who builds on land without permission from the property owner could face a lawsuit for trespass or even adverse possession after a period of time if they occupy the land openly and continuously.,Property Law
"Following the partial collapse of a building, the tenants argued that the landlord neglected maintenance responsibilities, resulting in damages and injuries which could lead to claims for compensation.",Tort Law
"In cases involving the separation of church and state, legal precedents often refer to interpretations of the First Amendment, highlighting the tensions between religious freedoms and governmental authority.",Constitutional Law
"The court found that the custody arrangement was not in the best interest of the child, leading to a revision of the parenting plan.",Family Law
A recent case involving the extradition of a fugitive raised questions regarding sovereignty and adherence to international agreements.,International Law
"Amendments to the Clean Air Act have been proposed to address the rising levels of pollutants in urban areas, which are affecting public health.",Environmental Law
"In a case where a dog bit a mail carrier, the court had to determine the owner's liability based on whether they had prior knowledge of the dog's aggression.",Tort Law
"When a homeowner decides to sell their property, they must disclose any known defects or liens on the property, as failing to do so can lead to litigation from the buyer after the sale.",Property Law
"A breach of this contract shall include failure to perform under the specified terms, and the non-breaching party shall have the right to pursue all legal remedies available at law or in equity.",Contract Law
"Following a series of violations, a local business is appealing the decision made by the zoning board that restricts its operational hours due to noise complaints from nearby residents.",Administrative Law
"In a recent case, a landlord was held liable when a tenant's guest was injured due to unsafe conditions on the property. This outcome emphasizes the duty of care landlords owe to visitors.",Tort Law
"An executive order was issued last month, affecting the distribution of federal grants to state agencies, aiming to streamline the process and enhance accountability.",Administrative Law
"The principle of non-refoulement prohibits states from returning asylum seekers to their home countries if they face the risk of persecution, highlighting the moral obligations that transcend borders.",International Law
"The impact of organized crime on local communities cannot be overstated, as it often leads to increased violence and a breakdown of public safety protocols.",Criminal Law
"Upon evaluating the case of a disputed boundary, the judge determined that a history of maintenance and use by the neighbor established a prescriptive easement, granting them access to the pathway.",Property Law
"A dispute arises when a developer attempts to build a commercial property in an area zoned strictly for residential use, raising questions about compliance with current land use laws.",Property Law
The new regulations mandate that all construction projects must undergo environmental assessments to evaluate their impact on surrounding wildlife and vegetation.,Environmental Law
"The recent legislative amendments have resulted in changes to how public records requests are handled, prompting discussions about the balance between transparency and confidentiality in governmental operations.",Administrative Law
"The unauthorized use of a song in a viral video prompted the copyright owner to file a takedown notice, highlighting the importance of licensing agreements in protecting artistic content.",Intellectual Property Law
"The divorce proceedings took months, with both parties arguing over the distribution of assets and the care arrangements for their three young children.",Family Law
"In a case where a company accused its competitor of trademark infringement, the court had to weigh the distinctiveness of the brand against potential consumer confusion.",Intellectual Property Law
An administrative hearing was called to address the complaints submitted by local business owners regarding the alleged misuse of funds by the city council in issuing permits.,Administrative Law
"Reports indicate that the suspect fled the scene of a robbery, which led to a high-speed chase with law enforcement.",Criminal Law
"Judicial review is a critical process by which courts can evaluate the constitutionality of legislative acts, a key function of the Supreme Court in maintaining the rule of law.",Constitutional Law
"In recent years, the rise of social media has complicated copyright enforcement, prompting creators to reconsider how they share their works online while still protecting their rights.",Intellectual Property Law
Companies must navigate the complex landscape of patent law to ensure their innovations are adequately protected from potential infringement by competitors or unauthorized third parties.,Intellectual Property Law
"Adoption procedures require a thorough home study and background checks to ensure that the child is placed in a safe and supportive environment, reflecting the best interests of the child involved.",Family Law
"The concept of adverse possession allows a person to claim ownership of land under certain conditions, such as continuous and open use without the permission of the original owner.",Property Law
"An entrepreneur is exploring ways to protect his app's unique algorithms through trade secrets, considering the risks and benefits of patenting versus keeping certain features confidential.",Intellectual Property Law
"Countries engaged in conflict are required to adhere to the Geneva Conventions, which provide guidelines for the humane treatment of prisoners and the protection of civilians during armed conflict. Violations can lead to international tribunals.",International Law
"There was a significant debate over the scope of the Second Amendment during the recent hearings, focusing on individual versus collective rights to bear arms in the context of public safety.",Constitutional Law
"Legal scholars are analyzing the impact of recent international treaties on digital copyrights, particularly how they affect cross-border enforcement of intellectual property rights in an increasingly interconnected world.",Intellectual Property Law
"After a product malfunction led to a customer injury, the manufacturer is being scrutinized for not meeting safety standards, leading to potential claims for damages due to negligence.",Tort Law
"Both parties signed a legally enforceable document that stipulated the specifics of the sale, including the description of the goods and the expected date of transfer. Failure to deliver the goods as mentioned could result in damages being claimed by the aggrieved party.",Contract Law
"Easements can be established by necessity or prescription, and understanding these distinctions can significantly affect property rights during a dispute.",Property Law
"The recent oil spill has raised concerns about its impact on marine life and local ecosystems, prompting a review of existing regulations.",Environmental Law
"The lawsuit revolved around whether the email correspondence constituted a binding agreement, as it contained all essential elements of a contract.",Contract Law
"In the event of abuse, it is crucial for one parent to seek immediate protective orders to ensure the safety of the child, demonstrating a commitment to ensuring a secure home environment.",Family Law
"The defendant was found in possession of illegal substances, which directly violates the state statutes regarding controlled substances.",Criminal Law
"A significant piece of legislation was introduced focusing on reducing plastic waste, aiming to protect marine life and maintain cleaner oceans.",Environmental Law
"The court ordered joint custody of the children, emphasizing the importance of maintaining their relationship with both parents despite their divorce.",Family Law
"She filed a petition for guardianship over her younger siblings after their parents were deemed unfit to care for them, citing neglect and financial instability.",Family Law
"Prior to the commencement of services, both parties must execute an agreement that details the scope, payment terms, and responsibilities to avoid any potential disputes during the engagement.",Contract Law
"If any provision of this Agreement is held invalid or unenforceable, the remaining provisions shall continue to be valid and enforceable, reflecting the intent of the parties to uphold their agreement despite any legal limitations.",Contract Law
"In order to enforce the lease agreement, it is essential to establish all parties involved and ensure that all terms are mutually accepted and signed by both parties before the start date.",Contract Law
"International disputes can arise from trade agreements that are contested by member states, leading to arbitration processes to resolve conflicts.",International Law
"In the case of Smith v. Jones, the court ruled that the adverse possession of land requires open, notorious, and continuous use over a period of ten years without the permission of the original owner.",Property Law
"The Secretary of State’s office issued a directive that clarifies the steps businesses must take when applying for state funds, stressing the need for transparency and accountability.",Administrative Law
"The constitutional implications of campaign financing came to the forefront after a high-profile case challenged the limits on contributions, arguing that money equals speech in the political arena.",Constitutional Law
"In a divorce case, the couple struggles to divide their jointly owned property. The court must decide how to equitably split the assets considering both contributions and future needs.",Property Law
"A plea deal was offered to the suspect, who was charged with assault and faced potential prison time depending on the outcome of the trial.",Criminal Law
"The establishment clause has been a focal point in recent debates over public funding for religious schools, as plaintiffs argue such funding violates the separation of church and state that the constitution mandates.",Constitutional Law
"The recent surge in online streaming services has led to ongoing debates concerning fair use and copyright law, particularly regarding user-generated content that includes protected material.",Intellectual Property Law
"A recent case ruled in favor of a small business after it proved that its original design was copied by a larger corporation, emphasizing the value of protecting unique works.",Intellectual Property Law
"Disputes over the Arctic's resources have led to ongoing negotiations among several countries, each implementing their claims based on historical usage and international agreements.",International Law
"The tenant disputes the landlord's decision to increase the rent, claiming that it violates their lease agreement which stipulates fixed rental payments for five years.",Property Law
"The new executive order issued by the governor has sparked debates among civil rights organizations, highlighting the balance between public safety and individual liberties. The order mandates specific protocols that local agencies must follow to enforce it.",Administrative Law
Mediation was suggested as a first step for the couple to resolve disputes over asset division and child custody without the need for a prolonged court battle.,Family Law
"After negotiating for months, both parties finalized the merger agreement which included confidentiality clauses and non-compete stipulations. Each party must ensure they do not violate these provisions or face legal repercussions that could delay the merger process.",Contract Law
"A business owner failed to keep their property clear of ice during winter, resulting in a slip-and-fall injury to a customer. Legal experts are assessing the potential claims that could arise from this case.",Tort Law
"When a contractor fails to complete a project as specified in the agreement, the client can seek legal remedies including compensation for additional costs incurred due to the delay.",Contract Law
The unauthorized reproduction of a popular online course by a rival educational platform has led to discussions about the limits of fair use in an increasingly digital marketplace.,Intellectual Property Law
"Many states have enacted laws that require voter ID at polls. However, these laws are being challenged in court, with plaintiffs arguing that they disproportionately disenfranchise marginalized communities, thereby infringing upon their voting rights as protected by the constitution.",Constitutional Law
"The establishment of the International Criminal Court was aimed at holding individuals accountable for crimes against humanity, genocide, and war crimes committed during conflicts.",International Law
"The agreement between the supplier and retailer included clear terms regarding delivery timelines, but unforeseen circumstances caused a breach, prompting legal action to determine liabilities.",Contract Law
"The initiative to clean up the river has brought together various organizations, highlighting the necessity of cross-sector collaboration in addressing pollution and restoring natural habitats.",Environmental Law
"In cases where a suspect is caught in possession of illegal substances, law enforcement must follow protocols to ensure that evidence is admissible in court. This includes proper documentation and handling to avoid violations of rights.",Criminal Law
"In the realm of digital innovation, the patent filed by XYZ Corp for its new algorithm is crucial for maintaining its competitive edge in the tech market. This highlights the importance of safeguarding inventions through patents.",Intellectual Property Law
"A dispute has arisen between the state and a mining company over land use rights, focusing on the balance between economic benefits and environmental protection.",Environmental Law
"A driver, while distracted by their phone, caused an accident that injured another motorist, leading to discussions about liability and the implications of negligence in daily activities.",Tort Law
"Local municipal regulations require all small businesses to register with the city council before commencing operations, illustrating the intersection of business licenses and administrative procedures.",Administrative Law
"The recent increase in wildfires has prompted legislators to re-examine land use policies, balancing economic development with ecological preservation.",Environmental Law
"In a recent decision, the administrative judge found that the agency's actions were not arbitrary and capricious, reinforcing the importance of procedural fairness in government operations.",Administrative Law
"The agency's decision to deny the permit for the construction project was based on the environmental assessments submitted, which indicated potential risks to local wildlife habitats.",Administrative Law
An individual is pursuing a claim against a medical facility for negligence after a misdiagnosis led to significant health complications. This case will explore whether the standard of care was met by the healthcare providers involved.,Tort Law
"Due to a severe drought, farmers are facing legal action from environmental groups for excessive water usage, which they claim is harming local aquatic habitats.",Environmental Law
"The mayor's office is under scrutiny after allegations surfaced about conflicts of interest in the awarding of contracts for public works projects, prompting an investigation by the oversight committee.",Administrative Law
"The recent amendments to the Clean Air Act focus on reducing emissions from industrial sources, aiming to mitigate the impact of air pollution on public health and the environment.",Environmental Law
The vendor's refusal to honor the warranty provisions despite prior agreement raises important questions regarding remedies available for the buyer under the law governing sales transactions.,Contract Law
"Under the Freedom of Information Act, citizens have the right to request records from governmental agencies, thereby promoting transparency and accountability in administrative functions.",Administrative Law
"A woman was seeking compensation after her employer failed to honor the conditions laid out in her employment contract, which included a bonus plan that was not fulfilled.",Contract Law
"Laws governing the registration of trademarks require applicants to demonstrate that their marks are distinctive and not merely descriptive, a process that can involve substantial legal scrutiny and potential opposition.",Intellectual Property Law
The use of sanctions by one country against another for violations of global treaties illustrates the enforcement mechanisms that exist in international relations.,International Law
"The contractor failed to finish the project on time, raising concerns about liquidated damages outlined in the agreement, which stipulated penalties for delays.",Contract Law
The National Environmental Policy Act mandates that federal agencies prepare environmental assessments for major projects. This process allows for public involvement and consideration of environmental impacts before decisions are made.,Environmental Law
"The recent case of Smith v. Jones highlights the complexities surrounding patent infringement, emphasizing the importance of the originality of an invention and how prior art can significantly impact a case outcome.",Intellectual Property Law
"When a couple decides to adopt, they must navigate through a complex web of legal requirements including home studies, background checks, and biological parent relinquishment.",Family Law
"During the divorce proceedings, it became clear that both parents were unable to reach a mutual agreement regarding the visitation rights of their children, prompting the judge to intervene.",Family Law
"In a landmark case, a technology firm was sued for patent infringement after releasing a product that closely mimicked a competitor's patented technology, raising questions about innovation and originality in the tech industry.",Intellectual Property Law
"The new regulations aim to reduce carbon emissions from industrial facilities, addressing the growing concerns about climate change and air quality.",Environmental Law
"A recent ruling from an appellate court clarified the authority of state agencies in enforcing compliance with regulations concerning hazardous waste disposal, emphasizing the need for transparency and accountability in the agency's operational procedures.",Administrative Law
Legal representatives of the accused argued that the mandatory minimum sentence imposed by the judge sparked discussions on the proportionality of punishment in relation to the crime committed.,Criminal Law
The adoption of the Paris Agreement has sparked discussions about climate justice and the responsibilities of developed nations towards developing countries.,International Law
"Protection of cultural heritage during armed conflict is governed by international agreements, which mandate the safeguarding of significant sites from destruction and looting.",International Law
"The couple’s dispute over child support payments led to a review of the existing financial circumstances, including income changes since the original agreement.",Family Law
"In the case of a breach of agreement, the aggrieved party is entitled to seek damages or specific performance as outlined in the terms they both signed, which serves to protect the interests of both individuals.",Contract Law
Recent amendments to the local building code were instituted to improve safety standards following a series of incidents that raised questions about regulatory enforcement.,Administrative Law
"In a landmark case, the court ruled that an unsigned contract must still be honored because both parties acted in accordance with its terms.",Contract Law
"In a case where a state agency revoked a contractor's license without providing an opportunity for a hearing, the contractor may appeal the decision based on due process violations.",Administrative Law
The government's decision to prioritize renewable energy sources over fossil fuels is seen as a significant step towards sustainable development in the region.,Environmental Law
"The attorney prepared the necessary documents for the client's child support claim, ensuring that all financial disclosures were included for the court's review.",Family Law
"The negotiators focused on the implications of environmental standards in cross-border agreements, demonstrating the intricate balance between trade liberalization and ecological preservation.",International Law
"New legislation requires companies to file environmental impact assessments before proceeding with large projects, aiming to protect ecosystems that could be affected by urban development.",Environmental Law
"Landowners in this region are required to obtain permits before altering the natural landscape, ensuring that local waterways remain protected from pollution.",Environmental Law
The defendant was charged with theft after being caught on surveillance footage inside the store.,Criminal Law
"The jury deliberated for several days before reaching a verdict in the case of manslaughter, where the defendant claimed to have acted out of fear during a confrontation after a long history of violence.",Criminal Law
"In a landmark decision, the Supreme Court ruled that the police cannot conduct a search and seizure without a warrant unless an emergency situation arises.",Criminal Law
"The Equal Protection Clause has been a fundamental aspect of various landmark rulings, such as Brown v. Board of Education, which addressed racial segregation in public schools and highlighted the importance of equal treatment under the law.",Constitutional Law
"A plea bargain was reached in which the defendant agreed to testify against his accomplices in exchange for a reduced sentence, a common practice in the legal system to ensure that justice is served more efficiently.",Criminal Law
"In cases where boundary disputes arise, the courts generally rely on established property lines, as described in recorded deeds.",Property Law
"In a case involving the local health department, several businesses have challenged the new sanitation regulations imposed during the pandemic. The businesses claim that the regulations were enacted without proper public consultation, potentially violating their rights.",Administrative Law
"The complaint filed by the small business against the zoning board highlighted procedural errors in how public input was handled during the permit approval process, raising questions about fairness and transparency.",Administrative Law
"A man faces serious allegations of assault, with witnesses providing conflicting accounts of the events leading up to the incident.",Criminal Law
"When an artist created a piece that closely resembled a popular comic character, the legal battle over copyright infringement sparked debates about originality and fair use.",Intellectual Property Law
"In a recent court ruling, the judge emphasized that adverse possession claims must be supported by continuous and open use of the property for a specified period.",Property Law
"In a divorce proceeding, the court must decide how to fairly distribute the marital assets accumulated during the marriage. Factors such as the duration of the marriage and each party's contributions are taken into account to ensure an equitable settlement.",Family Law
Land use regulations often require environmental impact assessments before construction projects can begin. This process allows for thorough analysis of potential ecological harm and community feedback before development proceeds.,Environmental Law
"With significant investments at stake, both parties in the joint venture must carefully review the contract to ensure that all roles, responsibilities, and profit-sharing arrangements are clearly defined to avoid future conflicts.",Contract Law
"In response to claims of unlawful search and seizure, the defense asserted that the Fourth Amendment was violated, emphasizing the need for warrants based on probable cause.",Constitutional Law
"An agreement was reached whereby the attorney would represent the client for a flat fee, covering all court appearances and associated filing fees, reflecting the mutual understanding of expectations.",Contract Law
"In a recent ruling, the Supreme Court evaluated the legality of gerrymandering, emphasizing that electoral district maps must adhere to principles that reflect the population's fair representation.",Constitutional Law
"In a recent ruling, the international tribunal found that the defendant's actions in the contested waters violated established treaties, leading to significant diplomatic tensions.",International Law
"The parties negotiated a memorandum of understanding, outlining key responsibilities and expectations, prior to drafting a formal agreement to ensure mutual understanding.",Contract Law
"The principle of non-refoulement, which prohibits the return of refugees to places where they face threats, is a key component of international refugee law.",International Law
"A challenge to the new tax regulations has been brought forth by a coalition of small businesses, alleging that the changes disproportionately burden the economically disadvantaged.",Administrative Law
"The company was fined for releasing untreated wastewater into the river, violating federal regulations meant to protect aquatic ecosystems.",Environmental Law
"During the public hearing, community members voiced their concerns over the proposed environmental assessments required for new construction projects, drawing attention to the regulations governing such reviews.",Administrative Law
"This Memorandum of Understanding serves as a preliminary agreement between the parties, establishing a framework for future negotiations and outlining the intent to formalize contracts upon mutual satisfaction.",Contract Law
"A complaint was filed against a state agency for failing to respond to public records requests within the legally mandated time frame, raising questions about accountability.",Administrative Law
"The judge ruled that the evidence obtained during the illegal search was inadmissible in the case against the alleged murderer, setting a precedent for future cases.",Criminal Law
"When a person is harmed by a defective product, such as a malfunctioning electronic device, they may pursue action against the manufacturer for failing to ensure its safety.",Tort Law
"A case brought to the appellate court regarding voting rights highlighted disparities in voter ID laws, prompting a discussion on the impact of historical amendments on current electoral processes.",Constitutional Law
"In an ongoing lawsuit, a musician claims that a popular streaming service unlawfully distributed remixes of his copyrighted tracks without permission, potentially undermining his income and artistic control.",Intellectual Property Law
"The United Nations has established various treaties to regulate the conduct of nations towards one another, ensuring peace and stability in international relations.",International Law
"In a landmark case, the Supreme Court ruled that the federal government has the authority to regulate water pollution under the Clean Water Act, reflecting the necessity to preserve natural resources.",Environmental Law
"During the trial, the prosecution presented compelling evidence that the defendant had breached multiple laws while evading arrest, thereby complicating his legal standing.",Criminal Law
"A university faced challenges when a professor published research that inadvertently breached commercial confidentiality agreements with a private sector partner, raising alarms about research ethics.",Intellectual Property Law
"The defendant was found in possession of illegal substances, which led to the prosecution's arguments regarding the violation of drug laws.",Criminal Law
"Disputes arising from international trade agreements often lead to cases before the World Trade Organization, where nations can seek rulings on compliance and damages related to unfair trade practices and tariffs.",International Law
"A complaint has been filed against a local agency for failing to provide adequate public notice for a proposed change in land use, indicating potential breaches of procedural requirements.",Administrative Law
"During negotiations for the merger, both companies drafted preliminary agreements outlining the terms, but the failure to formally execute the final contract led to disputes over liability.",Contract Law
"In a landmark case, the court held that a company's logo was distinctive enough to warrant trademark protection, highlighting the importance of branding in commerce.",Intellectual Property Law
"The lease agreement stipulates that tenants must provide written notice at least 30 days before vacating the property to avoid automatic renewal of the lease term, ensuring both parties are clear on the terms of occupancy.",Contract Law
"During a family gathering, a child accidentally injured another while playing without supervision. This incident sparked a debate over parental responsibility and the potential for civil liability in accidents involving minors.",Tort Law
The impact of sanctions on trade policies highlights the complexities of enforcing international law in a rapidly changing geopolitical landscape.,International Law
The rise of artificial intelligence has prompted discussions on copyright ownership. Questions arise regarding whether the creator of the algorithm or the user who generates the content has the rights to the output produced by AI systems.,Intellectual Property Law
The defendant was apprehended on suspicion of theft after surveillance footage captured the individual leaving the store without paying for the merchandise.,Criminal Law
"The recent increase in federal oversight on data protection has prompted various state agencies to revise their compliance strategies, showing a trend towards stricter enforcement of privacy laws.",Administrative Law
"The right to a fair trial, as outlined in the Sixth Amendment, ensures that individuals accused of crimes receive an impartial jury and the opportunity to defend themselves, underscoring fundamental principles of justice.",Constitutional Law
"The divorce decree stipulated that both parties would share joint legal custody of their children, allowing them to make important decisions regarding education and healthcare together, while one parent would have primary physical custody with specified visitation rights for the other.",Family Law
"The administration's new policy on renewable energy aims to decrease reliance on fossil fuels, a move supported by numerous studies linking traditional energy sources to environmental degradation.",Environmental Law
"Questions surrounding the enforcement of federal regulations on air quality led to a comprehensive review of existing policies, sparking debates among local businesses and environmental advocates.",Administrative Law
"The right to free speech is a fundamental aspect of democracy, ensuring that individuals can express their opinions without government interference. Courts often examine the balance between this right and the need for public order.",Constitutional Law
"A recent conflict arose when a nation implemented sanctions on another for its actions in a contested region, raising questions about the legality of such measures under international law norms.",International Law
"Witnesses testified about the violent altercation that resulted in charges against the assailant, raising concerns about public safety in the community.",Criminal Law
"A protective order was issued to prevent any further contact between the parties involved in the domestic dispute, taking into consideration previous instances of domestic violence and the safety of the minor children.",Family Law
"An environmental watchdog group raised alarms about the lack of transparency in the decision-making process related to land use permits. They have filed a formal complaint with the state administrative agency, seeking to obtain records of the proceedings.",Administrative Law
"Boundary disputes often arise between adjacent property owners, particularly regarding fences or other structures that may encroach upon one another's land.",Property Law
"After being bitten by a neighbor's dog, the victim pursued a legal remedy arguing that the owner failed to control their pet and was negligent in preventing the attack.",Tort Law
"A group of citizens is challenging the local government's decision to allow the deforestation of protected lands for a new shopping center, citing detrimental effects on biodiversity.",Environmental Law
"In the event of a merger, the acquisition agreement must cover all liabilities owed to third parties, protecting the interests of the acquiring company as stipulated in the joint venture documents.",Contract Law
"Issues of spousal support arise frequently in divorce cases, particularly when one spouse may have sacrificed their career for the family. The court assesses factors such as the length of the marriage and the standard of living during the marriage to make a fair decision.",Family Law
"Local communities have filed lawsuits against companies responsible for excessive waste dumping, arguing that it violates their rights to a clean environment and damages property values.",Environmental Law
"The recent ruling on voting rights has highlighted the importance of equal access to the ballot, ensuring that no citizen can be disenfranchised due to race or socioeconomic status.",Constitutional Law
"An individual challenging the legality of a curfew enacted without legislative approval cited the Fourteenth Amendment, arguing it infringed on their liberty without due process.",Constitutional Law
"In a shocking turn of events, the defendant was caught on camera committing a robbery at a local bank, which raised questions about their prior criminal record.",Criminal Law
Issues surrounding piracy on the high seas have prompted nations to collaborate on legislation and joint naval operations to ensure safety and enforce laws beyond territorial waters.,International Law
"During the public forum, community members expressed their frustrations regarding the slow response from the regulatory agency to address issues of housing discrimination, urging for more accountable governance.",Administrative Law
"Under local ordinances, any construction on a property must adhere to building codes and safety regulations, failing which penalties may be imposed.",Property Law
"The trade negotiations between countries often hinge on international regulatory standards, which dictate how products can be marketed and sold across borders.",International Law
"Residents have reported a noticeable decline in air quality due to the nearby cement plant's operations, leading to potential health risks for the community.",Environmental Law
"Family courts often deal with cases involving guardianship, where individuals petition to take over the caregiving responsibilities for minors or incapacitated adults. The best interest of the dependent is always the guiding principle in such decisions.",Family Law
"Judicial review allows courts to assess the validity of legislative acts, ensuring they conform to the higher law of the constitution, a power established in Marbury v. Madison.",Constitutional Law
The recent oil spill has mandated the company to take immediate action to prevent further environmental degradation and comply with federal regulations.,Environmental Law
The debate over the legality of software licensing agreements continues as courts grapple with the enforceability of clickwrap contracts in a digital age where users often fail to thoroughly read the terms before accepting them.,Intellectual Property Law
"A landlord faced a lawsuit when a tenant was injured because of a lack of proper maintenance in the building, questioning the legal responsibilities landlords have towards their tenants.",Tort Law
"Following the altercation, the judge issued a temporary restraining order while assessing the allegations of domestic violence within the household.",Family Law
"The humanitarian crisis in conflict zones often leads to discussions about the responsibilities of nations under international humanitarian law, particularly concerning the protection of civilians.",International Law
Fines imposed on the company for illegal dumping demonstrate the strict enforcement of laws designed to safeguard public health and the environment.,Environmental Law
"A group of citizens filed a complaint against the local government for allowing a factory to be built near a protected wetland, arguing it violates their right to a clean environment.",Environmental Law
"A public hearing was held regarding the new regulations for health and safety inspections, where citizens expressed their concerns about the process and transparency of decision-making.",Administrative Law
"As immigration laws evolve, courts must consider constitutional protections for individuals facing deportation, focusing on the rights of due process and equal protection under the law.",Constitutional Law
The recent decision by the zoning board to deny the permit for the new shopping center has raised concerns about the legality of such administrative decisions. Advocates argue that the board did not follow proper protocol in assessing environmental impacts.,Administrative Law
"A local artist is seeking relief after discovering that a major corporation used her artwork in an advertising campaign without consent, highlighting the necessity for stronger protections against unauthorized usage of creative works.",Intellectual Property Law
"As the parents disagreed on the upbringing of their child, they sought mediation to address differing views on education and healthcare, hoping to reach a compromise that would support the child's needs.",Family Law
"In the context of armed conflict, the principles of proportionality and necessity guide how states should conduct themselves, ensuring that military actions are justified under international humanitarian laws.",International Law
"When a contractor failed to adhere to the safety regulations during renovations, a worker sustained injuries that could have been easily avoided. Pursuing compensation in such scenarios often involves proving negligence and the breach of duty.",Tort Law
The United Nations plays a critical role in facilitating peace talks and establishing frameworks that govern relations between sovereign states.,International Law
"In a landmark case, the court ruled that the defendant's reckless behavior directly resulted in the harm suffered by the victim, establishing a clear link between the action and the injury.",Tort Law
"An individual can be prosecuted for conspiracy if they agree with another party to commit a crime, even if the crime was not executed.",Criminal Law
"In the case of State v. Johnson, the court ruled that the evidence obtained during the illegal search could not be used against the accused, highlighting the importance of constitutional protections.",Criminal Law
"In a recent case, the court ruled that the evidence obtained during the police stop was inadmissible as it violated the suspect's Fourth Amendment rights.",Criminal Law
"The zoning laws in the city prohibit any commercial development on residential lots, a regulation designed to maintain the character of the neighborhood and prevent overcrowding.",Property Law
"When a neighbor's tree falls on your property due to their lack of proper maintenance, it may lead to disputes over liability and damages incurred, highlighting the complexities of homeowner responsibilities.",Tort Law
"During the public hearing, activists voiced concerns over the proposed construction of the factory near the wetlands, highlighting the potential risks of habitat destruction and water contamination.",Environmental Law
"Disputes over campaign financing often reach the Supreme Court, which must balance interests of free speech with concerns about corruption and undue influence in the electoral process, challenging existing interpretations of constitutional protections.",Constitutional Law
A suspect was apprehended following a high-speed chase that ended with a car crash; he was later found in possession of illegal firearms and narcotics.,Criminal Law
"As the global market expands, businesses must adapt to varying international laws regarding intellectual property, which can create challenges for brands trying to protect their assets across borders.",Intellectual Property Law
A recent treaty on climate change negotiated by multiple nations addresses their obligations to reduce greenhouse gas emissions and promotes cooperation in environmental protection.,International Law
"The licensing agreement specifies the terms under which a company can use a patented technology, emphasizing the need for clear communication between parties to avoid misunderstandings.",Intellectual Property Law
"In light of the new environmental regulations, the committee is tasked with reviewing existing permits to ensure compliance with the latest guidelines set forth by the state.",Administrative Law
"In a recent ruling, the judge emphasized the importance of maintaining the child's relationship with both parents, despite the ongoing conflict between them.",Family Law
"In recent developments, the court found the accused guilty of manslaughter, highlighting the importance of intent in the prosecution's case.",Criminal Law
"The newly formed committee will oversee the enforcement of rules concerning waste management practices, aiming to ensure compliance with environmental standards set forth by state legislation.",Administrative Law
"When a couple with children decides to separate, mediation is frequently recommended as a way to resolve issues amicably without resorting to litigation.",Family Law
"In the recent summit, world leaders reached a consensus on the critical need for a legally binding framework to tackle climate change, emphasizing cooperation among nations.",International Law
Negotiations for a multilateral treaty on cybersecurity emphasize the need for cooperation among states to address threats in the digital realm effectively.,International Law
Negotiations are ongoing between industrial stakeholders and conservationists to reach a compromise that balances economic growth with sustainable practices.,Environmental Law
"The agency issued a new set of regulations regarding the licensing of public transportation services, which has raised discussions among industry stakeholders about compliance requirements and potential fines.",Administrative Law
The debate over copyright duration has intensified as artists argue that extending the term would allow them to reap benefits from their creations for a longer period of time after their death.,Intellectual Property Law
"The recent changes to zoning laws could impact wetlands conservation efforts, sparking debate among land developers and environmentalists.",Environmental Law
"Legal analysts argue that the new proposed legislation could significantly change how juvenile offenders are treated in the justice system, emphasizing rehabilitation over punishment.",Criminal Law
"When a famous athlete's name and likeness were used without permission in a commercial campaign, the athlete claimed the company violated his right of publicity, prompting a discussion about personal rights in advertising.",Intellectual Property Law
"During the mediation session, both spouses expressed their desires for a fair distribution of assets and time with their children post-separation.",Family Law
"Zoning regulations dictate how land within certain districts can be used, affecting everything from residential living to commercial development, ensuring that property use aligns with community standards.",Property Law
"The proposed mining operation has sparked a heated debate among stakeholders, with environmental activists arguing that it would threaten endangered species habitats and disrupt biodiversity in the region.",Environmental Law
"As technology evolves, the intricacies of licensing agreements become increasingly important, especially when it comes to software distribution and access to proprietary information.",Intellectual Property Law
"In a landmark decision, the court ruled that the right to free speech is protected under the principle of due process, emphasizing that individuals cannot be penalized for expressing dissenting opinions.",Constitutional Law
"A local community filed a lawsuit against the factory for releasing pollutants into the river, citing violation of the Clean Water Act.",Environmental Law
"When two parents from different states were involved in a custody dispute, the court had to analyze jurisdictional issues and the applicability of the UCCJEA to the case.",Family Law
"In a landmark decision, the court recognized the concept of digital ownership, ruling that a person's rights to their online content extend beyond mere creation to include monetary compensation when that content is monetized by others.",Intellectual Property Law
"During the negotiation phase, both parties discussed various clauses that would protect their rights and obligations regarding payment and delivery, demonstrating the complexity of their relationship.",Contract Law
"In a landmark case, the court ruled that software developed by an employee during their employment remained the property of the employer, emphasizing the importance of clear contractual agreements about ownership rights.",Intellectual Property Law
"The debate over fracking continues, with environmentalists arguing that it poses a risk to water sources and contributes to air pollution.",Environmental Law
"After a mix-up in property surveying, the boundary lines were redrawn, causing disputes among adjacent landowners about their rightful areas.",Property Law
"A family purchased a house, but they discovered that the seller had concealed prior flood damage, which could give rise to a claim for breach of disclosure obligations.",Property Law
"The recent case involving a software company and its competitor centers around allegations of patent infringement, raising questions about the originality of the algorithms used in their applications.",Intellectual Property Law
"In a recent decision, the court determined that an individual's right to privacy was violated by a government agency's surveillance activities, emphasizing the importance of personal liberties in the modern age. ",Constitutional Law
"A recent case examined the balance of power between state agencies and local governments, highlighting the intricacies of the decision-making processes involved in public health regulations.",Administrative Law
Transferring property ownership often requires the assistance of a title company to ensure that the transaction adheres to legal mandates and properly records the new ownership.,Property Law
The agency must comply with the procedural requirements established by the Administrative Procedure Act before implementing the new regulations on environmental assessments.,Administrative Law
The new international treaty on climate change aims to hold countries accountable for their carbon emissions and promotes cooperative efforts to combat global warming and its impacts on polar regions.,Environmental Law
"The patent office received numerous applications for the new bioengineered crop, raising concerns about the implications for genetic ownership in agriculture.",Intellectual Property Law
"The grandparents petitioned for visitation rights after their son and daughter-in-law divorced, arguing that maintaining a relationship with the grandchildren was essential for their well-being.",Family Law
A contract dispute arose when a software company accused a rival of copying their proprietary code. The court's decision will likely hinge on whether the copying constitutes fair use or a breach of copyright laws.,Intellectual Property Law
"A lease agreement was signed between the landlord and the tenants, stipulating that any modifications to the property must receive prior written approval from the landlord to ensure compliance with local zoning ordinances.",Property Law
"Witness intimidation claims were brought to light during the trial, resulting in additional charges against the defendant for attempting to undermine the judicial process.",Criminal Law
"Under the Uniform Commercial Code, a seller may be held liable for not delivering goods as specified in the purchase order, even if informal communications suggest a different arrangement was implied.",Contract Law
"The parties involved in the agreement signed the document on the specified date, outlining the obligations of each side with regard to performance and payment terms.",Contract Law
"During the sentencing phase, the prosecution presented evidence of the defendant's prior convictions, arguing that they demonstrated a pattern of reckless behavior that warranted a harsher penalty.",Criminal Law
"An individual injured by a defective bicycle is now pursuing legal action against the manufacturer, arguing that insufficient testing and quality control led to the life-threatening failure of the product.",Tort Law
"In the realm of copyright, the unauthorized reproduction of digital art can lead to severe penalties. Artists must take proactive measures to register their work and ensure their rights are protected against infringement.",Intellectual Property Law
"When dealing with easements, it is crucial to establish the rights of access granted to neighboring properties without infringing on the owner's interests.",Property Law
Government agencies must collaborate with environmental groups to develop sustainable practices that ensure future generations can enjoy clean air and water.,Environmental Law
"Recent cyberattack incidents have raised questions about the applicability of international law in contexts involving cyberspace, demanding new frameworks for cooperation.",International Law
The recent case addressed whether a multinational corporation can be held liable under international environmental regulations for pollution that crosses national borders.,International Law
"During the trial, the defense raised questions regarding the admissibility of evidence obtained without a proper warrant, which could render the charges against the defendant invalid.",Criminal Law
"An employee filed a lawsuit after being injured on the job due to unsafe working conditions, emphasizing the employer's potential failure to adhere to regulations.",Tort Law
"Witnesses reported hearing gunfire outside a popular nightclub, leading to an immediate police response and the discovery of a victim suffering from gunshot wounds.",Criminal Law
"Witness testimonies in the trial highlighted discrepancies in the timeline of events, complicating the prosecution’s argument and potentially exonerating the accused.",Criminal Law
"The defense attorney emphasized that the appellant’s confession was coerced and should be deemed inadmissible in court, challenging the integrity of the legal process.",Criminal Law
"The treaty negotiated between the two countries outlines the responsibilities each nation has regarding the management of shared natural resources, setting a precedent for future agreements.",International Law
"Two companies entered into a joint venture, but the terms were vague, leading to disputes about profit sharing and responsibilities.",Contract Law
"As the internet continues to evolve, so do the challenges of enforcing copyright laws across borders. Jurisdiction issues complicate the enforcement of rights when infringing content is hosted outside of a rights holder's country.",Intellectual Property Law
"Child support calculations can be complex; they typically involve the income of both parents as well as the needs of the child, and adjustments may be made when there are changes in circumstances.",Family Law
"Under recent legislation, the government must conduct thorough environmental impact assessments before approving any major construction projects, ensuring that ecosystems are protected throughout the planning process.",Environmental Law
"Child support obligations can be subject to modification based on significant changes in income or the needs of the child, reflecting the dynamic nature of family responsibilities.",Family Law
"Following the unauthorized lease of the parking spaces, the condominium association took legal action against the tenant, emphasizing the importance of adhering to bylaws concerning property use.",Property Law
"Under the state's zoning regulations, residential properties cannot exceed three stories, which has led to several challenges from homeowners seeking to expand their buildings.",Property Law
"The principle of non-interference in the affairs of sovereign states is crucial for maintaining peace, as established by various international agreements throughout history.",International Law
"After an artist accused a clothing brand of copying her designs, the case underscored the importance of originality and authorship in fashion, prompting discussions on how creative industries protect their work.",Intellectual Property Law
"The nonprofit organization has filed a lawsuit against the state for failing to enforce pollution limits set by federal law, seeking justice for the affected communities.",Environmental Law
A patient files a lawsuit against a hospital after a surgical instrument was left inside her body post-operation. The case brings to light issues of medical malpractice and the standards of care that healthcare providers must meet.,Tort Law
"When addressing paternity disputes, it is crucial to establish legal fatherhood to set responsibilities for support and rights to visitation and custody.",Family Law
"After the gaming company's release of a new title, a lawsuit emerged as a former employee claimed they had been wrongfully excluded from receiving credit for their contributions, raising complex issues of moral rights.",Intellectual Property Law
"In the event of a breach, the aggrieved party retains the right to seek specific performance in lieu of monetary damages, ensuring the fulfillment of the contractual obligations as outlined above.",Contract Law
"In a recent dispute, one party claimed that the other failed to perform under the terms of a service agreement, despite having received the initial payment. This raises questions about what constitutes satisfactory performance as per the original agreement.",Contract Law
"The defendant was charged with theft after being found in possession of stolen property, which raises questions about intent and the circumstances surrounding the acquisition of said property.",Criminal Law
"Disputes regarding the division of marital property arise frequently during divorce proceedings, often requiring additional legal intervention to achieve a fair distribution between the parties.",Family Law
A recent case examined the extent to which social media posts can infringe on an individual's right to privacy. The ruling clarified how digital content sharing interacts with existing copyright protections and personal rights.,Intellectual Property Law
"During the trial, witnesses recounted how they saw the accused fleeing the scene of the crime just moments after hearing gunshots in the neighborhood.",Criminal Law
"The arbitration clause included in the partnership agreement is crucial, as it dictates the procedure to follow in case of a dispute, highlighting the legal obligations of each partner.",Contract Law
"The law stipulates that in cases of paternity disputes, the putative father may be required to undergo genetic testing to determine his legal responsibilities toward the children.",Family Law
"A homeowner was surprised to find out that the fence he constructed along the property line was actually encroaching on his neighbor's land, leading to a dispute over adverse possession claims.",Property Law
"In a case where a child was injured during a poorly supervised school activity, the parents are considering a lawsuit against the school district for negligence and failure to provide adequate supervision.",Tort Law
"Several complaints have been filed against the regulatory body for failing to enforce timely inspections of public facilities, raising questions about accountability and oversight.",Administrative Law
A prosecutor must establish that the defendant acted with malice aforethought to secure a conviction under applicable statutes.,Criminal Law
"Freedom of religion is a cornerstone of American democracy, often tested through legal challenges that seek to balance the rights of individuals with government interests.",Constitutional Law
"In a dispute over a minor's injury at a school event, parents argue that the school's lack of supervision contributed to their child's accident, prompting discussions about the duty of care owed to students during school-sponsored activities.",Tort Law
A recent court ruling affirmed the right of citizens to sue the government for failing to adequately enforce environmental protection laws that safeguard their community.,Environmental Law
"After the merger, both companies found that the terms outlined in the agreement regarding employee retention were vague, leading to disputes over severance packages.",Contract Law
"Under the Vienna Convention, states must adhere to the principles of diplomatic immunity, which are crucial for maintaining peaceful international relations.",International Law
"During a charity event, an attendee slipped and fell on a wet floor that had no warning signs. The venue's management may be liable for negligence due to inadequate safety measures.",Tort Law
"In a landmark ruling, the court emphasized that self-defense claims must be evaluated carefully, taking into account the context and necessity of the force used.",Criminal Law
"During the latest UN summit, member states discussed their obligations under the Paris Agreement, focusing on how international cooperation is essential for combating climate change.",International Law
"In the realm of franchising, the franchise agreement specified the obligations of both the franchisor and the franchisee, detailing the use of trademarks and the support provided. Disagreements over these terms often lead to legal action that centers on the interpretation of the written document.",Contract Law
"A pedestrian was struck by a car while crossing the street, leading to discussions about negligence and responsibility for the injuries sustained.",Tort Law
"When purchasing real estate, it's essential to conduct a title search to ensure there are no liens or encumbrances on the property that could affect ownership rights.",Property Law
"The International Criminal Court has jurisdiction over individuals accused of war crimes, genocide, and crimes against humanity, showcasing the global community's commitment to accountability.",International Law
"In the context of eminent domain, the government has the authority to take private property for public use, provided that just compensation is given to the property owner.",Property Law
The Clean Air Act was invoked in court to demonstrate how the defendant's actions resulted in increased emissions affecting public health.,Environmental Law
"In a recent case, the court ruled in favor of the plaintiff who was injured by a defective product, emphasizing the manufacturer's responsibility to ensure safety and reliability.",Tort Law
"In a recent court ruling, the judge highlighted the importance of clear title documentation when transferring real estate ownership between parties.",Property Law
"A dispute arose when a local artist discovered that a popular brand had registered a trademark resembling her original design without her consent, leading her to seek legal counsel on her rights to the work she created.",Intellectual Property Law
A landmark Supreme Court case addressed whether the state's restrictions on religious practices violated individual freedoms. This decision set a precedent for how similar cases would be judged in the future.,Constitutional Law
The plea agreement included a reduction in charges amidst allegations of coercive interrogation techniques employed by law enforcement during the arrest process.,Criminal Law
"After the estranged couple's divorce, the judge determined that the family home would be equally divided, highlighting the importance of equitable distribution in property disputes.",Property Law
"Following an altercation in a bar, an individual who suffered a head injury is exploring legal avenues to hold the establishment accountable for inadequate security measures.",Tort Law
"During the trial, it was highlighted how the failure to meet delivery timelines constituted a breach of the sales contract, giving rise to potential claims for damages.",Contract Law
"After a thorough audit, the department issued fines to the company for failing to adhere to zoning laws, highlighting the importance of compliance in local governance.",Administrative Law
"After reviewing the evidence, the judge decided to dismiss the charges due to insufficient proof of the defendant's involvement in the alleged crime.",Criminal Law
"A recent report from the United Nations emphasizes the need for comprehensive regulations regarding transnational pollution and its effects on neighboring countries, ultimately pushing for a more unified global response.",International Law
"An employee was wrongfully terminated after reporting unsafe working conditions, prompting her to file a lawsuit against her former employer for retaliation and damages.",Tort Law
"The city council's refusal to grant a variance for a local restaurant has led to a situation where the owner is considering a legal challenge, alleging that the council's actions were arbitrary and not based on solid regulatory grounds.",Administrative Law
"Disputes over domain names can escalate quickly, especially when trademarks are involved; resolving these conflicts often calls for arbitration or complex legal proceedings.",Intellectual Property Law
A woman is suing her neighbor for damages after their dog attacked her and caused severe wounds. This case raises questions about the owner's responsibility for their pet's behavior.,Tort Law
"In a groundbreaking decision, a court ruled that a tech company could not copyright its coding techniques, emphasizing the importance of innovation while protecting original works.",Intellectual Property Law
"In a recent case, a customer slipped on a wet floor in a grocery store and sustained an injury. The store failed to put up 'Wet Floor' signs, leading to a discussion on liability and duty of care.",Tort Law
"In an international trade dispute, the enforcement of intellectual property rights in different jurisdictions was analyzed, revealing significant discrepancies in protection standards and the implications for global commerce.",Intellectual Property Law
"Following a fall at an amusement park, a visitor is seeking to hold the park accountable for lack of safety measures. This case emphasizes the importance of maintaining adequate safety protocols to prevent injury.",Tort Law
"In light of recent global events, an analysis of how international sanctions affect trade relationships has become increasingly relevant to policymakers and economic analysts alike.",International Law
"If one party decides to unilaterally amend the terms of a service agreement without the consent of the other, they risk facing legal repercussions for altering the binding terms of their original deal.",Contract Law
"After an accident at a construction site, workers are weighing their options to seek compensation for injuries, citing potential violations of safety regulations as a basis for their claims.",Tort Law
Environmental activists argued that the proposed pipeline project would violate the rights of indigenous tribes by threatening their land and water resources.,Environmental Law
"When considering extradition requests, courts weigh the validity of international treaties against domestic legal standards, requiring a nuanced understanding of both realms.",International Law
"When discussing the Equal Protection Clause, it is vital to understand how it prohibits states from denying any person within its jurisdiction the equal protection of the laws, which has been a focal point in cases concerning discrimination.",Constitutional Law
"A recent ruling emphasized the importance of protecting trade secrets within corporate environments, showcasing how sensitive business information must be safeguarded against competitors.",Intellectual Property Law
"During the summit, leaders discussed the implications of trade agreements that cross national borders, reinforcing the need for adherence to international trade laws and practices.",International Law
"After extensive studies, scientists concluded that the pesticide used in the region has significantly contributed to the decline of bee populations, prompting calls for stricter agricultural regulations.",Environmental Law
A woman suffered damages after a product she purchased exploded due to a manufacturing defect. Her legal team is evaluating the possibility of a lawsuit against the manufacturer for product liability and negligence.,Tort Law
"In order to comply with federal standards, the local board must conduct regular audits of its operations and submit reports detailing its adherence to the established administrative guidelines.",Administrative Law
"Following the armed conflict, international observers monitored the ceasefire agreement to ensure all parties adhered to the stipulated terms, thereby reinforcing global peace efforts.",International Law
"Mediation has become a popular alternative to litigation in family disputes, allowing couples to agree on parenting plans without going to court.",Family Law
"Despite the defendant's claim of innocence, the evidence presented during the trial clearly showed a pattern of theft over the past year.",Criminal Law
The new legislation aims to address human trafficking by establishing harsher penalties for offenders and enhancing victim support services in the community.,Criminal Law
"The city council's decision on the new traffic regulations was heavily influenced by public hearings, where citizens expressed their concerns about safety and traffic flow.",Administrative Law
"The negotiations for the Kyoto Protocol involved lengthy discussions about emissions targets and responsibilities among developed and developing nations, illustrating the complexity of global environmental governance.",International Law
A car accident caused by a distracted driver left multiple people injured. The victims are seeking compensation for medical bills and pain and suffering as the driver was clearly negligent.,Tort Law
"A divorce settlement can include provisions for spousal support, which may be temporary or permanent, depending on various factors such as the length of the marriage and the financial status of each party.",Family Law
"Trade agreements often include clauses that require dispute resolution mechanisms involving international arbitration rather than local courts, ensuring a more neutral approach to commercial conflicts.",International Law
"Under the Vienna Convention, states are required to adhere to the agreements they make, which entails respecting sovereignty and territorial integrity of other nations.",International Law
"The state has recently updated its regulations regarding business licenses, requiring all applicants to submit additional documentation reflecting their financial standing and compliance history.",Administrative Law
"Consideration of the Equal Protection Clause arises in cases where laws disproportionately impact specific groups, leading to potential discrimination claims.",Constitutional Law
"The police officer's failure to read the suspect their rights upon arrest led to the dismissal of the confession, emphasizing the significance of due process in criminal proceedings.",Criminal Law
The recent changes in the zoning regulations by the council have created confusion among local businesses about their operational hours and compliance requirements.,Administrative Law
"Proposed legislation aims to increase penalties for illegal dumping of hazardous wastes, emphasizing the government's commitment to safeguarding public health and environmental quality.",Environmental Law
"Disputes over voting rights often lead to litigation, where plaintiffs argue that laws passed to restrict access to polls disproportionately affect certain groups, highlighting issues of equality and representation.",Constitutional Law
The role of the United Nations in mediating conflicts and promoting peace treaties showcases the importance of established diplomatic protocols in preventing escalations.,International Law
"When two businesses entered into a merger agreement, the failure of one to disclose essential financial information led to a claim for damages based on breach of fiduciary duty and trust.",Contract Law
"Recent amendments to state constitutions reflect societal changes, demonstrating how constitutional provisions can evolve to address contemporary issues like same-sex marriage and healthcare access.",Constitutional Law
"Under the Vienna Convention on the Law of Treaties, nations are obligated to adhere to agreements made on behalf of their governments, which can impact their domestic policies significantly.",International Law
"Judicial review empowers the courts to invalidate laws that conflict with the overarching principles established in the nation's founding document, ensuring that all citizens have recourse against unconstitutional statutes. ",Constitutional Law
"An individual who experienced emotional distress due to false accusations made by a neighbor may have grounds to file a lawsuit for defamation, depending on the circumstances surrounding the statements made.",Tort Law
John had been bitten by his neighbor's dog while walking through the community park. The legal questions surrounding the owner's responsibility for their pet's actions can bring forward issues of liability in animal attacks.,Tort Law
"After purchasing a piece of land, the buyer found out that there was an old easement agreement that granted the neighboring property owner access for maintenance. This has led to complications regarding use of the property.",Property Law
"Negotiations for licensing agreements often require both parties to thoroughly understand their rights and obligations under the existing patent laws, ensuring fair compensation for creators.",Intellectual Property Law
The residents of a neighborhood are gathering evidence to support that a local factory's waste disposal practices are causing health issues. Legal consults are being arranged to explore options for holding the factory accountable for harm caused to the community.,Tort Law
"Paternity tests may be requested during divorce or custody cases to determine biological connections, impacting child support and custody arrangements significantly.",Family Law
"The commission will review all applications for the new operating permits and ensure they align with both state regulations and federal standards, particularly concerning safety protocols.",Administrative Law
"The non-compete clause in her employment agreement has raised questions about its legality and the duration that may be considered reasonable under state law, which could affect her future job prospects.",Contract Law
"Voting rights have been a contentious issue, particularly in regard to legislation that limits access to the polls, raising questions about adherence to constitutional principles.",Constitutional Law
"The ongoing negotiations regarding the licensing of a software patent have brought to light the complexities involved in determining fair royalties, demonstrating the multifaceted nature of intellectual property agreements.",Intellectual Property Law
"Disputes arising from international contracts may lead to arbitration, requiring parties to consider various treaties that govern such processes.",International Law
"The tech startup faced legal challenges due to allegations of trade secret theft, where a former employee allegedly leaked proprietary algorithms to a competitor, raising questions about the enforceability of non-disclosure agreements.",Intellectual Property Law
"After the new policy was proposed, many residents voiced concerns over its implications, prompting the agency to reconsider its approach and possibly hold a public comment period.",Administrative Law
"The couple reached a prenuptial agreement outlining their respective financial responsibilities and property division in the event of a divorce, reflecting their desire for clarity and protection.",Family Law
"Judicial review allows courts to examine and invalidate laws that are found to contradict the constitutional framework established by the founding documents, influencing the balance of power among government branches.",Constitutional Law
"The ongoing debate about trademark dilution is now more pertinent than ever. Businesses must navigate the fine line between brand recognition and potential confusion among consumers, which can lead to costly litigation.",Intellectual Property Law
"In recent discussions, lawmakers are considering reforms to improve protections for digital content creators against unauthorized distribution, amid concerns over the viability of the current framework.",Intellectual Property Law
"In a landmark case, the court upheld that indigenous rights must be respected in any environmental planning processes impacting their territories.",Environmental Law
"In a custody dispute, the court must consider the best interests of the child when determining who will have physical and legal custody.",Family Law
"Companies must comply with various environmental regulations regarding waste disposal. Failure to adhere can result in hefty fines and legal repercussions, highlighting the importance of due diligence in environmental compliance.",Environmental Law
"Environmental impact assessments are often required before any development project can proceed, ensuring that property use complies with local regulations aimed at protecting natural resources.",Property Law
"A trademark dispute arose when two companies used similar logos and branding strategies, leading to confusion among consumers regarding the source of goods. The resolution hinged on the assessment of brand recognition and consumer perception.",Intellectual Property Law
The child custody arrangement agreed upon in the divorce proceedings has been a point of contention between the parents ever since they separated last year.,Family Law
"A couple's divorce proceedings included a lengthy discussion about the division of marital property, including the family home and vacation real estate.",Property Law
Disputes over maritime boundaries have led to conflicts that require intervention from international courts to mediate and resolve effectively.,International Law
"An individual challenged the agency's decision regarding the denial of their permit application, arguing that the reasons provided were vague and not in accordance with established protocols.",Administrative Law
"The defendant was found guilty of theft after the jury deliberated for only two hours, highlighting the strength of the evidence presented during the trial.",Criminal Law
"In a case of emotional distress, a person was subjected to harassment at their workplace, leading to severe psychological effects. The legal system's response to such non-physical harm underlines the scope of liability in tort cases.",Tort Law
"The case revolves around a young man accused of vandalizing public property, which includes breaking windows and tagging buildings with graffiti.",Criminal Law
"The estate executor faced challenges in distributing the decedent's real estate, as multiple heirs asserted conflicting claims over the family residence.",Property Law
"When evaluating a child's living situation, a family court judge took into account the mother's mental health history and her ability to provide a nurturing environment, alongside the father’s stable job and absence of any criminal record.",Family Law
"A teenager was charged with vandalism for spray-painting public property, which raised discussions about juvenile justice and rehabilitation versus punishment in the legal system.",Criminal Law
"In the context of state actions, the Constitution requires certain procedures to ensure due process is followed, as seen in various criminal law cases.",Constitutional Law
"In a landmark ruling, the Supreme Court addressed the issue of whether state laws could infringe upon the rights laid out in the Bill of Rights.",Constitutional Law
"An emerging area of concern in global law is the regulation of transnational corporations and their impact on human rights, pushing for new frameworks that hold companies accountable regardless of where they operate.",International Law
"A challenge was filed against the city's ordinance that restricts public protests, claiming it violates citizens' rights to assemble and express their grievances peacefully.",Constitutional Law
"Under the penal code, acts such as assault and battery are defined with specific terms that segregate different levels of intent and harm caused, which can significantly influence sentencing.",Criminal Law
"Due to a breach of the service level agreement, the client is seeking damages for losses incurred as a result of the provider's failure to meet the stipulated service standards.",Contract Law
"The sales agreement contained a clause for arbitration, which became a point of contention when the buyer sought to litigate instead, arguing that the clause was not clearly defined.",Contract Law
"During a backyard barbeque, a guest injured themselves on a broken deck railing, raising questions about the homeowner's duty of care to guests on their property.",Tort Law
The seller's refusal to provide the warranty as promised during the negotiation stage resulted in a breach of the agreement that the buyer relied upon to make the purchase.,Contract Law
"Zoning laws dictate how land can be used, and a violation of these regulations can lead to fines or mandatory cessation of operations for businesses.",Property Law
"The seller guaranteed that the product met certain specifications, but upon delivery, it was evident that it fell short of the agreed standards, prompting a dispute.",Contract Law
"The ongoing litigation surrounding the use of genetic data for research purposes touches on ethical considerations and intellectual property rights, opening discussions about ownership in biogenetics.",Intellectual Property Law
"A lease agreement must outline the duration of tenancy, rental amount, and responsibilities for repairs and maintenance to protect both landlord and tenant rights.",Property Law
"According to longstanding legal principles, any annexations to the land may become part of the real estate, affecting ownership.",Property Law
"The right to bear arms has sparked a heated debate, with various states enacting laws that are challenged in federal courts, arguing over the balance between individual rights and public safety.",Constitutional Law
The recent case involving the unauthorized use of trademarked logos on merchandise has raised concerns about compliance with established brand protection norms.,Intellectual Property Law
"Multinational corporations often navigate a complex landscape of laws when conducting business internationally, raising questions about both compliance and ethical practices.",International Law
"A school district faces a lawsuit after a student was injured during a science experiment gone wrong, raising concerns about the adequacy of training and supervision provided to staff.",Tort Law
"In accordance with zoning laws, the local government has the authority to designate specific parcels for residential or commercial use, affecting how property owners can develop their land.",Property Law
"In a landmark case, a company was held accountable for environmental contamination that harmed local residents, resulting in significant health impacts and subsequent legal action against the corporation.",Tort Law
"In a landmark case, the International Court ruled that a national law cannot contradict obligations undertaken in an international agreement, highlighting the supremacy of international treaties over domestic law.",International Law
"If parents are unable to agree on parenting arrangements, the court may appoint a guardian ad litem to represent the child's interests throughout the proceedings.",Family Law
"The legal implications of a prenuptial agreement were discussed heavily in court, especially concerning the protection of inherited assets during divorce proceedings.",Family Law
"After several witnesses testified, the jury found the accused guilty of assault, resulting in a mandatory minimum sentence as per state regulations.",Criminal Law
"In a recent dispute, the homeowner alleged that the contractor failed to honor the terms outlined in their written agreement, namely the completion date and quality of materials, resulting in significant damages.",Contract Law
"In a recent case, the accused claimed self-defense in a stabbing incident, but the court ruled that the force used was excessive given the circumstances.",Criminal Law
"The agency's recent policy change regarding the regulation of food safety has prompted a wave of public comment, indicating widespread concern over the implications for consumer health.",Administrative Law
"Under state law, homeowners have specific rights regarding the use of land, including zoning restrictions and the ability to contest them.",Property Law
"As a result of the foreclosure proceedings, the previous owner lost their claim to the property, highlighting the necessity for buyers to conduct thorough due diligence before purchasing real estate.",Property Law
An individual's right to due process was debated in a case involving wrongful imprisonment. The principles established by previous rulings were referenced to determine if constitutional protections were upheld.,Constitutional Law
"The effectiveness of the local government’s action on homelessness policies has been brought into question, as advocates argue that more comprehensive solutions are needed beyond regulatory measures.",Administrative Law
"The committee is reviewing appeals from citizens regarding the issuance of permits for new construction in protected areas, citing environmental impacts.",Administrative Law
"A new rule introduced by the environmental protection agency aims to limit emissions from industrial plants, drawing attention from both advocates and opponents of stricter regulations.",Administrative Law
"During a boundary dispute, both neighbors presented conflicting surveys. The court will have to determine which survey is more accurate and whether one party has encroached upon the other's land.",Property Law
"A group of cyclists filed a suit against a city for injuries sustained while riding in poorly marked bike lanes, arguing that the city had a duty to ensure safe passage for all roadway users.",Tort Law
"In a case involving a slip and fall accident at a retail store, the injured party is asserting that the store failed to maintain safe conditions and is liable for the resulting injuries.",Tort Law
"A recent decision reaffirmed the principle that government entities cannot discriminate based on race, reminding us of the historic battles fought for civil rights.",Constitutional Law
"While attending a family barbecue, Mark sustained injuries when a poorly assembled deck collapsed. Legal experts discuss the implications of liability for the homeowner who was responsible for the deck's construction.",Tort Law
"Recent legislation aiming to restrict voting access has faced challenges in court, with opponents claiming it undermines the democratic principles enshrined in the Constitution. ",Constitutional Law
The sale of a house fell through when it was discovered that the seller had not disclosed a significant mold issue. Buyers argued that this failure to disclose amounted to a breach of legal obligations under property sale rules.,Property Law
"Child relocation cases can become contentious, especially when one parent wishes to move away with the child. Courts must consider the impact of such a move on the child's relationship with both parents before making a decision.",Family Law
"A recent audit revealed discrepancies in how funds are allocated for community programs, raising questions about transparency and governance within the administration.",Administrative Law
"Trade secrets play a pivotal role in the competitive landscape of technology. Companies invest heavily in safeguarding confidential information to maintain their market edge, but misappropriation claims often lead to lengthy legal battles.",Intellectual Property Law
"In a recent case, the court examined whether the terms stipulated in the purchase agreement were enforceable, considering the nuances of verbal modifications made by the parties involved.",Contract Law
"As part of his plea agreement, the defendant agreed to testify against his accomplices who were involved in the large-scale theft operation.",Criminal Law
"In cases where a supplier delivers goods that do not meet the standards set forth in a purchase order, buyers may seek damages for any resulting losses.",Contract Law
Water quality regulations set forth by state and federal laws require periodic testing of public water systems. These standards are crucial for ensuring that the water supply remains safe and free from harmful pollutants.,Environmental Law
"A new law has been introduced to address cybercrime, specifically targeting hacking incidents that compromise personal data of individuals and businesses alike.",Criminal Law
"When the client failed to pay the retainers as outlined in their legal service agreement, the attorney was left with no choice but to withdraw from representation, citing breach of contract.",Contract Law
"When confronting counterfeiting, companies must navigate the complexities of both state and federal laws that govern trademark infringement, ensuring their brand integrity is not compromised.",Intellectual Property Law
The plaintiff claims that the defective product caused her injury while using it as intended. The case hinges on whether the manufacturer adhered to safety standards or not.,Tort Law
"In instances where one party misrepresents their intent or capacity to fulfill the promises made in an agreement, the affected party may seek damages for the reliance placed on those statements.",Contract Law
"The First Amendment guarantees citizens the right to free speech, but this right is not absolute, as evidenced by cases involving hate speech and obscenity.",Constitutional Law
"Equal protection under the law has been a pivotal point in civil rights cases, where individuals argue that discriminatory practices violate their constitutional rights, leading to landmark decisions that shape American society.",Constitutional Law
"The ruling from the appellate court highlighted deficiencies in the administrative decision-making process that led to the denial of benefits to eligible workers, emphasizing the need for clearer guidelines and equitable treatment.",Administrative Law
"A recent court ruling highlighted the importance of due process, asserting that individuals cannot be deprived of life, liberty, or property without appropriate legal proceedings.",Constitutional Law
"Key factors in the case include whether the defendant had prior convictions and the circumstances surrounding the alleged crime, which can heavily influence sentencing guidelines.",Criminal Law
The agency's failure to enforce the environmental impact assessments for the new highway project has raised questions about compliance with national standards.,Environmental Law
"In a landmark case, the court ruled that a video game developer's use of a famous character without permission constituted a clear breach of copyright, reinforcing the need for proper licensing agreements in the gaming industry.",Intellectual Property Law
"The United Nations General Assembly adopted a resolution condemning the actions of a member state for its failure to comply with international treaties on human rights, reflecting the global community's stance on accountability.",International Law
"The administrative hearing for the contested regulations on noise levels in urban areas has drawn significant attention from both residents and local business owners, as they seek to understand how these rules will impact community relations and economic activity.",Administrative Law
"Negotiations broke down after one side presented terms that were significantly different from those discussed previously, leaving the written agreement in question.",Contract Law
"The court proceedings began swiftly after the police arrested the individual for breaking and entering, highlighting the seriousness of property crimes.",Criminal Law
"A pedestrian was struck by a delivery truck while crossing the street, resulting in serious injuries. The victim is considering suing the driver and the delivery company for damages related to medical expenses and lost wages.",Tort Law
The copyright infringement case hinged on whether the defendant's use of the plaintiff's song was transformative enough to qualify under fair use standards.,Intellectual Property Law
"An agreement was reached between the heirs of the deceased property owner to partition the land equitably, ensuring that each beneficiary receives their fair share of the estate.",Property Law
The recent amendments proposed by Congress aimed at expanding voting rights have sparked discussions about their adherence to constitutional provisions and principles of democracy.,Constitutional Law
"In situations of domestic violence, the victim may seek a protective order against the abuser, which legally prohibits the abuser from contacting or approaching the victim or their children.",Family Law
"A real estate agent must disclose any known defects in a property to potential buyers, failing which they may be held liable for damages resulting from the sale.",Property Law
"A recent patent application was denied due to the invention being deemed obvious based on prior art, underlining the challenges inventors face in proving the novelty of their creations.",Intellectual Property Law
"The graphic designer successfully sought damages for the unauthorized use of her artwork in a promotional campaign, arguing that her moral rights were infringed upon when her name was not credited.",Intellectual Property Law
"The court's decision to uphold the Affordable Care Act was rooted in interpretations of the commerce clause, reflecting the ongoing struggle to define the limits of federal power.",Constitutional Law
"The city is implementing new property tax assessments that some residents claim are unjustly inflated, prompting discussions about the fairness of current property valuation methods.",Property Law
"In the realm of software development, the question of whether open-source code can be patented has sparked debates among developers, potentially reshaping future practices in coding and collaboration.",Intellectual Property Law
The recent legislation on water conservation aims to mitigate the effects of drought and ensure that agricultural practices align with sustainable water use.,Environmental Law
"In cases involving the separation of church and state, courts have ruled that government funding cannot support religious institutions, maintaining a wall of separation as mandated by the Bill of Rights.",Constitutional Law
"In recent rulings, the Supreme Court has navigated complex issues surrounding the establishment clause, ruling on cases that determine the appropriate relationship between religion and government in public spaces.",Constitutional Law
"The case brought before the court questioned whether a state law that imposed restrictions on voting procedures violated the rights guaranteed by the Constitution, reflecting ongoing debates about electoral access and fairness.",Constitutional Law
"The recent treaty signed by multiple nations aims to protect biodiversity, emphasizing collaborative efforts to tackle transboundary environmental issues and ensure sustainable resource management.",Environmental Law
"During the public hearing, citizens expressed their concerns about the new zoning laws that would affect local businesses and residential areas alike.",Administrative Law
"The lease agreement outlined the conditions under which the tenant could sublet the property, however, the landlord argued that the tenant had breached this clause by not securing prior written consent.",Property Law
"The title of the property was contested in court, as the seller had failed to disclose significant liens against the estate, raising questions about the rightful ownership.",Property Law
"A cyclist is hit by a car while riding on a city street. After the accident, attorneys evaluate the driver's failure to yield the right of way, which could lead to substantial compensation for the victim's medical bills and lost wages.",Tort Law
"A defendant's negligence in maintaining safe premises resulted in a visitor's injury, leading to a claim for damages based on the failure to uphold reasonable care standards.",Tort Law
"Same-sex couples face unique challenges in adoption laws, as some states have varying degrees of acceptance and legal recognition of their parental rights compared to heterosexual couples.",Family Law
"An artist filed a lawsuit against a streaming platform for unauthorized use of her music in promotional materials, claiming that her copyright had been violated without just compensation.",Intellectual Property Law
Recent legislation around campaign finance has sparked debates regarding freedom of expression versus the integrity of elections. The tension between these concepts was evident in various hearings.,Constitutional Law
"In a recent case, the jury had to determine whether the defendant acted in self-defense or if they had committed murder during the altercation.",Criminal Law
"Following a car accident where one driver was texting while driving, the injured party claims the driver was negligent, thus seeking damages for pain and suffering caused by the reckless behavior.",Tort Law
Public protests have raised questions on the limits of assembly rights. Courts are often called to decide if local ordinances infringe on citizens' rights to gather peacefully for causes they support.,Constitutional Law
"Historical documents reveal that the framers of the Constitution were deeply concerned with the potential for tyranny, leading to the establishment of checks and balances that define the federal government's structure. ",Constitutional Law
"After the hurricane, many property owners sought compensation from their insurance companies, arguing that the damage was due to the negligence of the city in maintaining drainage systems.",Property Law
"In an eminent domain case, the city seeks to acquire private land for public use, offering compensation to the owner based on the fair market value of the property.",Property Law
"Boundary disputes often arise due to unclear property lines, leading neighbors to seek mediation or legal adjudication to resolve the issues amicably.",Property Law
"A business owner failed to maintain the safety of their premises, leading to a serious injury of a customer who slipped on a wet floor. This incident raises questions about the duty of care owed to visitors.",Tort Law
"A pet owner was sued when their dog bit a child in the park, creating tension over the defenses available under the state's strict liability laws in animal attack cases.",Tort Law
"When drafting your terms and conditions for online services, remember to include clauses that address liability and dispute resolution to protect both parties in case of disagreement.",Contract Law
"The proposal for a new administrative order aimed at streamlining the approval process for construction permits has met with mixed reactions from developers and local residents, indicating the complexity of balancing interests.",Administrative Law
"After years of litigation, the court decided in favor of the community, mandating the removal of toxic waste from their neighborhood that had been contaminating the soil and water supply.",Environmental Law
"A father filed a petition to modify his visitation rights after learning that his ex-wife was moving out of state, which raised concerns about the impact on his relationship with their child.",Family Law
"Under the doctrine of 'eminent domain', the government has the authority to acquire private land for public use, provided that fair compensation is offered to the landowners affected by the acquisition.",Property Law
"A local health department issued a cease-and-desist order against a company for violating sanitation standards, highlighting the importance of compliance with public health regulations.",Administrative Law
"A coalition of NGOs challenged the government's decision to allow fracking in protected lands, citing potential risks to both soil and groundwater.",Environmental Law
"After a fall caused by a broken sidewalk, a plaintiff seeks compensation from the city for neglecting public safety. The legal focus is on municipal liability for maintaining safe infrastructure.",Tort Law
"The parties involved in this agreement have legally binding obligations to fulfill the terms outlined, including the payment schedule and delivery dates. Any breach could result in litigation, making it crucial to adhere strictly to the terms.",Contract Law
"The homeowner's association has the power to enforce restrictions on the use of common areas, ensuring that residents maintain the aesthetics and integrity of the property.",Property Law
"In response to the alleged violation of a maritime boundary, the countries involved have agreed to resolve the dispute through mediation and arbitration according to established protocols.",International Law
"The due process clause of the Fourteenth Amendment has been used to expand rights for individuals, including protections against arbitrary denial of life, liberty, or property by the state.",Constitutional Law
"The new guidelines for zoning laws now consider environmental impact assessments as a critical part of the approval process for new developments, which marks a shift towards sustainability in urban planning.",Environmental Law
"During a dispute over the sale of a car, the seller's failure to disclose known defects led the buyer to seek legal recourse for breach of warranty, emphasizing the importance of transparency in sales agreements.",Contract Law
"In cases of divorce, the court must consider the best interests of the children above all else when determining visitation schedules and child support obligations.",Family Law
"The framework for assessing penalties against businesses that violate health standards is outlined clearly in the administrative code, reflecting a commitment to public welfare.",Administrative Law
"The judge imposed a sentence of five years in prison for the man convicted of drug trafficking, citing the seriousness of his offenses and the need for deterrence.",Criminal Law
"A confidentiality clause can be crucial in contracts involving sensitive information, ensuring that proprietary data remains protected from unauthorized disclosure.",Contract Law
"The First Amendment guarantees citizens the right to free speech, allowing them to express their opinions without fear of government retaliation, a concept that is continually challenged in today's digital age.",Constitutional Law
"The First Amendment protects citizens' rights to free speech, which has been upheld in numerous court cases, allowing for public demonstrations even when the government disagrees with the content being expressed.",Constitutional Law
"The legal implications of AI-generated works have come to the forefront, particularly in determining authorship and ownership rights as machine learning increasingly produces creative content.",Intellectual Property Law
"In a recent case, the court found that one party breached the terms by failing to deliver goods as promised, leading to damages that needed to be assessed.",Contract Law
"The parties involved agreed to swap their goods, but only one delivered their portion of the bargain, leading to complications and complaints about the lack of performance on the agreement.",Contract Law
"In a recent case, the court examined the issue of adverse possession, determining that the long-standing use of the property by the claimant established a legal claim despite the landowner's objections.",Property Law
"The South China Sea dispute exemplifies ongoing tensions between countries regarding territorial waters, where historical claims intersect with modern international law.",International Law
The oversight board is currently reviewing the administrative processes involved in the allocation of federal funds to ensure compliance with state statutes and regulations.,Administrative Law
"A teacher appealed the school district's decision to revoke her teaching license, claiming that due process was not afforded to her during the disciplinary proceedings. The hearings raised questions about the standards of evidence required for such administrative actions.",Administrative Law
"A recent case highlighted nuances in grandparent visitation rights, prompting discussions about how best to balance family unity with the rights of biological parents.",Family Law
"The first amendment protects our right to free speech, preventing the government from imposing undue restrictions on our ability to express ideas, no matter how controversial they may be.",Constitutional Law
"Sentencing reform is being debated in many states, with calls for re-evaluation of mandatory minimum sentencing laws that critics argue lead to disproportionate punishment.",Criminal Law
"After years of marriage, a couple decided to separate, prompting discussions about the equitable distribution of their shared assets, including their home, retirement accounts, and debts accumulated during the marriage.",Family Law
"When parents separate, they must navigate issues concerning child custody and visitation rights, which are critical in ensuring the welfare and stability of their children.",Family Law
"The new legislation will impose harsher penalties for individuals caught driving under the influence of alcohol or drugs, aiming to reduce traffic fatalities.",Criminal Law
"The lease agreement stipulates that the landlord must provide maintenance for the common areas of the building, ensuring that all tenants have access to a safe and functional environment.",Property Law
"Community members have expressed frustration with the lengthy approval process for new construction projects, citing a lack of communication from local government officials.",Administrative Law
"In a landmark case, the defendant's right to a fair trial was questioned after local media coverage influenced public opinion, showcasing the intersection of criminal proceedings and media responsibility.",Criminal Law
"In a case involving adoption, the court examined whether the prospective parents met all eligibility criteria as set forth in state regulations before granting the petition.",Family Law
"During an online transaction, the website's terms and conditions clearly stated that the buyer's acceptance of the terms constitutes a legally binding agreement. This situation showcases the enforceability of digital contracts and the importance of clearly outlining all terms to avoid future disputes.",Contract Law
"The landlord is required to provide habitable premises according to the lease agreement, and failure to do so may result in legal actions to reclaim any damages incurred by the tenant.",Property Law
"The recent rise in sea levels due to climate change has prompted a reevaluation of coastal zoning regulations, emphasizing the need for stricter construction policies in these vulnerable areas.",Environmental Law
"The treaty between the two nations outlines the responsibilities for environmental protection and resource allocation in the disputed territories, emphasizing the need for cooperative approaches to international disputes.",International Law
"A recent study indicated that plastic waste in the oceans is not only harming marine life but also poses health risks to humans, leading to calls for more robust regulatory frameworks.",Environmental Law
"In cases of foreclosure, the lender must follow statutory procedures to reclaim the mortgaged property, providing the borrower an opportunity to rectify the default before final action.",Property Law
"Alimony payments can be a contentious issue, particularly when one party believes they are entitled to support despite the other party’s objections based on financial independence.",Family Law
Wildlife protection laws are essential in preserving endangered species. They establish guidelines for habitat conservation and prohibit hunting practices that threaten animal populations.,Environmental Law
"The treaty established between the two nations represents a significant step forward in diplomatic relations, emphasizing cooperation on environmental standards.",International Law
"When a law is deemed unconstitutional, it is typically the judiciary's role to review and possibly invalidate such laws, preserving the integrity of the constitutional framework.",Constitutional Law
The recent decisions by the EPA to restrict emissions from industrial plants are crucial for preserving air quality and mitigating the effects of climate change in urban areas.,Environmental Law
"Challenges to the Affordable Care Act raised questions about the limits of federal power and taxation, emphasizing the ongoing struggle to interpret the Commerce Clause within the context of healthcare.",Constitutional Law
"A recent ruling confirmed that the environmental review process must be conducted transparently, allowing citizens to voice their concerns about local development projects that could impact their community.",Administrative Law
"In many jurisdictions, grandparents have the right to petition for visitation under certain conditions, especially if they have established a significant relationship with their grandchildren.",Family Law
"The First Amendment protects individuals from government censorship, ensuring freedom of speech and the press in the United States.",Constitutional Law
"Following the guidelines outlined by the Freedom of Information Act, the department was obligated to release documents requested by the public regarding the environmental impact assessments conducted by the state.",Administrative Law
"Under federal law, drug trafficking offenses carry severe penalties, including lengthy prison sentences, and the prosecution must prove beyond a reasonable doubt that the accused knowingly participated in the crime.",Criminal Law
"The manufacturer and the retailer entered into a supply agreement that included clauses about liability for defective products. When issues arose, both parties had to refer back to their written terms to ascertain their respective responsibilities and recourse options in court.",Contract Law
"A builder and a homeowner entered into a fixed-price agreement for the construction of a new home. The owner later suggested changes that were not documented in writing, leading to a dispute over additional costs that arose from the requested modifications.",Contract Law
"With the rise of social media, influencers must be careful about using copyrighted music in their videos without proper licensing, which can lead to potential legal disputes and financial consequences.",Intellectual Property Law
"After negotiations, the supplier committed to deliver 100 units of the product by the end of Q2, with penalties for late delivery outlined in the agreement.",Contract Law
"The regulations imposed by the city council on noise levels in residential areas aim to ensure peace and quiet, but businesses argue that these restrictions infringe on their operations.",Administrative Law
"An important aspect of property transactions is the title search, which helps uncover any liens or issues that could affect ownership.",Property Law
"In a recent case, the jury awarded damages to a plaintiff who was harmed by a defective product. The company had not tested the product sufficiently before releasing it to the market, demonstrating the importance of accountability in manufacturing.",Tort Law
"When assessing the legitimacy of a government’s actions, international recognition plays a crucial role, especially when it comes to self-declared states.",International Law
"During the international trade negotiations, representatives discussed how intellectual property protections could affect the import and export of technology, highlighting the need for harmonized laws.",Intellectual Property Law
Local governments can impose zoning laws that protect wetlands and other natural resources. These measures are crucial for maintaining biodiversity and preventing development in ecologically sensitive areas.,Environmental Law
The parties involved in the divorce have reached an agreement regarding the distribution of marital assets after extensive negotiations mediated by their attorneys.,Family Law
Mediation is often encouraged in family disputes to facilitate a resolution outside of the courtroom. This can help maintain relationships and reduce the emotional toll on children caught in the middle of their parents' disagreements.,Family Law
The neighborhood association's decision to restrict the color of house exteriors led to a legal challenge on the grounds that it violated homeowners' rights to property use.,Property Law
"As the community grapples with the pollution from the nearby factory, citizens are rallying for stricter enforcement of waste disposal laws, which could have significant impacts on local wildlife.",Environmental Law
The enforcement of new environmental standards by the Environmental Protection Agency has sparked debate over the responsibilities of local governments and their authority to impose additional regulations.,Administrative Law
"A recent court ruling determined that extraterritorial jurisdiction can be applied in cases involving multinational corporations and their impact on human rights in foreign countries, creating a precedent for future cases.",International Law
"In an effort to secure funding, a film producer emphasized the strong intellectual property portfolio of their upcoming project, which included both original scripts and secured rights to adapt existing works, showcasing the strategic importance of IP in the entertainment industry.",Intellectual Property Law
"After a thorough investigation, authorities charged the suspect with grand theft auto when surveillance footage showed him stealing a car in broad daylight.",Criminal Law
"When a tenant's belongings were damaged due to a landlord's failure to address water leaks, the tenant sought legal recourse. This situation highlights the conflicts that can arise in landlord-tenant relationships regarding liability for personal property damage.",Tort Law
"An environmental group challenges the construction of a new shopping center, asserting that it violates land use laws designed to protect local natural resources and wildlife habitats.",Property Law
"The discussion about states' rights versus federal authority remains heated, with significant implications for issues such as healthcare, education, and environmental regulation, all stemming from constitutional debates. ",Constitutional Law
"The police report indicated that the individual was apprehended after attempting to flee the scene of a robbery, leading to further scrutiny of their intentions.",Criminal Law
"Upon filing for divorce, one spouse may seek temporary support to help cover living expenses during the legal proceedings, necessitating careful documentation of financial needs.",Family Law
"In a case of misrepresentation, a seller advertised a car with specific features that were not present, potentially misleading the buyer and breaching the sales contract.",Contract Law
"Legal experts argue that the new law infringes upon the First Amendment, suggesting that limiting public demonstrations could set a dangerous precedent for civil liberties.",Constitutional Law
"The prosecutor argued that the accumulation of evidence, including video surveillance, pointed to a clear case of assault, while the defense contended that there was no corroborative proof of aggression.",Criminal Law
"In a recent ruling, issues of spousal support were highlighted when one partner sought to adjust the terms based on a significant change in income after separation.",Family Law
"In a recent ruling, the Supreme Court determined that adverse possession claims can only be established if the property has been openly occupied for a minimum of 10 years without objection from the original owner.",Property Law
"In an effort to combat climate change, the city has implemented a new policy that incentivizes businesses to adopt sustainable practices, such as reducing plastic usage and conserving water.",Environmental Law
"Customary international law plays a crucial role in governing state behavior, where unwritten rules evolve from consistent state practice and acceptance as legally binding.",International Law
"The new regulations on environmental inspections for businesses were implemented to enhance compliance with federal statutes, showcasing the regulatory power of state agencies.",Administrative Law
"The agreement between the two companies clearly stated the terms of payment, delivery schedules, and penalties for non-compliance, which are essential elements in any business transaction.",Contract Law
"The court found in favor of a child who was injured at a playground due to improper maintenance, showcasing the responsibilities of landowners to ensure safe conditions for visitors.",Tort Law
"The treaty signed between two nations aims to regulate trade disputes and strengthen diplomatic relations, which reflects the principles of mutual respect and cooperation.",International Law
"The title deed confirms that Jane Doe owns the land parcel, but now there's a dispute with a neighboring farmer claiming an easement for access based on historic usage.",Property Law
"The divorce settlement included provisions for child support, visitation rights, and the division of marital assets. Both parties were represented by their lawyers during the negotiations, aiming for an amicable resolution.",Family Law
The ongoing debates at the United Nations regarding the rights of indigenous peoples are pushing for new frameworks that can ensure their voices are heard within the international legal system.,International Law
"The court evaluated the evidence presented in the case of adoption, focusing on the suitability of the adoptive parents and the welfare of the child, ultimately prioritizing the child's need for a stable and loving home.",Family Law
"The defendant's actions during the robbery, which involved threatening witnesses with a firearm, escalated the severity of the charges brought against him.",Criminal Law
"An online influencer posted a misleading review of a product, resulting in a follower suffering damages after purchasing it; legal action addressed potential harm caused by false statements.",Tort Law
"Social services often intervene in cases where allegations of neglect or abuse arise, necessitating court involvement to protect the best interests of the child.",Family Law
"During the hearing, attorneys presented evidence that the agency had acted beyond its authority when it issued the new regulations, raising questions about jurisdiction and powers.",Administrative Law
The recent changes in guidelines for public health inspections have caused quite a stir among restaurant owners who fear increased fines and penalties.,Administrative Law
"A notable development in local governance involves the introduction of a plastic bag ban, designed to reduce plastic waste and its detrimental effects on marine life in coastal areas.",Environmental Law
"During the conference, delegates discussed the implications of climate change treaties and how nations can be held accountable for failing to meet their obligations.",International Law
Legislation that attempts to limit free expression in public spaces has sparked debates about its compatibility with established rights protected by the Constitution.,Constitutional Law
"The right to free speech is enshrined in the foundational document of our nation, protecting individuals from government action that would suppress their voice in public discourse.",Constitutional Law
"Legal scholars often analyze the implications of landmark rulings, such as Roe v. Wade, to understand how personal liberties are protected under the constitution and the potential for future amendments.",Constitutional Law
The plaintiff claimed emotional distress resulted from a neighbor's careless handling of a hazardous material that contaminated their property.,Tort Law
"Regulations regarding the emission of greenhouse gases are becoming stricter, as governments aim to meet international climate agreements and reduce their carbon footprints.",Environmental Law
"After their marriage ended, they found themselves in a lengthy dispute regarding alimony payments, with one party claiming undue hardship.",Family Law
"A boundary dispute between two homeowners can often be resolved by referring to the official property survey, which is a legal document filed with the local government.",Property Law
"In light of recent environmental assessments, the developer's project has been put on hold due to potential impacts on protected wetlands, as outlined in state environmental protection laws.",Property Law
"When a manufacturer produces a defective product that causes harm to a consumer, the injured party may seek recovery for medical expenses and lost wages due to the manufacturer's breach of duty.",Tort Law
"She signed a non-disclosure agreement prior to starting the project, yet her former colleague disclosed sensitive information, potentially leading to legal action.",Contract Law
"After slipping on a wet floor in the supermarket, Jane suffered a severe ankle sprain. She plans to sue the store for negligence due to their failure to maintain safe conditions.",Tort Law
"There has been an ongoing debate about the balance between national security and individual freedoms, especially in light of recent surveillance programs that some believe infringe on privacy rights guaranteed under the fourth amendment.",Constitutional Law
"An artist signed a contract granting the record label exclusive rights to their music, but disputes arose when the label attempted to alter the terms without the artist's consent, raising questions about good faith negotiations.",Contract Law
The Clean Air Act regulates air emissions from stationary and mobile sources; it aims to ensure that air quality meets national standards to protect public health and the environment.,Environmental Law
"During the public hearing, residents expressed their concerns about the proposed construction that might threaten local wildlife habitats.",Environmental Law
The jury was instructed to consider whether the defendant had the ability to differentiate right from wrong at the time of the offense.,Criminal Law
"A recent study highlighted how pollutants from industrial sources have been linked to declining populations of endangered species in the region, prompting calls for stricter regulations.",Environmental Law
A car accident caused by distracted driving resulted in significant injuries and property damage. The legal aspects surrounding the compensation for such damages involve assessing the negligence of the involved parties and their duty to others on the road.,Tort Law
"The tenant shall not make any alterations or improvements to the premises without the prior written consent of the landlord, which may be withheld at the landlord's discretion.",Property Law
"In recent discussions, lawmakers debated the implications of surveillance measures on citizens' rights. Striking a balance between security and privacy has become increasingly complicated in our digital age.",Constitutional Law
"The plaintiff claims that the defendant's pet dog attacked him without provocation, leading to significant medical bills and emotional distress. Legal advice is being sought regarding a potential claim for compensation.",Tort Law
"During a construction project, a worker fell due to improper safety measures and is now seeking damages for lost wages and medical expenses as a result of the employer's negligence.",Tort Law
"Following the implementation of new tax codes, several citizens have voiced their concerns to the state tax commission about the clarity of the rules. They argue that the changes were introduced too quickly without sufficient public input from those affected.",Administrative Law
"The zoning laws dictate how land can be used, impacting everything from residential development to commercial enterprises.",Property Law
"The new guidelines set forth by the federal agency require all government contractors to undergo rigorous background checks prior to being awarded any contracts, as a measure to prevent fraud.",Administrative Law
"Juvenile offenders who commit crimes can face different judicial processes compared to adults, often focusing more on rehabilitation than punishment, reflecting the belief in the potential for change in younger individuals.",Criminal Law
"When examining the case of the DUI charge, it's crucial to consider the methods used in the field sobriety tests and whether they adhered to the legal standards required by law enforcement.",Criminal Law
"In recent conflicts, countries have debated the principles of sovereignty and the right to intervene in humanitarian crises, raising questions about international norms.",International Law
"In the context of immigration, cases challenging executive orders often hinge on constitutional principles, particularly concerning due process and the limits of presidential authority in enforcement actions.",Constitutional Law
"In a landmark case, a woman sought damages after a defective product caused her to suffer burns. The court examined whether the manufacturer acted with reasonable care in designing and testing the product before release.",Tort Law
"The amendment process requires careful consideration, reflecting the Founding Fathers' intent to allow flexibility while safeguarding fundamental rights against government overreach. A recent proposal has sparked debates regarding its implications for free speech. ",Constitutional Law
A deed transferring real estate ownership must be executed in writing and recorded in the county clerk's office to provide notice to future purchasers of the property's title.,Property Law
"Municipalities are now required to develop comprehensive waste management strategies that prioritize recycling and reduction of single-use plastics, reflecting a shift towards sustainability in community planning.",Environmental Law
"Following the review of the contested zoning permit, specific criteria were outlined by the administrative board that must be met for future applications.",Administrative Law
A patient undergoing surgery suffered from an infection due to unsanitary conditions in the operating room. This could potentially open up claims against the medical staff involved for malpractice.,Tort Law
"The law protects victims of domestic violence with legal measures that allow for restraining orders and provisions for safety, emphasizing the serious nature of these offenses within the legal framework.",Criminal Law
"Real estate transactions must adhere to the principle of good faith, meaning all parties are expected to act honestly in negotiations.",Property Law
"An employer could face legal repercussions if an employee is injured while using unsafe equipment without proper safety measures in place, potentially leading to a negligence claim.",Tort Law
"In a heated dispute, one neighbor alleged that the other created a hazardous situation by failing to secure their fence, which allowed their aggressive dog to roam free, leading to injuries to passersby.",Tort Law
"If a tenant refuses to vacate after the lease ends, the landlord may file for eviction in court, showcasing the legal remedies available within property disputes.",Property Law
"After months of negotiation, both parties signed the lease but were later found to have differing understandings about the maintenance obligations, leading to litigation regarding the enforceability of the clauses.",Contract Law
"Each party warrants that they have the authority to enter into this Agreement and that doing so will not violate any existing agreements with third parties, ensuring the validity of this contract.",Contract Law
"In a notable case, the court ruled that a mandatory minimum sentencing law violated the eighth amendment's prohibition against cruel and unusual punishment, reflecting a shift towards more humane considerations in the judicial system.",Constitutional Law
"Recent rulings from the Supreme Court have addressed the limits of executive power, emphasizing the need for checks and balances as intended by our founding fathers.",Constitutional Law
"During the conference, diplomats debated the legality of using force in international waters, referencing various historical precedents and international treaties.",International Law
"Patent applications require a detailed description of the invention, which must demonstrate novelty and non-obviousness to be granted exclusive rights for a certain period.",Intellectual Property Law
"During the negotiations of a tech startup's acquisition, the evaluation of intellectual property assets became crucial, as potential buyers assessed patents and trademarks that could significantly influence the company's valuation.",Intellectual Property Law
"Environmental accords, like the Paris Agreement, illustrate the collaborative efforts of nations to tackle climate change, emphasizing shared responsibilities and obligations.",International Law
"The written agreement between the two companies included a confidentiality clause that was allegedly violated, raising questions about patent rights and proprietary information.",Contract Law
"The prosecutor argued that the evidence collected from the crime scene was sufficient to establish probable cause for the arrest, despite the defense claiming it was circumstantial and weak.",Criminal Law
"When a child suffered injuries from a defective toy, it sparked a lawsuit against the manufacturer for failing to ensure the safety of their product.",Tort Law
The adoption process requires extensive background checks and home studies to ensure a stable environment for the child. Both biological parents must either consent or have their rights terminated before an adoption can proceed.,Family Law
"In recent years, the issue of gerrymandering has raised significant concerns regarding electoral fairness. Courts have struggled to establish clear standards to determine when district maps violate the principle of equal representation guaranteed by our founding documents.",Constitutional Law
"In cases of custody disputes, the court often considers the best interests of the child, which can include examining the living situation and relationship each parent has with the child.",Family Law
"In a trademark dispute, two tech companies argued over the similarities in their branding, highlighting the importance of distinctiveness in the marketplace.",Intellectual Property Law
"When evaluating whether a law violates the Equal Protection Clause, courts often consider if there's a compelling state interest at stake.",Constitutional Law
"After a contentious custody battle, the judge ruled in favor of shared parenting, citing both parents' involvement in the child's life as crucial to their development.",Family Law
"The franchise agreement detailed specific operational procedures, but discrepancies in the execution led to conflict over royalties and marketing expenditures.",Contract Law
"The judge ruled that the father had failed to provide adequate support for his children, leading to a modification of the original custody agreement.",Family Law
"A judge ruled that the evidence obtained during the warrantless search was inadmissible, raising questions about the defendant's rights under the Fourth Amendment.",Criminal Law
"Lease agreements often contain clauses that dictate the responsibilities of each party regarding property maintenance, which can lead to disputes if not properly adhered to.",Property Law
"The complexities of asylum laws have led to a surge in international litigation, with cases challenging the validity of deportation orders based on human rights violations in the home country.",International Law
"In reviewing the regulations concerning public health, it was determined that agencies must comply with federal guidelines while also addressing state-specific needs effectively.",Administrative Law
"Following a dispute over trademark rights, a business owner successfully argued that the similarities between his brand and a competitor's logo could confuse consumers, thereby justifying his claim for infringement.",Intellectual Property Law
"During mediation, they discussed various approaches to co-parenting their children effectively, emphasizing communication and compromise for the children's sake.",Family Law
"When a trademark is infringed upon, the owner can seek remedies such as injunctions and damages in order to prevent further misuse of their brand identity.",Intellectual Property Law
"A mutual mistake regarding the value of the property transferred can provide grounds to rescind the agreement, especially if both parties relied on the same misrepresentation.",Contract Law
"In a landmark case, the court ruled that the state must consult with indigenous tribes before allowing development on sacred land, highlighting the importance of preserving natural resources.",Environmental Law
"The treaty signed in 1992 set clear boundaries for maritime activities between the two nations, emphasizing their commitment to peaceful navigation and resource management.",International Law
"The ownership rights to the land adjacent to the river were disputed, with claims asserting adverse possession after years of uninterrupted use.",Property Law
"After reviewing the lease, it became clear that the tenant has a responsibility to maintain the property, as stipulated in several sections of the rental agreement.",Contract Law
"During the investigation into the environmental impact of the new highway, it was noted that the agency bypassed key public involvement processes, potentially violating citizens' rights to participate in the decision-making.",Administrative Law
The separation of powers doctrine ensures that no single branch of government can overreach its authority. This principle is crucial in maintaining checks and balances within the federal system.,Constitutional Law
"During a neighborhood party, one guest accidentally spilled a drink on another, leading to a fall and subsequent injury. Discussions among legal experts focused on the implications of social host liability.",Tort Law
"Even though the inventor secured a patent for his invention, another company launched a nearly identical product, prompting legal action to determine the scope of patent protection and enforcement.",Intellectual Property Law
"The software licensing agreement stipulated that any updates would be provided at no additional cost, yet the provider began charging fees when updates were released, creating a conflict.",Contract Law
"The establishment clause has been the basis for many legal disputes, particularly regarding the separation of church and state, illustrating the ongoing tension in interpreting constitutional rights.",Constitutional Law
"If a property is inherited, it must be noted whether a will exists that specifies the heirs and any conditions attached to the inheritance.",Property Law
"Protests over police brutality have sparked discussions about the right to assemble and the limits of governmental authority when it comes to public demonstrations, emphasizing the importance of the first amendment in contemporary society.",Constitutional Law
"An international tribunal has been established to address the allegations of war crimes committed during a recent conflict, where evidence is collected from various nations to ensure impartiality and thorough examination of the facts.",International Law
"The resolution passed in the assembly aims to streamline the process for granting licenses, which many argue will enhance efficiency and reduce bureaucratic delays.",Administrative Law
"After the tragic loss of a parent, the will stipulated that guardianship of the children would go to the deceased's brother, leading to a lengthy process to determine whether he was indeed fit to raise them as the family wished.",Family Law
"Recent discussions at the United Nations focused on how countries should respond to environmental crises that cross borders, leading to debates over shared responsibilities.",International Law
"In an argument about property boundaries, the use of historical maps played a key role in establishing the original demarcation lines agreed upon by the previous owners.",Property Law
"The production of derivative works often raises questions about the extent to which the original creator retains rights, especially when the new creation substantially transforms the source material.",Intellectual Property Law
"The organization worked tirelessly to ensure that human rights standards were upheld in the treaties signed during the peace talks, setting a precedent for future negotiations.",International Law
"The defendant was charged with the intentional act of stealing a vehicle, which carries a potential prison sentence if found guilty of the charges.",Criminal Law
"The accused was found with a significant amount of illegal substances in his possession, leading to charges under the drug trafficking regulations.",Criminal Law
"The prenuptial agreement outlined the division of property in the event of a separation, specifying how assets acquired during the marriage would be handled.",Family Law
"Federal funding requirements for schools have led to disputes over whether compliance with certain educational mandates infringes on state autonomy, illustrating the tension between national standards and local governance.",Constitutional Law
A new policy implemented by the state agency regarding the licensing of contractors has raised significant questions about the qualifications required for applicants.,Administrative Law
"The plaintiff sustained injuries due to the negligence of the defendant who failed to install proper safety measures at the construction site, thus breaching a duty of care.",Tort Law
A legal expert noted that compliance with international human rights standards is essential for nations seeking membership in certain global organizations.,International Law
"In a landmark case, the Supreme Court ruled that state laws cannot infringe upon the federal rights guaranteed by the Constitution.",Constitutional Law
"Negotiations for the climate change agreement included provisions that affect not only environmental protections but also economic rights among signatory nations, showcasing intertwined interests.",International Law
"Matters regarding child support can often become contentious, especially if one parent believes the other's income has increased significantly since the last adjustment.",Family Law
"In reviewing the administrative procedures related to public funding, it was evident that many applicants found the criteria ambiguous and too restrictive, resulting in potential discrimination against smaller community programs.",Administrative Law
"A recent amendment to the zoning laws allows for the creation of green spaces in urban areas, contributing to the overall health of the environment and improving quality of life for residents.",Environmental Law
The court ruled that the decision made by the public health department to close the local swimming pool was justified based on safety assessments conducted by inspectors.,Administrative Law
"The buyer and seller entered into a legally binding agreement, which included specific provisions regarding the payment timeline and penalties for late payments, a common practice in such transactions.",Contract Law
"After months of suffering from ailments linked to a faulty medical device, Lisa finally decided to sue the manufacturer for damages, citing the product’s inability to function as promised. This raises fundamental issues regarding consumer protection laws.",Tort Law
"As the jury deliberated, the defense argued that the actions of the accused were provoked, complicating the charges of assault and battery.",Criminal Law
"A landlord's failure to repair dangerous conditions on the property resulted in a tenant's injury, raising questions about negligence and liability.",Tort Law
The prosecution argued that the series of bomb threats directed at the local government buildings constituted acts of terrorism under state law.,Criminal Law
"The parties agree to the terms set forth herein, which shall be binding upon signature by both parties as a formal acceptance of the obligations contained in this Agreement.",Contract Law
