text,labels
Recent audits revealed that our compliance programs were not meeting industry standards. The leadership team has since engaged in comprehensive training workshops for all employees to align with best practices in corporate governance and ethics.,Governance Practice
"After conducting surveys, we are increasing our support for women-led businesses by providing resources and funding to help them grow and succeed in a competitive market.",Social Responsibility
"By actively participating in local food drives and shelter initiatives, the firm has reinforced its commitment to improving the quality of life for underprivileged families in the area. Their involvement has made a tangible difference in the community.",Social Responsibility
"The new policy framework encourages companies to adopt practices that support local economies through fair trade and environmentally friendly sourcing, ensuring that communities benefit while also preserving natural resources.",Sustainable Development
"By integrating renewable energy sources into their construction projects, the company is not only reducing its carbon footprint but also setting an example for sustainable urban growth.",Sustainable Development
"The organization has partnered with local farmers to promote agroforestry practices that enhance soil health and increase biodiversity, ultimately leading to more resilient food systems that can withstand climate fluctuations.",Sustainable Development
"In response to local feedback, the organization has committed to donating a percentage of its profits to charities that support mental health initiatives, showing their dedication to community well-being.",Social Responsibility
"The company has rolled out a new marketing campaign that highlights its latest product features, appealing to a broader consumer base without addressing any sustainability issues.",None of the Above
"A local restaurant's decision to focus solely on organic ingredients is commendable, but it raised questions about their sourcing transparency for other products.",None of the Above
"By establishing a dedicated ethics committee, the firm is taking proactive steps to address potential conflicts of interest and ensure that decisions made are in the best interest of all stakeholders involved.",Governance Practice
"With the launch of a zero-waste campaign, our organization is actively working to rethink waste management. By implementing comprehensive recycling and composting programs, we not only aim to minimize landfill use but also inspire other companies to adopt similar practices, fostering a culture of sustainability.",Sustainable Development
"After conducting an environmental impact assessment, our firm decided to switch to biodegradable packaging for all our products, significantly cutting down on plastic waste in the ocean.",Environmental Initiative
"We've launched an innovative program to convert waste from our production line into bioenergy, which not only powers our facilities but also contributes to local renewable energy resources.",Environmental Initiative
Our team had a productive week discussing marketing strategies and exploring new ways to increase product visibility and drive sales.,None of the Above
The new solar panel installation at the community center not only reduces our electricity costs but also generates clean energy for the local grid.,Environmental Initiative
Our team is excited about the upcoming conference; we’ll be discussing all the new trends in blockchain technology.,None of the Above
"In light of recent ethical breaches, the company has established a new compliance committee tasked with overseeing adherence to both internal policies and external regulations. This initiative is crucial for maintaining investor trust and corporate integrity.",Governance Practice
"The board of directors recently approved a new policy aimed at enhancing transparency in financial reporting, ensuring that shareholders receive timely information about the company's performance.",Governance Practice
"Reducing plastic waste has become our priority; as such, we've partnered with a recycling company to create a more sustainable packaging solution for our products.",Environmental Initiative
Investing in renewable energy sources not only helps to combat climate change but also fosters community development through job creation in emerging sectors.,Sustainable Development
The organization is hosting a series of workshops aimed at educating small business owners on how to adopt eco-friendly practices without compromising their economic viability. The goal is to empower local entrepreneurs to incorporate sustainability into their business models effectively.,Sustainable Development
"As part of our commitment to diversity, we are launching an internship program specifically designed for minority candidates. This initiative aims to enhance representation within our workforce and provide opportunities that might otherwise be inaccessible.",Social Responsibility
"With a focus on ethical conduct, the organization has introduced a new code of conduct emphasizing the importance of compliance and legal conformity in all aspects of business operations, ensuring that all employees understand their roles in upholding these standards.",Governance Practice
"Our factory has begun utilizing rainwater harvesting systems, which helps in reducing our reliance on municipal water sources while keeping our operational costs low.",Environmental Initiative
Just read an article about the impact of remote work on employee satisfaction. It really made me rethink the future of office spaces.,None of the Above
"The company’s annual report was filled with assurances about compliance with local laws, but provided no detail on how they plan to enhance community engagement or support for local initiatives.",None of the Above
"An external advisory committee has been created to provide independent insights into our governance strategies, ensuring that we remain forward-thinking and responsive to emerging challenges.",Governance Practice
The company has established a volunteer program that encourages employees to give back to the community through service hours and charitable contributions.,Social Responsibility
"Their recent campaign focused on promoting fair trade products, aiming to support fair labor practices and sustainable livelihoods for producers in developing countries.",Social Responsibility
"Our company recently launched a mentorship program aimed at supporting underprivileged youth in our community, providing them opportunities to learn valuable skills and connect with industry professionals.",Social Responsibility
"The tech startup recently secured funding to develop a novel app aimed at increasing user engagement, although it ignores discussions on user privacy or data security.",None of the Above
"Discussions on improving corporate governance did not include any specific reforms or programs aimed at enhancing transparency or stakeholder engagement, making it seem like a missed opportunity.",None of the Above
The nonprofit organization is collaborating with educational institutions to develop programs that teach students about renewable energy and conservation methods. This educational focus lays the groundwork for future generations to prioritize environmental stewardship.,Sustainable Development
"During a community event, the focus was solely on showcasing new gadgets and features, completely sidestepping any discussions about corporate responsibilities or environmental impact.",None of the Above
"An annual report showcased impressive profits, yet it failed to mention any precise goals or metrics for reducing waste in their production processes, leading to skepticism about their actual commitment to sustainability.",None of the Above
"Transparency is key; therefore, we've decided to publish our annual governance report, detailing how we manage risks and ensure accountability to our stakeholders.",Governance Practice
"As part of our commitment to combating climate change, we have adopted a zero-waste philosophy, aiming to divert all operational waste away from landfills by the end of the year.",Environmental Initiative
"In light of climate change, our organization has initiated a comprehensive waste reduction program aimed at minimizing plastic usage across all departments by 40% within the next year.",Environmental Initiative
"We've dedicated a portion of our profits to support renewable energy projects, believing that investing in wind and solar power is crucial for our planet's health.",Environmental Initiative
"In an effort to streamline our internal processes, we are looking at optimizing our project management software for better task allocation and time tracking.",None of the Above
"In recent months, discussions surrounding employee perks have intensified, with many advocating for more flexible work hours to promote better work-life balance.",None of the Above
"The new solar panel installation at our headquarters is expected to reduce carbon emissions by 30% over the next decade, a major step towards achieving our sustainability goals.",Environmental Initiative
"In a recent blog post, the CEO shared insights into the importance of strategic partnerships for innovation but did not address sustainability or ESG factors in their operations.",None of the Above
"Amidst rising competition, the focus remains on developing products faster and ensuring customer satisfaction. This is despite a growing trend towards sustainable alternatives in the market.",None of the Above
"During the annual shareholders meeting, the focus remained largely on profitability forecasts, with management neglecting to discuss any potential governance reforms or practices in sustainability.",None of the Above
"The coalition of businesses and local governments is working on a transportation initiative that seeks to improve public transit and reduce congestion, thus lowering emissions.",Sustainable Development
"To comply with new regulatory frameworks, the organization has made changes to its reporting structure, which now includes an independent ethics committee focused on monitoring compliance across all levels.",Governance Practice
"The board of directors implemented a new policy to ensure full transparency in financial reporting, aligning with the best practices of corporate governance.",Governance Practice
"The recent adjustment in the company’s bylaws demonstrates their commitment to ethical leadership, facilitating a culture where ethical practices align with business strategies.",Governance Practice
"As part of our commitment to future generations, we launched a mentorship program that emphasizes the importance of environmental stewardship and community engagement among young leaders.",Sustainable Development
The board of directors has established a new policy that mandates quarterly reviews of executive compensation to ensure alignment with stakeholder interests and ethical standards.,Governance Practice
"We have begun a comprehensive review of our supply chain to implement better practices that ensure ethical sourcing and minimize environmental impact, paving the way for a more responsible business model that supports long-term community growth.",Sustainable Development
"During the recent annual meeting, executives discussed plans to enhance diversity in hiring practices, which aims to create a more inclusive workplace that reflects the community they serve.",Social Responsibility
They initiated a new referral program to incentivize existing clients to recommend the service to friends and family. This is seen as a cost-effective way to expand their customer base.,None of the Above
"It has been observed that while many firms are embracing innovative technologies, there is a notable gap in their commitment to ethical considerations in tech development.",None of the Above
"Through alliances with various non-profits, the corporation is actively distributing meals to low-income families during the pandemic, ensuring that no one in our community goes hungry during these challenging times.",Social Responsibility
"To improve employee welfare, the corporation is implementing a program that allows workers to work flexible hours to better manage their family responsibilities and personal commitments.",Social Responsibility
"The investment firm released a report focused on economic trends in the tech sector, neglecting to incorporate any analysis related to social issues or governance structures within those companies.",None of the Above
"Implementing a waste reduction strategy that incorporates recycling programs and community involvement has significantly reduced trash in our town. This effort not only cleans up our environment but also promotes awareness and participation from residents, fostering a culture of sustainability.",Sustainable Development
"The recent partnership with a local nonprofit focuses on cleaning up rivers and lakes affected by industrial waste. Volunteers from the community will assist in this vital work, fostering greater public awareness.",Environmental Initiative
"As part of our sustainability strategy, we are transitioning to renewable energy sources, aiming for 100% of our energy to come from solar and wind power by 2025.",Environmental Initiative
"The annual company picnic was a great success, with engaging games and delicious food. Employees shared their ideas for future social events but there were no discussions regarding eco-friendly practices at our gatherings. It felt more like a social outing than a meeting about our sustainability goals.",None of the Above
"The company revised its bylaws to include more diverse representation on the board, aiming to improve decision-making and reflect the interests of a wider group of stakeholders.",Governance Practice
"In response to the recent challenges faced by disabled individuals in our workforce, we've implemented new accessibility measures in our offices and created an advocacy group to support their needs.",Social Responsibility
"The firm has adopted a code of ethics that mandates the reporting of any conflicts of interest, encouraging employees to communicate potential ethical dilemmas to management without fear of retaliation.",Governance Practice
"In light of recent regulatory changes, the management team has prioritized the establishment of clearer guidelines regarding executive compensation, aiming for fairness and accountability in pay structures.",Governance Practice
"Last month, we organized a volunteering day where employees could spend their time helping out at the local food bank. It was a great way to give back and engage with our community.",Social Responsibility
"Investing in green technologies, our R&D team is working on developing biodegradable packaging solutions to limit plastic waste in our supply chain.",Environmental Initiative
"The quarterly meeting was aimed at reviewing past performances and discussing future goals, but it lacked any real focus on strategy or innovation.",None of the Above
"The recent merger between two companies is set to create a powerhouse in the industry, with a strong focus on operational efficiency. Stakeholders are eagerly watching how this will affect market dynamics without any social or ecological considerations.",None of the Above
"The local university has established a research center focused on developing alternative materials that are biodegradable, aiming to combat the plastic waste crisis and promoting innovation that aligns with ecological balance principles.",Sustainable Development
Just finished reading an insightful article about the impact of digital marketing trends on consumer behavior and how it relates to brand loyalty.,None of the Above
"After recent events highlighting social injustices, the firm committed to donating a portion of its profits to local charities supporting marginalized groups, demonstrating a strong commitment to community well-being.",Social Responsibility
"They released a sleek new app that tracks employee productivity, but it seems to neglect considerations for mental health and work-life balance.",None of the Above
"While reviewing annual performance, management emphasized efficiency improvements; however, there was no acknowledgment of environmental stewardship or governance measures that could complement these enhancements.",None of the Above
"Our company has implemented a new waste reduction program aimed at minimizing single-use plastics in our packaging processes, which is expected to significantly decrease our environmental footprint by 30% over the next year.",Environmental Initiative
"The quarterly report was filled with jargon about performance metrics, yet there was no mention of community engagement or workforce diversity.",None of the Above
"Our latest report highlights a partnership with local farmers to promote organic agriculture, reducing chemical runoff and restoring soil health in our community.",Environmental Initiative
"A new initiative by the local government seeks to integrate nature-based solutions into urban planning, ensuring that green spaces are maintained and accessible to all citizens.",Sustainable Development
"The latest update from our corporate social initiatives highlights our commitment to fair wages and safe working conditions for all workers, emphasizing human rights.",Social Responsibility
"The partnership between the government and private sector aims to develop smart cities that leverage technology to improve resource efficiency, increase community engagement, and enhance the quality of life for residents.",Sustainable Development
"In collaboration with local organizations, we launched a program that provides mentorship to high school students from diverse backgrounds, encouraging them to pursue careers in STEM fields. This initiative aims to bridge the gap in representation in the tech industry.",Social Responsibility
"An innovative housing development aimed at reducing carbon footprint has been launched, featuring energy-efficient designs and sustainable materials throughout the construction process. This initiative is expected to provide affordable living options while minimizing environmental impact.",Sustainable Development
"In light of recent global events, we have decided to increase our donations to food banks and local shelters to support those who are most affected by the economic downturn. Every little bit helps, and we are committed to making a difference.",Social Responsibility
"Our quarterly meeting will focus on how to boost sales and engage new customers in the current market, especially after the last campaign's mixed results.",None of the Above
"Our initiative focuses on empowering local communities through educational programs and skills training, enabling individuals to thrive independently.",Social Responsibility
"The board of directors has implemented a new policy framework to ensure that all company decisions align with ethical standards and compliance regulations, enhancing overall accountability.",Governance Practice
"In light of recent events, we have committed to increase our donations to local charities that support vulnerable communities affected by natural disasters. This helps to uplift those in need in our immediate surroundings.",Social Responsibility
"The recent investment in green infrastructure by the city council will include rain gardens and permeable pavements. This move aims to enhance urban resilience against flooding while also promoting biodiversity within metropolitan areas, forging a path toward eco-conscious urban planning.",Sustainable Development
"Our marketing department is excited to promote the launch of our new app! It enhances user experience by providing real-time updates. Although the app significantly improves user engagement, it's not specifically designed with sustainability practices in mind.",None of the Above
"Developing eco-tourism opportunities can drive economic growth while preserving natural resources, allowing travelers to engage with local cultures and environments in a responsible manner.",Sustainable Development
"Our team actively participates in community clean-up drives, demonstrating our dedication to fostering a cleaner environment while also engaging with local residents.",Social Responsibility
"By creating an inclusive workplace policy, we aim to enhance diversity at all levels of the organization. This involves regular training sessions on unconscious bias and forming diverse hiring panels.",Social Responsibility
"This month's sales report highlights the growth trajectory of our latest product line, driven by innovative advertising techniques and effective outreach.",None of the Above
"During the annual employee summit, discussions focused on the importance of inclusivity in the workplace and how the organization can better support diverse hiring initiatives.",Social Responsibility
"To combat corruption, we have instituted robust whistleblower protections that encourage employees to report unethical practices without fear of retaliation, thus fostering an ethical corporate environment.",Governance Practice
"An external audit was conducted to assess the effectiveness of the company's compliance program, which resulted in several recommendations for improvement in the governance framework that will be addressed in the upcoming fiscal year.",Governance Practice
"In an effort to establish transparent communication, the board has initiated regular town hall meetings where employees can voice concerns and suggestions. This practice reinforces trust and accountability within the organization.",Social Responsibility
"To address the increasing concerns over water scarcity, we have initiated a rainwater harvesting project at our headquarters. This will support our landscaping needs while conserving precious water resources, reflecting our dedication to sustainability.",Environmental Initiative
"The tech conference just wrapped up, and discussions mainly revolved around AI advancements but neglected the ethical implications of these technologies on society.",None of the Above
"Innovative water management systems are being adopted by cities facing droughts, which not only conserve water but also serve as a model for other regions experiencing similar challenges.",Sustainable Development
"A local government official mentioned that while the city's parks are being improved, residents have noticed that there are still no plans to enhance public transport accessibility, which many consider crucial for sustainable urban living.",None of the Above
"In a press release, the organization detailed its financial achievements and plans to expand operations internationally, but did not provide any insights into the sustainability of its supply chain practices.",None of the Above
"The organization emphasizes diversity at the top levels of management, recognizing that varied perspectives in leadership lead to better decision-making processes and overall governance quality.",Governance Practice
"By hosting an annual environmental awareness week, the organization promotes education and engagement among employees, focusing on the importance of biodiversity and ecological conservation.",Environmental Initiative
"The latest shareholder meeting addressed important governance issues, including the approval of a new policy for executive compensation, emphasizing alignment with performance metrics and shareholder interests.",Governance Practice
"An independent audit of our supply chain governance has been initiated to identify and rectify any potential compliance issues, reflecting our commitment to ethical sourcing.",Governance Practice
"The latest quarterly report from XYZ Corp highlights the increased sales from their new product line while omitting any mention of their environmental impact assessments, raising questions about their transparency in reporting.",None of the Above
"We believe in the importance of fair labor practices, thus ensuring that all workers in our supply chain receive a living wage and safe working conditions.",Social Responsibility
"There's an upcoming seminar that addresses the fundamentals of effective budget management in businesses, which I think will be very informative.",None of the Above
The establishment of a dedicated ethics committee reflects our commitment to uphold integrity and accountability within our corporate structure.,Governance Practice
The rise of electric vehicles has sparked discussions on the necessity for improved charging infrastructure and incentives to promote their adoption as a viable alternative to gas-powered cars.,Sustainable Development
"As part of their outreach program, the firm organized a fundraising event that encouraged employees to volunteer and contribute to local charities, fostering a sense of community engagement.",Social Responsibility
Did you guys see the report on the new legislation? It mandates that all new buildings must include green roofs or solar panels. This change is vital for improving the city's biodiversity.,Environmental Initiative
"Local governments are now partnering with businesses to create incentives for buildings that meet high environmental standards. This collaboration aims to ensure urban developments harmonize with nature, providing healthier living conditions without compromising on modern amenities.",Sustainable Development
"During a recent conference, a presenter highlighted the importance of innovation but failed to mention any efforts to include voices from underrepresented groups in the decision-making process of product development.",None of the Above
The recent collaboration with a children's hospital to create educational workshops on healthy living reflects an ongoing commitment to improve community health outcomes.,Social Responsibility
"The buzz about their eco-friendly packaging was exciting, but skeptics pointed out that it doesn’t address the larger waste problem they contribute to.",None of the Above
"To address food insecurity, the firm partnered with local farms to create a sustainable food program that provides fresh produce to families in need while also supporting local agriculture.",Social Responsibility
"The firm launched a campaign to switch all company vehicles to electric, significantly cutting down emissions and supporting the local EV infrastructure.",Environmental Initiative
"The tech company recently introduced a new app but has not outlined how it will ensure user privacy or data security, prompting concerns from privacy advocates who believe these are essential governance practices.",None of the Above
"With the rise of technology and data privacy concerns, the organization is revising its data governance framework to safeguard customer information and maintain compliance with evolving legislation.",Governance Practice
The annual company retreat focused heavily on team-building exercises and enhancing workplace camaraderie among all employees.,None of the Above
"Through the implementation of a comprehensive urban agriculture program, the city aims to increase access to fresh produce for its residents. This initiative not only supports local health but also reduces the ecological impacts of transporting food across long distances.",Sustainable Development
Investing in renewable energy sources not only reduces carbon footprints but also creates job opportunities and vital skills for the local workforce.,Sustainable Development
"The internal audit department has been empowered to directly report findings to the board, ensuring that governance standards are upheld and any discrepancies are addressed promptly.",Governance Practice
"As part of their commitment to reducing carbon emissions, the company has transitioned to using electric vehicles for all its delivery services, aiming to set a precedent in the logistics industry.",Environmental Initiative
"In a recent meeting, the executive team discussed the importance of adopting a code of conduct that outlines expected behaviors and ethical standards for all staff members.",Governance Practice
"By introducing a regular review of our compliance policies, we aim to reinforce our commitment to ethical leadership and stakeholder trust.",Governance Practice
"After a comprehensive review, the company has instituted a new code of ethics that mandates all employees to adhere to the highest standards of integrity and accountability.",Governance Practice
"In response to shareholder concerns, we have revamped our executive compensation structure to better align with long-term performance metrics, promoting a culture of sustainable success and accountability.",Governance Practice
"Our recent community outreach program offers free workshops on financial literacy. We believe that by empowering individuals with knowledge, we can help improve their overall economic situation.",Social Responsibility
The initiative to create a diverse workforce is not just about hiring but involves ongoing training programs that educate staff on the importance of cultural sensitivity and inclusion in corporate culture.,Social Responsibility
"After conducting an environmental impact assessment, the firm decided to transition to electric vehicles for their delivery fleet, aiming to decrease their carbon footprint and improve air quality in urban locations.",Environmental Initiative
The board of directors has implemented stricter compliance protocols to ensure transparency in financial reporting and maintain stakeholder trust.,Governance Practice
"During the annual shareholder meeting, the CEO spoke at length about market expansion and profit margins, but failed to address any environmental policies or social commitments, leading to criticism from environmentally-conscious investors.",None of the Above
"In an effort to improve investor relations, the company has begun regular updates on its strategic goals and operational performance through quarterly webinars that are open to all shareholders.",Governance Practice
"Volunteers from our firm participated in a neighborhood clean-up event, not only improving the local environment but also fostering strong relationships with community members.",Social Responsibility
"Our firm is proud to support local artisans by sourcing materials from small businesses, thereby fostering economic growth in underserved neighborhoods.",Social Responsibility
"Our partnership with various NGOs aims to provide education and vocational training for underprivileged youth, empowering them with skills that contribute to sustainable local economies.",Sustainable Development
"Thanks to our partnership with local environmental groups, we've launched a comprehensive recycling program that aims to reduce landfill waste by 40% over the next year.",Environmental Initiative
"With an eye on future generations, educational programs in schools are being restructured to include sustainability practices. This includes teaching children about waste reduction, resource conservation, and the importance of sustainable choices in their daily lives, aiming to cultivate a culture of environmental stewardship.",Sustainable Development
"By investing in renewable energy sources such as wind and solar, the firm is taking significant steps to shift away from fossil fuels and minimize its environmental impact. This shift aligns with global emission reduction goals.",Environmental Initiative
"As part of our commitment to stakeholder engagement, the company has introduced regular forums where employees can voice concerns regarding ethical practices and governance issues.",Governance Practice
"The local community program initiated a food drive to support families in need, providing meals and resources that are crucial during these challenging times.",Social Responsibility
"In light of recent challenges, the leadership team has prioritized enhancing our compliance framework to better manage risks and uphold corporate ethics across all divisions.",Governance Practice
The initiative not only focuses on renewable energy sources but also includes educational outreach to raise awareness about energy conservation in local schools and communities.,Sustainable Development
A major corporation has claimed to champion diversity while their leadership team remains overwhelmingly uniform in representation.,None of the Above
"Feedback from stakeholders indicated a desire for more transparency around our supply chain. However, the management team expressed concerns about disclosing proprietary information.",None of the Above
"We are launching a series of educational workshops for employees on sustainable practices at home, encouraging behaviors that lead to reduced environmental impact.",Environmental Initiative
"Our company has implemented a whistleblower policy that protects employees who report unethical behavior, reinforcing our commitment to integrity and transparency within the organization.",Governance Practice
"In the recent board meeting, the discussion revolved around projected sales figures and market competition, neglecting any reference to ethical practices or social responsibility programs that could enhance the company's public image.",None of the Above
"An executive mentioned in passing that the company is committed to diversity, yet no metrics or plans were provided on how they intend to achieve this goal, leaving employees doubtful about real progress.",None of the Above
"By transitioning our delivery fleet to electric vehicles, we aim to drastically lower our greenhouse gas emissions while also saving on fuel costs; the switch is expected to be completed within the next two years.",Environmental Initiative
"There’s been a steady increase of new startups in the tech space, yet the conversations around fair labor practices and employee benefits seem to be overlooked too often.",None of the Above
The recent initiative to restore wetlands has not only improved local wildlife habitats but also helped in mitigating flood risks for nearby neighborhoods.,Environmental Initiative
"The annual report showcased various initiatives that aimed to enhance employee well-being, including mental health days and flexible working arrangements that promote a better work-life balance.",Social Responsibility
"The firm actively engages in outreach activities, providing free health screenings and wellness workshops to low-income communities, fostering a healthier environment for all.",Social Responsibility
"As part of our initiative to empower local communities, we are launching a program that encourages the use of renewable energy sources in low-income neighborhoods, helping them to reduce their carbon footprint and increase energy independence.",Sustainable Development
"The city has implemented a new policy aimed at reducing waste in urban areas by promoting community gardens and local recycling programs, which not only helps the environment but also fosters community engagement.",Sustainable Development
"As part of our commitment to ethical sourcing, we have partnered with local artisans to ensure fair wages and safe working conditions for all workers involved in our supply chain.",Social Responsibility
"By establishing a volunteer program, employees are encouraged to dedicate a portion of their work hours to community service projects that support local populations in need.",Social Responsibility
"Last month, we launched a green building initiative that incorporates energy-efficient materials and sustainable architecture in all new constructions, ensuring minimal impact on the environment.",Environmental Initiative
"Earlier this year, we held a charity marathon that raised over $50,000 to fund scholarships for first-generation college students. The event brought together employees, families, and local residents, creating a sense of unity and purpose.",Social Responsibility
"By promoting education programs focused on environmental stewardship, organizations are empowering the next generation to make informed choices that benefit society and the planet.",Sustainable Development
"The CEO announced that an annual report will be issued detailing our governance structure and decision-making processes, reflecting our commitment to shareholder engagement.",Governance Practice
"The foundation funded a series of workshops that teach sustainable practices to small business owners, ensuring that they can reduce their ecological impact while remaining profitable.",Sustainable Development
"After discovering that many of their suppliers were not meeting fair labor standards, a clothing brand decided to source exclusively from Fair Trade certified producers. The brand believes in the importance of ethical sourcing and ensuring fair wages for workers.",Social Responsibility
The recent appointment of a chief compliance officer highlights our focus on risk management and the ethical conduct of business practices across the organization.,Governance Practice
"The tech company's latest initiative focuses on improving energy efficiency in data centers with innovative cooling solutions and renewable energy sources, demonstrating a commitment to reducing carbon emissions while maintaining operational performance.",Sustainable Development
"With the introduction of quarterly reviews of our governance policies, we aim to stay ahead of industry best practices and ensure our strategies align with stakeholder interests.",Governance Practice
"There's a strong emphasis on ensuring that the meeting room is set up properly for presentations, but no one on the team seems to want to take charge of that responsibility.",None of the Above
Volunteering at the local food bank every month allows our employees to give back to the community and address food insecurity issues directly experienced by many families.,Social Responsibility
Yesterday's team bonding event included trivia games and an escape room challenge. It was a good opportunity for everyone to socialize and have fun outside of the usual work environment.,None of the Above
"In response to stakeholder feedback, we adopted a new code of conduct for all employees, designed to strengthen our commitment to ethical business practices and transparency.",Governance Practice
"New regulations were adopted to enhance shareholder rights, allowing them to propose agenda items for upcoming annual meetings, reflecting a commitment to a more participative governance approach.",Governance Practice
"By adopting a code of conduct that emphasizes ethical behavior and integrity, we aim to foster a culture where compliance is part of our everyday business operations.",Governance Practice
"At the town hall meeting, the company announced its plan to support local businesses during the economic downturn, which shows a proactive approach towards community development and sustainability.",Social Responsibility
"Our company has embraced circular economy principles by redesigning our packaging to be entirely compostable, minimizing waste and promoting resource efficiency in our supply chain.",Sustainable Development
"By installing solar panels on all their buildings, the firm is not just cutting electricity costs; they are also playing a crucial role in combatting climate change by harnessing clean energy.",Environmental Initiative
"After a thorough analysis, the organization decided to switch to renewable energy sources, thus decreasing its reliance on fossil fuels and contributing to a more sustainable future.",Environmental Initiative
"Looking at our recent customer surveys, satisfaction has gone up considerably, which is fantastic news. We need to keep focusing on innovations that enhance user experience, that’s what drives our business forward.",None of the Above
"A key focus of our corporate strategy involves thorough risk management, which is overseen by an independent group that reports directly to the board.",Governance Practice
Our research team has developed a biodegradable packaging alternative that will significantly lower our carbon footprint while maintaining product integrity during shipping.,Environmental Initiative
"Through collaboration with local farmers, the company is creating a circular economy that reduces waste while promoting biodiversity and sustainability in agricultural practices.",Sustainable Development
"The adoption of a formal stakeholder engagement policy demonstrates our commitment to incorporating feedback from various groups into our decision-making processes, thereby enhancing accountability and responsiveness.",Governance Practice
The company has launched a new marketing campaign featuring their latest product line. The ads are designed to appeal to younger consumers who value trendy aesthetic and technology.,None of the Above
"A recent report highlighted the significant contributions made by a global firm towards mental health awareness, including funding programs and raising awareness about mental health issues in the workplace. The firm aims to challenge stigma and support employee wellbeing.",Social Responsibility
"An article on the business’s website detailed the new product line release, celebrating its technological advancement while completely omitting environmental considerations or social equity implications.",None of the Above
"The ongoing research project investigates the impact of urban forestry on air quality, emphasizing the importance of green spaces in densely populated areas.",Environmental Initiative
"Despite investing heavily in renewable energy, the firm has faced backlash for not addressing the labor practices in its overseas factories, with numerous reports emerging about worker mistreatment and unsafe conditions without any response from management.",None of the Above
"By establishing a dedicated committee to oversee ethical practices, the organization aims to enhance its accountability mechanisms and ensure that all policies align with best practices in governance.",Governance Practice
"After gathering feedback from workers, our firm has decided to implement a flexible working policy, which aims to support employees' personal needs and well-being, fostering a healthier work-life balance.",Social Responsibility
"In an effort to support the circular economy, the textile manufacturer has launched a program to recycle fabric waste, transforming discarded material into new products and minimizing landfill use.",Sustainable Development
"The company launched a new program aimed at providing mentorship opportunities for underprivileged youth in the community, emphasizing the importance of education and empowerment.",Social Responsibility
"Company X has established a robust framework for ethical decision-making, providing training sessions for employees to understand the importance of integrity in their roles.",Governance Practice
"Our latest initiative focuses on enhancing the energy efficiency of our manufacturing process, which includes transitioning to renewable energy sources like wind and solar power.",Environmental Initiative
"Research shows that community gardens can significantly enhance food security while fostering social ties among residents. By transforming vacant lots into productive spaces, neighborhoods not only become more resilient but also promote healthy lifestyles through local food access.",Sustainable Development
"There were discussions about a new corporate event being planned next year to celebrate our successes, yet the agenda does not include any mention of social impact metrics or community feedback.",None of the Above
We recently adopted a comprehensive risk management framework designed to evaluate and mitigate potential conflicts of interest among board members and executives.,Governance Practice
"In response to recent feedback, our organization has established a committee solely focused on ensuring the integrity of our decision-making processes.",Governance Practice
"As part of its commitment to diversity, the organization has implemented a hiring strategy that actively seeks to recruit individuals from historically underrepresented groups, ensuring inclusivity in the workplace.",Social Responsibility
The new website design launched this week has improved user experience significantly. Customers seem to appreciate the intuitive layout and easy navigation.,None of the Above
"Our project focuses on renewable energy sources, aiming to combine solar and wind power systems to reduce dependency on fossil fuels while enhancing community resilience.",Sustainable Development
"In response to local community feedback, the organization is working on a water conservation plan that includes creating rain gardens and restoring wetlands to improve the local ecosystem.",Environmental Initiative
"This summer, our team organized a fundraising run to support local shelters, raising both funds and awareness about homelessness in our city.",Social Responsibility
"With their new initiative, they are planting a tree for every product sold, contributing to reforestation efforts and enhancing biodiversity in the local area, which is crucial for maintaining ecosystem balance.",Environmental Initiative
The innovative project aims to restore degraded wetlands by collaborating with local farmers to promote sustainable agricultural practices that protect water resources.,Environmental Initiative
"Several schools in the district are now integrating environmental education into their curriculum, equipping students with the knowledge and skills to advocate for and contribute to the sustainability of their communities.",Sustainable Development
A new white paper released by the consulting group discusses market trends and consumer behavior without any reference to emerging sustainable practices or their implications for future investments.,None of the Above
"With our latest initiative, we are planting over 10,000 trees in urban areas to improve air quality and provide habitats for local wildlife, aiming for a greener future.",Environmental Initiative
"A newly launched program connects employees with non-profit organizations, allowing them to share their professional skills while giving back to the community, promoting an ethos of service and engagement.",Social Responsibility
"After engaging with community leaders, the organization revised its policies to ensure fair representation on its boards, elevating voices from diverse backgrounds to enhance decision-making and reflect societal values.",Governance Practice
"The recent introduction of a performance-based compensation model for executives aligns their interests with those of the shareholders, promoting long-term success of the company.",Governance Practice
"The company has implemented a comprehensive waste reduction program aimed at minimizing landfill contributions by adopting a circular economy approach, promoting recycling and composting initiatives among employees and stakeholders.",Environmental Initiative
"To address recent criticisms, the board has prioritized regular training sessions on ethical governance and compliance for all employees, aiming to instill a culture of responsibility across all departments.",Governance Practice
"In an effort to address mental health issues among employees, our organization implemented a comprehensive wellness program that includes counseling services and workshops on stress management.",Social Responsibility
"In response to the growing need for sustainable business practices, our team has launched volunteer opportunities for employees to engage in community clean-up events, promoting a healthier environment and community involvement.",Social Responsibility
Our office has a rigorous conflict of interest policy that requires all board members to disclose any potential conflicts as part of our commitment to ethical governance.,Governance Practice
We are thrilled to announce our partnership with local farmers to create a closed-loop supply chain that minimizes waste and promotes the use of organic materials. This collaboration not only supports local agriculture but also encourages the community to engage in environmentally friendly practices.,Sustainable Development
"The recent changes to the board's composition, aimed at increasing diversity, highlight our commitment to progressive governance and inclusivity.",Governance Practice
"Our financial report is full of insights on profit margins and growth strategies, yet it lacks any commitment towards renewable energy or social initiatives.",None of the Above
"The annual report highlighted impressive sales figures and market reach, yet it glossed over employee welfare and stakeholder engagement, raising eyebrows among analysts.",None of the Above
"A multinational corporation has announced plans to improve its supply chain by sourcing materials from local, organic farms, thereby supporting local economies while also minimizing transportation emissions. This approach not only enhances product quality but also fosters community development.",Sustainable Development
"Our annual report now includes specific metrics on employee volunteer hours and the impact of our charitable contributions, reflecting our ongoing commitment to making a difference in the communities where we operate.",Social Responsibility
Our company has committed to reducing plastic waste by implementing a comprehensive recycling program and sourcing biodegradable materials for our products. This effort supports our mission to lessen our environmental footprint.,Environmental Initiative
"The city launched a campaign to plant one million trees by 2025, aiming to increase urban greenery and improve air quality. This initiative is seen as a key step towards combating climate change and enhancing biodiversity in the metropolitan area.",Environmental Initiative
"Local businesses are coming together to create a circular economy model, encouraging waste reduction and recycling, which not only benefits the environment but can also lead to job creation in the green sector.",Sustainable Development
"The company's matching gift program helps to double the impact of our employees' donations to environmental and social causes they care about, amplifying our collective contribution.",Social Responsibility
"Although the company announced plans for new product lines, there was no mention of ethical sourcing or labor practices in their press release, which left many stakeholders concerned about potential exploitation.",None of the Above
"Despite prominent advertising about their new product, there’s little evidence showing how it truly benefits consumers beyond mere convenience. Observers are curious whether the claims can withstand scrutiny.",None of the Above
"Recent audits have shown that the committee responsible for corporate governance is actively reviewing and updating our conflict of interest policies, which is a critical step for maintaining trust among shareholders.",Governance Practice
"This summer, we are hosting a beach cleanup event that invites employees and community members to come together, remove trash from coastal areas, and learn about the importance of ocean conservation.",Environmental Initiative
"Complexities in international regulations have led us to refine our compliance strategies, ensuring that our governance frameworks meet both local and global standards for ethical conduct.",Governance Practice
"Our new product line features packaging made entirely from recycled materials, demonstrating our commitment to reducing waste and promoting circular economy principles.",Environmental Initiative
"Investments in solar technology are underway at our headquarters, with plans to generate 50% of our energy needs from renewable sources by 2025, contributing to a more sustainable future.",Environmental Initiative
"The report highlighted our financial performance last year, showcasing remarkable growth in various sectors, while other companies struggle to stay afloat in the current market.",None of the Above
Daily operations have been discussed extensively by teams across departments; there's been an emphasis on improving internal logistics as demand for products continues to rise.,None of the Above
"The latest employee engagement survey revealed high satisfaction among remote workers, but little was asked about benefits related to family support or mental health programs.",None of the Above
"While the fashion industry pushes for 'slow fashion' movements, some brands continue to rely on rapid production cycles, effectively undermining their claims of sustainability by prioritizing profit over ethical practices.",None of the Above
"The recent corporate rebranding strategy did not include any initiatives aimed at reducing carbon emissions or improving community engagement. Instead, it focused solely on aesthetic improvements to the company logo and website.",None of the Above
Their latest report showcases efforts to support local artisans through fair trade practices while boosting community development in rural areas.,Social Responsibility
"The new website update has improved user engagement, and we're seeing more traffic due to enhanced navigation features and a more appealing design.",None of the Above
"The recent partnership with local farmers aims to promote sustainable agriculture practices, which not only helps reduce chemical usage but also supports biodiversity and soil health.",Environmental Initiative
"To further enhance our governance structure, we have decided to diversify our board. By including members with varied backgrounds, we aim to enrich our decision-making processes.",Governance Practice
"Our company is investing in renewable energy sources to power our operations, reducing our reliance on fossil fuels and contributing to a greener future for all.",Sustainable Development
"Our commitment to reducing emissions is further demonstrated by our participation in community clean-up days, which not only beautify the area but also raise awareness on pollution and climate action.",Environmental Initiative
"The recent merger has created a lot of enthusiasm within the team, and there's a shared sense of optimism about the potential new projects in the pipeline.",None of the Above
"In an effort to combat climate change, the corporation has committed to achieving net-zero carbon emissions by 2030, investing heavily in renewable energy sources like solar and wind.",Environmental Initiative
"Our firm is working closely with local schools to promote diversity and inclusion through mentorship programs, fostering a more equitable future for students from all backgrounds.",Social Responsibility
"A recent collaboration between local farmers and tech companies is set to revolutionize agricultural practices. By implementing precision agriculture, the initiative seeks to minimize resource use while maximizing crop yield, demonstrating how technology can support eco-friendly farming.",Sustainable Development
"To address urban sprawl, a community revitalization project is underway to transform underutilized areas into vibrant mixed-use neighborhoods that enhance accessibility and reduce reliance on cars.",Sustainable Development
"By launching urban reforestation projects, we are not only aiming to increase green spaces but also to combat urban heat islands. These efforts are geared towards enhancing community health and improving air quality for all residents.",Sustainable Development
"By supporting local agriculture and promoting organic farming techniques, this initiative reduces carbon footprints and fosters healthier communities, showcasing a commitment to community well-being.",Sustainable Development
"Policy revisions were made to restrict insider trading practices among senior executives, ensuring that all transactions are reported promptly and transparently to regulators and shareholders alike.",Governance Practice
"The recent initiative to plant trees in deforested areas not only helps restore biodiversity but also addresses the company's carbon offset needs, showcasing a proactive approach to sustainability.",Environmental Initiative
"To enhance stakeholder engagement, the management has decided to hold quarterly town hall meetings, where employees can voice their concerns directly to executives.",Governance Practice
"Responding to feedback from employees, the company introduced a series of wellness workshops that focus on mental health, promoting a supportive work environment that values personal well-being.",Social Responsibility
"After the merger, the newly formed entity declared its intention to establish a comprehensive risk management framework aimed at safeguarding stakeholder interests.",Governance Practice
"Our outreach program seeks to educate local farmers on sustainable agricultural practices, such as crop rotation and permaculture, helping to enhance biodiversity and reduce chemical usage.",Environmental Initiative
"By adopting a comprehensive risk management framework, the firm is set to address potential ethical dilemmas more effectively, ensuring that all business practices align with corporate governance standards.",Governance Practice
"We’ve adopted a new framework for board evaluations, which includes a focus on diversity and effectiveness of governance structures, ensuring that all voices are heard in the decision-making process.",Governance Practice
"The new initiative for expanding IT infrastructure is designed to streamline operations and enhance customer service experience, but it doesn't reflect any commitment towards ESG standards or ethical governance.",None of the Above
"Our partnership with local environmental NGOs has resulted in a community tree planting day, where we aim to plant over 1,000 trees in urban areas. This initiative is a step towards improving air quality and beautifying neighborhoods while engaging our employees in meaningful volunteer work.",Environmental Initiative
The local food bank recently launched a new program to help support underprivileged families in our community. This initiative offers weekly food distributions and educational resources on nutrition and budgeting to help families thrive.,Social Responsibility
"The organization has implemented an inclusive hiring policy aimed at improving diversity in the workplace, ensuring all qualified candidates have equal opportunities regardless of their background or circumstances.",Social Responsibility
"A charter for ethical conduct has been adopted by our leadership, outlining the expected standards and behaviors for all employees. This is a critical step towards creating a governance framework based on mutual respect and accountability.",Governance Practice
"Recently, we have optimized our supply chain to reduce costs significantly. While sustainability is a buzzword, our main goal is to maintain operational efficiency and profitability amidst market fluctuations.",None of the Above
"To enhance employee engagement, we have set up a volunteer initiative that allows staff to dedicate work hours towards helping local shelters and food banks. This effort reinforces our belief in community involvement.",Social Responsibility
"By adopting a clear code of conduct for all employees, the company fosters a culture of integrity, emphasizing ethics in decision-making processes and reinforcing its commitment to responsible governance.",Governance Practice
"In light of recent regulations, our leadership has prioritized the establishment of a dedicated risk management unit, tasked with overseeing corporate compliance and governance issues.",Governance Practice
"By investing in renewable energy projects, including solar and wind farms, the organization is taking substantial steps towards achieving carbon neutrality. These projects are expected to supply clean energy to thousands of homes, thereby supporting sustainable living standards.",Environmental Initiative
"In response to recent regulatory changes, our board has strengthened its composition by adding independent members who bring diverse perspectives and expertise to oversight. This helps mitigate risks and drive ethical decision-making across all departments.",Governance Practice
"Recognizing the need for mental health support, we have introduced a new counseling program for our employees, promoting overall well-being and highlighting the importance of seeking help when needed.",Social Responsibility
"In light of the ongoing scrutiny regarding corporate practices, the management team has initiated a comprehensive review of compliance policies to better align with stakeholder expectations.",Governance Practice
"In light of recent events, the firm has implemented a policy to ensure all suppliers adhere to fair labor practices, fostering ethical treatment of workers across our supply chain.",Social Responsibility
Our organization has committed to reducing carbon emissions by 50% over the next decade through innovative practices in waste management and energy use.,Sustainable Development
"During the meeting, a proposal to cut costs was raised, focusing primarily on operational efficiencies without mentioning any potential effects on employee morale or community relations.",None of the Above
"The new policy emphasizes reducing single-use plastics significantly by 2025, urging businesses to adopt more sustainable alternatives. This drive aims to create a greener city and set an example for other municipalities to follow suit in prioritizing eco-friendly reforms.",Sustainable Development
"To mitigate our impact on climate change, we're actively involved in community clean-up efforts, recycling drives, and educational programs about sustainability.",Environmental Initiative
"By switching to biodegradable packaging for our products, we aim to minimize waste in landfills and contribute to a cleaner planet for future generations.",Environmental Initiative
"We recently held a workshop for our staff, emphasizing the importance of teamwork and communication skills. The session included several interactive activities designed to build strong interpersonal relationships. However, we didn’t touch upon any corporate social responsibility programs.",None of the Above
"Despite several new hires in leadership roles, stakeholders remain skeptical about the company’s cultural shift, citing a lack of clear policies or guidelines aiming for inclusivity and workplace fairness.",None of the Above
Our new solar panel installation will significantly reduce our carbon footprint by eliminating the use of non-renewable energy sources. This project not only cuts costs but also aligns with our commitment to combat climate change.,Environmental Initiative
"In an effort to combat climate change, the organization has partnered with local communities to restore natural habitats and enhance biodiversity in the region.",Environmental Initiative
"In recent community programs, employees volunteered to tutor local students in science and math, fostering education in a vulnerable neighborhood. This initiative has seen a significant improvement in student performance and engagement with learning.",Social Responsibility
"As part of our ongoing commitment to ethical leadership, we have introduced a code of conduct that outlines expectations for all employees, emphasizing accountability at every level.",Governance Practice
"Our latest product line is designed to meet consumer demands more effectively, highlighting our commitment to market trends and customer preferences. However, it doesn't address any environmental or social aspects.",None of the Above
"In a strategic shift, the corporation has adopted a zero-waste policy for its production facilities. By implementing innovative waste management practices, they significantly reduce landfill contributions and promote recycling and reuse of materials.",Environmental Initiative
"A new initiative was launched to improve workplace productivity, which includes the introduction of mandatory overtime. However, employees have voiced concerns that this approach does not consider work-life balance or mental health.",None of the Above
"A recent webinar covered the latest trends in consumer technology, yet discussions failed to touch on how these innovations could support broader social initiatives or reduce environmental footprints.",None of the Above
"The recent partnerships formed between corporations and non-profits aim to enhance community resilience by addressing issues like poverty, education, and clean water access through collaborative projects.",Sustainable Development
"Changes to our bylaws were made to include more stringent requirements for conflict of interest disclosures among board members, promoting a culture of integrity.",Governance Practice
"It's great that they support community events, but their actual impact on local employment rates remains ambiguous at best.",None of the Above
"A recent blog post reviewed the impact of technology on customer service efficiency, focusing solely on automation without discussing the ethical implications of job displacement or environmental considerations.",None of the Above
"Our commitment to responsible sourcing includes an extensive review of our supply chain to ensure that all partners adhere to high environmental standards, particularly in reducing waste and emissions.",Environmental Initiative
"With a focus on renewable energy, our latest project involves transitioning all office buildings to solar power within the next two years, significantly reducing our carbon footprint.",Environmental Initiative
"Regular audits are conducted to assess compliance with internal controls and regulatory requirements, ensuring that we maintain a high standard of accountability in all operations.",Governance Practice
Have you ever thought about the influence of influencer marketing on consumer behavior? It's a fascinating topic that's gaining traction.,None of the Above
"After years of research, the organization finally developed a biodegradable alternative to conventional plastic. This new material decomposes within six months, greatly reducing long-term waste in landfills.",Environmental Initiative
"An industry report discussed the potential risks associated with climate change but offered no solutions or actionable steps for companies to mitigate those risks, which many consider a missed opportunity for leadership.",None of the Above
The recent initiative by the local grocery chain to donate unsold food to community shelters is making a significant impact on food insecurity in the region.,Social Responsibility
"By initiating partnerships with local women's shelters, the corporation has committed to providing job training and resources to help women re-enter the workforce, supporting them in their journey toward independence.",Social Responsibility
"The new office chairs in our headquarters were purchased via a large discount deal, which was a cost-saving measure but did not consider sustainability in materials or manufacturing practices.",None of the Above
"To combat the increasing plastic waste crisis, a startup has developed biodegradable packaging solutions made from seaweed. This innovation not only helps reduce plastic usage but also promotes marine health by utilizing a renewable resource.",Environmental Initiative
"As part of our corporate strategy, we are initiating a project aimed at integrating renewable energy sources into our operations. This will not only significantly reduce our dependency on fossil fuels but also create sustainable job opportunities within the region’s energy sector.",Sustainable Development
"The CEO announced plans for expansion into international markets, reflecting a strong confidence in the company's growth strategy, although some analysts caution against potential regulatory challenges.",None of the Above
"The initiative focuses on empowering local communities through educational programs that underline the importance of preserving biodiversity and natural ecosystems, thus ensuring that local customs and knowledge are respected.",Sustainable Development
"In a recent presentation, the management team detailed the financial performance over the last quarter, yet they did not discuss any measures taken towards ethical governance or compliance, which are critical for long-term sustainability.",None of the Above
"During the quarterly meeting, management discussed their plans to increase diversity in hiring practices, aiming to better reflect the community’s demographics and ensure inclusivity.",Social Responsibility
Investing in renewable energy sources like wind and solar for our operational needs aligns with our long-term vision of reducing our environmental impact while also supporting green technology jobs in the region. We see this as a path toward future economic resilience.,Sustainable Development
"Market analysts pointed out that the firm’s community outreach programs were not well-publicized, and there was no indication of how they align with a larger commitment to social responsibility or ethical governance.",None of the Above
"Our research team is exploring new methods of carbon capture technology, which could revolutionize the way industries approach emissions reduction as part of their sustainability goals.",Environmental Initiative
"In response to rising carbon emissions, our firm has pledged to achieve net-zero emissions by investing in carbon capture technologies and renewable energy projects.",Environmental Initiative
"As part of their corporate social responsibility strategy, the multinational corporation is funding research on improving energy efficiency in manufacturing processes. By supporting innovations that decrease energy consumption, the company hopes to lead by example in the pursuit of sustainable industrial practices.",Environmental Initiative
"The investment firm held a webinar on market trends, but topics related to social impact investing or environmental policies were conspicuously absent, leaving attendees to question their commitment to these critical ESG themes.",None of the Above
"This year's financial summary offers a detailed outlook on revenue growth and shareholder returns, while conveniently ignoring issues related to environmental compliance and community feedback.",None of the Above
"Implementing comprehensive waste management systems, the city council has focused on engaging citizens in recycling efforts, aiming to improve resource efficiency and community participation.",Sustainable Development
"As part of our commitment to improving community health, our organization has partnered with local health authorities to provide free health screenings and preventative care workshops, ensuring that everyone has access to necessary services without financial burden.",Social Responsibility
"During the annual report meeting, the CEO emphasized their commitment to diversity and inclusion, highlighting mentoring programs aimed at underrepresented groups.",Social Responsibility
"Implementing a zero-waste policy in our manufacturing process, we aim to minimize landfill contributions while recycling materials back into the production cycle.",Environmental Initiative
"To improve accountability, the organization established an independent audit committee that will regularly review the effectiveness of its internal controls and risk management practices.",Governance Practice
"Our latest annual report highlights the steps we've taken to improve board diversity, including setting specific targets for female representation and ensuring a range of backgrounds within our leadership team. This is pivotal for modern governance.",Governance Practice
"During the last shareholder meeting, we discussed our approach to risk management, highlighting the role of the governance framework in addressing potential compliance issues.",Governance Practice
"A newly launched program encourages companies to adopt responsible waste disposal methods by providing resources and training to ensure that discarded materials are repurposed, creating a circular economy model that benefits both businesses and the planet.",Sustainable Development
Our company has initiated a community program that focuses on providing educational resources to underprivileged children in urban areas. This has been part of our commitment to uplift local communities.,Social Responsibility
"I'm really impressed by how XYZ Corp. launched a scholarship fund for local students, making higher education more accessible to those who might otherwise not have the chance.",Social Responsibility
"The company has committed to reducing its carbon footprint by 50% over the next five years, implementing new energy-efficient technologies in all its facilities.",Environmental Initiative
The establishment of an independent audit committee is a major step towards refining our internal controls and ensuring that our financial statements accurately reflect our company's operations.,Governance Practice
"By providing paid volunteer days for employees, we empower our team to engage in charitable activities that align with their personal values and community needs.",Social Responsibility
"The community center recently hosted workshops focusing on renewable energy practices, where participants learned about solar installations and energy efficiency measures that can be applied to their homes.",Sustainable Development
The community has launched a new initiative aiming to revitalize urban areas by integrating green spaces and affordable housing. This effort not only enhances the local environment but also provides residents with much-needed access to public parks and community centers.,Sustainable Development
"We have launched a new initiative aimed at restoring local forests by planting over 10,000 trees as a way to combat climate change and promote biodiversity in our vicinity.",Environmental Initiative
The board meeting minutes reflect a strategic plan focusing primarily on maximizing shareholder returns without mentioning any ethical considerations or stakeholder feedback mechanisms.,None of the Above
"Our commitment to diversity at the board level is reflected in our recruitment practices, which aim to promote representation and bring diverse perspectives to our governance.",Governance Practice
"A local school district introduced a curriculum focused on environmental science, teaching students about climate change, renewable energy, and conservation efforts. This initiative aims to foster a generation of environmentally conscious citizens who can advocate for a sustainable future.",Environmental Initiative
"The marketing campaign sparked interest as it highlighted product performance, but many critics pointed out a lack of transparency regarding labor practices and sourcing materials.",None of the Above
"As we continue to expand into new markets, we should not forget the importance of compliance with local regulations. The last thing we want is to face legal issues that could tarnish our reputation.",None of the Above
"Our commitment to ethical sourcing means we partner with suppliers who prioritize fair trade practices, ensuring fair wages and safe working conditions for their employees. This reflects our values in advocating for social equity.",Social Responsibility
"An online forum erupted with debates over a new software that dramatically changes workflow, but there was little talk about its implications for inclusivity or diversity in the workplace.",None of the Above
"The company has implemented a robust recycling program, ensuring that all plastic waste is processed sustainably and repurposed into new products.",Environmental Initiative
"The latest initiative by the non-profit organization focuses on empowering women in the workforce through skills training and professional development workshops, aimed at breaking down barriers and encouraging equal opportunity for all.",Social Responsibility
"At the conference, a keynote speaker highlighted the rapid advancements in AI but neglected to touch on potential ethical dilemmas or the role of technology in climate change mitigation; the focus stayed on innovation alone.",None of the Above
"Our organization has established a rigorous conflict of interest policy that all employees must adhere to, which is designed to maintain trust and uphold our commitment to ethical standards.",Governance Practice
"The new policy adopted by the government emphasizes renewable energy investment in rural areas, which is expected to create jobs and develop local economies. This shift not only showcases a commitment to clean energy but also addresses the socio-economic disparities prevalent in those regions.",Sustainable Development
"The recent fundraising event brought together employees and local artists to raise money for mental health initiatives, demonstrating our commitment to well-being beyond the workplace.",Social Responsibility
"Our initiative to support women entrepreneurs in rural areas includes training workshops and micro-loans, fostering economic empowerment and community growth.",Social Responsibility
"The local community center organized a fundraising event to support underprivileged children in the neighborhood, featuring games, food stalls, and live music. This initiative aims to provide educational resources and scholarships to those in need.",Social Responsibility
"In an effort to uplift the community, our firm partnered with several charities to create educational workshops for underserved children in the area.",Social Responsibility
We're proud to announce that we've achieved a 30% decrease in our energy consumption through the implementation of energy-efficient systems in our offices and warehouses.,Environmental Initiative
"The new product launch announcement featured cutting-edge technology, but the accompanying press release made no mention of its environmental footprint or the company's role in supporting local communities.",None of the Above
"An interesting article appeared in the business section about a local restaurant's charity drive, but it didn't mention any ongoing efforts to reduce food waste or promote local sourcing.",None of the Above
"Facilitating workshops on financial literacy and job readiness for local high school students, the organization seeks to equip young people with vital skills for their future success in the workforce.",Social Responsibility
"In light of recent scandals, a new code of conduct has been introduced, mandating all executives to adhere to ethical business practices and regulatory requirements.",Governance Practice
The organization is dedicated to reducing food waste by collaborating with local food banks to donate surplus meals. This initiative not only helps those in need but also promotes sustainability by minimizing waste in our operations.,Social Responsibility
"By integrating renewable energy sources into their infrastructure, the local government is paving the way for a cleaner, more resilient community that can withstand climate-related challenges.",Sustainable Development
"After receiving feedback from employees, we have implemented a new volunteer day policy. Staff can now take a paid day off to engage in community service, fostering a culture of giving back to society.",Social Responsibility
"Our firm has adopted a comprehensive approach that integrates sustainability principles into our supply chain management, ensuring that all suppliers meet environmental and social standards that protect future resources.",Sustainable Development
"As part of our commitment to community engagement, we sponsored a health fair that offered free medical screenings and wellness workshops for low-income families.",Social Responsibility
"As part of our sustainability strategy, we have implemented a comprehensive waste management program which includes recycling and composting initiatives aimed at diverting 70% of waste from landfills by 2025.",Environmental Initiative
The local community has organized a series of tree-planting events to enhance urban greenery and combat air pollution. Residents are encouraged to participate every weekend!,Environmental Initiative
Investments in infrastructure that support electric vehicles and bike lanes are being expanded to encourage cleaner transportation options while reducing the overall carbon footprint of the city.,Sustainable Development
The city's initiative to install electric vehicle charging stations across major parking lots is a breakthrough for promoting clean transportation options. It's about time we invest in greener alternatives!,Environmental Initiative
"Investor relations materials focused heavily on financial targets and strategic goals while completely omitting any reference to ethical considerations or social impact assessments, which could influence investor confidence.",None of the Above
"By launching initiatives aimed at increasing diversity within our hiring practices, we are actively working to create a more inclusive environment that reflects the communities we serve.",Social Responsibility
"The industry conference featured panels on the future of manufacturing, centered around automation and efficiency but with no discussions on sustainability practices or labor rights in that context.",None of the Above
"Our initiative focuses on mentoring at-risk youth, pairing them with professionals in their desired fields. This hands-on approach not only empowers the youth, but also builds strong community ties.",Social Responsibility
"Investing in local infrastructure is pivotal for economic growth, especially when it prioritizes eco-friendly transportation options such as bike lanes and electric bus routes. This effort is designed to reduce carbon emissions and encourage a shift toward more responsible commuting practices.",Sustainable Development
"An external audit has identified key areas for improvement in our governance processes, leading to the creation of a strategic action plan focused on enhancing stakeholder engagement and accountability.",Governance Practice
"The annual report highlights significant enhancements in stakeholder engagement processes, providing clearer pathways for investor communication and decision-making protocols that align with best governance practices.",Governance Practice
"The recent changes in the organizational structure aim to improve decision-making processes, with a focus on inclusivity and shareholder engagement in strategic initiatives.",Governance Practice
"Last year, the institution adopted a framework for sustainable corporate governance, integrating ESG factors into its decision-making and risk assessment processes.",Governance Practice
"The initiative to plant 10,000 trees in our city not only enhances the aesthetic appeal of the neighborhood but also plays a crucial role in carbon sequestration and provides shade during the hot summer months.",Sustainable Development
"A new policy has been introduced that mandates the use of eco-friendly materials in all public construction projects, aiming to set a precedent for responsible building practices across the region.",Sustainable Development
"In light of recent advancements, we are excited to announce a new initiative focused on fostering a circular economy by partnering with local businesses to create a program that minimizes waste and maximizes resource efficiency.",Sustainable Development
The recent board meeting discussed many operational efficiencies but did not address any measures regarding environmental impacts or community engagement.,None of the Above
"In a recent initiative, the firm donated significant resources to local charities that focus on education and housing for underserved communities, aiming to uplift those in need.",Social Responsibility
The new city park project aims to enhance green spaces while also providing educational programs about environmental stewardship and community involvement.,Sustainable Development
"To enhance oversight, the company has created a separate committee that focuses exclusively on audit functions, which will report directly to the board and ensure a higher level of scrutiny in financial matters.",Governance Practice
"Community gardens are emerging in urban neighborhoods across the country, fostering connections among residents while promoting local food production. These initiatives not only help in providing fresh produce but also engage people in sustainable practices, enhancing harmony and resilience in the community.",Sustainable Development
"In response to recent shareholder demands, the company's management is now providing quarterly reports detailing their compliance with ethical standards and risk management protocols, enhancing transparency in operations.",Governance Practice
"The company’s chairperson announced that they will prioritize diversity in leadership roles, aiming to create a more inclusive governance structure that reflects the values of modern society and enhances decision-making.",Governance Practice
"During the annual general meeting, the shareholders expressed their satisfaction with the proactive steps taken by the board in increasing diversity and inclusion within leadership roles, reflecting a commitment to equitable governance.",Governance Practice
"During the holiday season, we launched a campaign where employees could donate gifts to children in foster care. The turnout was incredible, showcasing our team’s dedication to making a difference.",Social Responsibility
"Following the merger, the newly formed entity adopted a robust governance structure to align with international best practices and maintain stakeholder trust going forward.",Governance Practice
"Our organization has committed to funding scholarships for students from marginalized backgrounds, ensuring that everyone can access quality education irrespective of their financial situation.",Social Responsibility
"After conducting a company-wide survey, our CEO has committed to improving workplace diversity and inclusivity with new training programs. This effort aims to ensure every employee feels valued and supported, regardless of their background.",Social Responsibility
"The board meeting agenda focused on potential mergers that could lead to increased market share, neglecting any topics related to ethical governance or stakeholder engagement.",None of the Above
We recently implemented a policy that allows employees to take paid leave for volunteering in community service projects. This encourages a culture of giving back and supports causes important to our staff.,Social Responsibility
"Our financial reports show a fast increase in revenue, which is great; however, there are no insights shared regarding our relationship with vendors and their labor practices.",None of the Above
"In response to climate change, the community has actively engaged in reforestation efforts, organizing volunteer events that bring residents together to plant trees, thus improving air quality and creating a sense of collective responsibility toward the environment.",Sustainable Development
"During the annual conference, experts discussed the importance of integrating sustainability into corporate strategies, emphasizing that long-term viability is essential for businesses wanting to thrive in a changing economy.",Sustainable Development
"After realizing the disproportionate impact of the pandemic on low-income families, we set up a support fund to provide them with essential supplies and financial assistance during these challenging times.",Social Responsibility
"The launch of a health initiative by a food manufacturer aims to promote healthier eating habits among children. By partnering with schools, the company has committed to providing nutritious meal options and educating kids on the importance of balanced diets.",Social Responsibility
A popular finance podcast highlighted the latest market trends but failed to mention any sustainable investment opportunities or the impact on climate change.,None of the Above
The partnership between the local government and environmental NGOs to restore the nearby wetlands demonstrates a commitment to preserving natural habitats. This effort serves to protect biodiversity and provides an educational platform for the community on the importance of ecosystems.,Sustainable Development
"We believe in uplifting communities; hence, our organization has adopted policies that promote hiring from minority groups. This not only diversifies our workforce but also empowers local populations.",Social Responsibility
"After receiving feedback from stakeholders, the corporation revamped its policies to enhance family leave benefits, demonstrating a commitment to work-life balance for all employees.",Social Responsibility
"In light of recent shareholder concerns, the company has decided to enhance its internal audit procedures to ensure compliance with federal regulations and industry standards, thus reinforcing its commitment to ethical practices.",Governance Practice
"We are pleased to announce that senior management has committed to regular ethical training sessions, aimed at reinforcing good governance practices across all departments, beginning next quarter.",Governance Practice
"In light of recent events, our management team has put in place stringent processes for risk assessment and management that align with international best practices, ensuring that we are prepared for potential challenges moving forward.",Governance Practice
"The city council has approved a plan to enhance public transportation options that will reduce dependency on cars and lower greenhouse gas emissions, establishing a more sustainable urban mobility system.",Sustainable Development
Our initiative to partner with a nonprofit organization focused on mental health awareness is underway. We are organizing workshops and providing resources to help destigmatize mental health issues among our employees and community.,Social Responsibility
"Following recent legal changes, the firm updated its compliance procedures to ensure that all operations meet new regulatory standards, thereby fortifying its governance framework against potential liabilities.",Governance Practice
"The IT department has introduced a digital tracking system for board meeting minutes, which allows shareholders to access decisions and discussions in real-time, promoting transparency.",Governance Practice
Our marketing team is thrilled about launching a new loyalty program aimed at customer retention and satisfaction. This program focuses purely on incentivizing purchases and does not incorporate any sustainable practices or community engagement efforts.,None of the Above
"Recognizing the importance of diversity, our board has diversified its members, ensuring that different perspectives are represented in decision-making processes.",Social Responsibility
The annual conference on sustainable finance brought together leaders from various sectors to discuss innovative financing models that support projects aimed at environmental and social improvement. It’s crucial to align financial resources with projects that not only yield returns but also positively impact communities.,Sustainable Development
Our company achieved a significant milestone by reducing carbon emissions by 30% this fiscal year through energy-efficient technologies and sustainable practices.,Environmental Initiative
"The recent shareholder meeting highlighted the importance of environmental, social, and governance (ESG) factors, with plans to integrate these into our overall strategic framework.",Governance Practice
"By transitioning our fleet to electric vehicles, we've made a commitment to reducing our reliance on fossil fuels. This not only lowers emissions but also sets an industry standard for sustainable transportation practices.",Environmental Initiative
"The introduction of an organic waste management program not only diverts waste from landfills but also turns it into compost, offering a dual benefit to the environment and local agriculture.",Sustainable Development
The internal memo celebrated the staff's hard work and commitment but didn't touch on how employees might benefit from social programs or environmental policies that promote inclusivity and sustainability.,None of the Above
"To improve stakeholder engagement, the company initiated a series of town hall meetings, inviting input on governance issues from employees and community members alike.",Governance Practice
"A groundbreaking initiative is underway to transform abandoned industrial sites into mixed-use developments that emphasize eco-friendly living. By repurposing these spaces, the project not only reduces waste but also breathes new life into the community and enhances local economies.",Sustainable Development
A recent report highlights how investment in infrastructure can provide long-term economic benefits while simultaneously addressing climate change challenges effectively.,Sustainable Development
"The company has developed a robust policy for stakeholder engagement, ensuring that all voices are heard and considered in our strategic planning processes.",Governance Practice
"In response to public demand, the brand has implemented a transparent supply chain, allowing consumers to see how products are sourced and ensuring that all workers are treated ethically, creating trust with the community.",Social Responsibility
"After much deliberation, the shareholders voted to adopt a more robust policy on executive compensation, tying incentives directly to long-term performance metrics.",Governance Practice
"In response to the global pandemic, a local business shifted its resources to produce face masks and hand sanitizers, donating a significant portion to hospitals and frontline workers. This effort showcases the company's commitment to community health and safety during a crisis.",Social Responsibility
"As part of our pledge, we are revitalizing abandoned urban spaces, transforming them into vibrant parks that serve both people and wildlife, thus promoting well-being and ecological balance.",Sustainable Development
"The technology firm has implemented a policy that allows employees to take paid time off to volunteer, which has fostered a culture of giving back and community engagement.",Social Responsibility
"The recent workshop focused on fostering partnerships between businesses and non-profits to develop local solutions for social and environmental challenges, emphasizing the role that collaborative efforts play in creating lasting positive change.",Sustainable Development
Looking for a new movie to watch? Check out the latest releases from smaller indie films that are getting some buzz this season!,None of the Above
Implementing a digital platform for board members to access documents securely has significantly improved transparency and efficiency in our decision-making processes.,Governance Practice
"In light of recent events, our company has decided to launch a mentorship program for young women in the tech industry. We believe that having role models can significantly impact their career growth and confidence.",Social Responsibility
"Corporate responsibility means more than profits; it involves giving back to the community, shown through our recent initiatives to partner with local nonprofits for youth mentorship programs.",Social Responsibility
"We are committed to reducing our plastic footprint by eliminating single-use plastics throughout our operations, introducing biodegradable alternatives instead.",Environmental Initiative
"To strengthen its corporate structure, a multinational firm introduced a series of guidelines governing executive compensation, particularly aligning pay with the company's long-term performance outcomes. This move signals a commitment to responsible leadership.",Governance Practice
The new community garden project not only enhances urban biodiversity but also promotes food security and provides a space for local residents to engage in sustainable agriculture practices.,Sustainable Development
"Recent reports indicate that the corporation has revamped its supplier code of conduct to ensure fair labor practices and ethical treatment of workers across its supply chains, reinforcing its pledge towards social ethics.",Social Responsibility
"Our enterprise risk management framework has been revised to incorporate input from all levels of the organization, which enhances our response to potential governance challenges that may arise in the future.",Governance Practice
The recent upgrade to our fleet includes electric vehicles to minimize greenhouse gas emissions. We've also initiated employee training programs focused on sustainable driving practices to encourage eco-friendly behavior.,Environmental Initiative
"The company has implemented a series of checks and balances to ensure that no single individual can exert undue influence over financial decisions. This system promotes transparency and accountability, which has been a core part of our corporate ethos.",Governance Practice
The organization has pledged to donate 10% of its annual profits to local charities that support education and healthcare access for underserved communities.,Social Responsibility
"Through collaborative efforts, the initiative seeks to promote resource-sharing among small businesses, encouraging a circular economy that minimizes waste and sustains local economies.",Sustainable Development
"The company recently implemented a plan to reduce its carbon footprint by 30% over the next five years, investing in renewable energy sources like wind and solar.",Environmental Initiative
"During this year’s annual general meeting, a company presented its new volunteering policy that encourages employees to take paid time off to participate in community service projects. This move is intended to promote volunteerism and strengthen the company’s ties with the local community.",Social Responsibility
"The nonprofit organization has successfully implemented a program that provides training for local farmers on organic agricultural practices, which not only enhances food security but also enriches soil health and protects surrounding ecosystems.",Sustainable Development
"Following the feedback from their annual community survey, the business has pledged to enhance its support for local health services, recognizing the vital role of health access in community resilience.",Social Responsibility
"An interdisciplinary team is working on a project that seeks to balance economic growth with environmental conservation in coastal regions, focusing on sustainable tourism practices that protect marine ecosystems while boosting local economies.",Sustainable Development
A recent community clean-up organized by a group of volunteers demonstrated a strong commitment to enhancing public spaces. Participants not only collected litter but also engaged with residents to promote environmental stewardship and civic responsibility.,Social Responsibility
"We're working on an innovative project that involves using waste materials from local industries to create affordable housing, addressing both the housing crisis and waste management issues in the area.",Sustainable Development
"The partnership with local farmers promotes organic agriculture practices, allowing them to access larger markets while ensuring food security and protecting biodiversity.",Sustainable Development
"In an effort to promote transparency, the corporation now publishes its monthly financial audits online, allowing stakeholders easier access to key performance data and governance structures.",Governance Practice
"As cities expand, it’s essential to incorporate smart technologies that optimize resource usage, thereby improving quality of life while minimizing environmental impact.",Sustainable Development
"Investors have raised questions about the recent merger, but the management's responses were centered on operational efficiencies rather than any potential benefits to environmental policies or stakeholder engagement.",None of the Above
"Aiming for a more balanced economy, the city council has decided to invest in renewable energy sources and eco-friendly infrastructures, thereby paving the way for future generations to thrive in a less polluted environment.",Sustainable Development
"Since implementing our tree planting initiative last year, employees have planted over 5,000 trees in local parks, contributing towards cleaner air and a greener community.",Environmental Initiative
"Following the recent survey, the firm initiated a mental health awareness campaign, offering resources and support to employees facing stress and burnout.",Social Responsibility
The company recently implemented a matching gift program encouraging employees to donate to their favorite charities. This not only strengthens community ties but also showcases our commitment to supporting various social causes.,Social Responsibility
"Our company has decided to focus on improving employee satisfaction this year, implementing various perks and benefits to enhance workplace morale and productivity.",None of the Above
"In an effort to reduce operational footprints, many businesses are shifting towards circular economy practices. This transition includes strategies for product lifecycle management and waste reduction, enabling companies to thrive while being stewards of the environment.",Sustainable Development
"As part of our commitment to green practices, we are investing in electric vehicle infrastructure to encourage employees to use EVs for commuting, thus lowering emissions from traditional vehicles.",Environmental Initiative
"We have established a mentorship initiative that connects high school students with professionals in various fields, providing guidance and support that can be essential for their future career paths.",Social Responsibility
"The promotional video showcases happy employees working in a modern office space, but it completely overlooks the issue of workplace inclusivity or diversity policies.",None of the Above
"In recent meetings, the company emphasized the importance of having an independent committee to oversee executive compensation and to avoid conflicts of interest.",Governance Practice
"Our company just established an independent committee to oversee compliance with ethical standards, promoting integrity and accountability in our operations.",Governance Practice
"As part of our ongoing commitment to biodiversity, we're funding a local wetland restoration project. This initiative aims to revive native flora and fauna, enhance natural habitats, and provide educational opportunities for the community.",Environmental Initiative
"The initiative encourages employees to participate in volunteer activities by offering them paid time off, reinforcing the value of giving back to the community and supporting local causes.",Social Responsibility
"The organization has adopted a policy that guarantees gender equity in leadership roles, fostering an inclusive workplace culture.",Social Responsibility
"The recent quarterly earnings report did not address any sustainability metrics, focusing instead on short-term financial gains and immediate market trends. It seems that the company’s commitment to ESG is lacking in the current business strategy.",None of the Above
"Our company recently launched a program aimed at improving access to education for underprivileged communities, providing scholarships and mentorship opportunities for young students. We believe that investing in education is crucial for fostering equality.",Social Responsibility
"The company's partnership with a nonprofit organization focuses on providing scholarships for underserved youth, working towards equitable access to education and resources for future leaders.",Social Responsibility
"With the launch of our plastic-free campaign, we are encouraging consumers to use reusable bags, thereby reducing plastic waste in our oceans and communities.",Environmental Initiative
"As part of our waste reduction program, we’ve started composting organic materials at our facilities, significantly lowering landfill waste and enriching local gardens.",Environmental Initiative
The board of directors has implemented a new policy requiring all executive appointments to undergo rigorous vetting to ensure diversity and adherence to ethical standards.,Governance Practice
"After conducting a carbon footprint assessment, our team identified several areas for improvement, leading us to switch to green suppliers and materials that comply with strict environmental standards. This is a key step in our journey towards sustainability.",Environmental Initiative
"On social platforms, influencers are promoting a myriad of lifestyle changes, but many pundits point out the lack of accountability regarding the actual sustainability of these practices.",None of the Above
"As part of our commitment to sustainability, we're implementing a solar energy system at our manufacturing facility. This transition is expected to reduce energy costs and reliance on non-renewable resources.",Environmental Initiative
"In response to the increasing effects of climate change, a coalition of businesses has committed to restoring wetlands and forests, which play a crucial role in carbon sequestration and mitigating flooding.",Sustainable Development
"In light of recent controversies, the leadership has committed to regular reviews of its governance policies to address stakeholder concerns and improve overall efficacy.",Governance Practice
"Our facility now runs on 100% renewable energy, significantly cutting down greenhouse gas emissions associated with our operations and demonstrating our commitment to sustainability.",Environmental Initiative
"The company has launched a program aimed at providing educational resources to underprivileged communities, helping children access the tools they need to succeed in school.",Social Responsibility
The non-profit organization has developed a comprehensive recycling program that not only focuses on collecting waste materials but also educates community members on the importance of reducing their carbon footprint. The program has successfully engaged hundreds of volunteers to promote environmental awareness and stewardship.,Environmental Initiative
"In response to recent regulatory changes, the compliance team has prepared a detailed report outlining new governance structures that will ensure adherence to legal requirements.",Governance Practice
"Through urban agriculture programs, we empower residents to grow their own produce, leading to increased food independence and decreased food miles, thus supporting local economies.",Sustainable Development
"Efforts to revitalize the waterfront area include the construction of bike paths and pedestrian walkways to encourage eco-friendly transportation. These changes not only promote healthier lifestyles but also reduce vehicle emissions, aligning urban growth with environmental preservation goals.",Sustainable Development
"The charity’s annual gala not only raises funds but also highlights stories of local heroes making a difference in their communities, emphasizing the importance of grassroots activism and social engagement.",Social Responsibility
"By incorporating green infrastructure into our urban planning, we aim to reduce flood risks, improve air quality, and create recreational spaces for residents, ensuring that development and nature coexist harmoniously.",Sustainable Development
"Remember when we were discussing how to effectively boost engagement rates? I think video content is still king, but what about live streams?",None of the Above
"A tech startup has created a platform that connects consumers with local farms practicing regenerative agriculture. By promoting local sourcing and sustainable farming techniques, the initiative encourages a reduction in carbon emissions associated with food transportation and supports community resilience.",Environmental Initiative
"The annual report highlighted the importance of stakeholder engagement in decision-making processes, where feedback from employees, customers, and community representatives is systematically reviewed and integrated into strategic planning.",Governance Practice
"The team has successfully implemented a zero-waste policy at our headquarters, diverting over 90% of waste from landfills through recycling and composting initiatives.",Environmental Initiative
Our organization has initiated a program to promote sustainable farming practices that ensure food security while preserving biodiversity for future generations.,Sustainable Development
"We have launched a volunteer program that encourages employees to participate in local community service projects, thereby enhancing their connection to the community.",Social Responsibility
"In a recent survey, our staff expressed a strong desire to get involved in social initiatives, leading us to establish a committee dedicated to discovering impactful projects in the community.",Social Responsibility
"As part of our sustainability strategy, we have introduced a green fleet initiative that incorporates electric vehicles to enhance logistics efficiency while lowering pollution levels.",Environmental Initiative
I can't believe how many brands are now using color palettes inspired by nature in their marketing campaigns. It's a creative shift!,None of the Above
"By engaging in biodiversity conservation projects, we're not just enhancing our brand's reputation; we're actively helping to safeguard endangered species within our operational areas.",Environmental Initiative
"The employee volunteering initiative has seen tremendous growth this year, with staff dedicating their weekends to community service projects that support local youth centers and environmental clean-ups. It’s heartwarming to see such engagement.",Social Responsibility
"In our latest report, we outlined how our partnerships with local nonprofits are helping to provide education and resources to underprivileged groups in the area for a more equitable workforce.",Social Responsibility
"Employees are encouraged to volunteer at local shelters, with paid time off provided for community service. This not only benefits the employees but also strengthens our ties with the community.",Social Responsibility
"The company announced their quarterly earnings, highlighting significant growth in revenue compared to last year, but did not mention any environmental or social impact metrics.",None of the Above
"The recent merger of two tech companies has led to a significant increase in innovation output, but many industry experts are concerned about the lack of transparency in their decision-making processes.",None of the Above
"An informative blog post about the significance of renewable energy sources fails to explore the broader implications of energy consumption reduction on social inequality and local economies, limiting its impact.",None of the Above
"Last year, we launched a scholarship program dedicated to supporting students from low-income families to pursue higher education, stressing the value we place on education.",Social Responsibility
"The implementation of green roofs in corporate buildings has not only improved energy efficiency but also contributed to urban biodiversity while providing a pleasant space for employees to connect with nature, illustrating how workplace design can promote sustainable practices.",Sustainable Development
"Our company has initiated a program to provide scholarships to underprivileged youth, ensuring that education is accessible to everyone, regardless of their background.",Social Responsibility
"In a recent press release, the organization highlighted its financial success while sidestepping questions about its carbon footprint and social equity initiatives, raising eyebrows among analysts seeking a more comprehensive approach to sustainability.",None of the Above
"As part of an effort to boost green tourism, the region is developing eco-friendly travel packages that promote conservation efforts and educate visitors on the importance of preserving natural habitats.",Sustainable Development
"As part of a broader climate action plan, a series of community gardens is being established to educate the public about organic farming and food security. This initiative not only enhances access to fresh produce but also fosters a stronger connection between residents and their environment.",Sustainable Development
"Their new solar farm will power all operations, allowing them to minimize reliance on fossil fuels and contribute to cleaner energy generation within the community.",Environmental Initiative
The introduction of term limits for board members is intended to encourage fresh perspectives and enhance accountability within the leadership team.,Governance Practice
"By investing in renewable energy sources such as solar and wind, we are not only cutting our emissions but also supporting local economies and encouraging job creation within sustainable sectors.",Sustainable Development
"The newly established ethics committee will oversee the implementation of governance policies throughout the organization, ensuring compliance with both internal and external regulations.",Governance Practice
"By integrating community input into our development processes, we ensure that new housing projects address the specific needs and aspirations of local residents, thereby promoting inclusivity and long-term viability.",Sustainable Development
"While the latest financial statements showcase impressive growth, critics argue that the company has not addressed disparities in workforce diversity, pointing out that their hiring practices remain unchanged and ineffective.",None of the Above
"Following recent discussions, our company's leadership has committed to strengthening the internal reporting mechanisms for ethical concerns, aiming for a more responsible organizational culture.",Governance Practice
"In collaboration with local environmental groups, we launched a beach clean-up campaign, inviting community members to participate in restoring coastal ecosystems and raising awareness about marine pollution.",Environmental Initiative
"New research has shown that converting industrial waste into biofuel can significantly reduce overall carbon emissions. Several companies are now investing in technologies that facilitate this transformation, which presents both an economic opportunity and a pathway toward sustainable energy sources.",Environmental Initiative
Our latest survey indicated that customers appreciate our efforts to donate a portion of profits to local charities. This feedback motivates us to continue supporting community initiatives that uplift those in need.,Social Responsibility
"In an effort to combat climate change, our organization has committed to sourcing all our energy from renewable resources by 2025, marking a bold step in our sustainability practices.",Environmental Initiative
"We launched an initiative aiming to provide training for our board members on best practices in corporate governance, focusing on transparency and ethical decision-making.",Governance Practice
"Following best practices in corporate governance, the new independent committee will oversee all major strategic decisions to ensure alignment with shareholder interests.",Governance Practice
"The initiation of a whistleblower policy is intended to empower employees to report unethical behavior without fear of reprisal, thereby fostering a culture of integrity and responsibility within the firm.",Governance Practice
"Our team is currently researching alternative methods to traditional production processes that not only reduce carbon footprints but also enhance community resilience, showing a commitment to future-proofing local economies.",Sustainable Development
"By integrating community feedback into our decision-making processes, we are enhancing our accountability and ensuring that the voices of marginalized groups are heard and valued.",Social Responsibility
"By promoting the use of alternative building materials and energy-efficient technologies, the developers are not only aiming for cost-effectiveness but also substantially lowering the environmental impact of their construction projects.",Sustainable Development
A recent study shows that investing in community infrastructure—like public transportation and energy-efficient buildings—can significantly enhance the quality of life for residents while also contributing to broader environmental goals.,Sustainable Development
"As part of our sustainability goals, we've implemented a water recycling system that captures rainwater for irrigation and landscaping, contributing to significant cost savings and resource conservation.",Environmental Initiative
"In an effort to support underserved regions, a major corporation launched a mentorship program connecting employees with youth in their hometowns. The initiative focuses on skill development and educational opportunities for young people facing barriers to success.",Social Responsibility
"In collaboration with educational institutions, the organization is implementing a program designed to educate youth about sustainable agriculture, fostering a new generation of environmentally conscious individuals who are equipped to face future challenges.",Sustainable Development
"Investments in affordable housing projects that incorporate energy-efficient designs and materials not only address the urgent need for shelter but also help reduce overall energy consumption, benefiting both the environment and the inhabitants' living conditions.",Sustainable Development
"Incorporating circular economy principles into business practices allows companies to minimize waste and maximize resource efficiency, leading to innovative solutions that support both the economy and environment.",Sustainable Development
"The new educational initiative aims to teach children about renewable energy sources and conservation strategies through hands-on projects, which encourages them to innovate solutions for sustainable living right from a young age.",Sustainable Development
"The new urban planning initiatives focus on creating green spaces that reduce carbon footprint while also enhancing the local biodiversity. These developments aim to provide communities with access to nature, improving both environmental quality and residents' well-being.",Sustainable Development
"Our team is excited about the upcoming product launch, but there’s been little discussion about the environmental impact of our supply chain, which could lead to serious concerns down the line.",None of the Above
"Their latest press release touts their philanthropic donations, yet many critics argue that such gestures shouldn't replace systemic change.",None of the Above
"Our financial practices are regularly assessed by external auditors, which not only promotes transparency but also enhances stakeholder trust in our governance structures.",Governance Practice
"With the introduction of quarterly performance reviews, we are enhancing our oversight functions, ensuring that management decisions align with our corporate values.",Governance Practice
"The latest audit revealed that our compliance framework meets the highest standards, confirming our dedication to ethical governance and risk management procedures.",Governance Practice
"The recent partnership with local NGOs aims to restore the coastal wetlands, crucial for marine life and acting as a natural buffer against climate change effects.",Environmental Initiative
"By implementing a zero-waste policy in its production facilities, the company strives to minimize environmental impact and set an example for others in the industry, all while creating local job opportunities in recycling and waste management sectors.",Sustainable Development
"As part of our ongoing efforts to promote responsible consumption, we are launching an educational program in local schools that teaches children about the importance of resource conservation and sustainable practices from a young age. It’s vital for the next generation to understand their impact on the planet.",Sustainable Development
"Our organization has recently invested in research to develop biodegradable packaging solutions, striving to minimize plastic waste in our products.",Environmental Initiative
"An ambitious new plan was launched to clean up the river that runs through the town, involving volunteers in regular cleanup events and educational workshops about water conservation.",Environmental Initiative
The recent campaign aimed at cleaning up local rivers has mobilized volunteers to remove trash and debris. It highlights the need for community stewardship of natural resources while raising awareness about waterway protection and habitat conservation.,Environmental Initiative
"The new park restoration project aims to reintroduce native plant species, which help to improve local biodiversity and reduce soil erosion.",Environmental Initiative
"In our latest project, we focused on integrating green building practices in the new housing development, ensuring that each home is energy-efficient and built with sustainable materials, creating a healthier living space for future generations.",Sustainable Development
"By supporting local farmers through sustainable agricultural practices, businesses can promote food security and enhance the community's overall well-being.",Sustainable Development
"By fostering innovation in circular economy practices, the startup aims to reduce waste and extend the lifecycle of materials, demonstrating a commitment to responsible consumption and production.",Sustainable Development
"Last year, our non-profit launched a campaign aimed at restoring local wetlands which provide crucial habitats for wildlife and improve water quality in the area. We're seeing positive changes already!",Environmental Initiative
"The new green infrastructure project aims to transform urban areas by incorporating parks and green roofs, promoting biodiversity while also enhancing community resilience to climate change. This development will provide local jobs and improve the quality of life for residents in the city.",Sustainable Development
"We've introduced a water conservation initiative that has reduced consumption by 30% in our production facilities, utilizing rainwater harvesting and advanced recycling technologies.",Environmental Initiative
"The local government has initiated a comprehensive plan to revitalize urban areas, focusing on green spaces and affordable housing for low-income families. This approach not only enhances the livability of the city but ensures future generations can thrive in a balanced environment.",Sustainable Development
"I just read an article about the history of our industry and it seems that many companies have faced similar challenges, but we are determined to stay competitive. It’s all about maintaining our market share, right?",None of the Above
"We are excited to announce our new initiative to plant one million trees over the next five years, which aims to offset carbon emissions and increase green spaces in urban areas.",Environmental Initiative
"Many companies have begun to invest in community health programs, developing facilities that cater to the underserved populations who lack access to medical care.",Social Responsibility
"A recent audit revealed that the company had not been transparent with its stakeholders regarding executive compensation, leading to the implementation of measures for clearer disclosures moving forward.",Governance Practice
"The organization has partnered with a third-party firm to assess its governance practices, ensuring alignment with international standards and promoting best practices in corporate responsibility.",Governance Practice
Our organization is committed to diversity at the management level; we are actively recruiting from a broader range of backgrounds to enhance decision-making processes.,Governance Practice
"Our new office decor includes a variety of plants and artwork, reflecting our team’s diverse backgrounds and interests. It's a space that fosters creativity and collaboration, which we believe boosts productivity. While we value individual expression, we haven’t established any formal environmental policies.",None of the Above
"In light of emerging regulatory requirements, our governance framework was updated to ensure we align our practices with national and international standards.",Governance Practice
"In a recent shareholder meeting, the company discussed its long-term strategy for improving board diversity, recognizing the correlation between varied perspectives and enhanced company performance.",Governance Practice
The recent partnership with a non-profit organization aims to provide job training for unemployed youth. This collaboration not only helps young individuals gain skills but also strengthens the local economy.,Social Responsibility
"The company's recent partnership with several non-profit organizations aims to tackle food insecurity in urban areas, making sure that everyone has access to nutritious meals.",Social Responsibility
"The partnership with environmental NGOs aims to protect endangered habitats while also engaging the community in conservation efforts, which benefits both nature and local livelihoods.",Sustainable Development
"After receiving feedback from employees, the management has instituted a whistleblower policy allowing staff to report unethical behavior without fear of retaliation, reflecting a robust governance structure that values integrity and transparency.",Governance Practice
A recent study highlighted the benefits of urban tree planting initiatives which can reduce city temperatures and improve air quality. Such programs encourage community involvement and educate residents about the importance of green spaces.,Environmental Initiative
"After analyzing our carbon emissions, we've initiated a reforestation project that will plant 10,000 trees in deforested areas to help combat climate change and promote biodiversity.",Environmental Initiative
"To combat climate change, the organization is investing in large-scale renewable energy projects, such as solar farms and wind energy plants, which are expected to provide clean energy to thousands of households while creating jobs in the region.",Environmental Initiative
"As part of our sustainability strategy, we are transitioning our fleet to electric vehicles, which will significantly reduce our transportation emissions.",Environmental Initiative
"The audit committee has expanded its role to oversee risk management strategies, ensuring that potential risks, both operational and financial, are effectively mitigated.",Governance Practice
"In a recent board meeting, the discussion centered around increasing profitability and expanding market share in the upcoming fiscal year. Various strategies were suggested, including entering new markets and diversifying the product line to attract more customers.",None of the Above
"Over the past year, we've contributed to various non-profits aimed at mental health awareness, showing our dedication to the well-being of those in our society.",Social Responsibility
"We’re proud to partner with local charities that provide meals and support to families in need, especially during economic hardships.",Social Responsibility
"We've just launched a campaign to reduce plastic use in our packaging, aiming for 100% recyclable materials within the next two years, thereby minimizing our environmental impact.",Environmental Initiative
"The board of directors at our company has implemented a series of policies aimed at enhancing transparency and accountability, ensuring that stakeholders are well-informed about our decision-making processes.",Governance Practice
"To improve accountability, the organization introduced a whistleblower policy that allows employees to anonymously report unethical behavior without fear of retaliation.",Governance Practice
"As part of an ambitious climate action plan, the region has pledged to cut greenhouse gas emissions by 50% by 2030. This initiative will not only enhance the quality of life for residents but also pave the way for a thriving green economy with job creation in the renewable energy sector.",Sustainable Development
"The local food bank received a significant donation from the company, highlighting their commitment to supporting community initiatives and helping those in need during tough economic times.",Social Responsibility
"The city has launched a comprehensive urban renewal plan aimed at revitalizing underdeveloped neighborhoods, promoting green spaces, and improving local infrastructure to support community growth. This initiative is not just about economic revitalization, but also ensuring that all residents have access to clean parks and public amenities.",Sustainable Development
The recent investment in solar panel technology has not only decreased energy costs but also aligns with our commitment to promoting renewables within the community.,Environmental Initiative
"The corporate newsletter included updates on team-building activities and employee achievements, but there were no communications regarding diversity initiatives or environmental impact assessments.",None of the Above
"Local authorities are constructing mixed-use neighborhoods that incorporate residential, commercial, and recreational spaces, promoting walkability and reducing reliance on cars.",Sustainable Development
"Through our employee engagement surveys, we discovered that team members are passionate about animal welfare. As a result, we have partnered with a local shelter for adoption drives and volunteer activities to support this cause.",Social Responsibility
"The organization’s outreach included offering scholarships for low-income students, demonstrating a commitment to increasing access to higher education for all members of the community.",Social Responsibility
"Efforts to promote sustainable fishing practices have gained traction, with local fisheries adopting catch limits and better reporting to protect marine biodiversity. This initiative involves collaboration between fishers, environmentalists, and governments to ensure long-term ocean health.",Environmental Initiative
"The recent urban planning initiative aims to enhance community welfare by integrating green spaces and promoting public transport, which not only reduces carbon footprints but also encourages social interaction among residents.",Sustainable Development
"Recognizing the importance of mental health, the organization initiated a comprehensive wellness program to support staff, offering resources and workshops to promote a balanced work-life environment. We want to ensure everyone's voice is heard and valued.",Social Responsibility
"Some employees have raised concerns about the air conditioning settings, suggesting they might be too low and affecting comfort levels during meetings.",None of the Above
"The implementation of a rainwater harvesting system at our manufacturing plant has not only reduced water costs, but also contributes to local water conservation efforts, aligning with our green practices.",Environmental Initiative
The tech giant has pledged to achieve net-zero emissions by 2030 through ambitious strategies that include transitioning to 100% renewable energy across all its global operations. Stakeholders are keenly observing their progress.,Environmental Initiative
We are excited to announce our new partnership with a leading solar energy provider to transition our office buildings to 100% renewable energy sources by the end of 2024. This initiative aligns with our pledge to combat climate change and reduce our carbon footprint.,Environmental Initiative
The company has been focusing on enhancing its marketing strategies to drive sales and boost its brand recognition among competitors. They recently revamped their social media platforms and launched a new ad campaign that has captivated their target audience.,None of the Above
"The local community launched a project to restore the coastal wetlands that play a crucial role in filtering pollutants and providing habitat for wildlife. By engaging residents in the planting of native species, they aim not only to enhance biodiversity but also to mitigate the impacts of climate change.",Environmental Initiative
"In looking to enhance the quality of life, the city has instituted a plan that intertwines social equity with environmental justice, ensuring that all residents have access to clean air, water, and green spaces.",Sustainable Development
"Our initiative to create urban gardens in vacant lots promotes local food production and enhances community interaction. This allows residents to learn sustainable gardening practices while addressing food security in urban areas, demonstrating how green initiatives can build stronger neighborhoods.",Sustainable Development
"During the annual review, the board of directors evaluated our current governance framework, identifying areas for improvement, including stakeholder engagement and risk management strategies.",Governance Practice
"In efforts to address climate change, a local school is embedding sustainability principles into their curriculum, encouraging students to think critically about their ecological footprint.",Sustainable Development
"In a projected growth sector, an organization has been unable to articulate a clear strategy for addressing challenges in data privacy and security. Stakeholders are eager for clarity regarding their policies, yet no specifics have been released.",None of the Above
"As part of our initiative, we provide scholarships to students from low-income backgrounds, ensuring access to higher education and better future opportunities.",Social Responsibility
"The recent report highlights our efforts in cutting down water usage by implementing state-of-the-art irrigation techniques in our agricultural practices, which helps conserve this precious resource.",Environmental Initiative
"An independent committee has been set up to oversee our company's adherence to regulatory compliance, ensuring that all operations align with the latest legal requirements. This committee's work is pivotal in maintaining stakeholder trust.",Governance Practice
"A new transportation plan has been introduced that encourages the use of public transit, biking, and walking, significantly reducing reliance on personal vehicles. This not only lowers emissions but also promotes healthier lifestyles among residents, showcasing a holistic approach to urban planning.",Sustainable Development
"They recently unveiled a comprehensive plan to transition public transport to fully electric buses, cutting down emissions by a significant percentage. This could set a precedent for other cities worldwide.",Environmental Initiative
The local community has launched a tree planting campaign aimed at increasing urban green space and improving air quality for residents.,Environmental Initiative
"We are launching a new public transportation system that encourages residents to use eco-friendly options, reducing reliance on personal vehicles and contributing to a significant drop in urban pollution levels.",Sustainable Development
"The company implemented a volunteer program that encourages employees to engage with local communities, focusing on education and youth development.",Social Responsibility
"An ambitious initiative is underway to transition a community from traditional heating methods to geothermal energy systems, significantly reducing their carbon footprint. This project reveals how localized energy solutions can enhance sustainability while benefiting the economy.",Sustainable Development
"A new initiative focuses on training local populations in sustainable agricultural practices, enabling them to produce food in ways that conserve resources and protect ecosystems for future generations.",Sustainable Development
"The establishment of a corporate ethics hotline has empowered employees to voice concerns about misconduct, reinforcing a culture of integrity and compliance across all levels of the organization.",Governance Practice
The recent audit revealed that our organization must improve its conflict of interest policies to prevent any potential ethical breaches in our operations.,Governance Practice
Our company has committed to reducing carbon emissions by 50% over the next decade through the implementation of renewable energy sources in our operations.,Environmental Initiative
"There's ongoing dialogue about workplace diversity in the tech field, but many organizations are yet to implement concrete measures to ensure equitable hiring practices, which has led to criticism of their public commitments to social responsibility.",None of the Above
"Feedback from our recent client presentations highlighted our innovative solutions. However, discussions did not address how these solutions align with eco-conscious practices or community impact, suggesting a gap in our overall strategy.",None of the Above
We're implementing a circular economy model in our factory which includes recycling materials and reducing waste to create a more efficient process. This shift not only lowers our environmental impact but also sets a standard for innovation in manufacturing.,Sustainable Development
"Last week, the environmental agency announced a new regulation aimed at reducing water consumption in industrial facilities. This regulation not only pushes companies to innovate in their water usage but also incentivizes investments in technologies that promote water conservation across sectors.",Environmental Initiative
The debate on whether we should abolish the penny continues. Some argue it costs more to produce than it's worth.,None of the Above
"In recent years, the community has seen substantial growth in cooperative housing projects that prioritize energy-efficient designs. These buildings not only reduce utility costs for residents but also contribute to a lower overall carbon output, reinforcing the commitment to ecological balance.",Sustainable Development
"We're currently developing a comprehensive code of conduct for all employees, which includes guidelines on ethical behavior and compliance with legal standards, ensuring that everyone is aligned with our governance values.",Governance Practice
"As we explore innovative transportation solutions, plans for a new bike-sharing program aim to reduce traffic congestion and emissions while promoting healthier lifestyles, ultimately benefitting both the environment and community health.",Sustainable Development
"They’ve established a mentorship program that connects young professionals from marginalized backgrounds with industry leaders, aiming to bridge the gap in career opportunities.",Social Responsibility
"Last quarter, the company achieved a significant milestone by reducing its plastic usage by 50%, thanks to innovative packaging solutions that rely on compostable materials.",Environmental Initiative
"Despite the ongoing discussions about climate change, our responsibilities lie more in navigating the financial markets effectively. Stakeholders expect us to prioritize returns, and that’s exactly what we will do.",None of the Above
"During quarterly meetings, the management team reviews the effectiveness of our internal controls and risk management strategies. This proactive approach is essential in promoting a culture of accountability and transparency.",Governance Practice
"Despite being a leader in its field, the latest press release from the firm is void of any mention of sustainability efforts or social contributions, focusing only on profit margins.",None of the Above
"In response to rising sea levels, we have initiated a reforestation project aimed at planting one million trees along the coastline to combat erosion and provide habitats for wildlife.",Environmental Initiative
The company has appointed an independent ethics officer tasked with monitoring compliance with corporate governance guidelines and ensuring that all employees adhere to established policies.,Governance Practice
"The recent establishment of a risk management committee aims to systematically identify and mitigate potential risks, thereby demonstrating our proactive approach to governance and transparency.",Governance Practice
"Our sustainability task force has developed a comprehensive plan to reduce water usage across all operations by 40% over the next three years, utilizing advanced technology to monitor and optimize consumption.",Environmental Initiative
"The government has launched a new initiative to incentivize businesses that reduce their carbon emissions through innovative technologies and sustainable practices, thereby promoting a shift towards greener operations.",Environmental Initiative
"To address the impact of corporate practices on local communities, we are implementing a new policy that requires all suppliers to adhere to fair labor practices and provide safe working conditions for their employees, ensuring ethical production at every level.",Social Responsibility
"A recent audit revealed that our organization is committed to diversifying its leadership structure, actively seeking candidates from underrepresented groups for senior management positions.",Governance Practice
Our organization is actively reviewing its corporate governance structure to incorporate more stakeholder feedback in decision-making and ensure greater accountability.,Governance Practice
"This new initiative focuses on integrating eco-friendly materials in community housing developments, ensuring that future homes are energy-efficient and affordable for all families.",Sustainable Development
"In an effort to improve community relations, the organization regularly holds town hall meetings to gather feedback from residents and adjust its practices in response to their concerns.",Social Responsibility
A new initiative to retrofit our office spaces with energy-efficient lighting and HVAC systems has already yielded a 15% reduction in our utility costs while decreasing our overall environmental impact.,Environmental Initiative
"In a move to promote green transportation, the organization has introduced an electric vehicle fleet, aiming to cut down fossil fuel use by 50% within the next two years.",Environmental Initiative
"The latest press release celebrated record profits without addressing the criticisms around fair labor practices in their supply chain, raising questions about their commitment to ethical governance.",None of the Above
"To further our commitment to sustainability, we are hosting workshops about energy conservation for the community, sharing tips and strategies for lowering carbon footprints.",Environmental Initiative
"After an internal review, the organization has established a dedicated ethics committee responsible for monitoring compliance with laws and regulations, aiming to enhance governance structures.",Governance Practice
"The quarterly newsletter highlighted a record year for sales, but it did so without considering the implications of our rapid growth on the local economies we operate in.",None of the Above
"The company celebrated its 10th anniversary with a lavish party, showcasing their growth in sales figures, yet there was no mention of their commitment to corporate social responsibility or environmental stewardship.",None of the Above
"In light of recent scandals, we are enhancing our compliance framework to ensure stricter adherence to international regulations and best practices.",Governance Practice
"To address the growing issue of waste management, the community has developed a circular economy framework that promotes recycling, reuse, and composting. This strategy not only reduces landfill waste but also creates job opportunities in waste processing and green technologies.",Sustainable Development
"To further its goal of sustainability, the company has adopted a policy to source all raw materials from certified sustainable suppliers, ensuring responsible management of natural resources.",Environmental Initiative
"A major overhaul of our corporate governance structure has been implemented, which includes the introduction of term limits for board members to promote fresh perspectives and accountability.",Governance Practice
"The organization is offering a training program aimed at improving employee skills centered on productivity and efficiency. While this initiative benefits the workforce, it does not include any sustainable or social responsibilities.",None of the Above
"Annual surveys are distributed to key stakeholders to gather feedback on corporate governance, allowing us to identify areas for improvement and adapt our policies accordingly.",Governance Practice
"Establishing a wildlife corridor alongside our industrial site is crucial for maintaining local biodiversity. By planning our developments in harmony with nature, we ensure that wildlife habitats are preserved and ecological balance is supported.",Sustainable Development
"In a tweet, the brand shared an image of its new packaging design, boasting creativity and aesthetics but missing any mention of eco-friendliness or recyclability.",None of the Above
"As part of our commitment to ethical sourcing, we have partnered with local farms to ensure fair wages for workers. This also helps to strengthen the local economy and promote better living standards.",Social Responsibility
"In a recent press release, the organization highlighted its innovative product lines without any reference to how these contribute to social equity or governance structures within the supply chain.",None of the Above
"The latest initiative in the area revolves around responsible water management practices, such as rainwater harvesting and the use of drought-resistant landscaping. This approach not only conserves vital water resources but also supports local wildlife and helps communities adapt to climate changes.",Sustainable Development
Anyone else feel like every week there's a new social media challenge? It’s a never-ending cycle of trends that sometimes feels exhausting!,None of the Above
"While discussing future strategies, the board prioritized digital transformation and market penetration but did not outline any commitment to diversity or addressing industry-wide disparities, leaving many stakeholders unsettled.",None of the Above
"In partnership with various NGOs, the company launched a mentorship program aimed at improving career opportunities for underprivileged youth in urban areas.",Social Responsibility
"The new sustainability plan includes an ambitious goal to achieve zero waste by 2030, with measures like composting food waste and recycling outdated office materials.",Environmental Initiative
"Despite the charity event's success in raising funds, feedback from community members suggests that the approach taken did not adequately address their needs, indicating a disconnect between company actions and community expectations.",None of the Above
"The new solar energy project at the university aims to install solar panels on all campus buildings, covering 50% of its energy needs with renewable sources. Students and faculty are excited to contribute to sustainable practices in education.",Environmental Initiative
"The launch of our new eco-friendly packaging line reduces plastic waste and emphasizes our commitment to using renewable materials. Customers are encouraged to recycle our packaging, further supporting a green future.",Environmental Initiative
"An influential podcast discussed the importance of storytelling in business, but it did not touch on how businesses are addressing ethical concerns related to their supply chains, leaving out critical aspects of governance and accountability.",None of the Above
"After a successful pilot program, the organization expanded its efforts to promote urban farming, providing resources to help residents grow their own food and reduce their carbon footprint.",Environmental Initiative
Our company's new waste management strategy focuses on recycling and reducing single-use plastics in all our offices. It's a significant step towards minimizing our carbon footprint.,Environmental Initiative
"Following a series of internal audits, the management has decided to restructure the compliance team to better align with regulatory requirements, fostering a culture of integrity across all departments.",Governance Practice
"An essential part of our governance model is the regular evaluation of board performance, which helps us identify areas for improvement and ensures accountability at all levels of leadership.",Governance Practice
"The company's commitment to ethical leadership is reflected in its recent decision to implement a comprehensive code of conduct that outlines acceptable behaviors and practices for all employees, thereby promoting a culture of responsibility.",Governance Practice
"In an effort to combat homelessness, the organization has initiated a housing first program that provides permanent housing solutions coupled with supportive services to enhance stability for those in need.",Social Responsibility
"After reviewing our internal procedures, we decided to enhance our risk management framework by integrating comprehensive compliance checks that align with international standards.",Governance Practice
"Through our sustainable sourcing policy, we ensure that all materials are obtained responsibly, respecting ecosystems and supporting local communities.",Environmental Initiative
"In collaboration with various stakeholders, we developed a new transportation strategy that prioritizes public transit and pedestrian pathways, contributing to reduced traffic congestion and pollution.",Sustainable Development
"With the implementation of community-led workshops on energy efficiency, homeowners have started making informed decisions that reduce utility bills and lower their environmental impact simultaneously.",Sustainable Development
"The firm is launching a scholarship program for underrepresented students in STEM fields, aiming to create pathways to education and career opportunities that enhance community prosperity.",Social Responsibility
"In an effort to promote diversity and inclusion, our organization has implemented a new hiring policy that prioritizes candidates from historically underrepresented backgrounds.",Social Responsibility
"In a recent meeting, the board discussed the upcoming quarterly report without addressing any climate-related risks. Management seemed more focused on profit margins than on social impact initiatives.",None of the Above
"While a firm boasts about their philanthropic efforts, they have yet to disclose substantial contributions towards pressing social issues like education or healthcare access, leading to questions about the authenticity of their claims.",None of the Above
"Our IT department is looking to upgrade the software used for tracking customer interactions, which should help streamline operations and enhance user experience.",None of the Above
The nonprofit organization is working towards enhancing agricultural practices by educating farmers on soil conservation techniques that help increase crop yields without depleting natural resources.,Sustainable Development
"A new series of podcasts on corporate strategies is gaining popularity, discussing various industry trends without any mention of ethical practices or societal considerations.",None of the Above
"Our factory will now utilize only recycled water in its production process, aiming to cut down on freshwater consumption significantly. This not only helps the environment but also reduces costs.",Environmental Initiative
"Many organizations are now prioritizing fair labor practices, ensuring that employees receive fair wages and are treated with dignity. This approach is increasingly seen as essential for a positive workplace culture.",Social Responsibility
"The new community outreach program aims to provide educational resources and mentorship opportunities to underprivileged youth, helping them develop skills that are essential for their future.",Social Responsibility
"After reviewing our decision-making processes, we have enhanced our transparency by disclosing more detailed information regarding our procurement policies and supplier selection criteria.",Governance Practice
"In a bid to combat climate change, an initiative is underway to create green corridors throughout the city. These corridors will not only improve air quality but also provide habitats for urban wildlife while offering residents recreational spaces.",Sustainable Development
"Our team has initiated a local food waste reduction program in partnership with area restaurants, focusing on composting and redistributing excess food to support those in need. It’s about addressing social issues while promoting environmental stewardship.",Sustainable Development
"The innovative recycling program we launched not only reduces waste but also encourages community participation in sustainable practices, fostering greater environmental awareness.",Environmental Initiative
"New regulations for our compliance department will strengthen our adherence to international standards, showing our commitment to maintaining ethical practices in all operations.",Governance Practice
"The video showcasing their new headquarters was visually stunning! However, some wondered if that investment would actually benefit the community.",None of the Above
"The introduction of a code of conduct for all employees emphasizes the importance of ethical behavior and highlights the consequences of non-compliance, reinforcing governance and accountability across the organization.",Governance Practice
The recent initiative to switch our company vehicles to electric options reflects our commitment to reducing the carbon footprint of our operations and promoting renewable energy usage.,Environmental Initiative
"The board has implemented a robust set of regulations to ensure transparency and accountability in its operations, highlighting the importance of ethical decision-making.",Governance Practice
"An event was held last week to celebrate employee achievements, with no reference to the company's impact on community welfare or environmental stewardship.",None of the Above
"The new policy established by the city council aims to facilitate better waste management practices, encouraging residents to engage in recycling and composting programs, thereby fostering a culture of sustainability within the community.",Sustainable Development
A startup's press release touted their breakthrough app designed to enhance productivity but lacked any mention of how it might contribute to a more sustainable future or address social issues.,None of the Above
"To foster a culture of inclusion, we have implemented training programs focused on unconscious bias, aiming to ensure that every employee feels valued regardless of their background.",Social Responsibility
"In a bold move towards sustainability, our firm has decided to eliminate single-use plastics from all office locations, advocating for reusable alternatives instead.",Environmental Initiative
The introduction of a stakeholder engagement program has been pivotal in ensuring that community voices are heard in our decision-making processes; this aligns with our commitment to accountability and integrity.,Governance Practice
"The new solar panel installation on the factory roof is just one step in our effort to reduce carbon emissions while boosting local energy production. As we shift towards greener practices, our aim is to not only lower costs but also create a model for other businesses in the area to follow.",Sustainable Development
The launch of the employee volunteer program allows staff to take paid time off to engage in local community service. This initiative empowers employees to give back while fostering a sense of shared purpose within the company.,Social Responsibility
"The construction of green buildings aims to reduce resource consumption and promote long-term ecological balance within urban environments, creating spaces that are both livable and environmentally friendly.",Sustainable Development
"In the wake of recent economic changes, the leadership team is prioritizing strategic investments to strengthen the company's financial stability. The focus remains strictly on fiscal growth, with little regard for broader social or environmental implications.",None of the Above
"By creating mentorship programs that connect experienced professionals with young graduates from disadvantaged backgrounds, the organization promotes inclusivity and equal opportunities.",Social Responsibility
"The marketing team of the firm circulated a flyer promoting their new office layout as modern and efficient, conveniently leaving out any discussion of how this design affects employee wellbeing or energy consumption.",None of the Above
"The board has instituted a robust set of policies to ensure compliance with regulatory standards, enhancing transparency and accountability across all departments.",Governance Practice
"An annual sustainability summit is being organized to bring together stakeholders from various sectors to discuss and promote practices that yield long-term benefits for both the economy and the environment, focusing on collaborative approaches to community growth.",Sustainable Development
"The new project aimed at improving user experience was well-received. However, stakeholders pointed out that while the project was innovative, it didn’t include any sustainability frameworks or social equity considerations in its planning.",None of the Above
The organization has committed to preserving endangered wildlife habitats by funding conservation efforts and employing eco-friendly practices within our operations. This includes protecting local biodiversity and supporting environmental stewardship.,Environmental Initiative
"In an effort to boost energy efficiency, the organization has retrofitted its buildings with LED lighting and energy-efficient appliances, achieving a significant reduction in electricity use.",Environmental Initiative
"We have expanded our digital marketing efforts significantly this past year, which is crucial for staying competitive, but the implications for data privacy and user consent were not raised.",None of the Above
"We organized a charity run to support mental health awareness, encouraging our employees and their families to participate while raising funds for local mental health services.",Social Responsibility
We are proud to announce our carbon offset program which allows customers to contribute to reforestation projects with every purchase made. This aligns with our vision to mitigate climate change while providing consumers with a way to make a positive impact.,Environmental Initiative
The city council approved a new ordinance aimed at reducing plastic waste by banning single-use plastic bags in all retail stores. This move is expected to significantly decrease the amount of plastic pollution in local waterways and parks.,Environmental Initiative
"Creating awareness about the importance of reducing plastic usage, the campaign encourages community members to participate in monthly clean-ups of local beaches and parks.",Environmental Initiative
"By developing affordable housing that utilizes green building materials and energy-efficient systems, we are addressing social equity while also tackling environmental issues. This dual focus helps meet the needs of low-income families and reduces the carbon footprint of housing developments.",Sustainable Development
"The recent launch of our new product line has garnered a lot of attention, yet we must remain focused on what truly matters: our quarterly profits. It's all about the numbers, and we aim to increase shareholder value in every possible way.",None of the Above
"In an interview, the spokesperson for the nonprofit discussed their financial stability and future goals, but the conversation lacked any details about how they plan to integrate sustainable practices into their operations.",None of the Above
"The partnership between the local government and non-profit organizations focuses on developing community gardens, which serve as a resource for healthy food options while educating residents on sustainable agriculture practices and their benefits.",Sustainable Development
"The coalition has established a program designed to foster innovation in waste management, encouraging startups to come up with creative solutions that address the growing issue of landfill overflow while creating job opportunities in the process.",Sustainable Development
"In a bid to foster innovation, the university has partnered with various industry stakeholders to create an incubator that supports startups focused on creating eco-friendly products and solutions, thereby contributing to a greener economy.",Sustainable Development
"The latest shareholder meeting highlighted the importance of board diversity, leading to the adoption of a comprehensive strategy aimed at increasing the representation of women and minorities in leadership positions.",Governance Practice
"Educational programs targeting youths are being expanded to include lessons on sustainable practices, teaching them the importance of environmental stewardship and responsible resource use.",Sustainable Development
"We have enhanced our product line to include biodegradable packaging, which not only reduces plastic waste but also supports our goal of creating a circular economy. Customers are increasingly appreciating our efforts towards sustainability.",Environmental Initiative
"The initiative launched last quarter focused on increasing board diversity, recognizing it as a pivotal factor in sound governance and better decision-making processes.",Governance Practice
"A local nonprofit organization is organizing a fundraiser to improve educational resources in underprivileged neighborhoods. While the initiative is commendable, it lacks any formal partnership with local businesses to enhance its impact.",None of the Above
"The recent quarterly report emphasized the importance of shareholder value and profitability, while also announcing a new digital marketing initiative expected to cut costs. Yet, no mention was made of environmental or community impacts.",None of the Above
"Our commitment to ethical governance is reflected in our policy updates, which now include provisions for whistleblower protections to encourage reporting of misconduct.",Governance Practice
"The recent acquisition by a major beverage corporation generated buzz in the media, but analysts have raised eyebrows due to the lack of transparency about its impact on small farmers and local communities involved in the supply chain.",None of the Above
"Local artisans are encouraged to utilize recycled materials in their crafts, promoting both creativity and sustainability while generating income and reducing waste in the community.",Sustainable Development
"Our organization is pioneering a regenerative agriculture approach that not only boosts yield but also restores soil health and increases carbon sequestration, driving both profitability and environmental benefits for farmers.",Sustainable Development
"By creating green roofs on our buildings, we can improve urban air quality and lower energy consumption, while also providing green spaces for employees to enjoy during breaks.",Environmental Initiative
"The construction of the new eco-friendly housing development incorporates renewable energy sources, recycled materials, and green spaces, aiming to reduce carbon footprints while enhancing community living. This initiative focuses on long-term urban sustainability and livability.",Sustainable Development
"The new urban development plan prioritizes green spaces, extensive public transportation options, and energy-efficient buildings to create a livable environment for residents.",Sustainable Development
"The installation of green roofs on our buildings is designed to enhance energy efficiency, manage stormwater better, and provide green spaces in urban environments.",Environmental Initiative
Efforts to revamp public transportation systems by introducing electric buses are not only anticipated to lower greenhouse gas emissions but also to make commuting more affordable and accessible for the city's inhabitants.,Sustainable Development
"To combat pollution, the city council has initiated a program to replace all streetlights with energy-efficient LED lights, significantly reducing energy consumption.",Environmental Initiative
Management has established a clear framework for evaluating risk and ensuring adherence to legal standards. Regular assessments will be conducted to identify vulnerabilities within the organizational structure and processes.,Governance Practice
"Our company has set up a dedicated ethics committee responsible for overseeing compliance with legal standards and internal policies, ensuring that all operations align with best practices in corporate governance.",Governance Practice
"Through partnerships with local NGOs, our firm is actively taking part in community clean-up days and youth mentorship programs. This engagement goes beyond just volunteering; it aims to foster lasting relationships and improve overall community well-being.",Social Responsibility
"In an effort to combat climate change, the organization has launched a comprehensive recycling program aimed at reducing waste and promoting sustainability among employees and partners.",Environmental Initiative
We are proud to report that our latest community engagement project has resulted in increased recycling rates and a collective commitment to reducing waste at the neighborhood level.,Sustainable Development
"Through innovative aqua farming techniques, we aim to reduce overfishing and provide sustainable seafood options to our customers. This practice helps preserve marine ecosystems.",Environmental Initiative
The development of affordable housing projects designed with energy-efficient technologies demonstrates a commitment to both social equity and environmental stewardship within the urban landscape.,Sustainable Development
"The competition in our sector is fierce, and while we are exploring new avenues, our primary focus remains on maximizing our revenue streams. Keeping shareholders happy is our foremost priority.",None of the Above
"Our organization's commitment to reducing greenhouse gas emissions is evident in our switch to electric delivery vehicles, which are significantly cleaner than traditional gasoline-powered options.",Environmental Initiative
"As part of its commitment to reducing its carbon footprint, the corporation has started a program that partners with local farmers to source materials sustainably. This local sourcing helps to reduce transportation emissions and supports the regional economy.",Sustainable Development
"Our organization emphasizes the importance of diversity at the board level, actively seeking to include members from varied backgrounds to foster inclusive decision-making.",Governance Practice
"In recent years, the city has invested heavily in infrastructure projects that focus on renewable energy sources. These projects are designed to improve energy efficiency while also providing job opportunities for the local population.",Sustainable Development
"Local businesses have joined forces to create a community-driven program that focuses on recycling and composting, encouraging residents to reduce waste and utilize resources more effectively, leading toward a more sustainable lifestyle.",Sustainable Development
"A recent project aims to combine renewable energy sources with cutting-edge agricultural practices, allowing farmers to produce food while minimizing their environmental footprint. By employing solar panels and wind turbines, this initiative seeks to create a self-sustaining farming ecosystem.",Sustainable Development
"The city council has implemented a program to increase green spaces by converting vacant lots into community gardens, promoting local biodiversity and improving air quality.",Sustainable Development
"The company has adopted a code of conduct that clearly outlines ethical standards and expectations for employee behavior, which is a crucial element of effective governance.",Governance Practice
"The board of directors has implemented a new policy requiring all executive decisions to be approved by at least two-thirds of the members, ensuring better oversight and accountability.",Governance Practice
"The firm is collaborating with local farmers to implement sustainable agricultural practices that protect natural resources and enhance soil health, emphasizing the importance of supporting local communities.",Environmental Initiative
"In an effort to combat climate change, we are implementing stricter waste management practices and encouraging all employees to participate in recycling programs.",Environmental Initiative
The company has established a scholarship fund aimed at supporting students from marginalized backgrounds who are pursuing degrees in environmental science. This scholarship intends to empower future leaders in sustainability.,Social Responsibility
"The recent campaign launched by our organization provides scholarships to underrepresented minorities in STEM fields, aiming to improve access to education and promote equity in technology and engineering industries.",Social Responsibility
A nonprofit organization is working tirelessly to bridge the educational gap for low-income students by providing scholarships and tutoring programs. These efforts are designed to empower the next generation and create equal opportunities for all youth.,Social Responsibility
"In light of recent social movements, the management has pledged to increase transparency in its supply chain, aiming to ensure ethical practices from sourcing to sales.",Social Responsibility
"Our organization has begun integrating Environmental, Social, and Governance (ESG) factors into our strategic planning process, aligning operational practices with stakeholder expectations.",Governance Practice
"The management has decided to hold annual stakeholder meetings to discuss corporate governance and sustainability practices, aiming to strengthen relationships with investors and the community.",Governance Practice
"An initiative promoting the recycling of electronic waste has been implemented in schools, engaging students in environmental education while also providing a solution for disposing of outdated tech responsibly. This program highlights how educational settings can lead community efforts in sustainable practices.",Sustainable Development
The company decided to host a barbecue for employees to foster team bonding and improve workplace morale.,None of the Above
"The factory now operates with advanced water management systems that reduce consumption and ensure that all wastewater is treated and reused, effectively minimizing environmental impact.",Environmental Initiative
An ad campaign promoting a new product emphasizes cutting-edge technology but completely neglects the environmental implications of increased electronic waste resulting from short product lifespans.,None of the Above
"The company's annual report highlights its partnership with non-profits aimed at providing skill training for unemployed individuals, which has successfully helped numerous people gain employment.",Social Responsibility
"During their annual conference, the leading automotive company unveiled its plans to transition to entirely electric vehicle production by 2030. This ambitious goal is part of their broader strategy to minimize emissions and promote cleaner transportation options in urban areas.",Environmental Initiative
"Despite significant funding allocated for technological innovation, there was an overlooked opportunity to tie this investment to social equity initiatives, leaving stakeholders wondering about the broader impacts of such advancements.",None of the Above
Our firm has established a task force dedicated to assessing and improving corporate governance structures to adapt to rapid changes in regulatory environments.,Governance Practice
"In an interview, the Chief Financial Officer discussed financial strategies for the upcoming fiscal year, yet there was no dialogue concerning the company's environmental responsibilities or ethical practices.",None of the Above
"The new corporate governance charter emphasizes accountability and includes mechanisms for whistleblower protections, ensuring employees can report misconduct without fear of retaliation.",Governance Practice
"In partnership with various NGOs, the organization is launching a series of workshops to educate local farmers on sustainable agricultural practices that minimize environmental impact while maximizing crop yields and income.",Sustainable Development
"In light of recent events, the company has decided to donate a significant portion of its profits to local charities focused on mental health support and addiction recovery.",Social Responsibility
A recent study showed that urban green spaces can reduce heat in cities by up to 5 degrees. Cities are now investing in the creation of more parks and green roofs to combat rising temperatures due to climate change.,Environmental Initiative
"Many companies are now investing in employee volunteer programs, encouraging staff to engage with non-profits that align with their values while on company time.",Social Responsibility
"While we have achieved significant profits this quarter, it is critical we reassess our marketing strategies that do not engage with community health initiatives or educational outreach.",None of the Above
"As part of our strategy, we regularly assess our supply chain to ensure fair labor practices are upheld. We believe in treating all workers with respect and dignity, regardless of their position.",Social Responsibility
"To better align with international standards, we have initiated a periodic review of our governance practices, aiming to continuously improve and adapt to evolving best practices.",Governance Practice
I can't believe they just posted another picture of their office picnic; it feels like they are trying too hard to show off their culture without addressing real issues.,None of the Above
"Our recent initiative to support women's education in developing countries has received positive feedback, and we've pledged to donate a portion of our profits to provide scholarships and resources to girls in need.",Social Responsibility
"The latest urban development proposal focuses on integration of nature into city planning through green roofs and vertical gardens, creating a more resilient and sustainable urban ecosystem. This approach aims to harmonize modern living with environmental stewardship.",Sustainable Development
"Upon conducting a comprehensive review of its governance practices, the organization decided to establish an independent committee tasked with evaluating environmental impacts and ethical implications of corporate strategies.",Governance Practice
"A new community garden project has been launched to foster local agriculture and educate citizens on sustainable farming practices, enhancing food security and promoting healthy living.",Environmental Initiative
"In response to the growing plastic pollution crisis, our brand has pledged to eliminate single-use plastics from our supply chain by 2025, focusing on innovative alternatives that are both sustainable and biodegradable.",Environmental Initiative
This year's annual report highlights the strategic plan focused on creating long-term value by integrating economic growth with environmental stewardship and community engagement across all levels of operation.,Sustainable Development
"Through mentorship programs, we empower youth to develop skills necessary for future employment while fostering a sense of belonging and acceptance in our society.",Social Responsibility
"In recent shareholder meetings, we introduced stricter measures for conflict of interest disclosures, reinforcing our commitment to ethical business practices.",Governance Practice
"As part of our water conservation efforts, we have installed rainwater harvesting systems across all our facilities to minimize our reliance on municipal water supplies.",Environmental Initiative
"A recent initiative aims to provide access to clean drinking water in underdeveloped regions through the installation of solar-powered filtration systems, significantly improving community health.",Sustainable Development
Our company has launched a green initiative that includes planting a tree for every product sold. This effort not only offset our carbon footprint but also contributes to local reforestation efforts.,Environmental Initiative
"The firm has started a green commuting challenge that incentivizes employees to carpool, bike, or use public transportation to reduce their carbon footprint and support local transit initiatives.",Social Responsibility
"To enhance our energy efficiency, we are transitioning to renewable energy sources such as solar and wind power for all of our manufacturing facilities by 2025, thereby reducing greenhouse gas emissions.",Environmental Initiative
"Next week’s agenda is packed with topics from sales projections to improving interdepartmental communication, ensuring that everyone is on the same page.",None of the Above
"Recognizing the impact of homelessness in our city, we've implemented a donation matching program for every dollar our employees donate to shelters and support services.",Social Responsibility
"The city has adopted a comprehensive approach to transport by implementing bike-sharing programs and expanding public transit options, thereby reducing reliance on fossil fuels and minimizing traffic congestion.",Sustainable Development
"During the recent annual meeting, our CEO highlighted how our corporate giving program has impacted the local community positively, especially in times of crisis, demonstrating our commitment to being a responsible corporate citizen.",Social Responsibility
"Our latest campaign focuses on promoting fair trade products, ensuring that the farmers and workers behind our supply chains receive a fair wage and working conditions. It’s crucial to support ethical sourcing practices.",Social Responsibility
"One of the primary goals of the management team is to enhance board diversity, ensuring that different perspectives are represented at the decision-making level for better outcomes.",Governance Practice
"The newly appointed chief compliance officer will oversee the implementation of policies that align with our commitment to good governance, making sure that we adhere strictly to all regulations.",Governance Practice
"Meetings centered on enhancing market share and product diversity, yet critical discussions regarding governance frameworks or community impact were noticeably absent, leading to speculation about the company's priorities.",None of the Above
"A non-profit has initiated a campaign to clean up contaminated rivers, engaging local communities to participate in monthly clean-up events. Their goal is to restore the ecosystem and promote biodiversity along the waterways.",Environmental Initiative
"In an effort to combat pollution, the city is investing in renewable energy sources and has set a goal to operate entirely on solar power by 2030. This plan seeks to create a cleaner, healthier environment for its citizens.",Environmental Initiative
"Recent studies highlight the importance of responsible sourcing of materials, showcasing how companies can encourage local economies while minimizing their environmental impact.",Sustainable Development
"Last month, our team organized a fundraising event that successfully raised over $50,000 for local charities supporting homeless families. The event not only brought together employees but also engaged our stakeholders in a meaningful way.",Social Responsibility
"This year, we are transitioning to biodegradable materials for our shipping processes, aiming to eliminate single-use plastics from our supply chain.",Environmental Initiative
"The organization has partnered with various local non-profits to create job training programs for veterans, aiming to ease their transition into civilian life while enriching the local workforce.",Social Responsibility
"Customer feedback highlighted satisfaction with product quality, but comments pertaining to corporate transparency and ethical sourcing were absent from the company’s reply, indicating potential gaps in communication.",None of the Above
"Thanks to the recent upgrade of our manufacturing facility, we've reduced greenhouse gas emissions by 40%. We've invested in energy-efficient machinery that not only promotes cleaner production but also improves our overall operational efficiency.",Environmental Initiative
"The company has been running its operations without a clear understanding of how it impacts the local community, leading to criticism from local leaders who feel their voices are not heard and their concerns about the company's expansion are ignored.",None of the Above
