text,labels
"Hey, I'm having issues locating the help documentation for the last feature update. Just want to know where to look, thanks!",Low
"After the last system update, several functions have stopped working, particularly the task scheduling feature which is essential for our team's productivity. I'm worried about falling behind.",High
"I’m having trouble connecting my device to the Wi-Fi. It's been intermittent lately, can you let me know if there’s a troubleshooting guide?",Low
There's a massive outage reported on the application side affecting every single employee. We need someone to take a look at this right now or it will cost us significantly!,Critical
"I'm unable to access the CRM system, and it's preventing my team from logging any client interactions. This issue started at around 9 AM, and multiple colleagues have reported the same problem.",High
"The main application is down for all users, and no one can submit their work for the monthly report. This is an urgent matter that affects our deadlines and client commitments.",Critical
"The email system is not sending alerts correctly, causing delays in responses and communication issues within the team.",High
I am unable to submit my reports due to a persistent error message that appears when I hit the submit button. This is a significant barrier to completing my tasks.,High
"After the last update, the performance of the app seems to have slowed down. It still functions, but tasks take noticeably longer which is affecting my productivity. I'm hoping you can provide guidance on this.",Medium
"Our POS systems went offline during a peak sales period this afternoon, and we are unable to process transactions. This is incredibly urgent as it directly impacts sales.",Critical
"The application crashed for everyone during peak usage hours, and now we have no access to the tools we need. This is creating a major bottleneck in our operations and must be addressed without delay!",Critical
"I'm having a problem with my email notifications not being delivered on time. It’s not urgent, but it does affect my ability to keep track of important updates throughout the day.",Medium
"I can't access the reporting feature in our software, which is critical for my daily tasks and has been down for over an hour now.",High
There’s a widespread malfunction in the server that is preventing any access to critical applications. This is urgent as it affects not just one user but the entire organization. Our clients are feeling the effects too!,Critical
Could you please let me know how to reset my password? I’ve tried a few times but can’t seem to get it right.,Low
"The application occasionally freezes when I try to export reports. It doesn't crash completely, but it makes it difficult to complete my work efficiently. I've noticed this happens more often when I have multiple tabs open.",Medium
"Hey, I was looking for some tips on optimizing my profile settings. It would be great to have some advice!",Low
"I am trying to figure out how to change my profile picture in the app, but I can't find that option anywhere. Any help?",Low
I noticed that my notifications are not coming through as they used to. Can you check if there’s something I need to adjust?,Low
Our team has received numerous reports about the reporting tool not generating accurate results. This is causing frustrations among our clients who rely on timely data for their decision-making. Please prioritize this issue!,High
"I've had issues with the alerts feature not working properly. It doesn't seem to trigger notifications at the right times, leaving us in the dark about critical updates for our projects.",Medium
I’m having trouble finding where to change my notification preferences. Could you point me in the right direction?,Low
"I’m having some minor issues with my account settings. They don’t seem to save after I update them, but I can manage for now.",Low
"I need some help understanding the billing cycle. It's not urgent, but I want to ensure I don't miss any payments in the future.",Low
"Hello, I just have a quick question regarding the subscription plans available. Can someone provide me more info?",Low
"There's a minor bug where the chat feature sometimes shows messages as unread even after they’ve been viewed. It’s causing a bit of confusion among the support team, but we can manage for now.",Medium
"The app sometimes crashes when I attempt to access the profile settings. This doesn’t happen all the time, but it’s becoming more frequent. Any ideas on how to solve this?",Medium
Quick question: is there a way to customize the notifications I receive? I'm getting too many and they’re a bit overwhelming.,Low
"I need assistance with updating my profile information. It’s something I can do myself, just looking for a little support!",Low
Is there a customer support number I can call for general inquiries? I have a couple of questions about my subscription that aren’t urgent.,Low
I received reports about the dashboard not displaying real-time data accurately. This issue has been affecting user decision-making and is a primary functionality users depend on.,High
"We experienced a full system crash right during peak business hours, leaving our employees unable to work. This is a serious problem that must be addressed immediately to prevent further operational losses.",Critical
Can you tell me how to access the help section of the application? I can't seem to find it anywhere.,Low
Can you let me know if there's a way to revert back to an earlier version of the app? I wasn't sure if that was possible.,Low
There is a bug in the latest software update that causes the application to crash when users attempt to export their reports. This issue is disrupting crucial workflows and needs immediate fixing!,High
"The recent update seems to have broken the email notifications feature. Users are not receiving confirmations for their actions, leading to confusion and delays in our processes. We need this fixed ASAP!",High
"A widespread outage has left all staff unable to access the internal file sharing system, which is crucial for daily operations. This issue is severely impacting our workflow and requires immediate escalation.",Critical
The software update last week introduced some minor issues that are interfering with my daily tasks. It's not critical but would be helpful to address them soon.,Medium
"Clients are unable to retrieve any data from their accounts due to a major system error, leading to significant impact on their operations. This requires urgent attention to prevent escalated dissatisfaction.",Critical
"My access to the shared drive has been inconsistent, sometimes resulting in delays when trying to open files. It’s not completely down, but it’s slowing down my average response time.",Medium
I would like to know if there is an option to change the theme of the application. A bit of variety would be nice.,Low
Could you walk me through the process of creating a new project in the software? I know how to use the basics but I'm not very sure about the advanced features yet.,Low
I'm having some trouble finding the settings for the new update. Where can I locate those options?,Low
"The chat support tool is down for a number of users, severely affecting customer service capabilities and response times.",High
Could someone explain how to access the advanced settings in the app? I think I'm missing something crucial for my project.,Low
"All customer-facing applications are unresponsive, halting business transactions and affecting thousands of users. Immediate response is necessary to restore service!",Critical
"I noticed a few small bugs in the new interface design that need attention. They don't stop me from using the software, but fixing them would enhance my experience significantly.",Medium
Our team is facing issues with the software crashing during peak usage hours. This has caused significant delays in project timelines and we need a solution quickly to prevent further disruptions.,High
"The recent bug in the scheduling feature has resulted in meetings being double-booked, causing considerable confusion and inefficiency for users. This needs to be addressed as soon as possible.",High
Could you please help me find the user manual for the new software update? I can’t locate it on the website.,Low
Several users are facing an error message when trying to upload files to the server. This is not only slowing down their work but also creating frustration among those who rely heavily on this feature.,High
"I received an error message when trying to save a document. Although I managed to save it eventually, it took a few attempts, and I’d like to know if there’s a fix for this.",Medium
"Some functionality in the reporting tool is lagging, and while it’s still usable, it’s noticeably slower than before. This comes at a bad time with several deadlines approaching.",Medium
"I noticed that the color scheme in the app is different after the last update. Is there a way to revert it back, or is that just how it's gonna be now?",Low
"While using the platform, the search function occasionally fails to return the right results, which makes it a bit harder to find information, but it hasn't stopped my usage entirely.",Medium
"Some users report that they can't edit their profiles anymore, which is a crucial aspect of their experience on our platform. We need to address this before it escalates.",High
"While using the software, I noticed that the export function doesn’t seem to work as expected—it sometimes fails to include all the selected data. This impacts our reporting accuracy, and we need it fixed.",Medium
"Our entire user base is experiencing a total outage of the application, making it impossible for anyone to log in or access their accounts. This issue needs to be addressed immediately as it is affecting all operations.",Critical
"We’ve noticed a significant drop in performance after the last update, especially during peak hours. This is affecting all users and needs to be addressed ASAP to maintain productivity.",High
"When exporting data from the dashboard, sometimes the formatting gets jumbled, which is annoying for presentations. I can still work around it, but a fix for this would save time overall.",Medium
There’s a critical failure in the payment processing system that is preventing transactions from being completed for all customers. This issue must be prioritized as it is directly affecting our revenue flow.,Critical
"I’m receiving an error message when trying to export data to CSV format. It doesn’t happen every time, but enough to be a concern for our data reporting process.",Medium
"The application is running significantly slower than usual when accessing the reports section. Users have noted that it takes them almost a minute just to load a simple page, which is quite frustrating for our daily tasks.",Medium
"I've noticed that the application sometimes freezes when I try to load reports, which makes it difficult to analyze our data efficiently. It's not a constant issue, but it happens often enough to be disruptive.",Medium
"Can you provide me with the link to the online help resources? I want to explore them at my own pace, it's not urgent though.",Low
"Users have reported that the latest software update has caused some of the hardware integrations to lag. It's not completely crippling, but it does make performance less efficient.",Medium
"My project management tool is not sending notifications for overdue tasks, and it’s causing delays in my team's deliverables. This affects our performance and I would appreciate a quick fix.",High
"There seems to be an issue with the software intermittently crashing when I try to export data. It doesn't happen all the time, but it's frustrating when it does.",Medium
Can someone explain how to access the user manual? I just need to find out how to navigate the settings properly.,Low
"My colleague found that when using the search function, sometimes it returns incomplete results. This isn’t critical but does make it a bit harder to find needed information quickly.",Medium
"The application is crashing when I attempt to save my work, which has caused me to lose progress on several projects. This needs urgent attention as I can't meet my deadlines without a fix.",High
"The dashboard analytics tool is not displaying any data, leading to confusion among departments that rely on it for key metrics. We require an urgent fix.",Critical
We can't access any of our essential software due to network failure. This has halted workflow across the organization. Help is needed urgently to restore connectivity!,Critical
"I’m experiencing a slight delay in response time from the application. It is not a dealbreaker, but any advice on optimization would be appreciated.",Low
"There seems to be a slight issue with the way the reports are formatted. If someone could check this out, it would be great!",Low
"All employees in the finance department cannot generate reports, which is directly affecting our monthly closing process. This is a major blocker and needs immediate attention before the deadline!",Critical
"We are experiencing a complete system outage that is preventing all users from accessing their accounts, which is affecting our ability to process orders and communicate with clients.",Critical
"The software sometimes fails to recognize certain file types, and I have to convert them manually before uploading. It’s a hassle, especially since it worked fine before.",Medium
"The email notifications from our application aren't being sent out, which is crucial for our workflow. Many clients rely on these notifications for timely updates on their accounts. Please prioritize this as it directly impacts our service.",High
"Yesterday, multiple users reported that they can't log in to their accounts, and it's causing a significant backup in our workflow. We need an immediate fix since it's affecting client deadlines.",Critical
"I can't seem to access some of the documentation on the help page. While I can navigate most areas, this specific section returns a 404 error which could confuse users trying to find support.",Medium
I can't generate reports this month because the report generation tool is malfunctioning. This is halting our analysis process and might affect our performance metrics.,High
I was just wondering if you could tell me how to reset my password on the website. It's a bit confusing and I can't seem to find the option anywhere.,Low
"I received multiple complaints from users about the inability to access shared documents, which is severely disrupting our collaboration efforts. Please prioritize fixing this issue, as it's very disruptive for our teams.",High
"Complete system failure reported, affecting all functionalities for all users. No data is being saved or processed, which is critically jeopardizing our business operations. Immediate resolution required!",Critical
"There's a problem with the user authentication system where users are getting locked out of their accounts unexpectedly. Many users rely heavily on this functionality, so it’s becoming quite a serious issue for our support team to handle.",High
"I have a question about changing my account settings. It's not urgent, but I would like to know how to enable two-factor authentication.",Low
"Clients are reporting that they cannot log into the client portal at all; they receive a 'service unavailable' message. This is causing potential loss of revenue and trust with our clients, please escalate this ticket.",Critical
"Hi, can you help me with understanding how to log into the web portal? I have not used it in a while and I think I might be doing it wrong.",Low
"Could you please help me with the printer settings on my device? It's taking a while to connect, and I'm not sure if I am doing it right.",Low
"I noticed that the search function on the platform isn't returning the expected results for certain keywords. It’s not a critical problem, but it’s making it harder to locate some important files efficiently.",Medium
"Several users are experiencing problems while trying to upload files to the server, which has led to delays in project submissions. This is a high priority for us.",High
"After the recent maintenance, the entire network has gone down for several departments, which is causing major disruptions. We require immediate technical intervention to get back online.",Critical
The application is running slower than usual when loading reports. We suspect it might be due to the recent updates but can't pinpoint the exact issue. Users report delays that are impacting their workflow.,Medium
"I tried accessing the main dashboard this morning, and it keeps showing a 404 error. This issue is preventing me from completing my tasks for the day, and I need it resolved quickly.",High
Is there a way to get a receipt for my last purchase? It’s not urgent but would be helpful for my records.,Low
Following up on my last ticket regarding the display settings. I just need to check if I'm on the right path to adjust them properly.,Low
Could you clarify how to enable notifications for the app? I've been looking around but can’t find the option.,Low
"The API integration with our partners is failing intermittently, which is impacting transaction processing and we need to get this stabilized as soon as we can.",High
"The software is crashing every time I try to generate a report, making it impossible for me to meet my deadlines. This issue started happening after the last update, and I need it resolved asap!",High
There is a recurring issue with the payment processing system that is affecting multiple clients. They are unable to complete transactions which could lead to significant revenue loss if not addressed soon.,High
Is there a shortcut to speed up the process of archiving emails? It feels a bit tedious right now.,Low
I was wondering if you could tell me how to change my email notifications. It's a bit confusing and I can't find the settings myself.,Low
"I’m receiving constant errors when trying to save changes to project files, and this is halting our progress. Team members are getting frustrated, and we need clarity on when this will be resolved.",High
"Our backend database is down, preventing access to important client records. This is a serious issue that affects all customer service operations and needs to be fixed urgently.",Critical
"Hey, I’m trying to locate the user manual for our new device. Is it available online, or should I request a hard copy?",Low
We're experiencing issues with the reporting feature that prevents users from accessing their data correctly. This is crucial for our daily operations and must be resolved quickly.,High
I’d like to know if there’s an update coming for the software. It seems like it hasn’t been updated in a while.,Low
"I've encountered a sporadic issue where the notifications for task updates are either delayed or not sent at all. It's a bit annoying, but I can still keep track of my tasks without them.",Medium
"The latest update caused some features to behave oddly, such as the sorting function not working as expected. Users are finding it inconvenient, but it's not completely unusable.",Medium
I would like to know if there's a way to customize the notifications on the app. It's slightly overwhelming with the current settings. Any tips?,Low
Could you provide me with the instructions on how to reset my password? I seem to have forgotten it and need assistance.,Low
"We are facing a significant system crash that affects multiple departments, and none of the users can retrieve reports or documents. This issue is leading to operational paralysis and requires an immediate fix.",Critical
My colleague is having trouble accessing the shared folder; it’s not an emergency but it would be great if someone could look into it when possible.,Low
"I've noticed that the system occasionally crashes on the user profiles page, particularly when accessing profiles with many attachments. While it doesn't occur frequently, it can be disruptive when it does happen.",Medium
Is there an option to change the default language in the app settings? I think it would make it easier for my team. Thanks!,Low
"I noticed that the tooltips on the dashboard don’t always show up for every button. Not a big deal, but wanted to report it!",Low
"I’ve come across a glitch in the user interface where some buttons don’t respond when clicked. This issue doesn't stop users from completing their tasks, but it can be annoying at times.",Medium
Just a quick question: how can I clear my browsing history on the app? I don’t see that option in the settings. Appreciate your help!,Low
"We are experiencing a complete system outage that is preventing all users from accessing their accounts. This issue has persisted for over two hours, and we need immediate assistance to restore service functionality.",Critical
I wanted to ask about the possibility of changing my account password. Is there a standard process for this?,Low
"I noticed a slight delay in loading times for my project, but it doesn't impact my work significantly. Any tips to improve it?",Low
"My team is having trouble with the bulk upload feature, and it's creating delays in our data entry processes. We need to find a solution to this quickly before it impacts our operations.",High
Is there a way to temporarily disable notifications from the software during meetings? It’s becoming a bit distracting.,Low
There seems to be a slight lag when navigating between pages on our internal dashboard. It's not breaking anything but makes it tedious to use effectively. Can we optimize this?,Medium
"My system is running slower after the latest patch, especially when I open multiple tabs. It's not a total system failure, but it's definitely affecting my flow during work hours.",Medium
"After the latest update, the dashboard analytics tool is misreporting metrics, and several stakeholders are relying on this data for their quarterly assessments. It is imperative that we address this issue before the reports go out.",High
"The website is running slower than normal for certain features like searching and filtering products. It’s not a total breakdown, but it does hinder the shopping experience a bit. Would appreciate any insights on this issue.",Medium
"We've received multiple complaints that the payment processing system is glitching, resulting in failed transactions for many users. This directly impacts our customer service and needs immediate attention.",High
"I attempted to run the backup process, but it failed, and now I cannot access the latest data. This could lead to major complications if not fixed soon.",High
"The login feature is not functioning properly for a number of our users. If this isn’t addressed quickly, it might escalate into a larger issue with user trust and accessibility.",High
"My account has been inactive for a while, and I’m curious how I can reactivate it. Any assistance would be great!",Low
"The user reports that the application is running slower than usual, causing delays in processing data. While it's still functional, it’s impacting their productivity significantly over the last few days.",Medium
"The video conferencing tool is glitches and frequently disconnects during meetings, which has become a major hassle for our entire team. We rely on this feature for client communications, and it needs attention as soon as possible.",High
"I have a question about the new features in the software update. It seems like there's a lot to explore, but I'm not sure where to start. Can you help?",Low
I just want to know what the best practices are for using the file-sharing feature in the app. Anything specific I should keep in mind?,Low
We're seeing a spike in calls related to the API integration failing for major accounts. This is preventing them from syncing their data and could lead to a loss of trust if not addressed urgently. Immediate investigation required!,High
There's a bug in the application that's causing it to crash every time I try to run a report. This is a critical part of my workflow and I can't finish my project without resolving this issue immediately.,High
Is there a way to customize my dashboard view? I think having certain widgets available would really help my workflow.,Low
"The main server for our customer service platform is down, which means our team can't assist clients. This is a major problem affecting support operations and requires immediate resolution.",Critical
I just wanted to confirm if there's a way to extend my trial period. I would like to explore more features before deciding.,Low
"There seems to be a major bug in the latest software update which is causing crashes during user login. Many users are unable to access their accounts, and this is a critical step in their workflow.",High
"Every user is encountering blue screen errors when accessing the main software, locking them out and effectively stopping our production line. Please escalate this issue quickly!",Critical
I've seen an uptick in users struggling to access the dashboard without error messages. This is urgent since it's essential for their daily tasks.,High
"I was wondering if there are any upcoming webinars or training sessions available, just to get a little more familiar with the software we’re using.",Low
"There’s a discrepancy in the analytics report that doesn’t seem to align with the actual data. I can still glean useful information, but it would be nice if this could be resolved for precise tracking.",Medium
"Our payment processing system has been incredibly slow since the latest release. Multiple users have reported delays that could potentially lead to lost business. We need help to identify the source of the lag, please respond quickly.",High
"There was a temporary issue with file uploads which caused some delays earlier, but it seems to have resolved on its own. It interrupted my workflow for a bit, but thankfully, I'm back on track.",Medium
I’m new to this software and would love some pointers on the best way to integrate it with my existing tools. Any recommendations would be great!,Low
"Since last night, all attempts to log into the network result in a failure. This has led to multiple teams being unable to perform their tasks, we need this fixed ASAP!",Critical
"Clients are reporting that they can't log into the support portal. This is critical, as it halts all incoming support requests from them, which is unacceptable. Please prioritize a fix.",High
"We are experiencing significant performance issues with the system, which is affecting our ability to process orders. This is directly impacting sales, and I would appreciate urgent attention to this matter.",High
"I’ve noticed that the application performs slower than usual when I try to upload large files. It takes much longer than it used to, and I’m concerned it might escalate if not addressed soon.",Medium
"We are facing a complete service outage with our payroll system. There are no functionalities available, and this could delay employee payments due this week. This situation can have serious repercussions and necessitates swift action.",Critical
"The email notifications are not being sent out, which is creating confusion among users about their task statuses. This affects my team's communication and needs to be addressed soon.",High
"The entire sales department cannot access the customer relationship management system, and this downtime is directly impacting our ability to serve clients. We need an immediate fix, as this is a critical part of our operations.",Critical
"There’s a major issue where users are experiencing slow loading times on the dashboard, which is affecting their ability to perform necessary tasks. It's becoming a barrier to getting work done, so a prompt response is required.",High
"I've received a ticket about the chat feature intermittently disconnecting users. While it's not a total outage, it's a recurring issue that interrupts conversations.",Medium
Can someone point me to where I can find the user manual for the software? I could use some guidance on the features.,Low
We've encountered a major bug that is preventing the processing of user transactions across the platform. This issue is not just isolated; it's affecting all users and has to be addressed immediately to avoid financial loss.,Critical
"There are instances where my scheduled tasks don't trigger on time, which creates a few hiccups in my day-to-day activities, but I can adjust my schedule accordingly.",Medium
"Users are reporting that they can't access the core functionalities of our platform, which is absolutely crucial for their daily operations. This is resulting in significant downtime for our clients!",Critical
"Since the latest system upgrade, there seems to be a minor issue with the compatibility of certain plugins. They work, but not always as smoothly as they did before. If the team could take a look, that would be appreciated.",Medium
Can someone tell me how to set up notifications for updates on my project? I want to stay informed but I'm not familiar with the process.,Low
"There seems to be a problem with the notification settings; users are not receiving alerts for new messages. It’s not critical, but it would help to have this sorted out soon.",Medium
"The application is running quite slow whenever I try to upload images. I've tried clearing the cache, but it doesn't seem to help much. Is there any way to fix this issue?",Medium
Is there a way to change my account settings to receive notifications only for important updates? It feels overwhelming with all the emails.,Low
The user manual is a bit unclear regarding certain functionalities. Could you explain how to change settings?,Low
I have a question related to the payment options available. Is it possible to switch my billing cycle?,Low
Just wanted to ask about the best practices for organizing my files in the cloud. Any tips would be appreciated!,Low
I have a question about the formatting options available in the document editor. Can you send me the guide?,Low
"I'm experiencing some delays with the application freezing intermittently, which is impacting my workflow, but it's not a complete shutdown.",Medium
"The latest software patch has caused some significant features to malfunction, leaving users unable to complete essential tasks. This is unacceptable, and we need a fix as soon as possible!",High
"A widespread issue has occurred where the reporting tool is generating errors for all users, and it’s critical for our end-of-month processes. We are in urgent need of a fix to ensure compliance and reporting accuracy.",Critical
"The application is completely offline, and our users are unable to perform any operations. This situation is critical and must be addressed without delay as it affects our entire user network.",Critical
"We need urgent assistance; the authentication system is failing, preventing users from accessing their accounts and halting all work.",High
My printer is making a strange noise but it still works fine. Should I be concerned about that or is it something common?,Low
"My team is experiencing frequent crashes with the software that we rely on for customer interactions. This directly impacts our productivity, and I need a solution as soon as possible to keep things running smoothly.",High
"There's a small glitch in the report generation feature. Occasionally, the charts don't load properly, and I have to refresh the page to make them appear. It would be great if we could get this looked into.",Medium
"I keep encountering a bug that prevents me from accessing specific features in the admin panel. The entire team relies on these features for project management, so fixing this is crucial.",High
"After the latest software patch, important integrations are not functioning properly. This is affecting our clients' operations directly, and we require a resolution as soon as possible.",High
"Sometimes the chat support feature takes too long to respond, causing delays in getting help. While it's usable, it would be great if response times could be shortened a bit to enhance the overall experience.",Medium
"System-wide failure! We need urgent help as none of the transactions are processing for our customers, leading to massive revenue loss. This must be addressed immediately!",Critical
"The application tends to crash occasionally when I perform a specific set of actions. It’s not frequent, but enough to be disruptive during my work hours.",Medium
"There's a problem with the system freezing when attempting to generate invoices; it only happens sometimes. Users have found workarounds, but it’s definitely causing some irritation when trying to meet deadlines.",Medium
"We lost connection to the server hosting our main database. This has caused all transactional services to fail, and the impact is significant as it affects our ability to process orders.",Critical
We have a situation where the email server is down for everyone in the organization. This needs to be addressed right away because it’s halting communication entirely!,Critical
"I’m having intermittent issues with the sync feature across devices. Sometimes it works perfectly, but other times, I don’t receive updates unless I refresh manually. It’s a minor irritation but still worth addressing.",Medium
"I want to report a slight performance drop in the app since the last maintenance. It seems to take longer for files to upload, but nothing has crashed or broken, it's just slower than it should be.",Medium
"The application is crashing every time I try to save my work, and this is really affecting the project deadline.",High
What’s the best way to troubleshoot connection issues for my Wi-Fi? I’ve tried a few things but I’m still having problems.,Low
Users are experiencing a total outage of the online portal; they cannot log in to access their resources or support. This is impacting our business operations significantly.,Critical
"All applications associated with our service are displaying error messages, preventing users from completing essential transactions. This is a high-priority issue affecting multiple clients and must be resolved as soon as possible.",Critical
"Multiple users are reporting a complete inability to connect to our VPN service, which is preventing them from performing their remote work. This is a critical issue that must be resolved at once as employees can't access essential files.",Critical
"Since the latest update, users are unable to log into the system, rendering them unable to complete their daily tasks. This seems to be an issue for everyone on our network.",Critical
"The system is taking an extremely long time to load, which is really impacting my productivity. I have several tasks to complete and this lagging is unacceptable at this point.",High
Is there a specific person I should contact if I need help with resetting my security questions? Just curious!,Low
A major bug in the new feature release is preventing users from accessing their profiles correctly. This is creating a bottleneck in several processes and must be tackled with urgency.,High
"I keep receiving error messages when attempting to upload files, and it's making it impossible to meet our deliverables this week.",High
"I have a question about the new features in the application. Are there any tutorials available? It’s not an emergency, just curious.",Low
"I have been experiencing delays when saving my project files. It’s unpredictable — sometimes it saves just fine, other times it takes a while, leading to interruptions when I'm deep in work. Is there something I can check on my end?",Medium
There's a severe issue that has caused the payment portal to crash entirely. We're losing sales and customer trust while this continues. Please prioritize this.,Critical
The recent deployment caused a full service outage for our entire client base. No one can access their accounts or interact with the system in any way. This is unacceptable and must be addressed ASAP.,Critical
I'm experiencing persistent connectivity issues that are affecting my ability to communicate with clients. This has become a major clash in my daily operations and needs swift resolution.,High
"After the recent update, the file upload function is failing, causing significant delays in our project submissions. Most of the team members are unable to complete their work efficiently due to this problem, and we need immediate assistance.",High
"I've been experiencing some lag when trying to load reports in the system. It's not a total breakdown, but it does slow down my workflow significantly when I have to wait for the page to refresh.",Medium
"There's a total service failure that has affected our ability to process transactions. Customers are unable to make purchases, and it's causing significant losses for our business right now! Immediate assistance is needed to address this.",Critical
"Hi there, I was wondering if you could help me figure out how to update my email settings within the app. Thanks!",Low
"I've encountered an issue where the calendar integration occasionally fails to show events from the previous month. It's not affecting my current scheduling, just an annoyance that I'd like to see improved.",Medium
"I have a question regarding my account balance. It seems a bit off, but I think it's just a misunderstanding on my part.",Low
Attention IT team: All users in the Eastern region report being unable to log in to the corporate database. This outage is halting critical operations for the entire team.,Critical
"System-wide outage detected – none of the users can log in to their accounts, and this is halting all operations for the day. Please escalate this as it impacts our client-facing teams directly!",Critical
"The search function is not returning results as expected. I can find items by other means, but using the search feature has become less reliable. While this isn’t halting my work, it is inconvenient and affects efficiency.",Medium
"Subject: Urgent System Outage - As of last hour, all users are receiving error 500 while trying to log in. It's critical we have this resolved before the morning rush.",Critical
"Hey, I’m looking for some documentation on your API usage. No hurry on this, just exploring options for future projects.",Low
"The email service is intermittently down, impacting our ability to communicate effectively with clients. Employees are frustrated because they're unable to send or receive messages, and this needs to be resolved quickly.",High
"The software seems to slow down significantly when multiple tabs are open. It doesn't freeze, but tasks take much longer than usual, impacting productivity.",Medium
"We have a major issue where the core functionalities have stopped working for everyone, and error messages are popping up. Our clients are understandably agitated, and this needs to be fixed urgently.",Critical
A critical bug has been reported that crashes the software whenever a user attempts to download reports. This issue is causing significant disruption across departments and needs to be prioritized.,Critical
"There’s a widespread issue where users are unable to access the dashboard, which is critical for real-time data monitoring. Please address this issue immediately as it's affecting our key services.",Critical
"I have a question about the compatibility of this software with older devices. If you could send me some info, I’d really appreciate it.",Low
"The recent update has led to a complete downtime of our client management system. All operations are halted due to this malfunction, and it's critical to fix this issue now!",Critical
"One of our key applications keeps crashing intermittently for users during peak hours, making it very difficult for them to complete their tasks. This is becoming increasingly disruptive.",High
"Our main database crashed, leading to a loss of access for multiple teams working on critical projects. This needs immediate resolution as we cannot continue operations.",Critical
"Users are reporting that the email server is down intermittently. This impacts our communication for important client meetings, and the IT team needs to resolve this as a priority.",High
"I am having some trouble viewing the latest project reports online. It could just be my internet connection, but any advice on how to troubleshoot this would be appreciated.",Low
Can you confirm if the settings I changed last week will be automatically saved?,Low
"We are experiencing some performance lags when uploading files, which isn't ideal but does not completely halt our work. It would be good to look into this sooner rather than later.",Medium
"There seems to be a total network meltdown. All users are reporting they cannot connect to essential applications, and we need a fix ASAP to avoid major operational delays.",Critical
"The entire system is down, and we can't access any of our applications that our team relies on daily. This is impacting all users across multiple departments, and there's no timeline for when it might be restored.",Critical
"I'm unable to access my account, and all I get is an error message saying 'Access Denied'. This is a huge issue for me as I can't perform my daily tasks. Please prioritize this as I need to resolve it urgently.",High
There are ongoing issues with the Teams integration where users are unable to join meetings and share documents. This is severely impacting team collaboration and productivity.,High
"The database server has crashed, and it's causing a major disruption because our entire team can't access essential files for project deadlines. Please prioritize this issue and escalate it to the highest level!",Critical
It has come to my attention that our entire email service is down for all staff members. This disruption is severely hampering communication and impacts our day-to-day operations. Immediate support is essential to rectify this issue.,Critical
"I've been locked out of my user account due to what appears to be a glitch with the login system. This has halted all my work progress, and I need help resolving it as quickly as possible.",High
I just started using your software and I was wondering if there are any tutorials or guides available online?,Low
"The main transaction processing system is currently down, causing a backlog in service. This is affecting all of our clients' activities and requires immediate intervention to bring it back online!",Critical
"We need to address the issues with the project management tool, as several features are not working properly, causing team members to be unable to complete their tasks efficiently.",High
"It looks like the formatting in exported files is a bit off after the last patch. While the files are still usable, the inconsistencies can lead to confusion when sharing with clients. Looking for any quick fixes you might have.",Medium
"Several team members have reported that the data export function is broken, leading to potential data loss for ongoing reports. We must fix this immediately.",High
"Since the latest update, all users are unable to save their work. This has been reported by many and is causing significant disruption across our teams. We need a fix for this as soon as possible!",Critical
"The payment gateway is down, and customers are unable to complete their purchases. This is impacting our sales directly, and we need it addressed immediately.",High
"We're experiencing a total outage of our service, and every user is unable to access their accounts. This has led to a complete halt in operations for our entire team, and we need immediate assistance. Please prioritize this issue as it affects business continuity.",Critical
"I found a few bugs in the latest software update that cause the interface to freeze occasionally. It doesn't happen all the time, but when it does, it’s quite annoying and slows down my productivity.",Medium
"The functionality to generate invoices is currently down, and I’ve received multiple complaints from users who rely on this feature for their daily invoicing needs. Immediate assistance is required!",High
"There is a recurring error that prevents me from printing invoices. This is crucial for our billing process, and it has become problematic on several occasions in the last week.",High
"After the last maintenance window, I've encountered an issue where the search function takes longer than usual to return results. It's still usable, just not as efficient as before.",Medium
"While using the platform, I experienced some minor lag when switching between tabs. It’s not a complete halt, but it’s bothersome enough to disrupt my focus.",Medium
Just a quick note to ask about the color theme of the app. Is there a way to switch it to dark mode? Thanks!,Low
"I just received reports from users that the payment processing system is non-functional, causing transactions to fail across the board. This requires urgent action to avoid financial losses.",Critical
"I'm receiving continuous connectivity issues with the cloud storage integration. This impacts file access for our team members and disrupts workflow significantly, so we need help.",High
"The recent changes made to the user interface have confused several users, leading to a surge of support requests. This is impacting productivity, and we require a solution to simplify their experience.",High
"A crucial report generation tool isn't working; users are unable to pull data needed for the upcoming project review, which is a significant problem.",High
I’ve received a notification about a new feature being available. Could someone clarify how I can access it?,Low
"Hi, I just wanted to ask if you have any tips for optimizing my workflow in the application. I feel like I'm not utilizing all the features properly.",Low
"After the last update, many users are facing problems with the file upload feature—it's throwing errors and preventing work from progressing.",High
"The system has gone offline unexpectedly, and it appears to be a widespread issue involving our customer support software. This is impeding our team's ability to assist clients, and needs urgent resolution!",Critical
Some users are unable to access their accounts due to an authentication error that has emerged since the last maintenance window; this needs to be addressed immediately to restore functionality.,High
"There seems to be a minor glitch in the data input fields that occasionally drops the last digit I enter. This doesn't affect my overall tasks severely, but it is an inconvenience to have to double-check my entries.",Medium
Our entire network is down right now and it’s impacting every department in the organization. This issue needs immediate attention because we cannot conduct any business until it’s resolved.,Critical
The system crash this morning has resulted in a halt of all essential services we provide to our users. This is a severe issue that must be prioritized to prevent long-term damage to our reputation.,Critical
"We are facing an issue with the integration of the new API. It's affecting the data syncing process, causing delays in information flow between our systems. The team is eager to have this resolved as it's affecting our overall productivity.",High
Multiple users are experiencing a complete inability to access essential resources due to a server failure. This situation needs immediate resolution to mitigate further disruptions.,Critical
"One of our key features that allows users to upload files is malfunctioning, leaving them unable to proceed with essential tasks. It's impacting productivity significantly.",High
"I was just wondering if there's a way to customize the dashboard widgets. I'm not in a rush, just curious!",Low
"The sync feature seems to be a bit off; sometimes it doesn't update the information across devices. I can still access the data, but it’s not as seamless as it should be.",Medium
"Multiple clients are unable to process transactions due to a server failure. This is impacting their ability to complete sales and fulfill orders, and we need urgent assistance.",Critical
"We're facing an issue with email notifications not being sent out from the system. This is affecting communication with our clients, and we need this resolved quickly to maintain our service standards.",High
"After the latest upgrade, the printing function is now entirely broken. It worked fine before, but now it just gives an error message, blocking all print jobs for the entire department.",High
"The chat support feature seems to disconnect frequently. It’s not down entirely, but the interruptions cause delays in getting timely help.",Medium
"There’s a crucial problem with the integration of our app with third-party services, which is leading to errors in data synchronization. This has been flagged by multiple teams as they cannot execute their operations smoothly.",High
"I've noticed that the app occasionally freezes when trying to upload files. It's not a consistent issue, but it happens often enough to be annoying.",Medium
"The search functionality on our website is currently down, making it impossible for customers to find products. This is impacting sales and needs a quick resolution.",High
"I was hoping to get some tips on optimizing the performance of my application. It's running a bit slow, and I'd like to know if there are common tweaks I should try.",Low
"A total outage of the email system is occurring, and it seems to be affecting all employees. Given that communication is key to our operations, we require an immediate solution to restore services.",Critical
There is a critical bug in the software update that has rendered the entire application unusable for all employees. We need urgent intervention to roll back the changes before we lose productivity.,Critical
"Critical alert: Users are reporting they can't submit any support tickets, and this is causing frustration. The inability to access help could lead to larger issues if not addressed quickly.",Critical
"We are experiencing a significant delay in processing customer orders due to a bug in the checkout process. This issue is preventing users from completing their purchases, and it needs urgent attention before we lose more sales.",High
"I would like to learn more about your subscription plans, but I only have a few minutes to spare. Do you have any brochures or quick links?",Low
"I've been experiencing some lagging issues with the reporting tool that only seem to happen when I run larger datasets. It's not urgent, but it does slow down our workflow considerably.",Medium
"I noticed that the chat feature in the platform is glitchy—it sometimes doesn’t load messages on time. It’s a minor annoyance, but I think it’s worth addressing. Thanks!",Medium
I was wondering if there's a way to change my password on the support site?,Low
"There’s a minor glitch in the mobile app where the notifications don’t seem to clear after I've read them. It’s not really affecting usage, but it would be nice if this could be fixed soon.",Medium
"The integration with the payment gateway has failed, and customers are unable to complete their transactions. Losing revenue and user trust is serious, so this must be prioritized for a fix.",High
"There’s a bug in the user interface where some icons do not appear correctly on mobile devices. It doesn’t crash the app, but users find it quite annoying.",Medium
"I've noticed a major slowdown in the software's performance, especially when accessing the customer database. This is affecting my ability to provide timely support to clients, and it needs resolution fast.",High
"I received feedback from multiple users that the system's performance is inconsistent. It works well most of the time, but periodic slowdowns are becoming noticeable.",Medium
I can't produce invoices since the billing module keeps crashing; this has resulted in not being able to bill clients on time.,High
"We have a severe issue: the payment processing system is down, and we are unable to complete transactions. This is causing a significant loss in revenue and affecting all of our users.",Critical
"We are experiencing an issue where users cannot access the main dashboard to submit their reports. This is affecting all team members who rely on this tool for their daily tasks, and a quick resolution is necessary to keep productivity up.",High
"Reports of intermittent printing issues have surfaced. Sometimes the print job is sent correctly, and other times it just hangs. This inconsistency is frustrating for the users, though it’s not a total breakdown.",Medium
"Hello, I keep getting a notification about updating my password, but I don’t really want to change it right now. Is it necessary to do it immediately?",Low
"We've encountered a significant issue with the API, resulting in failure of all third-party integrations. This is a major block for our service delivery and requires immediate attention up the chain!",Critical
I received multiple complaints about the search functionality returning irrelevant results. This is severely impacting user experience and must be prioritized to enhance usability.,High
"We are experiencing an issue where users cannot upload documents to the server, which is critical for our workflow. This needs urgent attention as it affects multiple departments.",High
"An entire section of our website is down, impacting a high volume of users. It’s crucial that this is resolved quickly, as our customers depend on this service daily.",Critical
"The database queries are running extremely slow, causing delays in our operations. Given that this affects multiple users trying to access data, we need a fix for this performance issue right away.",High
"It seems the backup system failed last night, and we might have lost important data. This situation puts our entire operation at risk, and it needs immediate escalation to avoid further complications.",High
"I'm trying to locate the user manual for the device I purchased. It's not in the box, and I'd like to check the troubleshooting section for a small hiccup I'm having.",Low
"The entire network is unresponsive, which seems to stem from a faulty router update. This is a high-impact issue as it affects all online work and client interactions—help is needed urgently!",Critical
"I'm having trouble with the notification settings on the app. It's not a critical issue, just want to make sure I don't miss anything important.",Low
I’d like to know if your software supports dark mode. Just asking because I prefer it for eye comfort!,Low
A bug fix that was deployed recently has introduced a new issue wherein users can no longer access their saved projects. This is a significant hindrance for productivity and needs urgent attention.,High
"The software update seems to have caused some delay in the loading time of certain tools. It’s a minor hiccup, but it does slow down my workflow significantly at times.",Medium
Could you please send me the user manual for my device? I'm not sure how to connect it to Wi-Fi.,Low
I've noticed some lagging in the app but it's not affecting my overall use. I assume it's just a temporary glitch?,Low
"Attention: There's a complete failure in the payment processing system. We can't complete transactions, and customers cannot purchase any products, resulting in significant loss.",Critical
"Is there a way to increase the font size on the software interface? My eyes are straining a bit, and I’d like to see if I can make it larger.",Low
I'm interested in learning more about the upcoming training sessions. Are there any materials available for those?,Low
"I’m trying to figure out if there’s a way to access old chat logs from last month. I know it’s not urgent, but it would be helpful!",Low
Could you point me in the direction of the community forum where I can ask for advice about using your product? Thanks!,Low
"The latest software patch seems to have introduced a major issue where users cannot log in at all; this is blocking their access to essential services, so it's crucial we fix it quickly.",High
"Hi, I was just wondering how to reset my password for the portal. Could you please guide me? Thanks!",Low
I need some help understanding the billing statement. It looks a bit different this month. Thanks in advance!,Low
"Users are reporting that the primary billing system is down, which is delaying invoicing and payment processing. As this is affecting a large number of our clients, it requires your swift action.",Critical
"Due to a severe server fault, all users are unable to submit support tickets through our portal. This not only disrupts our support process but also leaves us unable to address their immediate concerns. We need this fixed ASAP!",Critical
"There seems to be a recurring issue with the email notifications not being delivered to users in a timely manner. It's not a complete loss of functionality, but it does create confusion among team members.",Medium
There is a widespread issue where several users cannot access the server due to a connectivity failure. This is a critical problem that halts crucial processes and prevents customers from getting assistance.,Critical
My colleagues can't use the search functionality within the application; it keeps giving timeout errors. This is affecting our ability to find crucial information and complete our work on time.,High
"I'm having trouble locating the user manual for my new software installation. If someone could point me in the right direction, that would be appreciated!",Low
"The email client is running slower than usual. It’s not completely down, but the delays are becoming frustrating. Can we look into optimizing its performance?",Medium
"My team is unable to generate invoices since the latest update, which is causing a significant delay in our operations.",High
"The application has crashed for all users trying to log in, and it appears to be a server-side issue. We cannot proceed with our work, and this needs urgent attention. Our development team is on standby for any required troubleshooting steps.",Critical
The new update has caused some minor layout issues in the user interface. It’s not affecting functionality but does detract from the user experience a bit.,Medium
I've received multiple complaints from users about the chat support system being unresponsive. This is critical for customer interactions.,High
The latest system upgrade has led to slow response times when accessing shared files. This is becoming a bottleneck for staff working on collaborative projects and needs immediate attention.,High
"I was wondering if there's an updated user manual for the software version I just installed, could you help me find it?",Low
I’ve noticed that the print function is not working properly after the latest software upgrade. It seems to only affect a certain type of document. This is causing some inconvenience during our daily operations.,Medium
"The recent update seems to have introduced a minor bug in the settings menu. The options take longer to respond, which is slowing me down, but it's not critical for my tasks right now.",Medium
"It seems that the notifications for new messages have been acting up. They sometimes show up late or not at all, which is confusing for the users trying to respond quickly.",Medium
"There's a minor user interface bug where some buttons don't display correctly in the dashboard view. It doesn't impact functionality, but it can be confusing at times. It'd be nice to have that corrected in the next update.",Medium
"There's an issue with the database backup procedure that seems to corrupt user data when they try to access it. This could have severe consequences if not addressed immediately, as it affects numerous users.",High
"The new feature for tracking project progress isn’t displaying correctly for every user, leading to some confusion about project statuses. Not all users are affected, but it’s enough that we should investigate.",Medium
"There have been increased complaints regarding the video conferencing tool freezing during meetings. This is severely hampering business operations and user satisfaction, thus it’s paramount to look into this promptly.",High
We've been experiencing issues with the order fulfillment process where several orders are stuck in 'pending' status and customers are unable to receive their products.,High
"Several users have reported that the reporting tool is not functioning properly, causing delays in generating necessary reports. This is affecting our operations significantly.",High
I would appreciate a walkthrough on using the new chat function in our app. I’m just trying to familiarize myself with it.,Low
Attention: We have identified a complete service disruption where none of our users can access the dashboard. This issue critically impacts operational workflows and requires priority handling.,Critical
Can you please provide me with the steps to reset my password? I've forgotten it and can't access my account.,Low
There seems to be a persistent bug in the system that prevents the submission of support tickets; this is a major hindrance in managing customer issues effectively. We require a developer to investigate this right away.,High
"After the last update, the app crashes every time we try to access the user dashboard. This is severely disrupting our operations and needs immediate attention.",High
"I noticed that the application takes a bit longer to load than usual, and sometimes it even freezes for a few seconds. This happens intermittently when navigating through the different modules. Could you look into this?",Medium
"The search function within our database has become less efficient since the last upgrade. While it still works, the search results aren't as relevant, leading to more time spent finding what I need. Can you suggest any adjustments?",Medium
"I encountered a bug where the app does not respond when I try to submit a report, though it works fine otherwise. It's frustrating because I can't complete my tasks efficiently.",Medium
Could you help me understand how the billing works for the service? I have some questions about the different plans and what features they include.,Low
"The software occasionally crashes during data export, but not every time. I’m able to redo the export without issues afterward, so it’s not urgently blocking my workflow, but it certainly disrupts it now and then.",Medium
There’s a small glitch in the reporting tool where the graphs don’t load correctly sometimes. It’s not affecting my work significantly at this moment.,Low
Users across the board are unable to log in to the application due to an authentication failure that started around noon today. This has resulted in a significant productivity loss.,Critical
"There is a severe issue with the payment processing system, and it's currently down for all customers, leading to significant loss of business. Assistance is needed as soon as possible.",Critical
I was wondering if there are any updates on the new software version being released?,Low
"When you have a moment, could you clarify the steps for submitting a support ticket? It seems straightforward but I may have missed something.",Low
"I noticed an inconsistency in the way the app displays notifications. It’s not critical, but it could be improved in a future update.",Low
"The reporting tool has stopped generating results for the last three days. Multiple users rely on this feature and without it, our performance metrics are completely stalled, which is a huge setback for us.",High
"We've experienced a complete system outage affecting all users who are unable to log into their accounts, it's critical that we resolve this immediately!",Critical
"Hi, I’d like to inquire about the status of my last request. I know it’s been a while, and I’m not in a hurry, but I would love an update.",Low
"When I try to save my project, I sometimes get an error message that says the save failed, yet when I try again it goes through. It's frustrating but manageable.",Medium
"There’s a minor bug in the user interface that causes text fields to overlap when viewed on smaller screens. It doesn’t prevent functionality, but it does make it hard to navigate for some users.",Medium
"The website has gone down completely for all users, and we're receiving complaints nonstop. This issue is critical to our business as it impacts our online sales directly.",Critical
"We have a situation where customer feedback cannot be submitted through the app. This is critical for our service improvement strategy, as we are missing essential insights from our users. Timely resolution is crucial.",High
"The application has completely crashed for all users. This means no one can work or access their files, so we need this fixed right now. This is a major blocker for business continuity, please prioritize!",Critical
"The user access permissions seem to be glitchy after the recent system upgrade. Several users can't access essential functions, and it’s causing major delays in work. Could this be escalated to ensure a fix soon?",High
I wanted to check in about the estimated time it takes for tech support to respond to a general inquiry. Any idea?,Low
"There is a malfunction in the payment processing system that is preventing customers from making purchases. Multiple complaints have been filed about this issue, as it directly impacts sales.",High
Clients are complaining about slowness in the application’s responsiveness particularly during peak hours. This performance dip is affecting user satisfaction and needs immediate investigation to keep our users engaged.,High
I noticed the logo hasn’t updated on the app. Is there a specific procedure to refresh it? Just checking!,Low
"We are facing a widespread issue with our email service being completely down for several clients. Without email functionality, we cannot communicate with our customers or vendors!",Critical
"I've been experiencing some delays in loading times on the dashboard. It's not a complete failure, but it can be frustrating when I’m trying to analyze data quickly. Any tips to improve performance?",Medium
"A few users have reported that they can't seem to adjust the settings in the app as expected. It doesn't crash, but it can be annoying when they need to make quick changes for their tasks.",Medium
"Hello, I was trying to locate the user manual for the device I bought. I'm not in a rush, so whenever you have a moment to send it, that would be great!",Low
"Our team is facing issues when creating new user accounts; this means we can't onboard new hires until it's fixed, which is urgent.",High
"The reporting tool is giving me an error message now and then. It doesn’t prevent me from running my reports, but I have to refresh the page which interrupts my work.",Medium
"I’m experiencing some issues with the email notifications. Sometimes they don’t arrive, and I miss important updates. It’s frustrating but I can still check manually for changes.",Medium
Users are facing a critical issue where they cannot process payments at all due to a backend failure. This impacts financial transactions across the board and requires swift action to rectify.,Critical
"Quick question: How do I change the notification settings? It's not urgent, but I prefer to have less pop-ups on my screen.",Low
All of our employees are unable to log into their accounts due to a system error. This outage is halting all business processes and requires prompt resolution.,Critical
"The payment processing system is completely offline, and customers are unable to complete purchases. This is impacting our revenue, and we urgently need help to restore functionality.",Critical
There's a bug in the customer management module that's preventing us from adding new clients; this is essential for our business to function.,High
"I just wanted to inform you that the community forum is down for maintenance. It's not impacting my work, but I thought I'd give you a heads up.",Low
"There are some bugs with the latest software update that are causing certain features to not work properly. For example, the export function doesn’t capture all the required data fields anymore, and it’s causing delays in our workflows.",Medium
"The payment processing system is completely down, leading to an inability to complete any transactions. This impacts all users and needs immediate escalation!",Critical
"One customer mentioned that their search function is yielding incorrect results occasionally. It's not a total failure, but it makes finding information more tedious than it should be.",Medium
"The software has been running a bit slow lately when loading larger files, which is making it difficult for me to complete my tasks efficiently. Can we look into optimizing this?",Medium
"Can anyone help with the email notifications? I’m receiving them inconsistently, and it's making it hard to stay on top of responses. I hope this can be adjusted soon.",Medium
"Do you have any tips on how to improve the performance of my laptop? It seems to be running slowly, and I’m not sure what steps to take.",Low
"I've encountered a bug where the search function returns inaccurate results. Although we can still find what we need, this issue could lead to confusion among users in the future.",Medium
Could you point me to the FAQ section on the website? I have some inquiries that I think might already be addressed there.,Low
"The network is down across the facility, halting all operations. We have no access to internal systems, and this needs urgent attention to restore connectivity.",Critical
"There's a minor problem with the printer settings in the application. Sometimes it defaults to the wrong printer, causing delays in printing. It would be great if this could be looked at, as it's affecting our efficiency somewhat.",Medium
"I’ve been trying to log in to the vendor portal, but I keep getting an error message that prevents access. This issue is crucial as we need to confirm stock levels for an upcoming order.",High
Can you help me find the user manual for the printer model X123? I'm having trouble locating it online.,Low
All employees are unable to connect to the software due to an unexpected outage. We need your team to investigate and resolve this issue ASAP as it is impacting productivity.,Critical
Quick question: How do I delete my account? It’s not obvious from the settings panel. Thanks!,Low
Can you tell me where to find the help section for our database management tool? I need to check some options but can’t seem to locate it in the dashboard.,Low
We can't send out notifications to users about updates because the system fails to trigger alerts. This affects communication and could lead to users missing vital information about changes and maintenance schedules.,High
"The mobile app crashes occasionally when users try to sync data. It’s happening on both Android and iOS versions, and while it’s not constant, it's affecting productivity.",Medium
"Reports have come in that the system is entirely unavailable for multiple clients, which is causing significant operational challenges. We need to prioritize fixing this issue without delay.",Critical
I’ve noticed that the new update has slightly changed the layout of the interface. Is there a way to revert back to the old version?,Low
Could you let me know where I can find the FAQs section? I have some questions about your service that might be covered there.,Low
The latest update seems to have introduced some functionality issues with our CRM. Several users can’t access essential features they need to perform their jobs. This is impacting our sales process significantly and requires prompt resolution.,High
"Users are reporting that the password reset feature is not functioning correctly. This prevents them from accessing their accounts when they forget their passwords, and we need to address this problem urgently to ensure user access.",High
"After the software upgrade, several key features have stopped functioning across the board, which has completely halted our ability to serve customers. This requires priority handling to avoid long-term effects.",Critical
"I encountered a minor issue with the user interface; when I hover over some icons, there's no tooltip. It's not urgent, but I thought you should know.",Low
"The printer is making a weird noise when printing, but it still seems to work fine otherwise. Not a big deal, just thought you should know.",Low
I am looking for information about the upcoming features in the next software update. Could you point me in the right direction?,Low
"We're facing a total failure of the CRM software. All sales representatives are unable to access client information, which is crucial for their daily operations. This is unacceptable!",Critical
"There is a complete system failure affecting our core services. Multiple departments are reporting that they cannot log in or perform any tasks, which is severely impacting our productivity. We need a resolution right away!",Critical
"A recurring issue with the file-sharing feature is preventing multiple users from accessing files simultaneously. Teams are facing delays in their projects, so we need a fix urgently to avoid further setbacks.",High
"There's a widespread outage affecting our payment processing system, resulting in lost sales opportunities and customer dissatisfaction. We need urgent support to resolve this issue before it escalates further.",Critical
"I’m learning that the payment gateway is intermittently not responding during peak hours. This issue is quite serious as it prevents customers from completing their purchases, which could impact our sales significantly.",High
"The system has stopped functioning altogether, and users are greeted with an error message that prevents usage. This is affecting all teams and needs urgent resolution from your end.",Critical
"After the latest software upgrade, I've found that my settings don't save properly. This means I have to readjust them every time I log in, which is pretty frustrating.",Medium
"Critical failure in the database service has resulted in loss of access to customer data. I have confirmed this issue affects all users, and we need urgent assistance to restore access.",Critical
I’m confused about the usage limits on my account. Can someone explain what they are in plain terms?,Low
"The application is currently unable to connect to the database server, resulting in a complete loss of functionality for all users trying to access their reports. Immediate investigation is required.",Critical
"The user interface took a little longer to load today, and it seemed to lag when switching between sections. This has been happening intermittently and could affect our productivity if it continues.",Medium
"I've noticed that the application crashes whenever I try to export my project. It's happened a few times now but I can still access everything so it’s not a huge problem, just a bit inconvenient.",Medium
"Users are experiencing occasional hiccups when loading the dashboard. It doesn't happen all the time, but when it does, it can be frustrating.",Medium
Can someone help me with changing the email address linked to my account? I can’t find the option anywhere!,Low
"I have a small issue with the search function; it doesn't pull up results consistently. It’s more of an annoyance than a critical issue, but I’d like to know if there’s an update to address this.",Medium
There is a serious bug in the latest software update that crashes the application whenever a user attempts to generate reports. This impacts all reporting functions and is affecting our service level.,Critical
I keep getting a '500 Internal Server Error' whenever I try to submit my training module. It's really impacting our team's ability to complete necessary compliance trainings. Any guidance on this would be greatly appreciated!,High
"We have a system-wide issue affecting all users. They are unable to access vital reports, and this is exponentially increasing our downtime. Please prioritize this issue!",Critical
"Could you provide me with instructions on how to change my account settings? I need to update my email address, but I'm not sure where to go in the interface.",Low
I'm having trouble figuring out how to reset my password for the online portal. Can someone assist me with the steps?,Low
"I received a notification about a software update, but I wasn't sure if I should do it right now. Can you advise me on the best time to install updates?",Low
"The logging system is completely unavailable for several users, which affects our ability to monitor operations. This is not just a minor hiccup; it’s a fundamental flaw that needs immediate attention.",Critical
"The server is down for everyone and we can't access any of our applications, this is causing major disruptions in our workflow. We need immediate assistance to restore access!",Critical
"Can you tell me how to access the user manual? Not facing any problems, just want to familiarize myself more with the features.",Low
The recent update seems to have broken some features in the software. I am unable to save my work and this is a big problem for me as I have approaching deadlines.,High
"A number of clients have contacted us regarding the payment processing system. It's failing to authorize transactions, and this is leading to revenue loss, which is quite concerning.",High
"I have a problem where the system logs me out unexpectedly. It doesn't happen all the time, but it's enough of a nuisance that I’d like it to be resolved. Can this be looked at?",Medium
I would like to know if there are any shortcuts for navigation that might make my work easier. Just curious if anything is available!,Low
"There are some minor discrepancies in the way reports are generated across different user accounts. It isn't affecting the overall functionality, but standardization would help us maintain consistency.",Medium
I was wondering if you could help me understand how to filter my search results more effectively. I'm not having any luck with it right now.,Low
"Since the last update, our entire network is down. This has halted all operations, leaving our team unable to perform any tasks until we restore connectivity. Immediate assistance is required!",Critical
"The dashboard isn't loading correctly for several users, which is crucial for real-time data monitoring. Please address this issue as it affects our daily operations.",High
"Users have pointed out that their profiles are not saving changes consistently. This has caused them to repeat updates, which is definitely less than ideal.",Medium
The new version of our app isn't functioning properly on Android devices; users have reported that certain features are either missing or not responding. This is crucial since Android is a large part of our user base.,High
I find the search function in the application not returning the expected results for some queries. It's kind of frustrating because it limits how I can navigate with ease.,Medium
"The printer seems to be out of ink, can you let me know the best type to purchase for my model?",Low
It appears that the payment processing module is down as we are getting errors every time a transaction attempt is made. Losing sales and customer trust is a big concern for us right now.,High
"Our cloud service is completely unresponsive, we've tried resetting everything on our end. This is a huge problem because several clients are currently unable to access their files!",Critical
Our main website is down completely; we are receiving numerous complaints from users unable to access it. This is severely impacting our online sales and marketing efforts. Please address this urgently.,Critical
"Hey, I noticed a minor glitch in the app when trying to upload photos. It doesn’t seem to be critical, but it would be great if it could be fixed.",Low
"I need assistance with changing my password in the system, but I can still access my account without issues.",Low
"I've noticed the software update is taking a lot longer than usual. Is this something typical, or should I be concerned? I'm just trying to figure it out without making any major changes.",Low
"I need assistance because the system crashes whenever we attempt to print documents. Several team members have reported this problem, and it’s disrupting our workflow significantly. Please prioritize this request for a fix.",High
"Every time we try to connect to the server, we get a timeout error. This is affecting multiple users and needs to be resolved quickly.",High
"There’s a minor glitch where the notification sounds don’t play during meetings in the app. It's not a show-stopper, but it would be nice if that could get fixed soon.",Medium
"There is a widespread failure in our email system; no one can send or receive emails, which is paralyzing communication. We need this fixed ASAP!",Critical
Quick question: how do I change the language settings on my app? I can't seem to locate that option in the settings menu.,Low
There is a critical issue with the latest software update that causes crashes for multiple users across different platforms. It's imperative that this be resolved quickly so that we don't lose any more productivity.,Critical
"There’s a recurring issue with the chat feature not loading messages instantly. It's not a complete failure, but it does cause some delays in communication with the team.",Medium
It's become increasingly common for a few users to encounter glitches when saving their work. They noted that sometimes the system freezes momentarily which can be quite annoying when they're in the middle of a task.,Medium
"Our customers are facing issues where the mobile app fails to load in certain conditions, which is a significant inconvenience. We've received multiple complaints about this, and I need assistance to troubleshoot this issue as soon as possible.",High
"Our entire team is unable to access the main server, which is preventing us from completing our projects on time. This outage is impacting all departments and needs immediate attention to restore functionality.",Critical
"There seems to be an issue with the display settings on my device, where everything appears misaligned. It's not urgent but I’d like to fix it when possible.",Low
"I'm unable to sync the mobile application with the desktop version. This is crucial for team coordination and is disrupting our workflow, so we need this issue resolved without delay.",High
Can you provide me with the steps to install the latest updates for the application? I'm not having any major issues but would like to ensure I'm up to date.,Low
"Some users are experiencing issues with notifications not appearing as expected. They still receive them, but there’s a delay that disrupts their workflow. It would be great to have this looked at soon.",Medium
"The payment processing gateway is completely unresponsive, which is preventing any transactions from going through. This is a crucial problem that impacts our revenue stream.",Critical
"Since the last upgrade, the software frequently hangs when performing data analysis tasks. It’s becoming a major obstacle to completing our reports on time.",High
"Due to a malfunction in the main server, all users are experiencing a blackout of services that are essential for their daily tasks. Immediate troubleshooting is mandatory to restore functionality.",Critical
"My account is not syncing properly with the main server. It seems like it's only a partial connectivity issue, and I can still access some features, so I'm not in a complete bind, but it's definitely inconvenient.",Medium
"Since the last update, our users are reporting that they can't access their profiles, which is crucial for our business operations. We need this fixed urgently!",High
"There seems to be an inconsistency in how the data updates are reflected in the dashboard. Sometimes they show old information, which could lead to problems, but it's manageable for now.",Medium
"All users are reporting an error when trying to log in, leading to a total halt in productivity. We need a solution right away to restore access.",Critical
"There are reports coming in that our e-commerce platform is down. Customers are unable to checkout, and it is critical for us to restore service before it affects our sales further.",Critical
"The entire application is down for all users after the latest update, and nobody can access their files. This is causing a major disruption in workflow.",Critical
"Our primary database has crashed, leading to a total halt in all user activity. We require urgent intervention as we have lost connection to essential services, and this affects all clients.",Critical
I just need some clarification on how to use the reporting feature in the application. Could you please help?,Low
"The login process is taking longer than usual, and while I can still access my account, the delays are starting to become inconvenient during peak hours. It’s not down entirely, but could this be optimized?",Medium
Can you help me figure out how to change my email address in my account settings? I think I missed the step when I was signing up.,Low
"After the last update, the application has crashed entirely for everyone. There are users who cannot complete any work because of this issue. It’s critical to resolve this ASAP!",Critical
"We're experiencing issues with our payment gateway, which is affecting a large number of users trying to process transactions. This is causing significant delays and frustration for our customers, and we need it fixed ASAP!",High
"I noticed a small glitch in the display settings of the app. It doesn't affect functionality, but it would be nice if it could be resolved at some point.",Low
"The notification system is not alerting users about certain updates. It's not a total failure, but many are missing important information as a result.",Medium
"A few users have reported that certain dropdown menus are not displaying all options. It’s not a system-wide issue, but it is creating confusion for those who rely on those specific features for their day-to-day tasks.",Medium
"Users are complaining that the schedule sync feature is not functioning as intended, causing confusion in our meeting times. This is essential for our daily operations, and I would appreciate immediate support.",High
I'm curious about the features of the latest version of your software. What new tools are included?,Low
"The notification system isn't alerting users about upcoming deadlines correctly. It's been intermittent, but some users have missed important alerts as a result, which is causing stress in their workflow.",Medium
"Multiple users have reported that the application crashes when they attempt to upload files larger than 10MB. This is a critical functionality that we rely on, and it needs to be fixed immediately to avoid further disruptions.",High
"I ran into a minor issue where the spell checker isn’t functioning in the document editor. It doesn’t prevent me from working, but I’d appreciate it if you could fix this glitch in a future update. It would really help with my editing process.",Medium
"After the latest software update, users can't generate reports, which is vital for our weekly meetings. This is a significant issue that needs urgent attention.",High
Is it possible to schedule a one-on-one session to discuss my recent experience with the new software? I have some inquiries but they are quite basic.,Low
"The whole system appears to be unresponsive following the software upgrade. Users are experiencing downtime, and troubleshooting hasn't yielded any results. This is a critical situation for our operations.",Critical
"Just a quick question: where can I find information about your service hours? It’s not urgent, but I want to plan my usage better.",Low
"The drag-and-drop functionality in the file upload section isn't performing as intended. It occasionally fails to recognize the files I’m dropping in, which adds an unnecessary step to my workflow.",Medium
"Users are unable to reset their passwords due to a technical flaw in the system. This issue is affecting a large number of accounts, and it is crucial to address this situation quickly to avoid security concerns and user frustration.",High
The new update has introduced some unexpected behavior in the way notifications are displayed. I keep missing important updates because they seem to vanish too quickly.,Medium
Can you help me with finding the user manual for the software? I looked online but couldn’t find the proper link. Appreciate it!,Low
"Urgent: The application crashed for all users after the latest update, and this has led to a halt in sales for our online store. We need a fix ASAP!",Critical
There's a minor issue with the mobile version of our site where the menu doesn't appear when scrolling. It's not a deal breaker but could be a better user experience.,Medium
"I have a query about my recent billing statement. There’s a charge I don’t recognize, could you help me clarify it?",Low
"We are experiencing a widespread outage affecting all users in the system. Call volume is increasing rapidly, and we have no way to help our clients until this is resolved!",Critical
There's a small glitch in the app that occasionally causes it to freeze for a few seconds. Do you have any suggestions on how to resolve this?,Low
"We are experiencing a system-wide failure with the payment processing module. Transactions are failing for all customers, and this has led to lost sales and customer frustration. Immediate intervention is necessary!",Critical
"We are experiencing a complete server outage affecting all departments, and no one can access the system for the past hour.",Critical
There seems to be a glitch in the report generation feature that causes the application to freeze intermittently. Users have reported that they can’t complete their tasks because of this.,Medium
"Our CRM is completely non-functional for all users, preventing us from tracking sales and customer interactions. This is an emergency situation and requires your immediate attention.",Critical
"I've noticed that the application is running slower than usual, especially when loading reports. It's not a complete breakdown, but it definitely impacts my workflow. Can you please check if there are any known performance issues?",Medium
"There is a reported issue with file uploads taking longer than usual. It’s not affecting everyone, but those who are impacted are finding it frustrating during peak upload times.",Medium
"I’m unable to submit my timesheet because the system keeps generating errors. This is a recurring issue, and it is getting quite frustrating as it holds up my payment process.",High
Is there a way to customize the notification settings for the app? I just want to reduce the number of alerts I receive each day.,Low
The application crash has prevented users from accessing billing information. This issue is impacting our revenue collection process and must be prioritized for resolution. We cannot afford delays on this one.,Critical
A significant percentage of users are experiencing crashes when trying to access the reporting feature of our software. This is hindering their ability to analyze key performance metrics effectively.,High
"The recent software update has introduced a minor glitch, where notifications aren't appearing as expected. This isn't stopping me from working, but it would be better if it could be fixed soon.",Medium
"There's an issue with the email notifications not being sent for task assignments. This is affecting team coordination significantly, and it's becoming a major hassle for everyone involved. Looking for a prompt resolution.",High
"There have been multiple instances where the tool fails to sync correctly with our external databases. While it doesn't stop work completely, it disrupts data entry and can cause duplicate entries.",Medium
We're facing a major bug that prevents any updates from being saved to our database. This impacts all users and halts our project deadlines. Can we get this addressed immediately?,Critical
All users are currently locked out of their accounts due to a security issue that was detected this morning. It is of utmost urgency that we resolve this problem to maintain user trust and data security.,Critical
"There seems to be a glitch in the reporting feature of the application. It doesn’t always generate accurate results, leading to some discrepancies in the data we present to clients.",Medium
I just wanted to know if there's a way to customize my user profile settings in the application. Any tips would be appreciated!,Low
"Our entire user base is unable to log in since the update last night, and the system is showing a 500 error. We can't afford this downtime as it affects all our operations. Please prioritize this issue!",Critical
"I need some help with configuring my email notifications. It’s not an emergency, just looking for some tips to optimize my settings.",Low
"There's a bug in the payment processing system that's preventing us from completing transactions; this is impacting sales, and I need this resolved immediately before we lose revenue.",High
"My team is facing issues with the payment gateway integration. Transactions are failing intermittently, which can result in loss of revenue for us. This needs fixing right away to avoid bigger problems.",High
"After the last update, some of the dashboard functions aren’t working which is preventing team members from tracking progress accurately. We need these tools to function correctly to meet our deadlines.",High
"We are experiencing a significant issue with the payment processing system, which is preventing customers from completing their transactions. This has resulted in a noticeable drop in sales and needs urgent attention.",High
"We have noticed that the project management tool is lagging, which is causing missed deadlines and frustration among the team. It's essential to get this resolved before the end of the day.",High
"Users are reporting that the payment gateway is not functioning properly, leading to failed transactions. This is causing a lot of frustration, especially with pending orders that need immediate processing.",High
I have a question about how to reset my password. Can someone please guide me through the steps?,Low
"Users have reported that the search functionality on the platform is returning irrelevant results. This is hindering their ability to find necessary information efficiently, and a fix is needed right away.",High
"Severe issues with the checkout process have left customers unable to complete purchases, which is leading to a loss of revenue and trust. An urgent fix is necessary!",Critical
An unexpected outage in our service has resulted in users being completely locked out of their accounts. This is a widespread issue and needs to be prioritized for resolution as soon as possible.,Critical
The current glitch is preventing all users from accessing their files on the cloud storage platform. This issue must be resolved as it is directly impacting our service delivery.,Critical
The primary application that our team relies on for daily tasks has crashed completely. Users are unable to submit any tickets or retrieve data until this is resolved. Immediate assistance is required!,Critical
I have received multiple tickets regarding the inability to save changes in the project management application. This is preventing users from completing critical tasks and needs urgent resolution.,High
Users are unable to upload files to the cloud storage solution after the latest patch. This has been flagged by several teams who are now unable to share important documents for their projects. We need to resolve this ASAP.,High
Could you tell me if there's a way to customize the dashboard layout? I want to have my most used widgets more accessible.,Low
"After the recent patch, I found that my printer occasionally fails to connect. It seems to work most of the time, but when it doesn't, it's a hassle to troubleshoot. Can we get some advice on optimizing this?",Medium
"Our entire team is unable to access the invoicing system this morning, which is halting all financial transactions for the week. We're losing time and money; can someone resolve this ASAP?",Critical
"The login functionality is down for a significant number of users, and they are unable to access their accounts to complete urgent tasks. This is affecting their productivity, and we need immediate assistance to resolve this issue.",High
"The recent update caused a critical feature in our workflow software to malfunction. My team is unable to complete tasks, and it's affecting our deliverables. We need assistance immediately to restore functionality.",High
"We're experiencing some delays in the report generation tool. It's not failing completely, but it takes much longer than it did last week, which is affecting our deadlines.",Medium
"Could someone help me understand how to import my contacts into the application? I read the FAQ, but I'm still a bit confused.",Low
"I’m having trouble with the copy-paste function in the app. It works sometimes but glitches occasionally, which is hindering my ability to compile reports quickly.",Medium
All users are reporting that they cannot access the project management tools due to server errors. This situation is critical for our operations and requires prompt attention.,Critical
Could you provide some clarification on the data backup options available? I want to ensure I am covered.,Low
"While using the project management tool, I noticed that the task completion dates aren’t reflecting correctly. It’s not causing major problems, but it can lead to some confusion regarding project timelines.",Medium
I would like to know if you have any recommendations for maximizing the performance of my current setup. Thanks for your advice!,Low
I have a question about the subscription plan. Can you tell me what features are included in the basic package?,Low
"I’m getting error messages stating 'System Unavailable' for all functions. Our team can’t access any tools required to process customer requests, which is a major setback for us right now.",Critical
"The search function seems to be returning incomplete results lately. It does not prevent users from searching, but the inconsistency is annoying and making it hard to find relevant data quickly.",Medium
There seems to be a recurring bug that prevents users from submitting their forms successfully. This affects multiple departments and is causing a bottleneck in our workflow. Please investigate.,High
"Since the update last night, the main application has been inoperable, leaving all users unable to perform any tasks. This is a top priority for us to get back up.",Critical
"The system has gone down completely for the last hour, and multiple departments are unable to access critical resources, halting operations. We need urgent support to restore access quickly.",Critical
"Massive user disruption reported: none of the applications are functioning post-update. Business continuity is at risk, and we require a full investigation and fix without delay.",Critical
"Users are unable to process transactions on the platform, which is causing frustration and delays during peak business hours. We need this fixed ASAP!",High
"Users are experiencing a total inability to synchronize data with our cloud services. This has resulted in data loss and a halt to several ongoing projects, requiring immediate action to rectify the situation!",Critical
"I keep getting logged out of my account every couple of hours, and it can be quite inconvenient while working. It would be helpful if we could investigate this further.",Medium
"There is an issue with the report generation feature. It takes a longer time than usual to process, which disrupts my workflow. I understand it's not an emergency, but it would be great to get this resolved soon.",Medium
"The email notifications for completed tasks seem to be delayed. While I can still access the completed tasks directly, it makes tracking progress a bit inconvenient. Is there anything you can do to look into this?",Medium
"I'm noticing that the application is running slower than usual when loading the dashboard, which makes it difficult to complete reports on time. Can we get someone to investigate this performance issue?",Medium
Quick question: How do I connect my printer to the network? I’ve followed the manual but still can’t get it to work right.,Low
Can someone help me with the steps to update my profile picture on the platform? I can't seem to find the option anywhere.,Low
Our main server is completely down and no one can access their files. This is affecting all departments and immediate action is needed to get our services back online.,Critical
"The bug in the reporting tool is not allowing users to generate essential reports. This has prevented teams from accessing critical data they rely on to make decisions, and it needs immediate attention.",High
"There's a minor glitch in the report generation feature; sometimes the totals don't line up correctly, but I can still access the data.",Medium
"A server outage is causing instability across our network. Users are unable to access important features, which is impacting our business continuity. We require immediate troubleshooting and a resolution plan.",Critical
Users are stuck on the loading screen after attempting to access the dashboard due to a backend failure. This issue must be addressed as soon as possible to avoid interruption in business operations.,Critical
"We've encountered a few graphics rendering issues in the application. They appear sporadically and only affect certain modules, but it can disrupt workflow for some users.",Medium
I was wondering if you could help me with resetting my password? I'm not sure if I'm using the right email address.,Low
"I've come across a minor bug in the new version of the app. The notification settings don’t save correctly, and I have to adjust them every time I restart the app. Can we get that fixed?",Medium
"There seems to be a glitch in the reporting tool where some data points aren't displaying correctly. It's not affecting major reports, but it could lead to confusion if not addressed.",Medium
"The latest update seems to have caused a major issue where the reporting functions are not working at all, and I can't generate any reports for my project, which is quite urgent.",High
The new security protocol has caused a lockout for all users without prior warning. We need a fix immediately as this is halting all operations and risking sensitive data access.,Critical
I am unable to access the reporting tool due to persistent errors that block all attempts to generate the necessary reports for my team. This is critical for our daily operations.,High
Could you please let me know how I can change my account password? It’s a simple task and I’ll appreciate the guidance.,Low
There's a glitch where clicking on the 'Save' button occasionally doesn't respond. This isn't a complete breakdown but happens often enough to frustrate users trying to complete their tasks.,Medium
Major incident alert: The entire VPN service is down which is blocking remote workers from accessing necessary resources. We need this resolved ASAP or productivity will plummet!,Critical
"There’s a minor issue with exporting files to PDF. Occasionally, the formatting gets messed up, requiring additional time to fix before I can send them out.",Medium
The task manager keeps freezing when I try to sort by due date. It’s not a complete breakdown but it’s really hindering my ability to prioritize tasks.,Medium
"Since this morning, the entire team has been locked out from our project management tool, preventing any progress on current tasks. This cannot wait and needs urgent resolution!",Critical
"There’s a small bug in the edit profile section where the 'save changes' button doesn’t respond occasionally. Users can refresh and try again, but it is annoying for them.",Medium
"The search function in our content management system has been acting up lately. Sometimes it returns no results for queries that should yield hits, causing delays in finding information.",Medium
"Our entire team is unable to access the database server, preventing us from completing our monthly reports. This is affecting all departments and we need immediate resolution to restore access.",Critical
"It seems there is an issue with the email server; I'm not receiving any incoming messages, which is affecting my communication with clients. It's critical to have this up and running as soon as possible.",High
"We've encountered a total system outage that prevents all users from accessing the main database, making it impossible to carry out any operations. This situation is affecting our entire workflow.",Critical
"Could you provide me with the steps to enable two-factor authentication? I just want to ensure my account is secure, but the instructions seem a bit unclear.",Low
"Users are reporting that they can't access the main server, and this is affecting multiple departments. We need someone to look into this as soon as possible to minimize downtime.",Critical
A significant portion of our user base is unable to retrieve their emails due to a glitch in the email server. This is a serious issue as communication is being compromised.,High
"Several users have reported that they cannot submit their requests through the support portal, which is significantly impacting our workflow and response times. Please escalate this issue as it affects many team members.",High
"Since last night, our production server has been experiencing major downtime. This is crucial since all our operations depend on it, and any delay impacts client service dramatically.",Critical
"There's a major issue with the software update that has disabled all features for the marketing team. They can't run any campaigns right now, and we need a roll-back to the previous version.",Critical
I would like to know if you have a live chat option available for customer support. I prefer instant communication.,Low
There are multiple reports from users experiencing a complete system failure. We cannot proceed with any tasks because the database is offline and it needs urgent repair.,Critical
"Our website is completely down and not accessible to any users, which means we are losing business. This outage needs to be treated as an emergency and requires immediate resolution.",Critical
"I'm experiencing some lag while trying to upload files to the server. It doesn't seem to be a complete failure, but it does slow down my workflow. Can someone please help?",Medium
"Our main internal tool has crashed completely, and all users are currently locked out. This is a major disruption, and we need this problem addressed immediately to resume normal operations.",Critical
"The main application used by our customers is completely unresponsive at the moment, affecting nearly all transactions. It’s crucial that this be prioritized for immediate repair to minimize customer impact.",Critical
Could someone assist me with finding the FAQ section on the website? It’s been a bit tricky to navigate!,Low
"The software is down entirely for everyone, and support is getting flooded with complaints. We need urgent assistance to restore service or communicate an ETA for a fix.",Critical
"There's a significant issue with the file upload process; it fails every time I try to upload a document needed for my project. This is preventing me from meeting the deadline, and I need assistance to resolve this quickly.",High
I just need to know where I can find the latest version of the software documentation. I’m not sure if it’s updated or where to look.,Low
I need clarification on how to access the reporting feature in the dashboard. Can you provide a guide?,Low
"The system hangs when trying to run our monthly analytics report, and this is crucial for our financial overview – it needs immediate attention.",High
"I received a notification about a minor update, but when I tried to install it, the process stalled halfway through. It hasn't caused any major problems, but I would like to ensure my software is up to date.",Medium
"Users are experiencing total connectivity loss with the VPN, which is impacting our remote teams' ability to perform essential functions. This must be addressed ASAP!",Critical
"I received a request from a user regarding issues with syncing their mobile app with the desktop version. It’s not entirely down, but the inconsistent syncing is affecting their ability to stay updated.",Medium
Is there an FAQ document that I can refer to for the common issues users face? I think that could really help me out!,Low
"We're experiencing a significant delay in processing transactions, which means our users are unable to make purchases or access their accounts efficiently. This is disrupting our daily operations and needs urgent attention.",High
"Sometimes, the dashboard doesn't refresh as expected, leaving me to manually reload it to see the latest metrics. It's not a showstopper, but it can be annoying during reviews.",Medium
"There’s a problem with the mobile app that causes it to freeze during login. This has led to complaints from various users, and addressing this promptly is essential to keep our reputation intact.",High
"I need some assistance with my account settings. There's a section that I can't seem to access, could you guide me?",Low
"I can't access my account right now, and it seems like it's not just me—other colleagues are reporting the same issue. We need this resolved quickly because our project deadlines are at risk!",High
"Every time I try to refresh the dashboard, it takes an unusually long time. It’s not a system crash, but it’s annoying and slows down my productivity. Any insights would help.",Medium
"Hi, I was wondering if you could help me with resetting my password on the company portal. It's been a bit confusing, and I can't seem to access the reset page.",Low
"An unexpected bug occurred in the user interface that prevents users from submitting their feedback forms. Since we rely on these forms for user insights, we need a fix ASAP.",High
"Customers are unable to log into the application after the recent update. This is a widespread issue affecting user access significantly, and we need to roll back the update immediately.",Critical
"Our inventory management system is not syncing with the sales platform, leading to confusion about stock levels. This is affecting order fulfillment and needs a prompt resolution.",High
"Since this morning, our customers have been unable to submit support tickets due to a system failure, leading to massive frustration and potential loss of business. I need a rapid response to this.",Critical
"Our email server is not functioning, which means clients aren’t receiving important communications, leading to potential breaches of contract. This is an urgent issue that must be resolved as soon as possible.",Critical
"Hey, I wanted to check if you have a mobile app for your service. I prefer using apps over websites for easier access.",Low
"Multiple users are reporting that the system crashes upon startup after the latest software patch—this is hindering all ongoing projects, and we need a fix ASAP.",Critical
"We’ve encountered a major failure with the email platform. No one can send or receive messages, which is crippling our communication. This needs to be addressed immediately!",Critical
"After the last maintenance, the reporting tool started throwing errors that prevent users from generating reports. It's been two days, and we can't seem to get this fixed. Can someone look into this as soon as possible?",High
The email system is not sending or receiving any communications and it's impacting our client relations. This seems to be a widespread issue and requires urgent escalation.,Critical
"Users are facing a complete inability to connect to the email system, which is essential for daily communication. This is affecting the entire organization and needs an urgent fix.",Critical
"I was wondering if you could tell me how to change the language settings on my device. It’s a pretty straightforward process, but I can’t seem to navigate the menu correctly.",Low
We have reports from several departments that the application crashed during peak usage. This has caused disruptions in workflow for nearly all users. Immediate action required!,Critical
"There’s a critical failure in the network that has disconnected all branches from the server, leading to a total halt in operations and communication. This needs to be fixed right away to restore normal functionality.",Critical
"I received complaints from several users about the search function returning irrelevant results. It’s not broken, but it’s definitely not performing well as it used to.",Medium
"There's a problem with the new software version; the export function sometimes creates corrupted files. This makes it hard to share necessary reports with clients, so we should address it soon.",Medium
"Could you explain how the tagging system works in the dashboard? Just want to make sure I'm using it correctly, no major stakes here.",Low
"The latest software update has broken a key feature that I rely on for my daily tasks. I need support to resolve this ASAP, as it’s affecting my productivity.",High
"Hi, I noticed a typo in the FAQ section of your site. Might want to check that.",Low
I’m looking for guidance on how to reset my password on the company portal. I forgot it and there's no option to recover it.,Low
"Some features of the dashboard aren't displaying properly, and it's making it tough to analyze the data quickly. While I can still access everything, it’s definitely not as smooth as it used to be.",Medium
"The video conferencing tool is not functioning properly, leading to poor audio quality and frequent disconnections. As this affects team meetings, we need a swift resolution to ensure effective communication.",High
"There's a total failure with the login system across our network, and it's rendering our services inaccessible to every user. Immediate action is required to rectify this situation.",Critical
"An older version of the software is still being used by some team members, causing compatibility issues with the latest features. While this doesn’t prevent tasks from getting done, it slows things down for collaboration.",Medium
"I was hoping you could point me to any tutorials for the new features in your software. It’s a slow day, so I’d love to learn more!",Low
"It seems that there is a recurrent issue with the payment processing system. Many customers are unable to complete their transactions, leading to lost sales opportunities. We need this resolved urgently to ensure customer satisfaction.",High
"The printer isn't connecting to the network as it should. It's not down completely, but it takes several attempts to get it to print documents. Can someone look into this?",Medium
"There's a major failure affecting the login process across our platform, and users cannot authenticate their accounts. This impacts our entire user base, and we require urgent resolution before we lose our clients' trust.",Critical
"The software update introduced a bug that prevents users from logging into their accounts, resulting in multiple support calls. Immediate action is required to restore functionality.",High
"Just a quick question regarding the scheduled maintenance on the server this weekend. Is there a specific time it will happen? No rush, just need to plan accordingly.",Low
"There seems to be a problem with the integration of the payment processing system. Customers are unable to complete transactions, which is leading to frustration and lost sales.",High
"A few users have mentioned that the keyboard shortcuts don’t seem to work consistently in the new interface. It’s a minor inconvenience, but it adds up over time and impacts efficiency.",Medium
The software update seems to have caused a major issue with our database connectivity. We are unable to pull any records which is impacting our operations significantly. Can we escalate this?,High
"I wanted to ask if there's a way to customize my dashboard settings. It's not urgent or anything, just curious about what options are available.",Low
"There’s a critical issue with the customer support ticketing system. It seems that users can't escalate their issues properly, and this is causing delays in response times.",High
My printer just ran out of ink. I need details on how to order a replacement cartridge from your site. Thanks!,Low
"We're experiencing a total system failure this morning. All users report being locked out, and critical functions are halted. Urgent assistance required to restore normal operations ASAP!",Critical
"We are facing an emergency situation with our cloud services—no one can retrieve files or access data. This is impacting thousands of users, and we need immediate technical support to rectify this.",Critical
"I’ve noticed that sometimes the search function doesn’t return all relevant results. It would be great if we could investigate why this is happening, as it affects my workflow.",Medium
"After the last update, the dashboard occasionally displays an error message when loading certain metrics, though refreshing seems to resolve it. It's not a major issue, but it does happen frequently enough that users are getting upset.",Medium
"There’s a recurring issue with the search function producing inconsistent results. I can still find what I’m looking for eventually, but it’s taking longer than it should.",Medium
I was wondering if you could help me reset my password. I've tried a couple of times but don't seem to get the link in my email.,Low
"There are minor inconsistencies in the way data is presented in the reports, which can lead to misunderstandings. It’s not critical, but it does require me to double-check my findings before sharing them.",Medium
"Yesterday, I experienced some delays in loading certain features, but they seemed to resolve themselves after a bit. Just thought I'd mention it.",Low
"The recent updates have caused a major issue with the compatibility of our CRM system. Many users are finding it impossible to access critical features, and this situation needs to be resolved swiftly.",High
"Users are experiencing delays when accessing the dashboard; it takes several minutes to load. Although it’s not a total loss of functionality, it’s causing frustration among the staff.",Medium
"Hi, I’ve been trying to get my old files from the backup, but I’m not sure how to access them. Can you assist me with the steps? Thanks!",Low
"The entire database server is down, and we have multiple users unable to access the system simultaneously. This has completely halted operations and needs immediate attention.",Critical
"The web application is completely unresponsive, and it seems like this is impacting every team in the organization. We need to get this fixed right now!",Critical
My team can’t send out marketing emails because the email service keeps failing to connect. This is an urgent issue since we are in the middle of a campaign and need immediate assistance to fix this.,High
Several users have reported that the chat feature isn't displaying past messages consistently. It causes confusion but doesn’t interrupt conversations completely.,Medium
I just found out that our entire database is offline and users are unable to log into the system. This is affecting all departments and we need urgent help to resolve this!,Critical
"There’s a complete failure in the customer support ticketing system, preventing our agents from accessing and responding to customer queries. This is a major issue that affects our service levels and needs urgent resolution!",Critical
"We're experiencing a major outage that affects all users attempting to log in. The login page returns an error, and nobody can access their accounts, halting critical operations.",Critical
"The user interface on the latest version seems to have some discrepancies in the settings menu. It doesn't affect my ability to use the program, but it’s a bit confusing. Could I get clarification on what’s changed?",Medium
"Our application's latest update has caused a significant disruption where key features, like user authentication, are not operational; please prioritize this as it affects all users.",High
"When can I expect the next update for the app? I'm not experiencing any issues, just keen to know what's coming next!",Low
"I encountered a problem where the notification settings don’t save my preferences. I have to reset them every time I log in. It’s not urgent, but it’s starting to get on my nerves as I rely on those alerts.",Medium
"It seems like my user profile isn’t saving some of the recent changes I made, like updating my phone number and address. It’s not a critical issue, but I would like to have those updates reflected accurately. Can this be fixed?",Medium
"There's a bug that causes the app to freeze when I try to generate reports, which is a major part of my work. I've had to restart multiple times today, and it's disrupting my schedule significantly.",High
"The mobile app sometimes sends repeated push notifications for the same alert, which can be a bit annoying. It's not a major issue, but it would be great if we could address this to enhance user experience.",Medium
"All our employees are currently unable to access the company email which is crucial for daily communication. Such downtime is severely impacting productivity and responsiveness to clients, immediate action needed!",Critical
"We're experiencing issues with our reporting tool, and it's preventing several team members from generating critical sales reports.",High
"I have reported multiple instances where the search feature on the platform returns incorrect results. This bug is preventing users from finding the correct documents, and it's impacting our ability to serve our clients effectively.",High
"I have encountered a persistent issue where the document sharing feature fails to work, preventing collaboration on projects. This is critically hampering our workflow and must be resolved.",High
"Since the last system update, the website crashes frequently during peak hours, which is frustrating customers and affecting our sales.",High
"There seems to be a significant delay in our CRM system, making it difficult for the sales team to log interactions promptly. This is affecting productivity and needs to be addressed quickly.",High
"Sometimes, when I open certain tabs in the application, they don’t load correctly and throw a temporary error message. Refreshing usually fixes it, but it’s annoying.",Medium
"We are currently facing a total service outage for our application, which has resulted in all team activities coming to a halt. We need this resolved immediately to restore productivity.",Critical
"The search feature on our internal database isn't returning accurate results for some queries. It hasn’t completely broken the functionality, but it's definitely making it harder to find specific information.",Medium
"I’ve noticed that the backup process runs slower than it did before the last update. It still completes, so it’s manageable, but it’s taking a noticeable chunk of time.",Medium
"There's a major outage in our email system. All users are reporting that they cannot send or receive any emails, which is halting communication.",Critical
"The application is running slower than usual, especially when I try to access the settings menu. I'm able to complete my tasks, but the sluggish performance is noticeable.",Medium
There’s a major failure in the cloud server that has led to a loss of data for multiple clients. Immediate intervention is required to prevent further complications and customer dissatisfaction.,Critical
"The latest update caused some of our key features to malfunction, impacting the workflow of many users. We're now unable to generate reports as expected, and it's crucial to resolve this as it affects our daily operations.",High
"Some of our users are unable to log in due to an unexpected error message that appears upon attempting to access their accounts. This has halted their work, and I request immediate assistance to resolve this issue.",High
"Several users are having trouble with the formatting options in the text editor. It's working, but they can't access all the features they normally depend on, and it’s affecting their document preparation.",Medium
"I am experiencing intermittent connection issues with the VPN. It doesn't disconnect completely, but the speed drops significantly, making remote work challenging. Can IT investigate?",Medium
"I keep getting notifications about outdated plugins in my application. They aren't causing any major issues yet, but I want to ensure everything runs smoothly before it becomes a problem.",Medium
We've encountered a total system crash affecting all users across the platform. No one can access their accounts or perform any actions. This has rendered our services completely unusable until resolved.,Critical
"The printer is working, but the output quality is subpar. Some documents are coming out with faint lines or smudges, which is impacting our professionalism. What can be done about this?",Medium
"I am receiving error messages when trying to print from the application, which is a critical part of my workflow. The printer was working fine before, so something must have changed.",High
"Critical error: The server hosting our live application has gone down, affecting all users trying to connect. We need a solution implemented immediately to mitigate further disruptions!",Critical
"I’m having a recurring issue where the desktop application fails to sync with the cloud version intermittently. It’s not a total loss since I can manually sync, but it is inconvenient. Could we investigate what’s causing this?",Medium
"While the system is functioning, there's a recurring issue with notifications not being sent. It doesn’t hinder operations directly, but it leads to missed updates and confusion.",Medium
"The logout feature on the user dashboard isn't functioning properly. It's not logging me out immediately, and it's a bit of a nuisance. Is there a fix in progress for this?",Medium
"We’re experiencing occasional lags when syncing data across devices. It's not causing a full stop in operations, but it does make collaboration a bit challenging. Any advice on how to smooth this out?",Medium
"The chat support feature sometimes experiences delays in responding to queries, which makes getting quick assistance difficult, but I'm able to work around it for now.",Medium
"There’s a small issue with the reporting tool. Occasionally, it doesn't generate the graphs correctly. I can still access my data, just that feature needs some attention.",Medium
Our team has encountered a significant bug in the invoicing module that causes the system to crash when generating invoices. This issue is putting a hold on our billing process and needs fixing urgently.,High
"I've submitted multiple requests for support, but I'm still awaiting a response. This delay is frustrating and hinders our ability to assist our users effectively.",High
"I just received multiple tickets about the email servers being completely unresponsive, resulting in lost communications for our team. This is a huge problem for productivity and customer outreach!",Critical
"An unexpected failure in our database server is causing all queries to time out, affecting every team. This situation puts significant pressure on our support resources and needs to be resolved at the earliest.",Critical
"There seems to be a minor bug in the user settings section. When I try to change my password, the system sometimes doesn’t recognize it. This issue isn't critical, but it's certainly an annoyance.",Medium
I want to know if there are any updates on the software version we’re currently using. It would be helpful to stay informed on potential new features.,Low
Could you assist me with some guidance on how to sync my calendar with my mobile device? Just need a few pointers.,Low
Can you tell me if there’s a way to customize the interface? I’m looking for more options but I don’t need it immediately.,Low
"The email server is down, and no messages are being sent or received. Communication for the whole organization is compromised, which is extremely pressing!",Critical
"Several clients reach out regarding the search function within our software, which seems to deliver incomplete results. This issue is disrupting their work processes and needs urgent fixing as it directly impacts productivity.",High
"I just wanted to point out that the color coding in the task management tool seems to be off. Sometimes the wrong priority is highlighted, which confuses my team a little, even if it doesn't block us from getting our work done.",Medium
"I received a notification about a new feature in the software, but I'm not sure how to access it. Can you help me out with that?",Low
"The recent update has caused the application to crash repeatedly when users attempt to log in, leading to a complete standstill in our daily operations. We urgently need a rollback or a fix for this issue.",Critical
"Is there a way to retrieve deleted files from the recycle bin? If anyone has the steps, that would be helpful!",Low
"Sometimes the notifications for new messages don’t appear for a while, which causes me to miss important updates from my team. This doesn’t happen consistently, so it’s tricky to pinpoint the cause. Could we look into this?",Medium
"Since the last patch was applied, all users are experiencing a complete failure of the software during critical processes such as order management. This issue is having major repercussions on our delivery timelines.",Critical
Could you please tell me how to get in touch with support for my billing issues? I have a quick question about my recent invoice.,Low
"Repeated crashes have been reported when attempting to access the analytics dashboard. This is affecting all departments that rely on this data for decision-making, requiring a swift resolution to restore productivity.",High
Just a quick question! How do I unsubscribe from your newsletter? I'm getting a bit too many emails lately and would like to cut back.,Low
"After the recent update, the program lags significantly when I try to load my project files. This isn't just annoying; it's causing major setbacks in my deadlines.",High
"The application is running a bit slow when trying to load the dashboard, which is affecting our productivity.",Medium
"It seems like there's an issue with syncing my files between the desktop and mobile app. Some changes aren't showing up on one device or the other. If someone could check into that, it would be helpful.",Medium
"There's a widespread outage preventing all users from accessing their profiles and completing necessary tasks. It's been over an hour, and urgency is paramount as this affects our customer service response.",Critical
There seems to be a typo in the email template we use for customer communications. Can someone check that out?,Low
I was wondering if you could provide me with some tips on how to reset my password more efficiently. Thanks!,Low
I have a question regarding the usage of a particular feature in the application. I’m not sure how to access it. Any help would be appreciated!,Low
"We are experiencing a complete system outage affecting all users, and no one can access their accounts. This situation requires immediate escalation as it disrupts business operations.",Critical
Users are unable to access the main dashboard which is critical for their daily tasks. I've verified that it’s not an individual account issue as several are affected. Please look into this urgently.,High
Can you clarify how to change my subscription plan? I’m considering moving to a different tier.,Low
"I have noticed that the system's response time has increased, particularly when loading user profiles. It hasn't stopped anyone from working, but it is causing noticeable interruptions during peak hours.",Medium
"The application is down for everyone, and we cannot process any transactions. This is causing significant delays in fulfilling orders across the company.",Critical
"Urgent! The main web application is down for everyone, affecting our clients' ability to manage their subscriptions effectively. This has resulted in numerous complaints flooding in, and we need immediate assistance to get it back online.",Critical
"Our entire application is down, and users are unable to access essential services. This is affecting all departments, and we cannot afford downtime during peak hours.",Critical
"Occasionally, the user interface freezes when accessing the dashboard. It usually recovers after a few seconds, but it disrupts the workflow and can be frustrating.",Medium
"Just a quick question about the subscription model. Is it possible to upgrade my plan during the billing cycle, or do I have to wait?",Low
We've encountered a situation where the search functionality in our application is returning incorrect results. This issue is affecting multiple users and is causing delays in their projects.,High
"The network outage is causing all operations to be halted. Our team can't perform essential functions, and it's impacting our client deliverables. We require immediate support to restore services.",Critical
"There's a bug with the way the data is being displayed in the dashboard. Certain fields are not populating correctly, which makes it hard to analyze the information. While it’s not a showstopper, it would help a lot if this could be resolved soon.",Medium
"We’ve encountered a total crash of the email service, leaving all staff unable to communicate externally. This is disrupting our workflow significantly and we need a resolution fast!",Critical
"I'm having a minor issue with the notification settings. They aren't showing up like they used to, and I just want to check if I'm missing something.",Low
"All staff are locked out of the internal applications due to a permissions issue following the recent software upgrade. We cannot afford this extended downtime, so this needs urgent resolution!",Critical
Can someone guide me on how to reset my security questions? I can’t remember the answers and it’s preventing me from accessing certain features.,Low
"Some users are reporting that their chat feature is lagging, causing delays in communication. While conversations are still happening, it’s adding unnecessary friction to our workflow.",Medium
"I received an error message when trying to access my profile settings, but it resolved itself after a couple of tries. It didn’t stop me from using the platform but was a bit annoying at the time.",Medium
"Hi, I forgot my password and would like to reset it. Can you guide me through the steps to do this?",Low
"Unfortunately, I encountered some issues with the mobile app crashing whenever I tried to upload photos. It works fine on my desktop, but the mobile version needs improvement.",Medium
"There's a bug in the inventory management system that prevents items from being restocked correctly, which is impacting order fulfillment.",High
"There seems to be a minor glitch in the reporting tool where certain filters are not working as expected. It’s not affecting everyone, but it does create inconsistencies in the data I’m analyzing. Would appreciate any guidance!",Medium
My account has been locked due to multiple failed login attempts. What are the steps I should take to unlock it? Thank you!,Low
"Since the latest deployment last night, all users are facing a complete service failure, and their attempts to access essential functions are resulting in error messages. This needs immediate attention!",Critical
"A significant system failure has occurred that is preventing access to crucial project files for all team members. Without these files, our deadlines will be missed. Please treat this as a top priority.",Critical
"While performing routine tasks, I found that the application freezes for about 10 seconds before it resumes. This happens intermittently, mostly during high traffic times.",Medium
"I keep getting a timeout error when trying to access the database, though it eventually lets me in after a few tries. It's frustrating but not a complete blocker for my day-to-day work.",Medium
"There’s a major failure with the backend system, causing all automated processes to stop completely. This has potential repercussions for our entire operation and needs immediate action.",Critical
Could you tell me how to access the archived files on our server? I need to retrieve an old document but can’t seem to find it anywhere.,Low
Could you let me know if there's a way to retrieve deleted messages? I accidentally removed some important ones and I'm hoping there's a solution.,Low
"The backend system is down, and all data retrieval processes are failing. This has resulted in a complete stop for our users, and we are losing business. Urgent intervention is needed to restore service.",Critical
"There’s a persistent error in the system that prevents users from logging into their accounts. We’re receiving complaints from multiple users, and it's severely hindering our productivity.",High
"There’s a massive failure in the main database server that’s impacting multiple departments. Users can’t retrieve any information, and it’s critical that this gets resolved asap to avoid downtime.",Critical
"Multiple users are reporting that they are unable to log into the application. The login page is unresponsive, and this is preventing anyone from accessing essential tools. It’s crucial that we get this resolved ASAP!",Critical
"Sometimes, the software crashes when I attempt to export data to PDF format. It's not happening all the time but when it does, it’s a bit frustrating. A fix would be great, but I can work around it for now.",Medium
"Our current issue involves error messages popping up when trying to generate reports. This is a critical part of our operations, and it’s affecting the entire department’s ability to perform their duties and meet deadlines.",High
"We are seeing errors in the report generation tool that result in incorrect data being displayed; this has led to confusion among our clients, and it needs urgent attention.",High
I’m unable to access my project files due to a permissions error. This is critical since I have a presentation due tomorrow and it's affecting my ability to meet deadlines!,High
"The application crashes whenever I try to print invoices, and this has stopped our operations since we can't bill clients. This needs to be resolved urgently before we lose more business.",High
"I have a quick question about the billing cycle for my subscription. It's not urgent, but I just want to clarify when the charges will be reflected.",Low
"I encountered an issue with the dashboard widgets not refreshing automatically. I have to reload the page manually to see updates, which is a hassle during busy hours.",Medium
"I can't access the shared resources on the server, which is blocking my team's collaboration on a critical project. It's vital that we regain access to work efficiently, so I need this addressed immediately.",High
Can you let me know how to change my password? I forgot it and just need some guidance to get back on track.,Low
"I need some help figuring out how to archive old emails. It’s not pressing, but I would appreciate your guidance.",Low
Could you check if there’s a way to switch between themes in the app? I’d like to try out the dark mode but it’s not essential right now.,Low
"I cannot access the main dashboard since the update yesterday, and it seems like the problem is widespread. This is preventing our team from tracking sales, which is critical for our operations.",Critical
"Hey, I’ve been looking into your troubleshooting guides but can’t find specifics on webcam issues. Where should I look?",Low
"The software update has introduced a bug that disables key functionalities for our most used tools. This has led to significant disruptions in user activities, and it’s essential we address this as soon as possible.",High
"There seems to be a serious problem with the payment processing system, as several users have reported that their transactions are failing during checkout. We need urgent assistance to fix this issue.",High
"The video conferencing tool has been glitching during calls, causing disruptions and preventing effective communication. This is impacting meeting outcomes and should be fixed soon.",High
"I just found out that the search function on our platform is not working properly. When users try to look up content, it either returns no results or completely irrelevant ones. This is causing frustration among our users, and I need support to resolve this fast.",High
Can you tell me how to change the background color on my profile? I’ve tried a few times but nothing seems to work.,Low
There's a complete loss of connectivity with the main software platform that our customers rely on for orders. This is a high-impact situation and we cannot afford to have it down for long!,Critical
"The performance of the app seems to degrade when processing large datasets. While it still functions, it does take longer than it should for such tasks. A review might help alleviate this issue.",Medium
I noticed that the font size in the chat application seems a bit off on my screen. Is there a way to adjust it?,Low
I keep encountering a minor bug in the file export feature where occasionally the format doesn’t match what I selected. I can work around it but it would be great if this could be addressed in a future update.,Medium
"The recent updates have introduced some glitches in the user interface, such as buttons not responding as expected. While this doesn’t stop me from using the software, it does lead to a bit of confusion while navigating.",Medium
"Since the latest software update, some features of the inventory management system aren't working as expected; items aren't being tracked correctly, which could lead to inventory discrepancies. We need this fixed soon!",High
"The application is responding slower than usual, which is affecting my ability to complete my tasks. Can someone take a look at this? It's not completely down, but the lag is frustrating and might lead to productivity issues.",Medium
I want to raise an urgent issue regarding the mobile app crashing when trying to sync data. This is affecting our operations and needs to be resolved immediately to ensure productivity.,High
"We're experiencing a bug in the app where users are unable to submit support tickets. This is critical for our customer service team, and it's been ongoing for hours now! Please help us get this resolved ASAP.",High
Is there a guide available for new users on how to set up their accounts? I believe it would really help those starting out.,Low
"After updating the system, the integration with our CRM seems to be failing sporadically, which is affecting some of our workflows. It needs to be looked into as soon as possible.",Medium
"Total service interruption: None of our systems are operational, and clients are reaching out about issues. We're losing customer trust due to this downtime. Please resolve the issue immediately!",Critical
"We received multiple reports that the API is down, which affects all external transactions and integrations. This is a high priority issue that needs to be addressed right away!",Critical
"I just received reports from several users that the database is down, and they can't retrieve any information. This has stopped our sales process right in its tracks, and we need this resolved immediately!",Critical
"There's a small issue with the auto-save feature in the editor; it doesn’t seem to save some documents consistently. Losing work occasionally isn’t critical but it’s a hassle, so I hope it can be fixed soon.",Medium
"I keep getting an error message when trying to save changes in the settings. This is impacting my ability to customize the application for my workflow, so it would be great if you could escalate this issue.",High
"Users across multiple locations can’t access the email services, which is causing major disruptions in communication. This requires immediate resolution to restore functionality.",Critical
"Occasionally, the remote access tool drops connections unexpectedly. It's frustrating, but I can reconnect without too much hassle. A patch might help stabilize this feature.",Medium
"A few colleagues have mentioned that the chat feature intermittently fails to send messages. It doesn’t happen all the time, but when it does, it can cause confusion during urgent discussions. Is anyone else facing the same issue?",Medium
"We've identified a severe issue where several users' profiles are not syncing properly across devices, hindering their ability to access their necessary files. This must be prioritized immediately.",High
"I noticed the new update added features, but I'm having a hard time locating the new options. Can someone assist?",Low
"The platform is completely down for all users after the latest update, and urgent tasks cannot be processed. This is causing significant delays in our workflow and needs immediate attention from the dev team.",Critical
"Just a note, I received a notification about a system update, but I’m not sure how to install it. Any tips?",Low
"I’ve noticed that the image upload feature is consistently failing for users working on projects. It’s essential for collaboration, and without it functioning properly, teams are getting stuck on their tasks.",High
"I tried to run a few tests, and while everything is mostly working, there are some inconsistencies in the output. It's not stopping progress, but I'd like to get it sorted out. Can someone take a look?",Medium
