text,labels
"Experience guilt-free shopping with our range of recyclable kitchenware. Each item is crafted from 100% post-consumer materials, meaning you can cook and serve with a clear conscience!",Eco-Conscious Consumers
"Step into elegance with our designer stiletto heels, crafted from sumptuous suede. These shoes not only provide comfort but also mark a statement in any fashion-forward wardrobe, making you the center of attention at every event.",Luxury Seekers
"Transform your skincare routine with our artisanal line of organic serums, specifically formulated to enhance your skin's natural glow. Infused with rare botanical extracts, these products are a luxurious treat for the skin.",Luxury Seekers
"Our latest smartphone includes a triple-lens camera system that produces stunning photos in any lighting condition. Plus, the enhanced battery life ensures you stay connected longer, a must-have for busy professionals and tech lovers alike.",Tech Enthusiasts
"With our wireless earbuds, experience sound quality like never before! Designed for audiophiles, these earbuds offer noise cancellation and a battery life that lasts all day for an unbeatable listening experience.",Tech Enthusiasts
"Check out our new electric bike that combines sustainability with advanced engineering. It features an intuitive pedal-assist system that makes commuting both eco-friendly and fun, perfect for tech lovers looking to embrace innovative transportation solutions.",Tech Enthusiasts
"Experience the epitome of comfort with our high-thread-count Egyptian cotton sheets. Treated with a gentle touch, they are perfect for creating a restful oasis in your bedroom, making your sleep experience truly remarkable.",Luxury Seekers
"Elevate your style with this limited-edition denim jacket, featuring intricate embroidery and a modern cut that seamlessly blends artistry with urban fashion. Perfect for those who dare to stand out!",Fashion-Forward Shoppers
"Revamp your wardrobe with our curated selection of statement pieces that are designed to turn heads. From daring patterns to vibrant colors, each item promises to be a conversation starter!",Fashion-Forward Shoppers
"Our zero-waste shampoo bars come in compostable packaging and are made with organic ingredients. They are not only great for your hair but also for the planet, aligning perfectly with green lifestyles.",Eco-Conscious Consumers
"Experience immersive sound like never before with these wireless noise-canceling headphones. Designed for audiophiles, they are engineered to provide crystal-clear audio for all your favorite tracks and podcasts.",Tech Enthusiasts
Why spend a fortune on fitness gear? Our economical yet durable gym equipment is perfect for anyone looking to stay fit without overspending.,Budget Buyers
Looking for shoes that won’t empty your wallet? Check out our latest selection of sneakers that combine style and comfort at low prices. You won’t want to miss these deals!,Budget Buyers
Join the trendsetters with our sustainable clothing line made from eco-friendly materials without compromising on style. Fashion that feels good and looks good – it's a win-win!,Fashion-Forward Shoppers
Looking for a great deal on quality essentials? This affordable kitchen set includes all the tools you need without breaking the bank!,Budget Buyers
Step into the spotlight with our latest collection of statement jewelry that guarantees all eyes will be on you. The bold designs and rich colors are perfect for those who believe that accessories can make or break an outfit.,Fashion-Forward Shoppers
"Say goodbye to single-use plastics with our reusable beeswax wraps! Perfect for keeping your food fresh while being kind to our oceans, these wraps are a must-have in every eco-conscious kitchen.",Eco-Conscious Consumers
"This chic handbag is not just a fashion statement; it's crafted from recycled materials, proving that style and sustainability can go hand in hand. Perfect for the environmentally conscious fashionista!",Eco-Conscious Consumers
Grab this fantastic offer on a versatile backpack that's not only functional but also easy on your wallet. Ideal for students and daily commuters alike!,Budget Buyers
"Our latest laptop combines sleek design with powerful performance. With an Intel i7 processor and high-resolution display, it’s tailored for professionals who need reliability and speed for their work.",Tech Enthusiasts
"Equipped with the latest AI assistant, this home speaker system not only plays your favorite music but also integrates with your smart home. It’s the perfect addition for anyone who embraces smart living technology and convenience.",Tech Enthusiasts
"Transform your home into an oasis of tranquility with our organic cashmere throw blankets, the softest to be found, woven with care for the discerning buyer. You deserve the best!",Luxury Seekers
"Experience ultimate comfort with our organic wool blankets, sourced from sheep who are raised sustainably. They’re super soft and perfect for keeping you warm without harming the environment.",Eco-Conscious Consumers
"Check out our range of fashion staples that won’t drain your wallet – trendy tops, jeans, and accessories to keep your wardrobe fresh without overspending.",Budget Buyers
"This season, it’s all about the layered look! Check out our range of oversized blazers that can be dressed up or down, making them the perfect addition to a fashion-savvy wardrobe. Add a splash of color with our bold choices.",Fashion-Forward Shoppers
Step out in style with our new line of eco-friendly handbags crafted from sustainable materials. Each piece is designed not only to make a statement but also to address the growing demand for stylish yet responsible fashion.,Fashion-Forward Shoppers
"Our solar-powered garden lights are the perfect addition to create a magical ambiance outside, while harnessing the sun’s energy. Illuminate your nights sustainably!",Eco-Conscious Consumers
"Delight in the splendor of our gourmet chocolate collection, made from the rarest cocoa beans and handcrafted by world-renowned chocolatiers. This treat is not just about taste, but an experience curated for those with a discerning palate.",Luxury Seekers
"Step into elegance with our collection of designer evening gowns, tailored to perfection for those unforgettable events. Made with high-quality fabrics and intricate details, these gowns are crafted for the discerning individual who appreciates fashion as an expression of art.",Luxury Seekers
"Our premium skincare line, featuring 24-karat gold and rare herbs, promises to rejuvenate your skin while delivering an unparalleled opulent experience. Because you deserve the best care!",Luxury Seekers
"Look fabulous in our exclusive range of bohemian maxi dresses, which perfectly capture the essence of free-spirited fashion. Lightweight fabrics and eye-catching prints will keep you feeling fresh and stylish all summer long!",Fashion-Forward Shoppers
Discover our exclusive collaboration with up-and-coming designers. Each item is limited edition and showcases unique styles you won't find anywhere else. A true treasure for trendsetters! ,Fashion-Forward Shoppers
"If you’re serious about your gaming, you can’t miss our customizable gaming chair, built with ergonomic support and designed with integrated speakers for an immersive experience.",Tech Enthusiasts
"Get ready to dazzle with our exclusive line of designer handbags. Crafted with meticulous attention to detail, these bags are not just accessories; they're fashion statements that reflect sophistication and taste.",Fashion-Forward Shoppers
"Why fit in when you can stand out? Our bright, patterned summer dresses are perfect for those sunny days out when you want to showcase your unique style and vibrant personality.",Fashion-Forward Shoppers
"Transform your home with our line of organic, non-toxic candles. They provide a warm ambiance while positively impacting air quality, perfect for conscientious consumers looking to create a cozy yet healthy environment.",Eco-Conscious Consumers
You can now enjoy your favorite drinks without overspending! This chic stainless steel water bottle is perfect for students or anyone looking to save a bit while being environmentally friendly.,Budget Buyers
"This phone case combines durability and style at a price that won’t empty your pockets. Designed for everyday use, it protects your device without compromising your budget.",Budget Buyers
Save big on quality athletic shoes designed for performance! These sneakers offer great support for workouts and are priced perfectly for those watching their expenses.,Budget Buyers
"Catch the eye of fashion enthusiasts everywhere with our limited-edition streetwear. Each piece is made with intricate detailing and contemporary flair, capturing the essence of modern trends and urban culture.",Fashion-Forward Shoppers
"Get ready to elevate your bag game with our exclusive line of artisanal handbags. Crafted from the finest materials, they bring an unparalleled sophistication to every ensemble, making them ideal for the style-conscious individual.",Fashion-Forward Shoppers
This backpack is perfect for students on a budget. It's roomy enough to carry all my books and feels really durable for the price!,Budget Buyers
Elevate your wardrobe with our exclusive designer collection that blends unique silhouettes with high-quality materials. Be the trendsetter among your friends with these must-have pieces!,Fashion-Forward Shoppers
Get ready to make a statement with new arrivals that reflect the latest runway trends. Our selection is crafted for those who appreciate high-quality materials and eye-catching designs that complement their lifestyle.,Fashion-Forward Shoppers
Our eco-friendly clothing line doesn't sacrifice style for sustainability. Each piece is made from organic materials and designed to keep you looking fabulous while being kind to the planet. ,Fashion-Forward Shoppers
"Discover the benefits of our smart home automation system that integrates with your existing devices, streamlining your life with voice control for tech-savvy homeowners.",Tech Enthusiasts
"Our eco-friendly detergents come in refillable containers, ensuring that your laundry routine leaves a minimal carbon footprint while still getting your clothes spotless.",Eco-Conscious Consumers
"This reusable shopping bag is made from 100% recycled materials and is perfect for carrying groceries or everyday items. It not only helps reduce plastic waste but also comes in fun, eco-friendly designs that make shopping stylish!",Eco-Conscious Consumers
"Introducing our bamboo kitchenware set! These utensils are not only beautiful but also completely biodegradable, making them a great choice for health-conscious and eco-friendly consumers alike.",Eco-Conscious Consumers
"Stay connected with our innovative smart home hub that seamlessly integrates with all your devices. Control lights, security cameras, and more from one user-friendly interface, perfect for anyone looking to step into the future of home automation.",Tech Enthusiasts
"Crafted from 100% recycled materials, this stylish tote bag not only complements your outfit but also helps reduce waste.",Eco-Conscious Consumers
"Have you ever wished for a more efficient way to manage your daily tasks? Our cutting-edge productivity app uses AI to help prioritize your schedule, making sure you never miss an important reminder. Work smarter, not harder!",Tech Enthusiasts
"Treat yourself to gourmet chocolates made from single-origin cacao, each piece an artwork that tantalizes your taste buds. Perfect for gifting or personal indulgence, these chocolates are a true delight for connoisseurs.",Luxury Seekers
"Unleash your inner style icon with our extravagant collection of handbags. Each piece is a work of art that blends functionality with striking aesthetics, made for those who refuse to blend in.",Fashion-Forward Shoppers
"Experience the allure of haute couture with our exclusive limited edition handbags. Every stitch speaks luxury, making them the ultimate accessory for the discerning fashionista.",Fashion-Forward Shoppers
"Unleash your inner fashionista with our new collection of designer shoes, crafted from the softest leathers and adorned with unique embellishments. Wearing these shoes is not just about stepping out; it’s about making a statement wherever you go.",Luxury Seekers
Unveil the best-kept secrets of fine fragrances with our luxurious perfume collection. Each scent is meticulously composed with rare ingredients to create an olfactory experience that leaves a lasting impression wherever you go.,Luxury Seekers
"This season's hottest accessory is here! Our oversized sunglasses come in various colors that make a bold statement, ensuring you not only look good but feel good too. Don't miss out!",Fashion-Forward Shoppers
"This cutting-edge drone is equipped with 4K video capabilities, extended flight time, and an automatic return-to-home function, making it a must-have for photography professionals and hobbyists alike.",Tech Enthusiasts
Check out this amazing pair of sneakers priced under $50! They offer great comfort and style without breaking the bank. Perfect for everyday wear!,Budget Buyers
"Searching for a smartphone that won’t empty your pockets? Our latest model has all the essential features you want—great camera, long battery life, and a sharp display—all for a fraction of the price of high-end brands!",Budget Buyers
"Unleash your style with the latest designer handbag, crafted with the finest materials to ensure both luxury and durability. Its eye-catching design is perfect for those who appreciate artistry and want to stand out in a crowd.",Fashion-Forward Shoppers
Our line of skincare products is made from all-natural ingredients and packaged in recyclable materials. Say goodbye to harsh chemicals and hello to nourishing your skin while preserving the environment!,Eco-Conscious Consumers
"Experience the ultimate in skincare with our premium anti-aging serum, formulated with rare botanicals and advanced technology. This product promises to rejuvenate your skin while providing a lavish self-care ritual that only the discerning will appreciate.",Luxury Seekers
Discover our line of biodegradable kitchen products that help reduce plastic waste while maintaining durability and style. Perfect for anyone looking to make a positive impact on the environment with everyday choices.,Eco-Conscious Consumers
"Our line of vegan leather bags not only looks fabulous but is also crafted from plant-based materials, ensuring that no animals were harmed in the making of your chic accessory.",Eco-Conscious Consumers
"Explore our newest collection of designer handbags, each piece is meticulously crafted from the highest quality leather and features unique embellishments. Elevate your fashion game with a statement accessory that reflects your status and taste.",Luxury Seekers
"Elevate your home decor without emptying your wallet! Our latest collection of throw pillows adds a pop of color to your living space, and they’re priced just right for savvy shoppers. You can mix and match to create your perfect look.",Budget Buyers
Be the trendsetter among your friends with our innovative clothing line that fuses traditional craftsmanship with contemporary designs. Experience luxury that resonates with the pulse of the current fashion scene.,Fashion-Forward Shoppers
"Unleash your inner trendsetter with our latest collection of artisanal handbags, showcasing eco-friendly materials and bold designs. These bags are perfect for the stylish individual who is conscious about their fashion footprint.",Fashion-Forward Shoppers
Upgrade your gaming experience with our high-performance laptop equipped with cutting-edge graphics and cooling technology. Play for hours without lag and immerse yourself in stunning visuals.,Tech Enthusiasts
These limited-edition sneakers are not just shoes; they are a fashion statement. The interplay of textures and custom designs ensures that you are wearing a piece of art on your feet. Get noticed everywhere you go!,Fashion-Forward Shoppers
"Discover the allure of our limited-edition silk scarves, each vibrant piece tells a story through its patterns and colors. Ideal for fashion aficionados who seek unique accessories that reflect their personal flair and refined taste.",Luxury Seekers
Embrace the art of layering with our unique collection of fashionable outerwear. Each design is crafted to not only keep you warm but also to make you look effortlessly stylish while doing it.,Fashion-Forward Shoppers
Step into the spotlight with our stunning collection of limited-edition sneakers designed by top fashion influencers. They’re not just shoes; they’re a declaration of your unique style.,Fashion-Forward Shoppers
"Unleash your inner chef with our low-priced cookware sets! You don’t need to splurge to make delicious meals at home. Quality you can trust, at a price you’ll love.",Budget Buyers
"Discover the latest collaboration between renowned designers and eco-friendly brands, merging high fashion with sustainability for the conscious yet stylish shopper.",Fashion-Forward Shoppers
"Upgrade your home essentials without overspending! Our collection of linen and towels is not only affordable but also designed to last, ensuring you get the best value for your money.",Budget Buyers
"Upgrade your workspace with our ergonomic mechanical keyboard. Engineered for optimal typing performance, it features customizable RGB lighting and programmable keys to enhance your productivity.",Tech Enthusiasts
"Indulge in the luxurious experience of our organic silk pajamas. Soft to the touch and designed for ultimate comfort, these pajamas are perfect for those who seek relaxation without compromising on elegance.",Luxury Seekers
"With the new wireless earbuds, immerse yourself in superior sound quality and noise cancellation technology – perfect for both music lovers and podcast enthusiasts.",Tech Enthusiasts
"Step into a world of elegance with these handcrafted leather boots, designed with a sleek silhouette and unique detailing that stands out in any fashion-forward wardrobe.",Luxury Seekers
"Check out our latest smartwatch, featuring health tracking, text notifications, and customizable watch faces. Whether you're an athlete or a fashionista, this device is designed to suit your lifestyle and keep you connected on the go.",Tech Enthusiasts
"This exquisite line of watches features Swiss craftsmanship, adorned with diamonds and made from precious metals. It's perfect for anyone who appreciates the finer things in life.",Luxury Seekers
"Transform your wardrobe with our limited edition collaboration featuring renowned fashion designers. These unique pieces are designed to make a statement, showcasing bold patterns and eye-catching silhouettes that truly stand out.",Fashion-Forward Shoppers
"Discover our exclusive collection of silk scarves that elevate any outfit. With intricate floral patterns designed by renowned artists, these scarves are a must-have for the discerning fashionista.",Luxury Seekers
"Our latest collection of eco-friendly activewear is made from recycled plastics and organic fibers, ensuring that you look good and feel good about your impact on the planet.",Eco-Conscious Consumers
"Indulge in the ultimate elegance with our handcrafted silk scarves, featuring exclusive designs inspired by high-fashion runways.",Luxury Seekers
Explore the future of personal computing with this innovative tablet that provides full laptop functionality while maintaining portability. It’s equipped with the latest software and hardware to keep you productive while on the move.,Tech Enthusiasts
Elevate your athleisure game with our range of trendy activewear that combines function and fashion. The innovative fabrics and stylish cuts make these pieces perfect for both a workout session and a casual outing with friends.,Fashion-Forward Shoppers
"Experience the future of photography with our professional mirrorless camera that features AI autofocus and high-speed shooting, perfect for those looking to elevate their photography game.",Tech Enthusiasts
"Our premium skincare line features all-natural, organic ingredients formulated to deliver results that are as effective as they are indulgent, perfect for those who prioritize both beauty and wellness.",Luxury Seekers
"Step into the world of exclusive skincare with this organic serum, formulated with rare ingredients sourced from around the globe to rejuvenate your skin. Perfect for connoisseurs of beauty who are willing to invest in their skincare routine.",Luxury Seekers
"Our latest line of streetwear combines high-end fashion with comfort, perfect for those who want to stand out while feeling good. With bold colors and unique cuts, this collection is designed for trendsetters.",Fashion-Forward Shoppers
"Step into the realm of luxury with our hand-knotted Persian rugs that transform any room into a gallery of elegance. Each rug tells a story of artistry, making it a perfect fit for those who appreciate exceptional decor.",Luxury Seekers
"With every purchase of our handcrafted home decor, a portion goes towards planting trees in deforested areas. Create a beautiful home and contribute to a greener future simultaneously!",Eco-Conscious Consumers
"Our new line of sneakers features organic cotton and biodegradable soles, perfect for those who want to make a positive impact with every step they take. Perfect blend of style and sustainability!",Eco-Conscious Consumers
"Discover the ultimate indulgence in home fragrance with our premium scented candles, poured in limited-edition glass vessels. Each candle is made with the finest essential oils, creating an aroma that elegantly fills your space.",Luxury Seekers
"Your search for value ends here! Our family-sized meal kits are packed with fresh ingredients and easy-to-follow recipes, all for a price that suits your family's budget. Cook healthy and delicious meals without overspending!",Budget Buyers
Elevate your wardrobe with our avant-garde jackets that redefine modern chic. The innovative cuts and premium fabrics mean you’ll be the trendsetter wherever you go.,Fashion-Forward Shoppers
"Our new VR headset brings your gaming and entertainment experience to unprecedented heights, with realistic graphics and motion tracking that will immerse you in another world. Whether it's gaming or virtual tours, you won't want to take it off!",Tech Enthusiasts
"Sustainable yet stylish, our clothing line utilizes upcycled materials, ensuring you look fabulous while also supporting eco-friendly practices. It’s a win-win for the planet and your wardrobe!",Fashion-Forward Shoppers
"From catwalk to closet, our new arrivals are inspired by the latest trends seen at major fashion week shows. Get your hands on these exclusive pieces that blend contemporary style with everyday wearability.",Fashion-Forward Shoppers
Shop our range of vegan shoes crafted from innovative plant-based materials. Perfect for those who want to tread lightly on the earth while staying stylish!,Eco-Conscious Consumers
"This eco-friendly cleaning product line is not only kind to the planet but also easy on your wallet. Designed for those who want to maintain a clean home while being conscious of costs, these products prove sustainability can be affordable.",Budget Buyers
"Experience the unparalleled comfort of our sustainably sourced bamboo sheets. Not only do they feel luxurious, but they also contribute to less environmental impact compared to conventional cotton.",Eco-Conscious Consumers
"Looking for a stylish yet sustainable option? Check out our collection of shoes made from recycled materials, ensuring that you step lightly on the Earth without sacrificing style.",Eco-Conscious Consumers
"Revamp your wardrobe with our latest collection of vibrant prints and bold patterns. These eye-catching pieces are designed for those who love to stand out, and they’re perfect for both daytime outings and chic evening events.",Fashion-Forward Shoppers
"Step into the spotlight with our couture evening gowns, tailored to perfection with luxurious fabrics that drape elegantly, making you feel like royalty at any occasion.",Luxury Seekers
"The intersection of functionality and style defines our newest line of bags. Perfect for the modern individual, each bag is designed with sleek lines and contemporary finishes to complement any outfit.",Fashion-Forward Shoppers
"Elevate your style with our vegan leather handbag, designed for those who value quality and sustainability. This bag is not only trendy but also helps reduce the dependence on animal products. It's a win-win!",Eco-Conscious Consumers
"Introducing the latest gaming laptop that boasts the latest NVIDIA graphics card, delivering stunning visuals and lightning-fast frame rates, perfect for immersive gameplay.",Tech Enthusiasts
"Our latest line of Swiss-made watches merges timeless elegance with cutting-edge design, ensuring you'll always be punctual and stylish no matter the occasion.",Luxury Seekers
"Our new range of budget-friendly backpacks comes in various colors and styles, catering to students and travelers alike who need functionality without splurging.",Budget Buyers
Discover the ultimate innovation in smartphone technology with our latest model featuring a staggering 108MP camera and lightning-fast processor. Perfect for anyone who prioritizes cutting-edge performance and photography capabilities.,Tech Enthusiasts
"Our exclusive collection features pieces inspired by the latest runway looks. With unique cuts and bold prints, these items are perfect for those who love to express themselves through fashion and make a statement effortlessly.",Fashion-Forward Shoppers
"Elevate your accessory game with this handcrafted Italian leather handbag. Not only does it exude sophistication, but the attention to detail and quality craftsmanship make it a must-have for any discerning shopper.",Luxury Seekers
Looking for the perfect outfit for that upcoming festival? Our selection of boho-chic dresses and accessories will ensure you’re not only stylish but also comfortable enough to dance the day away under the sun.,Fashion-Forward Shoppers
"Experience the thrill of cutting-edge technology with our latest high-end smartwatches. Featuring sleek designs and premium materials, these watches seamlessly blend innovation with style, catering to those who demand the very best.",Luxury Seekers
"Discover our budget-friendly smartphone that offers impressive features like a great camera and long battery life, perfect for anyone looking to stay connected without overspending.",Budget Buyers
"From the runway to your closet, this sleek leather jacket embodies cutting-edge fashion. Pair it with anything for an instant upgrade; it’s your go-to for a bold and stylish look.",Fashion-Forward Shoppers
"This summer, switch to our organic cotton t-shirts, which are not only soft and comfortable but also produced without harmful chemicals. Feel good about what you wear and its impact on the planet!",Eco-Conscious Consumers
"Elevate your wardrobe with our exclusive designer dress collection, featuring eye-catching patterns and luxurious fabrics that will make heads turn at any event.",Fashion-Forward Shoppers
"The latest VR headset is here, offering a truly revolutionary experience, with realistic graphics and adjustable lenses for the perfect fit, perfect for the tech-savvy adventurer.",Tech Enthusiasts
"Our electric scooter boasts an impressive range and fast charging capabilities, making it the ideal companion for urban commuting and tech-savvy individuals.",Tech Enthusiasts
This insulated water bottle keeps drinks cold or hot for hours and is made from recycled stainless steel. It’s a stylish solution for those looking to reduce their use of single-use plastics on the go!,Eco-Conscious Consumers
"Looking for a phone that doesn't cost a fortune? This budget-friendly smartphone offers amazing camera quality, long battery life, and all the essential features you need.",Budget Buyers
"Drive your values home with our electric bikes designed to reduce carbon footprint. Whether commuting or leisurely riding, you'll be making an eco-friendly choice on the road.",Eco-Conscious Consumers
"We offer a variety of fair-trade coffee sourced from small farmers, empowering communities while providing you with a delicious brew that ranks high on sustainability.",Eco-Conscious Consumers
"This plant-based cleaning solution is tough on grime but gentle on the earth, ensuring a clean home without the use of harsh chemicals.",Eco-Conscious Consumers
"This reusable water bottle is crafted from sustainable materials, ensuring you stay hydrated without contributing to plastic waste.",Eco-Conscious Consumers
"Crafted from the finest materials, our elegant dining set is not just furniture, but a statement piece for your upscale home. Perfect for hosting lavish dinners and impressing your guests with impeccable taste.",Luxury Seekers
"Discover the allure of our designer handbags, made from the finest leather and adorned with exclusive hardware. Each bag is a statement piece that encapsulates luxury, ideal for fashion aficionados seeking to make a lasting impression.",Luxury Seekers
"Grab this amazing deal! Our high-quality kitchen set combines performance with value, ensuring you have the tools you need without overspending. Great for those just starting out or moving into their first home.",Budget Buyers
"This beauty product is cruelty-free and packaged in a biodegradable container, allowing you to pamper yourself while caring for the environment. Say goodbye to harmful chemicals and hello to guilt-free beauty!",Eco-Conscious Consumers
"Calling all trendsetters! This tailored blazer comes in an eye-catching color and fits like a glove, ensuring you stand out in any crowd. The intricate details make it a statement piece this fall.",Fashion-Forward Shoppers
"This shampoo is all natural, free from harsh chemicals, and packaged in recyclable materials, making it a great choice for those who care about the planet.",Eco-Conscious Consumers
"Step into a world of refinement with our latest diamond-studded timepieces. Every watch embodies the perfect blend of tradition and modernity, sure to captivate the most discerning tastes.",Luxury Seekers
"Our limited edition cashmere sweaters, sourced from the finest fibers, offer warmth and style that you won't find in any ordinary store. Treat yourself to unrivaled comfort.",Luxury Seekers
Enhance your work-from-home setup with our ergonomic office chair that supports your back and boosts productivity. Its modern design and tech-friendly features make it a perfect addition to any home office where comfort meets style!,Tech Enthusiasts
"This budget-friendly cookware set includes everything you need for daily meals, ensuring you can whip up delicious dishes without spending a fortune.",Budget Buyers
Stay ahead of the curve with our range of futuristic drones equipped with HD cameras and easy-to-use controls. Perfect for hobbyists and tech lovers who enjoy aerial photography and videography!,Tech Enthusiasts
"This stylish yet inexpensive backpack is perfect for students or anyone on the go. It has plenty of compartments for organization and is available in multiple colors, making it a smart choice for those who want to look good without overspending.",Budget Buyers
"Enjoy your morning brew guilt-free in our biodegradable coffee pods, designed to work seamlessly with your machine while preserving the planet.",Eco-Conscious Consumers
"Indulge in the finest cashmere cashmere wrap shawl that effortlessly elevates your wardrobe. Perfect for chilly evenings, it combines unmatched warmth with elegant style.",Luxury Seekers
"Made from reclaimed wood, this chic coffee table brings a rustic charm to your living room and helps reduce deforestation. A true statement piece for mindful homes.",Eco-Conscious Consumers
Upgrade your home with our state-of-the-art smart thermostats that learn your habits and help reduce energy costs while maintaining optimal comfort. Control them from your phone or through voice commands!,Tech Enthusiasts
Tired of basic tees? Explore our unique graphic t-shirts that showcase emerging artists. Each piece tells a story while being a staple in the wardrobe of someone who loves to express their individuality.,Fashion-Forward Shoppers
Love to stand out? Our colorful prints and avant-garde silhouettes are designed for fashion lovers who aren't afraid to push boundaries. Discover pieces that are as bold as your personality.,Fashion-Forward Shoppers
"This month, we have amazing deals on kitchen appliances! Grab our popular blender for a fraction of the original price and start making healthy smoothies without putting a strain on your wallet!",Budget Buyers
This biodegradable phone case is designed to protect your device while being gentle on the planet. Choose sustainably and keep your tech safe!,Eco-Conscious Consumers
"This season's must-have: a vibrant, oversized blazer that pairs beautifully with your favorite jeans or tailored trousers. Don't miss the chance to turn heads with this chic addition to your collection!",Fashion-Forward Shoppers
"Looking for that show-stopping piece? Our designer jumpsuit is not just a fashion statement; it's a lifestyle. With its intricate detailing and tailored fit, you'll feel confident and stylish, whether you're at a brunch or a night out.",Fashion-Forward Shoppers
"For a limited time only, you can snag this essential home office chair for just $75. It's both economical and comfortable, ideal for those working from home on a budget.",Budget Buyers
"Don’t miss out on our fashion week favorites, where edgy meets elegant! With each piece, you’re not just wearing clothes; you’re making a bold statement about who you are.",Fashion-Forward Shoppers
"This cozy throw blanket is just what you need to keep warm while binge-watching your favorite shows! Priced at just $19.99, it offers both comfort and style, making it a great addition to your home without breaking your budget.",Budget Buyers
"Don't miss out on our exquisite silk scarves, crafted for those who appreciate the finer things in life. They are perfect for a chic outfit or to add flair to your everyday look!",Luxury Seekers
"Our limited-edition perfume encapsulates elegance and sophistication. With notes of rare flowers and spices, this fragrance is crafted for those with discerning taste who want to leave a lasting impression wherever they go.",Luxury Seekers
"Experience the future of audio with our noise-canceling headphones, designed for those who crave immersive sound quality while enjoying their favorite podcasts or music tracks on the go.",Tech Enthusiasts
"This high-tech kitchen gadget makes meal prep a breeze! With smart features like voice control and a built-in recipe guide, you can create culinary masterpieces without the hassle of manual work. What more could a modern cook ask for?",Tech Enthusiasts
"Explore our high-end silk scarves, designed by renowned artisans. With intricate patterns and vibrant colors, they are the epitome of couture fashion and will complete any classy ensemble flawlessly.",Luxury Seekers
"Unveiling our exclusive collection of designer sunglasses that combine fashion with flawless craftsmanship. With UV protection and stunning designs, these shades are a statement piece for any high-end outfit.",Luxury Seekers
Don't miss our clearance sale! We have tons of stylish clothing options all below $30. Perfect for freshening up your wardrobe without overspending.,Budget Buyers
"Get ready for summer with our stunning, hand-stitched leather bags that exude sophistication. Each piece is limited edition, ensuring that you possess something truly unique, perfect for those who value both style and exclusivity.",Luxury Seekers
"Are you ready to dive into the world of augmented reality? Our AR glasses offer a unique way to interact with the environment by overlaying digital information, perfect for tech-savvy adventurers!",Tech Enthusiasts
"Experience the comfort of our stylish shoes made from innovative, recycled materials. Each pair minimizes waste while providing top-notch durability and style—perfect for the eco-aware fashionista.",Eco-Conscious Consumers
"Discover the future of kitchen appliances with our smart oven that can be controlled through an app, ensuring perfect cooking results with just a few taps—an essential addition for tech lovers who enjoy culinary precision.",Tech Enthusiasts
"Transform your home theater into a cinematic experience with our exclusive line of ultra-high-definition projectors. Designed for cinephiles, these projectors promise crystal-clear visuals and immersive sound that elevate movie nights to an entirely new level.",Luxury Seekers
Step into comfort with our eco-friendly sneakers made from recycled rubber and organic materials. Perfect for the stylish individual who values sustainability in their lifestyle.,Eco-Conscious Consumers
"Looking for a phone that does it all? Check out this flagship model with a stunning AMOLED display, top-notch camera capabilities, and 5G connectivity. It's perfect for anyone who demands versatility and performance.",Tech Enthusiasts
"Say goodbye to harsh chemicals and hello to our biodegradable cleaning supplies. Safe for your family and the environment, these products have a gentle touch on Mother Earth.",Eco-Conscious Consumers
"Check out our curated collection of footwear that balances comfort and high fashion! With chic designs that never sacrifice style for comfort, you’re sure to find the perfect pair to complete your look.",Fashion-Forward Shoppers
"Discover the allure of our designer eyewear collection, where fashion meets function in each unique frame, catering to those who refuse to compromise on quality or style.",Luxury Seekers
"Find your next favorite outfit that turns heads and starts conversations. Our exclusive line features unique cuts, daring designs, and seasonal trends that cater to the discerning shopper.",Fashion-Forward Shoppers
"Switch to our bamboo toothbrushes, which not only offer a gentler clean for your mouth but also minimize your impact on the environment. Every small change helps us work towards a greener future. Your teeth will thank you, and so will the Earth!",Eco-Conscious Consumers
"Made from upcycled materials, this trendy backpack not only stands out in your wardrobe but also reduces landfill waste. Perfect for the everyday adventurer who cares about sustainability!",Eco-Conscious Consumers
"Feel good about your purchases with our sustainable swimwear line, crafted from regenerated ocean plastics. Look fabulous and help keep the beaches clean!",Eco-Conscious Consumers
"Explore our limited edition silk scarves, each one meticulously designed with original artwork. This accessory is not just a fashion statement but a piece of wearable art that enhances any outfit with elegance.",Luxury Seekers
"This gaming chair is engineered for comfort and functionality, boasting adjustable armrests, lumbar support, and breathable materials, making it a must-have for serious gamers and tech-savvy individuals.",Tech Enthusiasts
"These kitchen appliances deliver performance and quality at a low price point, making them ideal for home cooks who want great results without the big expenses.",Budget Buyers
Check out these stylish sneakers that won’t stretch your wallet. They combine comfort and style—perfect for everyday wear or quick outings!,Budget Buyers
"Make heads turn with our limited edition streetwear pieces, featuring unique graphics and bold colors. Each item is designed for the trendsetter who wants to make a statement wherever they go.",Fashion-Forward Shoppers
"These handmade soaps are made from all-natural ingredients and packaged in recycled paper, making them a delightful yet responsible self-care treat.",Eco-Conscious Consumers
"Don’t compromise on style! Our trendy sneakers are not only a hit this season, but they won’t stretch your finances either. Designed for all-day comfort, they’re perfect for casual outings and everyday wear at an accessible price point!",Budget Buyers
"Ditch the bulky chargers! Our wireless charging pad is not only sleek and stylish, it supports fast charging up to 15W for all Qi-enabled devices. It's a must-have for anyone who loves convenience and efficiency in their tech.",Tech Enthusiasts
"These cruelty-free and sustainably sourced candles are handmade with love. Infused with natural essential oils, they provide a fresh aroma without harmful additives, appealing to those mindful of their impact on the earth.",Eco-Conscious Consumers
This season's collection is all about vibrant colors and bold patterns that make a statement on any runway. Explore our unique styles that allow you to express your individuality with each outfit.,Fashion-Forward Shoppers
"Elevate your living space with our collection of designer furniture, featuring minimalist designs that exude class and refinement. Perfect for those who appreciate the finer things in life, each item is a statement of taste and exclusivity.",Luxury Seekers
"Looking for that perfect statement piece? Our handcrafted leather jackets are not just clothing; they're a lifestyle. Each jacket tells a story, adding edge to any outfit. Limited stock available!",Fashion-Forward Shoppers
Don't miss out on our incredible kitchen appliances that deliver quality and efficiency at prices that make sense for your wallet. Cooking made easy and cost-effective!,Budget Buyers
"This season's must-have accessory, the oversized tote, combines functionality with high-end style, making it a staple for any trendsetter looking to stand out amidst the crowd.",Fashion-Forward Shoppers
"Join the trend of sustainable living with our plant-based cleaning products. They are tough on dirt but gentle on the earth, making it easy to keep your home clean without harmful chemicals.",Eco-Conscious Consumers
"Our tailor-made vacation packages offer personalized experiences in the world's most exclusive destinations, complete with 5-star accommodations and private tours. Embrace travel that is as unique and distinguished as you are.",Luxury Seekers
"Looking for a smartphone that keeps you connected at all times? Our flagship model boasts an impressive 5G capability, ensuring you have lightning-fast internet wherever you go!",Tech Enthusiasts
"Elevate your dining experience with our hand-blown crystal glassware, perfect for those special occasions or just a casual get-together. Each piece is meticulously crafted, reflecting light beautifully and ensuring your table setting always looks stunning.",Luxury Seekers
Looking for a sustainable fashion option? Check out our new collection of clothing made from bamboo and recycled materials. Each piece is designed to leave a minimal carbon footprint while keeping you stylish.,Eco-Conscious Consumers
Our most popular line of fitness gear offers quality at an unbeatable price. Stay active without splurging with gear designed for performance and durability.,Budget Buyers
"For those who love to tinker, our Raspberry Pi starter kit provides everything you need to build your own tech projects at home. Ideal for DIY enthusiasts looking to expand their programming skills!",Tech Enthusiasts
Find the perfect outfit for any occasion with our curated selection of chic dresses and standout accessories. Designed for the discerning shopper who knows that every detail matters in their ensemble.,Fashion-Forward Shoppers
Shop our energy-efficient kitchen appliances that not only save you money on your utility bills but also reduce your household's carbon emissions. It's a win-win for your wallet and the planet!,Eco-Conscious Consumers
Experience guilt-free shopping with our vegan leather handbags that combine style and sustainability. They are made from recycled materials and look luxurious.,Eco-Conscious Consumers
"Discover the allure of our handcrafted jewelry collection, where each piece is created with rare gemstones and intricate designs. Perfect for the individual who understands that true elegance lies in the details and seeks accessories that tell a story.",Luxury Seekers
Elevate your wardrobe with our luxe fabrics and unique designs that scream sophistication. This collection is for those who prioritize style and craftsmanship in every piece they add to their closet.,Fashion-Forward Shoppers
"Introducing the newest smartwatch that keeps you connected and tracks your health metrics like never before. With a stunning AMOLED display and customizable watch faces, this gadget is a must-have for anyone who loves innovation on their wrist.",Tech Enthusiasts
"Upgrade your gaming setup with these budget-friendly accessories that still boast quality performance. Whether it's a mouse or keyboard, you don't have to spend much to reach new levels in your favorite games!",Budget Buyers
Our exotic spice collection sourced from around the globe will elevate your culinary experience. Each blend is crafted by renowned chefs to bring gourmet quality to your kitchen.,Luxury Seekers
This stylish backpack offers all the essentials without breaking the bank. Perfect for students looking to carry their books and devices in one affordable option!,Budget Buyers
"Upgrade your kitchen with this affordable blender that still packs a punch. Ideal for smoothies and soups, it’s a steal for those looking to eat healthier on a budget!",Budget Buyers
"Upgrade your workspace with this ergonomic chair that includes built-in speakers and USB ports. It's perfect for remote workers who want style and function in their home office setup, combining comfort with tech-savvy features.",Tech Enthusiasts
"Craft your signature look with our mix-and-match collection of high-fashion, street-inspired pieces. Each item is versatile, allowing you to express your personality while keeping your outfits fresh and trendy.",Fashion-Forward Shoppers
"Our collection of stylish yet low-cost furniture brings a modern touch to your home, perfect for those who want to save money without sacrificing style.",Budget Buyers
"Wrap yourself in our luxurious cashmere blankets, perfect for cozy evenings. These pieces not only provide warmth but also add a touch of elegance to any living space, making them a must-have for those who appreciate timeless comfort.",Luxury Seekers
"These stylish, up-cycled denim jackets are a fashion statement that also protects the planet. Each jacket is uniquely refurbished, preventing textile waste while keeping you trendy and eco-aware.",Eco-Conscious Consumers
"Experience the beauty of nature with our biodegradable phone cases. Made from plant-based materials, they offer protection for your device while reducing plastic waste in landfills.",Eco-Conscious Consumers
"Discover stylish footwear options that won’t break the bank! Our latest range of flats provides comfort and chic design, perfect for office wear or casual outings. Great value for your money, so stock up without guilt!",Budget Buyers
"Transform your commute with our solar-powered backpack, designed to charge your devices while reducing your carbon footprint. Plus, it’s made from materials that are both durable and eco-friendly!",Eco-Conscious Consumers
"Celebrate special moments with our bespoke jewelry line, featuring ethically sourced gemstones set in intricate designs, perfect for those who appreciate the finer things in life.",Luxury Seekers
"Transform your skincare routine with our luxurious range of organic skincare products made from rare ingredients sourced from across the globe. Because your skin deserves nothing but the best, and this collection offers that pampering experience.",Luxury Seekers
"We've just released biodegradable phone cases that not only protect your device but also decompose easily at the end of their life cycle. Join us in reducing plastic waste and opt for a stylish, sustainable choice today!",Eco-Conscious Consumers
"Elevate your audio experience with these noise-canceling headphones equipped with adaptive sound control. They automatically adjust based on your environment, making them ideal for commuters and travelers alike!",Tech Enthusiasts
"Be a part of the change with our organic herbal teas. Sourced from sustainable farms, these blends not only promote wellness but also support fair trade practices. Sip your way to a better world!",Eco-Conscious Consumers
"Discover our latest collection of statement sneakers, designed for those who value both comfort and style. With bold patterns and eco-friendly materials, they’re sure to turn heads wherever you go!",Fashion-Forward Shoppers
"This season, step out in style with our range of bold patterns and vibrant colors. Our outfits are designed for those who aren't afraid to express their personality through what they wear.",Fashion-Forward Shoppers
"This drone comes equipped with 4K video recording and a 30-minute flight time, making it the ideal gadget for photography enthusiasts and adventure seekers who love to capture breathtaking aerial shots.",Tech Enthusiasts
"Experience the epitome of elegance with our curated selection of champagne from the finest vineyards. Whether for a celebration or a quiet evening, this champagne is for those who understand and appreciate the nuances of exquisite taste.",Luxury Seekers
"Enjoy the best of home décor with our collection that balances style and price. Discover beautiful lamps, art, and textiles that won’t leave a dent in your finances. Transform your space affordably!",Budget Buyers
"For those who love to stay stylish while saving money, our summer clothing line features colorful and comfy outfits that are trendy yet affordable. Perfect for beach days or casual outings!",Budget Buyers
"Introducing the ultimate gaming laptop, equipped with the latest graphics card, lightning-fast SSD, and a high-refresh-rate display. Get ready to take your gaming experience to new heights with top-tier performance that can handle the most demanding titles.",Tech Enthusiasts
"Elevate your living space with our opulent home décor line, which includes artisanal vases and hand-painted ceramics. These elements reflect not only style but also an appreciation for the finer things in life.",Luxury Seekers
"This season's must-have accessory, a vibrant silk scarf featuring a limited-edition print, will surely turn heads and make a statement. Pair it with your favorite outfit for an effortlessly chic look.",Fashion-Forward Shoppers
"This limited edition dress is a must-have! Crafted from luxurious satin, it has a stunning backless design that will make you the center of attention at any event. Don't miss out on the chance to own this piece of wearable art!",Fashion-Forward Shoppers
"Discover our range of sustainable yoga mats made from natural cork and organic cotton, perfect for your eco-friendly workouts.",Eco-Conscious Consumers
Looking to add some flair to your wardrobe without spending a fortune? Our range of vibrant scarves will instantly elevate any outfit while being super affordable. Grab one in every color to mix and match through the seasons!,Budget Buyers
This reusable water bottle is made from sustainable materials and is perfect for the environmentally aware individual who wants to reduce plastic waste.,Eco-Conscious Consumers
"Dive into our affordable beauty collection that gives you the best bang for your buck! With quality products that rival high-end brands, you can pamper yourself while keeping your wallet happy. It’s all about looking good for less!",Budget Buyers
"You won't believe the deals we have on kitchen appliances this week. From blenders to toasters, everything is priced for the thrifty shopper. Grab them while they last!",Budget Buyers
"We believe that fashion should be both fun and expressive! Our latest range is perfect for those who love to mix and match, creating looks that are as unique as they are stunning.",Fashion-Forward Shoppers
"Step out in style with our curated selection of dresses that capture the essence of modern fashion. With intricate detailing and innovative fabrics, each piece is designed for the trendsetter.",Fashion-Forward Shoppers
"Unleash your creativity with our customizable fashion line, allowing you to mix and match pieces to create your own unique outfits that reflect your personality. Ideal for those who love to express themselves through fashion!",Fashion-Forward Shoppers
"Step up your game with our high-fashion activewear. Designed for those who want to shine both in the gym and out on the town, our clothes merge performance with chic aesthetics.",Fashion-Forward Shoppers
"Elevate your wardrobe with this stunning designer handbag, crafted from the finest materials to showcase your unique style wherever you go.",Fashion-Forward Shoppers
"Transform your living space with our artisan-crafted crystal chandelier. Each piece is meticulously designed to radiate elegance and charm, creating an ambiance that speaks volumes about your refined taste.",Luxury Seekers
"Transform your ensemble with our premium outerwear options, showcasing sophisticated cuts and luxurious materials that ensure you stay warm and stylish during colder months. Who said warmth can't be fashionable?",Fashion-Forward Shoppers
Calling all gamers! Get our top-rated gaming mouse that’s designed for comfort and precision at a price that every gamer can appreciate. Experience high performance without the high cost!,Budget Buyers
"Luxury is redefined with our handcrafted wooden watches made from reclaimed wood, ensuring that no new trees were harmed in the making. Each piece tells a story and embodies the essence of sustainable elegance.",Eco-Conscious Consumers
"The portable charger with solar capability is a game changer; it keeps your gadgets powered while on the go, ideal for outdoor adventures and tech-loving explorers.",Tech Enthusiasts
"Just received the budget-friendly gym membership promo, can't believe how much I saved! Now I can hit the gym without stressing about the cost.",Budget Buyers
"Discover the magic of layering with our jackets that boast intricate detailing and modern cuts. Perfectly suited for the trendsetter, they add an edgy twist to any outfit—no matter the occasion.",Fashion-Forward Shoppers
Shop this season's trendy clothing at prices you'd love! This collection is perfect for those who want to look stylish without sacrificing their budget.,Budget Buyers
"Immerse yourself in comfort and style with our designer bedding set. Made from luxurious Egyptian cotton, it turns your bedroom into a sanctuary, inviting relaxation and elegance into your nightly routine.",Luxury Seekers
"This portable charger is a game-changer, featuring fast charging technology and enough power to charge your laptop on-the-go. Ideal for digital nomads, it ensures you stay powered up wherever you are.",Tech Enthusiasts
"Explore endless possibilities with our latest drone, featuring an easy-to-use interface and advanced navigation systems, making it ideal for both hobbyists and aspiring filmmakers.",Tech Enthusiasts
"Are you ready to take your home automation to the next level? Our smart home systems integrate seamlessly, allowing you to control lighting, security, and even your coffee maker from your smartphone. Perfect for those who thrive on the latest and greatest in home tech.",Tech Enthusiasts
"This wireless charging pad is designed for cutting-edge devices, featuring fast charging technology that ensures you spend more time using your phone and less time plugged in. Its sleek design fits perfectly in any modern setting.",Tech Enthusiasts
"Join the movement towards a sustainable lifestyle with our vegan leather handbags. Made from plant-based materials, these bags prove that you can stay fashionable without compromising your values.",Eco-Conscious Consumers
"Trying to stick to a tight budget? This collection of home decor items will transform your space without hurting your finances. From wall art to decorative pillows, you can revamp your home while keeping costs low!",Budget Buyers
This solar-powered garden light not only enhances your outdoor space but also utilizes renewable energy to reduce your carbon footprint. Ideal for homeowners committed to green living.,Eco-Conscious Consumers
"Wrapped in fine wool from Scotland, this tailored blazer is the ultimate investment piece for your wardrobe. With its exquisite fit and timeless design, it's perfect for professionals who appreciate the finer things.",Luxury Seekers
Experience the comfort of our biodegradable yoga mats that are free from harmful chemicals. Perfect for those who want to maintain their fitness regime while being kind to the environment.,Eco-Conscious Consumers
"Looking for a durable backpack that won't empty your wallet? This option is made from high-quality materials and comes in various colors, all at an unbeatable price!",Budget Buyers
"Our clean-burning soy candles come in reusable glass jars and are made with natural fragrances, perfect for anyone who enjoys a cozy atmosphere without harming the planet.",Eco-Conscious Consumers
"These handmade sandals are crafted from ethically-sourced leather and designed to last for years, ensuring you get the best bang for your buck while supporting fair-trade practices.",Eco-Conscious Consumers
Revamp your casual wear with our collection of graphic tees that blend comfort and artistic expression. Perfect for the bold individuals who take pride in showcasing their personalities through their attire.,Fashion-Forward Shoppers
"Grab these comfy, yet cheap running shoes that are perfect for your morning jog. You don’t have to spend a lot to get a good pair of sneakers that support your fitness journey!",Budget Buyers
Elevate your living space with our top-tier crystal chandeliers that not only illuminate but also serve as a stunning centerpiece in any luxurious setting.,Luxury Seekers
"Our custom-tailored suits are a staple for anyone who values a polished, professional appearance. Experience the art of bespoke tailoring that fits you like a glove, because great style is a reflection of your success.",Luxury Seekers
This eco-friendly yoga mat is crafted from natural rubber and is free from harmful PVC. Perfect for fitness enthusiasts who care about their impact on the planet while maintaining a healthy lifestyle.,Eco-Conscious Consumers
"Our curated collection of trendy handbags is crafted for those who appreciate both form and function. With unique designs and eye-catching colors, these bags are ideal for expressing your personality while being practical!",Fashion-Forward Shoppers
"This premium smartwatch is not just a timepiece; it's a statement of elegance and innovation, featuring exclusive materials and customizable faces that suit any occasion.",Luxury Seekers
Our organic cotton tote bags not only help you carry your groceries but also reduce the reliance on single-use plastic bags. Each purchase supports local farmers who practice sustainable agriculture.,Eco-Conscious Consumers
"Enjoy your coffee guilt-free in our compostable coffee pods. They're made from plant-based materials that won't contribute to landfill waste, allowing you to indulge while knowing you're making a positive impact.",Eco-Conscious Consumers
Discover our sale section where you can find amazing deals on all your favorite products. Great savings await the thrifty shopper!,Budget Buyers
"Our new line of organic cotton clothing is perfect for those who want to look stylish while supporting sustainable farming practices. Made without harmful chemicals, it's a choice that's good for both you and the environment.",Eco-Conscious Consumers
"Discover our curated collection of artisan chocolates, each piece designed to tantalize your taste buds and impress even the most discerning connoisseurs.",Luxury Seekers
"Feel good about your next purchase with our recycled materials backpack. It's stylish, functional, and reduces the amount of waste in landfills, making it a guilt-free choice for everyday use.",Eco-Conscious Consumers
"Explore our curated selection of vintage wines, sourced from the most prestigious vineyards. Each bottle is a testament to heritage and quality, perfect for collectors looking to enhance their cellar with exquisite finds.",Luxury Seekers
"With the newest model of our 4K ultra HD TV, immerse yourself in a cinematic experience that brings your favorite movies and shows to life. Featuring HDR and an ultra-slim design, this TV is perfect for your living room setup!",Tech Enthusiasts
"Step into the spotlight with our upcoming collection of edgy streetwear pieces. Each item is designed to make a statement, from oversized jackets to graphic tees. Perfect for the urban dweller who's always ahead of the trend.",Fashion-Forward Shoppers
"This portable SSD is designed for content creators who demand speed and reliability while on the go. With read speeds up to 1,050 MB/s, you can transfer large files in seconds and free up space on your devices.",Tech Enthusiasts
"Don't miss out on our exclusive deals on everyday essentials! Our range of personal care items is not just effective but also wallet-friendly, ensuring that you can maintain your beauty routine without splurging.",Budget Buyers
This set of kitchen utensils is perfect for those who want quality at a low price. You get everything you need to cook like a pro without spending a fortune!,Budget Buyers
"This season's hottest trend is the oversized blazer, and our selection features bold patterns and colors that will turn heads. Pair it with a fitted turtleneck and tailored trousers for an effortlessly stylish look that screams sophistication.",Fashion-Forward Shoppers
"Join the fashion revolution with our latest drop of sustainable activewear. Each piece is not only stylish but also made from recycled materials, perfect for those who don’t want to compromise on style while supporting the planet.",Fashion-Forward Shoppers
"Why spend more when you can find the same quality for less? Our running shoes are designed with comfort and performance in mind, and they're available at a fraction of the price of other brands. Get ready to hit the ground running!",Budget Buyers
Get ready for summer with our affordable swimwear that doesn't skimp on style. Perfect for beach days or pool parties without the expensive price tag!,Budget Buyers
"Indulge in the finest craftsmanship with our exclusive line of hand-stitched leather bags, designed for those who appreciate the finer things in life. These bags are not just accessories; they're statements of sophistication.",Luxury Seekers
"Our handmade soaps come from natural ingredients and are wrapped in compostable materials, making them an excellent addition to any green lifestyle. Feel good about what you use on your skin while supporting artisans around the world.",Eco-Conscious Consumers
"Step into the spotlight with these beautifully crafted ankle boots that blend comfort and chic. Made from high-quality leather, they are perfect for those who appreciate both fashion and functionality.",Fashion-Forward Shoppers
We offer stylish footwear options at competitive prices. Walk comfortably and fashionably without overextending your finances.,Budget Buyers
Experience the fusion of comfort and haute couture with our new loungewear collection. These pieces redefine what it means to be chic at home or out and about!,Fashion-Forward Shoppers
Dare to mix and match with our limited-edition pieces that encourage creativity and self-expression. Each item is designed to inspire those who love to experiment with their fashion choices.,Fashion-Forward Shoppers
"The new tablet features a stunning 4K display and advanced processing power, perfect for graphic design and gaming enthusiasts.",Tech Enthusiasts
"Our sustainable skincare line contains only plant-derived ingredients, free from harmful additives, so you can pamper yourself without harming the planet.",Eco-Conscious Consumers
"The newest addition to our shoe collection features bold colors and cutting-edge designs. Perfect for the trendsetter who loves to stand out in a crowd, these shoes are meant for more than just walking—they're for making an entrance!",Fashion-Forward Shoppers
"Looking for that perfect accessory to complete your outfit? Our range of statement necklaces and oversized sunglasses will add flair to any ensemble, ensuring you’re always at the forefront of style trends.",Fashion-Forward Shoppers
Check out our amazing collection of everyday essentials—from toiletries to snacks—all at prices that won’t make you think twice. Perfect for those who like to save while shopping for necessities.,Budget Buyers
Enjoy comfortable sleep with our affordable mattress that doesn’t skimp on quality. Experience a great night’s sleep for less – perfect for anyone looking to upgrade their bedroom without excessive spending!,Budget Buyers
Our new line of organic cotton t-shirts features vibrant colors and designs inspired by nature. Perfect for those who want to look good while supporting sustainable fashion.,Eco-Conscious Consumers
"Unleash your inner trendsetter with our vibrant, patterned scarves that elevate any mundane outfit. Crafted from soft fabric, they’re not just stylish; they’re versatile enough for any season and occasion.",Fashion-Forward Shoppers
"This colorful backpack is perfect for students! It's durable, spacious, and best of all, very affordable. Carry your essentials while saving some cash for your favorite snacks!",Budget Buyers
"Transform your everyday look with our collection of oversized blazers that are perfect for layering. These versatile pieces can be styled in countless ways for a chic appearance, whether you're going for a casual coffee meet-up or an elegant dinner!",Fashion-Forward Shoppers
"Indulge in the opulence of our handcrafted Italian leather handbags that perfectly complement your sophisticated style. Each piece is meticulously designed to offer both functionality and elegance, ideal for those who appreciate the finer things in life.",Luxury Seekers
"Step into a world of innovation with our smart home devices designed for the modern luxury lifestyle. From voice-activated controls to sleek designs, these gadgets harmonize elegance with cutting-edge technology, perfect for discerning tech enthusiasts.",Luxury Seekers
"Unlock your unique style with our exclusive collection that features bespoke designs and tailored fits. Perfect for those who appreciate the finer things in life, these garments are limited in quantity but limitless in potential.",Fashion-Forward Shoppers
Shop smart with our collection of everyday apparel that combines quality and price. Perfect for those seeking comfort without splurging.,Budget Buyers
"Introducing the latest VR headset that immerses you in a world of interactive entertainment, enhancing your gaming experience to an entirely new level. Get ready to explore virtual landscapes with stunning realism!",Tech Enthusiasts
Step into the limelight with outfits that are not just clothing but a declaration of your style. Our pieces are designed to inspire confidence and creativity in every fashion-forward individual.,Fashion-Forward Shoppers
"Experience gaming like never before with our state-of-the-art graphics card, designed for high-performance and ultra-realistic visuals, perfect for serious gamers and tech lovers who demand the best.",Tech Enthusiasts
Unleash your inner fashionista with our unique jewelry collection. These statement pieces are designed to complement your personality and elevate even the simplest outfits to runway status. Don't miss out!,Fashion-Forward Shoppers
"Discover our exclusive skincare line, formulated with rare botanicals from around the globe, for those who prioritize self-care and seek the ultimate rejuvenating experience for their skin.",Luxury Seekers
"Discover the latest innovation in smartphone technology! Our new XPhone features a cutting-edge processor, stunning camera capabilities, and a sleek design that any gadget lover would appreciate. Don't miss out on experiencing the future of mobile devices.",Tech Enthusiasts
"Dare to be different with our collection of artisanal jewelry! Each piece tells a story and is perfect for those who appreciate unique, handcrafted designs. Perfect for styling with any outfit! ",Fashion-Forward Shoppers
This stylish backpack is ideal for students who want to look cool without spending too much. Its multiple compartments make it practical and affordable!,Budget Buyers
"Discover the joy of reading with our curated collection of bestselling novels, all priced under $10! These captivating stories will keep you entertained and are perfect for book lovers looking for great reads without overspending.",Budget Buyers
"If you're hunting for the perfect gift that won’t crush your finances, our selection of thoughtful yet affordable presents is sure to impress without the hefty price tag.",Budget Buyers
"Transform your lounge game with our chic athleisure collection that seamlessly transitions from workout to brunch. Stay stylish and comfortable, whether you're hitting the gym or just hanging out.",Fashion-Forward Shoppers
"Discover our stunning dresses that redefine elegance and are perfect for any upscale occasion. Featuring unique cuts and the latest fabric innovations, these pieces are must-haves in any stylish wardrobe.",Fashion-Forward Shoppers
"Step into the future of photography with our new camera system that uses AI to enhance every shot. Whether you're a professional or an amateur, your photos will look like they were taken by a pro!",Tech Enthusiasts
"Elevate your home decor with our exclusive collection of artisanal vases made from rare, hand-blown glass that adds a touch of elegance to any space. Each piece is a unique work of art!",Luxury Seekers
"Elevate your living space with this handcrafted Italian leather sofa, featuring plush cushions and artisanal craftsmanship. A true centerpiece that offers both comfort and style, perfect for hosting elegant gatherings.",Luxury Seekers
Discover our range of affordable home decor items that will transform your space without hitting your wallet too hard. Stylish doesn’t have to mean expensive!,Budget Buyers
"Our vegan skincare line features cruelty-free products that use plant-based ingredients. Feel good about what you put on your skin, knowing it's not just good for you, but also good for the planet.",Eco-Conscious Consumers
"By purchasing our upcycled denim jeans, you contribute to a circular economy that reduces waste in landfills. Each pair is unique, offering a blend of style and responsibility that conscious consumers love!",Eco-Conscious Consumers
"This hand-poured soy candle emits a lovely scent without the harmful toxins found in traditional paraffin candles. Light one up, relax, and feel good about helping reduce indoor air pollution and supporting sustainable practices.",Eco-Conscious Consumers
"Step into the future with our virtual reality headset that transports you to a whole new world, perfect for gaming, movies, and even virtual travel experiences. You won't believe your eyes!",Tech Enthusiasts
"Savor the taste of premium organic coffee beans sourced from exclusive estates. Each batch is roasted to perfection, providing a rich and aromatic experience for those who appreciate truly refined coffee.",Luxury Seekers
"Experience the art of Italian dining with our premium cookware set, designed for the culinary enthusiast who values quality. Each piece is crafted with precision, ensuring that your gourmet meals are prepared to perfection.",Luxury Seekers
"Check out this amazing set of kitchen gadgets that comes at a fraction of the price! Perfect for anyone who loves cooking without breaking the bank, these tools will elevate your culinary game without costing a fortune.",Budget Buyers
"With every purchase of these recycled paper notebooks, we donate a portion to tree planting initiatives. Keep track of your ideas while also giving back to Mother Nature!",Eco-Conscious Consumers
"Behold our limited edition designer heels, crafted from the highest quality suede. Each pair is a work of art, offering not just footwear but an experience that resonates with luxury and elegance.",Luxury Seekers
"The new smartwatch not only tracks your fitness but also allows you to respond to messages and control your music on the go. With customizable watch faces and health monitoring stats, it’s an essential accessory for the tech-savvy individual.",Tech Enthusiasts
"Discover the ultimate gaming laptop, equipped with an RTX 3080 GPU and the latest Intel i9 processor, designed for extreme performance and stunning visuals at every turn.",Tech Enthusiasts
"This handy multi-tool is an essential for everyday tasks, and it's priced low enough to make it an easy addition to your toolbox without a second thought.",Budget Buyers
"Step into the spotlight wearing our new line of shoes, designed with the finest materials and innovative styles that keep you on-trend and comfortable.",Fashion-Forward Shoppers
Upgrade your home with our energy-efficient LED lighting collection. Brighten your space while saving on electricity bills and reducing your carbon footprint.,Eco-Conscious Consumers
Our budget-friendly furniture collection offers all the style you need without emptying your wallet. Each piece is designed to provide comfort and durability at an accessible price.,Budget Buyers
Make a lasting impression with our avant-garde jackets that blend contemporary design with luxury fabrics. Perfect for those who appreciate both form and function in their clothing choices.,Fashion-Forward Shoppers
"Fashion lovers will adore our new line of artisanal jewelry, handcrafted with intricate designs that celebrate individuality. Pair them with any outfit for a touch of elegance that’s distinctly yours.",Fashion-Forward Shoppers
"Elevate your living space with our exclusive collection of designer furniture, meticulously crafted from the finest materials, ensuring durability without compromising style.",Luxury Seekers
"If you're looking to refresh your closet, explore our curated selection of must-have accessories that take any outfit to the next level. Think oversized sunglasses and statement earrings that catch the eye!",Fashion-Forward Shoppers
Why pay more? This smart thermostat learns your habits and saves energy — and it's one of the most affordable options on the market!,Budget Buyers
"Explore our exclusive travel experiences, including private yacht charters and bespoke itineraries tailored to your every whim, designed for those who desire adventure without compromise.",Luxury Seekers
"Step into the spotlight with our stunning range of heels that boast intricate detailing and chic designs. Whether you’re dressing up for a night out or just want to add some flair to your everyday attire, these shoes are a must-have.",Fashion-Forward Shoppers
Choose our organic cotton tote bags that are sturdy and stylish. They're not just fashion accessories; they're a statement for sustainability and zero waste living!,Eco-Conscious Consumers
"Offering faster charging and longer battery life, this power bank is essential for anyone who relies on their devices throughout the day. A must-have for those who are always on the go and need reliable tech to keep up with their lifestyle.",Tech Enthusiasts
"Discover the beauty of fine jewelry with this stunning sapphire and diamond pendant necklace. With its intricate design and brilliant sparkle, it’s the perfect accessory for special occasions, turning heads wherever you go.",Luxury Seekers
"Our bespoke jewelry service allows you to design your own unique piece, featuring ethically sourced gemstones. Perfect for those who seek to make a statement while adhering to sophisticated tastes.",Luxury Seekers
"Explore the beauty of our exclusive skincare range, infused with rare natural ingredients sourced from around the world. Each product is designed to provide a luxurious pampering experience, ensuring your skin looks and feels its best.",Luxury Seekers
"Introducing our latest line of silk pajamas, designed for the ultimate in comfort and refinement. Made from the finest silk, they promise to make your evenings feel indulgent and luxurious, turning every night into a special occasion.",Luxury Seekers
Shop the latest clothing styles that are easy on your wallet! Our trendy summer dresses not only look great but are priced to fit any affordability criteria. Perfect for those looking to refresh their wardrobe without going over budget.,Budget Buyers
"When it comes to jewelry, why settle for ordinary? Discover our curated selection of statement earrings that redefine elegance and are perfect for any occasion. Your outfit deserves a touch of glamour!",Fashion-Forward Shoppers
"This season, embrace the latest trends with our exclusive shoes that feature intricate patterns and luxurious materials. Each pair is crafted for the trendsetter who demands both comfort and style.",Fashion-Forward Shoppers
"Pamper yourself with our bespoke fragrance collection, where each scent is uniquely crafted to reflect your individuality and sophistication, making everyday moments feel special.",Luxury Seekers
Looking for a sustainable option for your daily commute? Check out our bamboo bicycles that are lightweight and crafted from renewable resources. Ride green!,Eco-Conscious Consumers
"Crafted from the finest Italian marble, our exclusive kitchenware sets are not just functional but also a testament to luxury living. Cooking never felt so extravagant.",Luxury Seekers
"This smartwatch isn't just a timepiece; it integrates health tracking, mobile notifications, and even voice command features, making it an essential gadget for anyone on the go. You'll wonder how you ever lived without it!",Tech Enthusiasts
"Treat yourself to a culinary experience with our gourmet cooking classes, focused on high-end culinary techniques. Learn to create exquisite dishes that impress family and friends, all taught by top chefs in an intimate setting.",Luxury Seekers
"Discover the power of automation with our smart home hub. Control all your devices from one app, schedule routines, and enhance your daily convenience with just a few taps.",Tech Enthusiasts
"Experience the ultimate in home décor with our artisanal crystal chandelier, meticulously crafted to dazzle and enhance your living space with a touch of grandeur.",Luxury Seekers
"Get the latest smartphone model at a price that won't break the bank! This device comes packed with features like a high-resolution camera and plenty of storage, perfect for anyone looking for great value in a phone.",Budget Buyers
Looking for a reliable smartphone that won't break the bank? Check out this budget-friendly model packed with all the essentials!,Budget Buyers
Experience the magic of augmented reality with our latest gaming headset! Immerse yourself in a whole new world with stunning graphics and interactive gameplay. Gear up for an adventure that blurs the line between reality and the digital realm.,Tech Enthusiasts
Discover our selection of cost-effective home decor items that bring a fresh look to your space while being easy on your finances. Why spend more?,Budget Buyers
"Transform your everyday look with our collection of luxurious silk scarves, each hand-painted to reflect the latest fashion trends. A perfect accessory that can elevate even the simplest outfit.",Fashion-Forward Shoppers
"Discover our exclusive collection of high-end watches, featuring Swiss movement and custom diamond detailing that makes each piece a work of art.",Luxury Seekers
"Experience street style at its finest with our urban-inspired sneakers. Combining comfort with style, these kicks can be paired with anything from joggers to dresses, making them a wardrobe staple this year.",Fashion-Forward Shoppers
"With elegant lines and a rich mahogany finish, our latest furniture collection redefines luxury for the discerning homeowner. Perfectly suited for creating an upscale ambiance, it's a feast for the eyes and the heart.",Luxury Seekers
"The latest VR headset allows users to experience a new dimension of gaming and virtual travel. Its high-resolution displays and immersive sound take entertainment to heart-pounding levels, but it's not just a toy—it's a hub for innovation and creativity.",Tech Enthusiasts
"Looking for a clean beauty routine? Our skincare line is 100% cruelty-free and packaged in biodegradable materials, so you can pamper yourself without harming the planet.",Eco-Conscious Consumers
"Choose our vegan handbag, designed with a focus on both style and sustainability. Made from plant-based materials, it’s a guilt-free accessory that doesn’t compromise on fashion.",Eco-Conscious Consumers
Transform your garden with our organic fertilizers that enrich soil health without synthetic additives. Grow your green space sustainably while also nurturing the environment.,Eco-Conscious Consumers
"Our organic cotton tote bags are perfect for shopping. They are durable, stylish, and reduce the need for single-use plastic bags, making them a great choice for the environmentally-minded consumer.",Eco-Conscious Consumers
"Introducing the latest in wearable tech, this smartwatch features advanced health tracking, customizable interfaces, and seamless integration with all your smart devices.",Tech Enthusiasts
"This all-in-one printer isn't just fast; it's equipped with smart technology that allows you to print directly from your smartphone or cloud storage. With its sleek design and user-friendly interface, it's ideal for tech lovers who appreciate both style and functionality.",Tech Enthusiasts
"Looking for a laptop that handles everything from graphic design to gaming? Our ultra-thin model boasts cutting-edge processors, a brilliant display, and an all-day battery, making it perfect for both work and play!",Tech Enthusiasts
Elevate your wardrobe with exclusive pieces crafted from luxurious fabrics. These garments are designed not only for comfort but also to turn heads wherever you go. Showcase your individuality with designs that are anything but ordinary.,Fashion-Forward Shoppers
"This handcrafted timepiece is more than just a watch; it's a statement of sophistication and success, featuring a rose gold finish that perfectly complements its intricate design.",Luxury Seekers
"Elevate your audio experience with these wireless noise-canceling headphones featuring immersive sound quality and touch control, essential for every tech lover's collection.",Tech Enthusiasts
"Introducing our 100% biodegradable phone case made from plant-based materials that decompose in landfills, allowing you to protect your phone while minimizing your carbon footprint.",Eco-Conscious Consumers
"Introducing a state-of-the-art electric bike that combines sleek design with powerful performance. With a range of up to 50 miles on a single charge, it’s ideal for tech-savvy commuters who value efficiency and style.",Tech Enthusiasts
Our plant-based biodegradable phone cases not only protect your device but help the planet too. You’ll love how they feel and the peace of mind they bring!,Eco-Conscious Consumers
"Our sustainable wooden toys are hand-crafted from reclaimed wood, ensuring that every playtime is not only fun but also environmentally friendly. Kids love them, and so does the planet!",Eco-Conscious Consumers
"Upgrade your skincare routine with our all-natural, cruelty-free products that are made with sustainably sourced ingredients. Glow responsibly!",Eco-Conscious Consumers
"Indulge your senses with our limited edition gourmet chocolate truffles, made from the finest cacao sourced from around the globe. Each bite is a celebration of flavor that sophisticated palates will truly savor.",Luxury Seekers
"Our bamboo kitchenware offers a stylish alternative to plastic while helping to protect the environment. Durable, biodegradable, and totally chic, it’s perfect for any eco-friendly home.",Eco-Conscious Consumers
"Experience the unparalleled comfort of our silk bedding sets. Made from the finest materials, each duvet cover and sheet is tailored to ensure a restful night's sleep for those who cherish a lavish lifestyle.",Luxury Seekers
"Our latest collection of designer wristwatches features intricate movements and classic designs, appealing to those who recognize the value of precision and artistry in horology.",Luxury Seekers
"Step into elegance with our striking evening gown that combines classic silhouettes with contemporary flair. Adorned with sequins and a plunging neckline, it’s a show-stopping choice for any festive occasion!",Fashion-Forward Shoppers
"This exquisite piece of jewelry combines contemporary design with the refinement of gold accents, making it a must-have for those who appreciate the finer things in life.",Luxury Seekers
Explore our vibrant collection of festival-ready outfits that not only reflect the latest trends but also encourage personal expression. Ideal for those who love making a bold fashion statement as they dance the night away.,Fashion-Forward Shoppers
Check out our smart home devices that integrate with your existing ecosystem! Control everything from lighting to security with just your voice - the future of convenience is here!,Tech Enthusiasts
Photographers rejoice! Our new DSLR camera features a groundbreaking sensor that captures stunning detail even in low light. Perfect for the serious photographer looking to elevate their portfolio beyond the ordinary.,Tech Enthusiasts
"Experience the allure of our premium travel luggage, made with durable materials and stylish designs that cater to discerning travelers. This isn't just luggage; it's a reflection of a lavish lifestyle.",Luxury Seekers
"This exclusive timepiece is not just a watch; it's a work of art. With its intricate detailing and limited availability, it captures the essence of timeless sophistication that discerning collectors cherish.",Luxury Seekers
"Transform your look from basic to chic with our stylish blazers. Made with lightweight fabrics, these versatile pieces can seamlessly transition from work meetings to evening outings, adding a touch of elegance to every ensemble.",Fashion-Forward Shoppers
"Join the revolution of smart home technology with our new range of connected devices. Seamlessly integrate your security cameras, door locks, and lighting systems into one app for total control at your fingertips.",Tech Enthusiasts
"Step into sophistication with our exclusive line of men's suits, tailored to perfection with luxurious wool blends. Each suit is designed for those who understand that quality and fit are paramount in achieving a polished and refined appearance.",Luxury Seekers
"Discover our tailor-made bespoke suits, designed specifically to fit your unique physique. Crafted from the finest fabrics, each suit not only represents an impeccable style but also reflects a commitment to excellence.",Luxury Seekers
"This stylish tote bag is not just a statement piece; it’s made from 100% recycled materials, helping you reduce waste while staying trendy.",Eco-Conscious Consumers
These stylish sandals are crafted with recycled materials and are designed to minimize your carbon footprint while keeping you fashionable this summer!,Eco-Conscious Consumers
"This vegan skincare line is crafted from all-natural ingredients and free from harmful chemicals. Great for your skin and the planet, it's an ideal choice for those who prioritize sustainability in their beauty routine.",Eco-Conscious Consumers
"Our latest VR headset provides an unrivaled immersive gaming experience, complete with motion tracking and high-resolution graphics. Perfect for gamers who want to escape reality and dive into virtual worlds.",Tech Enthusiasts
"Discover our bespoke perfume service, where you can create a personalized fragrance that reflects your unique style. Each scent is crafted from the rarest ingredients, ensuring a signature scent that is truly one-of-a-kind.",Luxury Seekers
Sustainable living just got chic! This handwoven basket made from natural fibers adds a touch of boho flair to your home while promoting fair trade practices with artisans in developing countries.,Eco-Conscious Consumers
Our organic vegetable seeds are non-GMO and perfect for those who want to grow their own food without pesticides. Enjoy the satisfaction of gardening while promoting biodiversity and healthy eating.,Eco-Conscious Consumers
"Experience the fusion of style and sustainability with our new range of activewear made from recycled materials. Designed for those who cherish both fashion and the environment, these pieces will inspire you to flaunt your commitment to green living.",Fashion-Forward Shoppers
"Step into the realm of haute couture with our exclusive collection of evening gowns, each piece tailored to perfection and designed to make you feel like royalty at your next event.",Luxury Seekers
Experience the cutting-edge innovation with our latest smartwatch that tracks your health metrics 24/7 and syncs seamlessly with your devices for a smarter lifestyle.,Tech Enthusiasts
"Our eco-friendly products are not just good for the planet, but also kind to your pocket. Save money while making a positive impact!",Budget Buyers
"Transform your garden with our organic fertilizers made from recycled food waste, helping you grow lush plants while minimizing landfill waste.",Eco-Conscious Consumers
"This phone offers all the essential features you need at a fraction of the price! Sleek design, decent camera, and a long-lasting battery make it perfect for someone who wants value without the high cost.",Budget Buyers
"Unlock the future of home automation with our smart home hub. Integrate all your devices effortlessly, control them with voice commands, and experience cutting-edge technology at your fingertips.",Tech Enthusiasts
Redefining casual wear: our selection of graphic tees and joggers combines comfort with cutting-edge fashion trends. Perfect for lounging or a stylish day out with friends!,Fashion-Forward Shoppers
"Our eco-friendly yoga mats, made from natural rubber, offer a non-toxic and biodegradable option for yogis who care about the planet. Experience comfort and performance while supporting sustainable practices.",Eco-Conscious Consumers
"Get ready to elevate your home office with our upgraded all-in-one PC, designed for seamless multitasking and features a stunning 4K display. Ideal for those who demand both performance and aesthetics in their workstation.",Tech Enthusiasts
Explore the latest in wearable technology with our smartwatches that track everything from your heart rate to your sleep patterns. Stay informed and take charge of your health like never before!,Tech Enthusiasts
Our bamboo cutlery set is not only stylish but also a sustainable alternative to single-use plastics. Say goodbye to waste and hello to a greener kitchen!,Eco-Conscious Consumers
"Step into unparalleled comfort with our handcrafted Italian shoes, featuring supple leather and a custom fit tailored just for you. Ideal for the connoisseur who understands that true luxury lies in the details.",Luxury Seekers
"Every sip counts! Our reusable bamboo straws come in a chic travel pouch, allowing you to enjoy your drinks without the guilt of plastic waste. Get yours today and join the fight against single-use plastics!",Eco-Conscious Consumers
"Discover our latest line of artisanal skincare products, made from rare botanicals sourced from around the world. For those who refuse to compromise on quality, these products are designed to provide a transformative experience for your skin.",Luxury Seekers
"If you’re serious about your home theater experience, check out our 8K Ultra HD projector that brings the cinema to your living room. With advanced image processing and vibrant color accuracy, it's the ultimate choice for movie buffs and gamers alike.",Tech Enthusiasts
"Step into sophistication with these handcrafted designer heels made from the finest materials. Their unique design not only provides comfort but also complements the chicest outfits, ideal for a night out on the town.",Luxury Seekers
"Introducing the latest smartphone with a stunning OLED display and groundbreaking camera technology. Capture every moment in vivid detail, while enjoying lightning-fast processing power that keeps you ahead of the game. Get yours now and experience innovation at your fingertips.",Tech Enthusiasts
"Our exclusive summer dress line is all about the latest silhouettes and playful prints. Whether you’re attending a garden party or brunch with friends, these dresses will have you looking effortlessly chic.",Fashion-Forward Shoppers
Feel good about what you wear! Our line of stylish shoes is made from recycled materials and designed to minimize waste. Step into comfort and contribute to a greener future with every pair.,Eco-Conscious Consumers
"This season, wrap yourself in our premium wool blend trench coat, an essential piece for the fashion-forward individual. Its tailored fit and elegant lines make it a standout choice for any sophisticated wardrobe.",Luxury Seekers
"This state-of-the-art audio system is designed for those who truly appreciate sound. With its sleek design and superior acoustics, it elevates your listening experience to a concert-like quality, catering to audiophiles who demand the best.",Luxury Seekers
Why spend more? Our collection of tech accessories is designed for those who want reliable products without the hefty price tag. Check out our deals that cater to practicality and value.,Budget Buyers
Introducing our vegan leather handbags that are stylish and cruelty-free. Each bag is crafted from innovative materials that mimic the look and feel of leather without the environmental toll of traditional leather production.,Eco-Conscious Consumers
"Get ready to elevate your photography with our state-of-the-art DSLR camera. Equipped with a powerful sensor and advanced autofocus, you'll be capturing professional-quality images in no time. Ideal for both budding and seasoned photographers!",Tech Enthusiasts
"Step into sophistication with our exclusive collection of handcrafted shoes. Designed for comfort without compromising on style, these shoes are for discerning individuals who value quality and craftsmanship in every step they take.",Luxury Seekers
Our stylish live plants not only enhance your home decor but also purify the air you breathe. Invest in an eco-friendly solution to improve your living space and well-being!,Eco-Conscious Consumers
Upgrade your kitchen appliances with our line that balances quality and price. Enjoy functionality and style without the premium cost. Perfect for anyone who appreciates good deals!,Budget Buyers
This biodegradable phone case not only protects your device but also helps reduce plastic waste in landfills.,Eco-Conscious Consumers
"Step into the world of haute couture with our bespoke clothing service, ensuring each garment is tailored to your exact specifications. This personal touch guarantees that you will stand out in any crowd, radiating elegance and exclusivity.",Luxury Seekers
"This tablet combines sleek design with powerful capabilities, featuring a high-resolution display and support for stylus input. Ideal for those who love to sketch, take notes, or binge-watch their favorite shows on the go.",Tech Enthusiasts
Looking for a wallet that won't break the bank? Check out this sleek yet affordable option that offers great value without sacrificing style.,Budget Buyers
"Upgrade your kitchen with our collection of professional-grade cookware, meticulously engineered for enthusiasts who take their cooking seriously. Each piece is designed to enhance performance and bring out the best in your culinary creations.",Luxury Seekers
"We’ve just launched a new line of noise-cancelling headphones that promise an extraordinary listening experience! With features like adaptive sound control and touch sensors, they cater to audiophiles who value high-quality sound and convenience.",Tech Enthusiasts
"This handmade leather handbag screams sophistication. Made from the highest quality Italian leather, it features gold-toned hardware and is spacious enough to carry all your essentials in style.",Luxury Seekers
"Unleash the power of gaming with the latest graphics card that offers real-time ray tracing and AI-enhanced visuals, guaranteed to elevate your gameplay to another level. Perfect for those who demand only the best performance in their rig.",Tech Enthusiasts
"Unleash your inner chef with our premium kitchen appliances that combine functionality and style. Each unit is crafted with the highest standards in mind, making them a must-have for culinary masterpieces and entertaining in style.",Luxury Seekers
This high-performance gaming laptop features cutting-edge graphics and lightning-fast processors designed for the hardcore gamer. Experience every game in stunning detail and speed!,Tech Enthusiasts
"Looking for the best drone on the market? Check out our newest model featuring 4K video capability, GPS tracking, and an impressive flight time, perfect for photography lovers and tech enthusiasts.",Tech Enthusiasts
Join the movement towards a greener tomorrow with our solar-powered gadgets – perfect for tech lovers who want to stay connected while caring for the environment!,Eco-Conscious Consumers
"Get your hands on the newest noise-canceling headphones with adaptive sound technology! Enjoy your music and calls with crystal clear sound quality that adapts to your environment, making them ideal for any situation.",Tech Enthusiasts
Looking for that perfect statement piece? This dress is sure to turn heads! The unique print and flattering cut is designed for those who love to express their individuality through fashion. ,Fashion-Forward Shoppers
"Harness the power of professional-grade audio with our wireless headphones. With noise cancellation technology and high-definition sound quality, these headphones are perfect for audiophiles and anyone who appreciates superior audio experiences.",Tech Enthusiasts
Looking for an affordable yet stylish way to spruce up your wardrobe? Check out this versatile dress that you can dress up or down without spending a fortune!,Budget Buyers
"Step into the world of opulence with our all-new diamond-studded smartwatch. Combining high-tech features with a dazzling design, this timepiece is an essential accessory for the modern trendsetter who values both function and flair.",Luxury Seekers
"This limited edition art print is a must-have for collectors looking to enrich their living space with something truly unique. Each piece is numbered and comes with a certificate of authenticity, appealing to those who value exclusivity.",Luxury Seekers
Join the fashion revolution with our sustainable clothing line that combines eco-friendliness with the latest fashion trends. Ideal for those who care about the planet but never compromise on style.,Fashion-Forward Shoppers
Looking to upgrade your gaming rig? Our high-performance graphics card ensures smooth gameplay with the latest titles and supports virtual reality experiences like never before. It's a must-have for serious gamers!,Tech Enthusiasts
"Our new range of casual footwear offers comfort and style at prices that are hard to beat! Whether you're running errands or going out with friends, find your next favorite pair without overspending.",Budget Buyers
Indulge in our bespoke jewelry service where you can design your perfect piece with exquisite gemstones and unique settings. A true reflection of your individuality!,Luxury Seekers
"Indulge in our luxury silk scarves featuring exclusive designer prints. Each piece is a testament to artistry and elegance, perfect for elevating any outfit and making a bold fashion statement.",Fashion-Forward Shoppers
"Our beauty line is not just about looking good; it's formulated with natural ingredients that are gentle on both your skin and the earth. With eco-safe packaging, you can indulge in luxury while being mindful of your carbon footprint.",Eco-Conscious Consumers
"Our organic cotton t-shirts are produced in fair-trade certified facilities, ensuring that no harmful pesticides are used in the growing process. Wearing these shirts means you're supporting sustainable practices and protecting our planet.",Eco-Conscious Consumers
Looking for great deals this holiday season? Check out our selection of budget-friendly gifts that won’t disappoint. Perfect for anyone who loves a good bargain without sacrificing quality!,Budget Buyers
"Our designer handbags are crafted from the highest quality leather, featuring intricate stitching and limited-edition designs. Carrying one of our bags does not just hold your essentials, it makes a bold statement of style and refinement.",Luxury Seekers
"This season's must-have collection features sumptuous cashmere sweaters that provide warmth and comfort, while exuding style. Fashioned for individuals who appreciate quality and timeless design in their wardrobe choices.",Luxury Seekers
"Step out in style with these bold, oversized sunglasses that not only protect your eyes but also elevate any outfit! Perfect for those sunny days out and about. ",Fashion-Forward Shoppers
"Indulge in our exclusive designer handbags that are handcrafted with the finest materials, ensuring both elegance and durability for the discerning customer.",Luxury Seekers
"This summer, transform your outdoor living space with our luxurious patio furniture, designed to provide comfort and sophistication for your gatherings with friends and family.",Luxury Seekers
"Step up your kitchen game with our essential cookware set! At an unbeatable price, you’ll get pots and pans that heat evenly and provide years of reliable cooking performance. Perfect for home cooks looking for quality without the luxury price tag.",Budget Buyers
"These wireless earbuds are surprisingly good for the low price. I mean, they work great for my workouts and stay comfortably in my ears!",Budget Buyers
"Discover our range of plant-based skincare products, formulated with sustainably sourced ingredients. Each product is packaged in recyclable containers, aligning beauty routines with eco-friendly practices that respect the planet.",Eco-Conscious Consumers
"Shop our seasonal sale for unbeatable prices on children's clothing. Our outfits are trendy and designed to last, so you can stock up on stylish wear without overspending this fall!",Budget Buyers
Looking for that perfect outfit to turn heads at your next event? Our collection of evening wear boasts intricate designs and luxurious fabrics that will make you the center of attention.,Fashion-Forward Shoppers
"If you want stylish yet affordable shoes for the summer, we have just the collection for you. Perfect for everyday wear without draining your wallet!",Budget Buyers
"Say goodbye to traditional home security systems! Our smart doorbell camera offers HD video streaming and two-way audio, allowing you to see and speak to visitors from anywhere.",Tech Enthusiasts
"Offering a collection of home essentials made from recycled materials, our brand supports sustainability while maintaining stylish designs. Each product is thoughtfully crafted to minimize environmental impact with every purchase.",Eco-Conscious Consumers
Are you on the hunt for a new smartphone? This model has all the essential features you need and comes in under $300. It's perfect for those who want a reliable device without overspending.,Budget Buyers
"Elevate your dining experience with our exclusive handcrafted dinnerware set, made from hand-blown glass and embellished with unique artistic designs. Every piece is a work of art that adds a touch of sophistication to your table.",Luxury Seekers
Discover our eco-friendly range of cleaning products that are gentle on the earth and your wallet! Get effective cleaning solutions that are both affordable and sustainable.,Budget Buyers
Looking for the perfect gift? This organic cotton tote bag not only looks great but also helps reduce plastic use. Ideal for those who care about the planet!,Eco-Conscious Consumers
"Unlock the power of next-gen gaming with our high-speed internet router, designed specifically for gamers wanting zero lag and fast download speeds—get ready to elevate your gaming experience!",Tech Enthusiasts
"This gaming laptop boasts the newest NVIDIA graphics card, making it an ideal choice for gamers and developers alike. With customizable RGB lighting and a cooling system that supports long hours of gameplay, it caters to serious tech aficionados.",Tech Enthusiasts
"Discover our premium skincare line, featuring anti-aging serums and nourishing creams made from rare botanical extracts. Designed for those who accept nothing but the best for their skin, our products promise noticeable results and a lavish experience.",Luxury Seekers
"Discover our new line of gaming monitors designed with fast refresh rates and stunning visuals to give you the competitive edge in your favorite games. With features tailored for serious gamers, these monitors will transform how you play!",Tech Enthusiasts
Embrace the latest trends with our eco-friendly footwear made from sustainable materials. These stylish shoes not only look great but also reflect a commitment to both fashion and the environment.,Fashion-Forward Shoppers
"Get great value with our multifunctional kitchen mixer that can whisk, knead, and blend all at a price that won't break the bank!",Budget Buyers
"Our all-natural cleaning products are made from plant-based ingredients, ensuring a safe home environment and a cleaner planet. No harsh chemicals here, just effective cleaning power you can trust in your eco-friendly lifestyle.",Eco-Conscious Consumers
"This multi-purpose kitchen gadget is a must-have for every home cook! At a price you can’t resist, you’ll save time and money while whipping up your favorite meals.",Budget Buyers
"Get ready to step into the future with our augmented reality glasses that provide an unparalleled interactive experience, perfect for gamers and tech explorers.",Tech Enthusiasts
"Elevate your dining experience with our handcrafted porcelain dinnerware. Each piece is adorned with 24-karat gold accents, adding a touch of opulence to your home gatherings and special occasions.",Luxury Seekers
"Discover our exclusive collection of gourmet skincare products, which feature rare ingredients like caviar and gold. These are perfect for those who believe in pampering themselves with only the best for their skin.",Luxury Seekers
"Enjoy great quality at an unbeatable price with our selection of home decor items. From wall art to decorative pillows, give your space a fresh look without emptying your wallet.",Budget Buyers
"Looking to make a statement? Our new line of high-waisted denim has arrived! Featuring eye-catching embellishments and unique cuts, these jeans are a must-have for anyone wanting to stand out from the crowd.",Fashion-Forward Shoppers
"For anyone looking to save money on their skincare routine, this moisturizer hydrates without all the fancy additives. It's a steal!",Budget Buyers
"Our cashmere sweaters are sourced from the highest quality fibers, designed to provide unmatched comfort and sophistication. The perfect addition to any upscale wardrobe.",Luxury Seekers
"This designer handbag, crafted from genuine leather with 24K gold accents, showcases unparalleled craftsmanship that promises to be a conversation starter at any event.",Luxury Seekers
"Elevate your dining experience with our limited edition crystal wine glasses, meticulously crafted to amplify the aroma of your finest vintages. Perfect for those special occasions!",Luxury Seekers
"Stand out this summer with our bohemian-inspired maxi dress, featuring vibrant patterns and flowing fabrics that scream effortless style. Perfect for beach days or brunch outings!",Fashion-Forward Shoppers
This season's collection features bold prints and vibrant colors that will make you stand out from the crowd. Don't miss out on these must-have pieces!,Fashion-Forward Shoppers
"Fashion is an art form, and our pieces are canvases. Explore the unique textures and designs that define modern chic and make a statement wherever you go!",Fashion-Forward Shoppers
"Experience a culinary masterpiece in your kitchen with our top-of-the-line cookware set, crafted from the finest materials to ensure exceptional performance and durability for gourmet meals.",Luxury Seekers
"Experience the ultimate in smartphone technology with our latest model, featuring a lightning-fast processor and seamless multitasking capabilities. Don't miss out on this revolutionary device!",Tech Enthusiasts
"When you wear this elegant chronograph watch, you're not just telling time; you're making a statement about your taste and appreciation for top-tier craftsmanship.",Luxury Seekers
Revamp your outfit with our exclusive designer collaborations that bring runway trends straight to your closet. Limited editions mean that you can own a piece of fashion history.,Fashion-Forward Shoppers
"Be the first to own the newest drone equipped with 4K video capability and automated flight functions. Its user-friendly app makes it easy for anyone to capture stunning aerial footage, all while showcasing innovative technology that enthusiasts will love.",Tech Enthusiasts
"This tablet is powered by the latest A15 chip, providing users with lightning-fast performance for gaming and multitasking. Get yours to experience the seamless integration with productivity apps.",Tech Enthusiasts
This versatile blanket is not only soft and cozy but also very reasonably priced. It's perfect for cuddling on the couch or adding a pop of color to your bedroom without splurging!,Budget Buyers
"Join the movement towards zero waste with our set of reusable produce bags, made from certified organic cotton, perfect for grocery shopping without plastic.",Eco-Conscious Consumers
"Stay ahead of the curve with our smartwatch that not only tracks your fitness but also provides notifications and music control. With customizable watch faces and apps, it's more than just a timepiece—it's your personal assistant on your wrist!",Tech Enthusiasts
"This stylish water bottle is made from recycled stainless steel, keeping your drinks hot or cold while being environmentally friendly. Great for the office or on-the-go!",Eco-Conscious Consumers
Unleash your creativity with our high-performance 3D printer that supports various materials and comes with user-friendly software. Ideal for those who are passionate about design and making their ideas come to life.,Tech Enthusiasts
"You won't believe the versatility of our new handbag designs—they transition effortlessly from day to night, adding a touch of elegance to any outfit.",Fashion-Forward Shoppers
"Introducing our line of vegan skincare products made with naturally sourced ingredients. Each item is cruelty-free, ensuring beautiful skin while caring for animals and the environment.",Eco-Conscious Consumers
"Discover our exclusive line of workout gear that fits your wallet! From yoga mats to running shoes, we provide quality products designed for fitness enthusiasts who prefer to save while looking good.",Budget Buyers
"Transform your living space with our discount furniture collection! From chic sofas to practical tables, we've got everything you need to furnish your home on a budget. Check them out!",Budget Buyers
"Experience elegance with our premium silk bedding collection that transforms your bedroom into a five-star retreat. Each piece is meticulously crafted to ensure both comfort and style, making every night a luxurious escape.",Luxury Seekers
"A lightweight, portable charger that won't cost a fortune. It's a lifesaver when I'm out and about and need to charge my phone quickly!",Budget Buyers
"Discover our new line of biodegradable phone cases, made from sustainable materials that decompose naturally, providing an eco-friendly alternative to traditional plastic cases.",Eco-Conscious Consumers
Discover the benefits of our solar-powered garden lights. Enjoy a beautifully illuminated garden while harnessing renewable energy. Great for both the environment and your electricity bill!,Eco-Conscious Consumers
"With our solar-powered outdoor lights, you can illuminate your garden sustainably, saving energy and enhancing your outdoor space beautifully.",Eco-Conscious Consumers
"Experience uninterrupted streaming with our high-speed internet router designed for heavy usage. Equipped with advanced technology, it provides the best coverage and speed, enabling you to enjoy your favorite shows and games without lag.",Tech Enthusiasts
"Invest in our state-of-the-art home theater system, engineered with the latest technology for an immersive audio-visual experience. Unmatched quality that will transform your entertainment space.",Luxury Seekers
"With its intuitive interface and robust gaming capabilities, this console offers an immersive gaming experience that caters to both casual gamers and hardcore enthusiasts. Get ready to explore new worlds with friends and family.",Tech Enthusiasts
"This cutting-edge drone comes with a 4K camera and advanced navigation systems, perfect for aerial photography and videography that challenges your creativity as a content creator.",Tech Enthusiasts
Get ready for summer with these affordable sunglasses that still offer UV protection and come in a variety of fun colors! Perfect for a casual day out without spending too much.,Budget Buyers
"Step into unparalleled comfort with our bespoke tailored shoes, made using the finest materials and traditional craftsmanship. These shoes are not just a purchase; they are an investment in quality and style that will last for years to come.",Luxury Seekers
"This tablet features a stunning display and advanced stylus capabilities, making it perfect for professionals and creatives alike. Its powerful battery life and fast processing speed ensure you won't miss a beat while working on the go. Ideal for those who demand versatility and performance!",Tech Enthusiasts
"Check out this 3D printer that lets you create your own prototypes right from home! Whether you're an inventor or a hobbyist, this machine is essential for bringing your ideas to life.",Tech Enthusiasts
"Discover the ultimate gaming experience with our cutting-edge gaming laptop, equipped with the latest graphics card and customizable RGB lighting.",Tech Enthusiasts
"This sleek, minimalist laptop is not only visually stunning but also incredibly powerful. With its lightweight design and long battery life, it's designed for those who value both aesthetics and performance in their daily tech.",Tech Enthusiasts
"Looking for a new gadget to simplify your life? Check out our all-in-one smart home hubs that can manage everything from your lights to your security system, all from a single app. Super convenient!",Tech Enthusiasts
Elevate your style game with this limited-edition designer handbag that perfectly complements any outfit. Perfect for those who love to stand out!,Fashion-Forward Shoppers
"This handbag isn't just an accessory—it's a perfect blend of functionality and style. With its sleek design and trendy colors, it’s a must-have for those who want to make a fashion statement wherever they go.",Fashion-Forward Shoppers
"Explore our unique jewelry pieces crafted from reclaimed metals and ethically sourced stones. Jewelry that tells a story and supports responsible mining practices, making it a meaningful choice for eco-friendly shoppers.",Eco-Conscious Consumers
"This stylish tote bag is made from 100% recycled materials, offering a chic yet sustainable option for your everyday life. It's perfect for those who prioritize the environment without compromising on style.",Eco-Conscious Consumers
You’ll love this natural shampoo bar that comes in plastic-free packaging and is packed with botanical ingredients. Ideal for anyone looking to minimize their carbon footprint in their beauty routine.,Eco-Conscious Consumers
Shop smart with our discount clothing collection. Trendy outfits that fit your style and budget will have heads turning without costing a fortune.,Budget Buyers
Upgrade your gaming setup with our state-of-the-art monitor that has a 144Hz refresh rate and ultra-low latency—perfect for gamers looking to level up their performance!,Tech Enthusiasts
Discover the efficiency of this wireless charging pad that works with most smartphones. The fast charge capability means you can power up and go in no time. Say goodbye to tangled cords!,Tech Enthusiasts
Why compromise on quality when you can get the best at an affordable price? Our home décor items are the perfect solution for budget-conscious shoppers looking to elevate their living spaces.,Budget Buyers
Why splurge on luxury furniture when you can find chic and stylish pieces like these? Transform your space affordably with our great selection.,Budget Buyers
Check out our latest promotions for seasonal clothing that not only looks great but also fits your wallet. Fashion doesn’t have to be pricey!,Budget Buyers
Find your ideal work-from-home essentials that are practical and affordable! Perfect for those who want comfort and functionality without the hefty price tag.,Budget Buyers
Elevate your photo editing experience with our professional-grade graphic design tablet. Its ultra-responsive stylus and high-resolution display will make you feel like you're drawing on paper. Say goodbye to limitations and hello to creativity!,Tech Enthusiasts
"Revolutionize your home with our smart home hub that connects all your devices and enables voice control for ease and efficiency, making it a must-have for tech-savvy homeowners.",Tech Enthusiasts
"Get ready for your next adventure with our portable solar charger, designed to keep all your devices powered while you explore the great outdoors – it's a must-have for tech-savvy travelers!",Tech Enthusiasts
"This incredible value laptop has all the features you need for school or work, all at a price that won't leave you wishing you'd saved more.",Budget Buyers
"Our smartwatch comes with advanced health monitoring features including ECG and sleep tracking. Connect it with your smart home devices for a truly integrated experience, perfect for the modern tech-savvy user.",Tech Enthusiasts
"For students and young professionals, our budget-friendly desk organizers will help you keep your workspace clutter-free. Stay productive and stylish, all while keeping costs low!",Budget Buyers
"Discover the newest smartphone featuring a sleek design, a stunning OLED display, and a camera that captures breathtaking images even in low light. If you’re someone who appreciates innovation and high performance, this device is a must-have.",Tech Enthusiasts
"Elevate your wardrobe with our exclusive collection of vibrant, printed scarves that can transform any look instantly. These scarves are not just accessories; they are statement pieces that showcase your unique style!",Fashion-Forward Shoppers
"You don’t have to sacrifice style for price with our fashionable accessories. Our collection offers trendy items that fit right into your style, all at prices you’ll love!",Budget Buyers
Experience the perfect blend of artistry and functionality with our handcrafted leather desk set. It’s tailor-made for those who desire to enhance their workspace with items that reflect their status and taste for the extraordinary.,Luxury Seekers
"Gift this handmade, zero-waste gift set that includes bamboo utensils and a travel pouch made from recycled materials. Perfect for those who are mindful of their impact on the earth.",Eco-Conscious Consumers
"This vegan leather backpack combines style and sustainability, ensuring that no animal products were used in its creation. Perfect for commuting or a weekend getaway, it features multiple compartments for organization without compromising on ethics.",Eco-Conscious Consumers
"These organic cotton t-shirts are dyed using natural plant-based methods, ensuring that no harmful chemicals are released into the environment during production.",Eco-Conscious Consumers
"Step out in style with these sleek ankle boots made from premium leather, perfect for making a statement at any event. With their chic design and versatile color, they can easily elevate any outfit, whether you're headed to brunch or a night out.",Fashion-Forward Shoppers
"Discover our new line of sustainable yoga mats made from recyclable materials, designed to reduce your carbon footprint while enhancing your practice. They are non-toxic and perfect for the eco-friendly yogi looking to stay aligned with their values.",Eco-Conscious Consumers
"Transform your skincare routine with our range of biodegradable face masks, made from organic ingredients that nourish your skin without harming the planet. Pamper yourself guilt-free!",Eco-Conscious Consumers
"Our limited-edition cashmere sweaters are a must-have for anyone who values softness and warmth over chilly winters. With a range of colors that reflect the latest trends, you'll look chic while staying cozy during the cold season.",Luxury Seekers
"Crafted from the finest materials, our limited edition watches are designed for those who appreciate the art of horology. Each timepiece is a statement of elegance and precision engineering, perfect for any occasion.",Luxury Seekers
"This portable Bluetooth speaker delivers high-fidelity sound in a sleek, waterproof design. With an impressive battery life and built-in voice assistant, it's perfect for outdoor adventures or just jamming in the backyard with friends.",Tech Enthusiasts
"Looking for a beauty product that's kind to the planet? Our facial cleanser comes in a refillable glass bottle and is made with all-natural, cruelty-free ingredients. Cleanse your skin, sustain the earth!",Eco-Conscious Consumers
Looking for affordable yet stylish home decor? Check out our selection of budget-friendly pieces that won't break the bank but will elevate your space!,Budget Buyers
"Get the most bang for your buck with our electronics on clearance. High performance doesn’t always mean high prices, and we have the perfect gadgets to prove it!",Budget Buyers
"Why spend hundreds on a vacuum when you can get this high-performing model for a fraction of the cost? It’s efficient, lightweight, and perfect for quick clean-ups.",Budget Buyers
"This tablet features all the essential functions you need for browsing, streaming, and gaming at an unbeatable price. It's perfect for students and casual users alike who don’t want to overspend on tech.",Budget Buyers
"Enhance your home with our energy-efficient LED lighting that uses 80% less energy than traditional bulbs, cutting down on your electricity bill and your environmental impact.",Eco-Conscious Consumers
"This season's must-have tailored blazer features an eye-catching plaid pattern, ideal for the modern professional who wants to express their individuality while maintaining a polished look.",Fashion-Forward Shoppers
"Indulge in the latest designer handbag that showcases impeccable craftsmanship and a timeless silhouette, perfect for elevating any outfit.",Luxury Seekers
This brand's couture collection redefines fashion with its hand-stitched seams and premium silk fabrics. Expect nothing less than perfection with every outfit designed for those who appreciate the finer things.,Luxury Seekers
Perfect for those who need a reliable phone without paying top dollar. This model has all the basic features and performs well enough for daily use.,Budget Buyers
Discover our new collection of biodegradable phone cases that protect your device while being gentle on the planet. Each case is designed to reduce plastic waste and fits snugly to showcase your unique style.,Eco-Conscious Consumers
"This stylish pair of sunglasses is made from reclaimed ocean plastic, promoting awareness about marine debris while keeping you shaded and trendy. Protect your eyes and the planet!",Eco-Conscious Consumers
"Want to enhance your photography skills? Our professional-grade DSLR camera comes with advanced features such as 4K video recording and Wi-Fi connectivity, perfect for capturing stunning images anywhere, anytime.",Tech Enthusiasts
"Experience the ultimate in sound quality with our premium noise-canceling headphones, featuring advanced technology that delivers a rich audio experience whether you're at home or on the go.",Luxury Seekers
"This smart home device is not just a gadget; it’s your personal assistant. Control your lights, thermostat, and even your entertainment system with just your voice - it’s compatible with all major platforms, making your home life convenient and connected!",Tech Enthusiasts
"Why pay more for the same quality? Our budget-friendly skincare range offers essential products for a healthy glow, formulated for all skin types without the luxury price tag.",Budget Buyers
"Our eco-friendly athleisure wear not only keeps you comfortable during workouts but also aligns with your values. Look good, feel good, and do good for the planet with styles that make a statement. Check them out!",Fashion-Forward Shoppers
This smartwatch pairs seamlessly with your smartphone to provide notifications and health tracking right on your wrist. It's a must-have for those who live for tech and connectivity!,Tech Enthusiasts
"Our latest collection of high-end watches combines precision engineering with a timeless aesthetic, making them ideal for anyone who recognizes true luxury. Each watch is intricately designed to reflect a status of prestige and excellence.",Luxury Seekers
"Indulge in the finest cashmere sweater, hand-spun by artisans in Italy. Each piece is crafted with meticulous attention to detail, ensuring that you not only feel warm but also exude elegance wherever you go.",Luxury Seekers
Don't miss our limited-time offers on must-have gadgets that deliver performance and savings. Perfect for those who want to stay tech-savvy without overspending!,Budget Buyers
"With a 120Hz refresh rate, this high-performance monitor is perfect for gamers or graphic designers seeking precision and clarity. Immerse yourself in stunning visuals and enjoy a responsive experience that enhances productivity.",Tech Enthusiasts
"Elevate your dining experience with our bespoke porcelain dinnerware set, designed for those who appreciate fine dining. Each plate is an artistic masterpiece that transforms every meal into a special occasion, making it a must-have for your elegant home.",Luxury Seekers
"Step into the spotlight with our limited-run accessories that feature exquisite craftsmanship and modern designs. From oversized sunglasses to chic scarves, these items are the epitome of stylish versatility.",Fashion-Forward Shoppers
I love finding deals like this on quality cookware! This non-stick pan is affordable and performs just as well as higher-end brands I've tried before.,Budget Buyers
"Stylish and affordable, these shoes are just what you need for your everyday outings. Why spend more when you can have both comfort and style without overspending?",Budget Buyers
This rugged phone case offers maximum protection for a minimal cost. Ideal for those who need durability while keeping their expenses in check.,Budget Buyers
"Elevate your wardrobe with this stunning silk scarf, perfect for adding a pop of color to any outfit. Designed with vibrant prints, it speaks elegance and trendiness, catering to those who love to stand out in style.",Fashion-Forward Shoppers
Why pay more when you can find quality cookware on sale? This non-stick set is perfect for those who enjoy cooking without the hefty price tag.,Budget Buyers
"Our latest noise-canceling headphones incorporate advanced sound technology to deliver an immersive audio experience, ideal for audiophiles and tech aficionados. Don't miss out on crystal-clear sound quality!",Tech Enthusiasts
"Revolutionize your daily routine with this smart coffee maker that allows you to brew coffee from anywhere using your smartphone. Imagine waking up to the aroma of fresh coffee, all while still in bed!",Tech Enthusiasts
Shop our latest collection of jewelry made from recycled metals. Each piece not only looks stunning but also champions a reduction in waste in the fashion industry. Wear your values!,Eco-Conscious Consumers
"This state-of-the-art drone is equipped with AI features and 4K HD cameras, designed for enthusiasts who want to capture stunning aerial footage effortlessly.",Tech Enthusiasts
"These sleek, high-waisted trousers combine comfort and chic elegance, perfect for dressing up or down. Pop on a statement belt and some heeled boots for an on-trend look that our customers rave about!",Fashion-Forward Shoppers
"Discover the allure of our exclusive limited-edition fragrance, which blends rare ingredients for a scent that encapsulates sophistication and mystery. Ideal for those who want to leave a lasting impression wherever they go.",Luxury Seekers
"Transform your living space with our range of decorative pillows, all priced to suit your financial needs! They add comfort and style to any room without the hefty price tag, making it easy to refresh your home decor.",Budget Buyers
"Switch to our handmade, plant-based candles that provide a serene ambiance while being free from toxic chemicals. Each candle is packaged sustainably, reflecting our commitment to the planet.",Eco-Conscious Consumers
"Introducing our new gaming laptop, equipped with the latest NVIDIA graphics and ultra-fast processing speed, designed for those who demand the best performance while gaming on the go.",Tech Enthusiasts
"The perfect blend of style and affordability, these dresses are designed for those who want to look good without emptying their savings account. Shop now!",Budget Buyers
Get ready for school without spending a fortune! Our back-to-school essentials include everything from notebooks to tech gadgets at prices you’ll love. Your wallet will thank you!,Budget Buyers
"Upgrade your gaming experience with our high-performance gaming laptop that boasts the latest graphics technology, rapid processing speeds, and customizable RGB lighting for that personal touch. Perfect for gamers looking to elevate their play.",Tech Enthusiasts
"This season, redefine your closet with our collection of bespoke footwear, combining traditional craftsmanship with modern design. Step into a world where luxury meets comfort, making every step an expression of your refined taste.",Luxury Seekers
"Designed for both gaming and productivity, this ergonomic keyboard comes with customizable backlighting and programmable keys. A true gaming rig is incomplete without accessories that enhance performance and style.",Tech Enthusiasts
"Upgrade your home office with our cutting-edge ergonomic chair, designed with adjustable features and advanced materials to support long hours of work without discomfort.",Tech Enthusiasts
This reusable water bottle is made from stainless steel and features a double-wall vacuum insulation to keep your drinks cold for hours while minimizing plastic waste.,Eco-Conscious Consumers
"Upgrade your wardrobe with our collection of upcycled denim jackets, where every piece tells a unique story while promoting sustainable fashion.",Eco-Conscious Consumers
Just launched: a versatile fitness tracker that monitors your steps and sleep at an accessible price. A great choice for anyone looking to get fit without pricey gadgets!,Budget Buyers
"Our curated selection of vintage-inspired pieces brings nostalgia to life with a modern twist, enabling trendsetters to express their individuality while embracing the past with flair.",Fashion-Forward Shoppers
"Show off your personal style with our vibrant, patterned tights that are not just functional but also a key fashion statement. They can add a fun pop of color to any outfit, perfect for those who dare to be different.",Fashion-Forward Shoppers
"Looking for a laptop that can handle your coding projects? Check out this model with 16GB RAM and a powerful processor, ensuring you can run multiple applications and virtual machines smoothly.",Tech Enthusiasts
"Looking for a smartphone that doesn't cost a fortune? Check out our latest model with all the essential features and a long-lasting battery life, perfect for anyone who wants quality without the high price tag.",Budget Buyers
Say goodbye to basic tops! Our collection features asymmetrical cuts and creative prints that bring a fresh twist to your everyday wear. Perfect for those who want to express their individuality through fashion.,Fashion-Forward Shoppers
Unleash your creativity with our new 4K action camera that captures every moment in breathtaking detail. It’s perfect for adventurers who want to document their experiences in high definition without missing a beat!,Tech Enthusiasts
Experience the ultimate guilt-free shopping with our cruelty-free skincare line that utilizes only naturally sourced ingredients. Perfect for those who want to pamper themselves while caring for the environment!,Eco-Conscious Consumers
"Unlock a world of possibilities with our smart home devices that can transform your living space into a futuristic hub. Control your lights, thermostat, and security with just your voice or smartphone—convenience at its best!",Tech Enthusiasts
"This bespoke fragrance collection features scents inspired by rare ingredients from around the world. Each bottle is a work of art, perfect for those who appreciate the finer things in life and wish to leave a lasting impression.",Luxury Seekers
Looking for a new pair of running shoes? These comfortable and lightweight sneakers are on sale and are perfect for those who want quality without overspending. Ideal for casual joggers or everyday use.,Budget Buyers
"This season’s collection features oversized blazers that combine comfort and sophistication. Wear them over a fitted dress or with jeans for a chic, versatile look that screams style.",Fashion-Forward Shoppers
"Join the movement of conscious living with our cruelty-free skincare line. Every product is made from naturally derived ingredients, ensuring that no animals were harmed during its production.",Eco-Conscious Consumers
"Unleash your inner fashionista with our chic collection of tailored blazers and high-waisted trousers, designed to complement your unique sense of style while keeping you on-trend.",Fashion-Forward Shoppers
Need a new phone case? Our selection features fun designs that protect your device while being easy on your wallet. Keep your phone stylish without spending too much!,Budget Buyers
"These vegan leather handbags are cruelty-free and made from recycled materials, making them the perfect accessory for the environmentally-conscious fashionista. Chic and eco-friendly? Yes, please!",Eco-Conscious Consumers
These biodegradable phone cases provide protection for your device without harming the environment. They decompose naturally and come in stylish designs.,Eco-Conscious Consumers
"With our incredible clearance sales, you can grab quality home furniture without the hefty price tag. Perfect for furnishing your apartment or just giving a room a fresh look without overspending!",Budget Buyers
Get the most out of your home with our affordable furniture options! Perfect for anyone looking to furnish a cozy space without breaking the bank.,Budget Buyers
"Immerse yourself in comfort with our sumptuous cashmere throws that redefine coziness while adding a touch of elegance to your home decor, ideal for those who cherish luxurious living.",Luxury Seekers
"Shop our hand-poured soy candles, which burn cleaner and longer than traditional paraffin wax. Plus, they come in recyclable containers, supporting your commitment to a greener lifestyle.",Eco-Conscious Consumers
"Our reclaimed wood furniture pieces are crafted with care, turning what was once discarded into beautiful, functional art. Each piece tells a story while helping to prevent waste and promote sustainable living.",Eco-Conscious Consumers
"Join the revolution in health monitoring with our smart fitness tracker that provides insights into your daily activities, enabling tech-savvy individuals to reach their fitness goals.",Tech Enthusiasts
"Our exclusive perfumes are crafted with rare essences that evoke emotions and memories, perfect for those who believe that scent is an integral part of their identity.",Luxury Seekers
This classic blue denim jacket is a steal at this price! It’s versatile for any outfit and built to last. Don’t miss out on adding this essential piece to your wardrobe on a budget.,Budget Buyers
"Looking for a stylish backpack that won't empty your wallet? Check out our selection that combines practicality and affordability, making them ideal for everyday use.",Budget Buyers
"Be the trendsetter with our one-of-a-kind statement necklace that adds a pop of color to any outfit. Combining natural stones with contemporary designs, this piece is sure to spark envy among your friends.",Fashion-Forward Shoppers
This chic yet inexpensive watch combines style and functionality – a perfect accessory for anyone looking to make a statement without spending a fortune.,Budget Buyers
"This vegan leather handbag combines style with conscience, allowing you to make a fashion statement while promoting cruelty-free practices.",Eco-Conscious Consumers
Make a splash this summer with our stylish swimsuits and beachwear that are as fashionable as they are functional. Flaunt your style poolside or at the beach with our unique designs that cater to the trend-conscious.,Fashion-Forward Shoppers
"Invest in timeless elegance with our luxurious silk scarves, designed to elevate any outfit. Each piece is crafted with high-quality materials and stunning designs that make them not just accessories, but true fashion statements.",Fashion-Forward Shoppers
"Made from upcycled plastic bottles, these trendy sneakers are designed for both comfort and sustainability. With a sleek look and a conscience, they're perfect for anyone looking to reduce their environmental footprint while staying fashionable.",Eco-Conscious Consumers
"This sleek laptop packs an Intel i9 processor and a high-refresh-rate display, tailored for gamers and content creators alike. From intensive multitasking to immersive gaming, it handles everything with ease, making it the ideal choice for serious tech users.",Tech Enthusiasts
"Looking to spruce up your wardrobe? Our selection of trendy yet budget-friendly clothing has something for everyone. From casual tees to stylish dresses, you can stay fashionable without overspending – who says you can't have it all?",Budget Buyers
This biodegradable phone case breaks down naturally and protects your phone from scratches. It’s a guilt-free choice for the eco-friendly consumer!,Eco-Conscious Consumers
Discover the new line of statement jewelry that transforms any simple outfit into a runway-ready look. Each piece is uniquely designed to resonate with trendsetters who love to express their creativity.,Fashion-Forward Shoppers
"This all-natural skincare set is not only kind to your skin but also to the environment. With ingredients sourced sustainably, you can pamper yourself guilt-free!",Eco-Conscious Consumers
"Dive into virtual reality with this Oculus-compatible headset that immerses you in stunning graphics and an expansive library of games. Whether you're exploring worlds or competing against friends, the experience is unparalleled!",Tech Enthusiasts
Elevate your casual look with our unique graphic tees that are not only conversation starters but also made from 100% organic cotton. Wear your values while expressing your individuality with every outfit!,Fashion-Forward Shoppers
"Indulge in the unparalleled luxury of our handcrafted silk scarves, designed with the finest materials that drape elegantly and add a sophisticated touch to any outfit. Perfect for those who appreciate exquisite craftsmanship and timeless style.",Luxury Seekers
"These limited-edition sneakers combine comfort and style, featuring a trendy design that blends seamlessly with both active and casual wear. Ideal for trendsetters who want to make a statement. ",Fashion-Forward Shoppers
Get ready to take your photography to the next level with our revolutionary mirrorless camera that offers unparalleled features including dual autofocus and 4K video recording. A must-have for aspiring content creators and photography buffs!,Tech Enthusiasts
"If you love mixing patterns and textures, our new collection will be your favorite! With a blend of floral prints and geometric designs, these pieces are perfect for creating that curated, unique look.",Fashion-Forward Shoppers
This faux fur coat is not only luxurious and stylish but also a cruelty-free choice for the eco-conscious fashion lover. Flaunt your chic style while making ethical choices that matter.,Fashion-Forward Shoppers
This season's must-have accessory: a diamond-studded smartwatch that not only tracks your health and fitness but is also an exquisite piece of jewelry. Elevate your everyday look with a timepiece that symbolizes prestige and class.,Luxury Seekers
"This durable kitchen gadget is perfect for anyone looking to save money while cooking at home. Its multifunctional design helps you whip up meals easily, proving that you don't need to spend a fortune to eat well!",Budget Buyers
Stand out with our exclusive collaborations with renowned designers. Each piece is crafted for the discerning shopper who values uniqueness in every outfit.,Fashion-Forward Shoppers
Why splurge on beauty products when you can find everything you need for a fabulous look at low prices? Our cosmetics line is designed for savvy shoppers who love to explore without emptying their wallets.,Budget Buyers
Why spend a fortune on beauty products when you can achieve the same glow with our line of affordable skincare? Great options for those who love to pamper themselves without overspending.,Budget Buyers
Don't miss out on our latest collection featuring unique prints and textures that speak volumes about your personal style—why wear basic when you can be fabulous?,Fashion-Forward Shoppers
Join the thrifty shoppers’ community! Discover tips for saving money on everyday purchases while still looking chic and trendy.,Budget Buyers
Get the best value for your hard-earned money with our range of affordable kitchen appliances. Quality does not have to come at a high price!,Budget Buyers
"These stylish shoes are not only trendy but also made from recycled plastics, reducing waste and promoting sustainability. Perfect for the environmentally aware shopper.",Eco-Conscious Consumers
This handcrafted bamboo toothbrush helps reduce plastic waste in landfills and is a stylish addition to your bathroom. Join the movement towards a zero-waste lifestyle with every brush!,Eco-Conscious Consumers
"With the increasing demand for green products, our biodegradable phone cases are the perfect blend of protection and sustainability. They break down naturally without harming the environment, making them a favorite for eco-aware shoppers!",Eco-Conscious Consumers
"Discover the allure of our high-end skincare range, utilizing rare ingredients that promise rejuvenation and a radiant glow for those who seek nothing but the best in self-care.",Luxury Seekers
"Upgrade your kitchen with our glass storage containers featuring bamboo lids. These containers are not only beautiful but also reduce plastic usage, aligning with a sustainable lifestyle.",Eco-Conscious Consumers
The perfect gift for your kids that won't cost you an arm and a leg! This toy set is engaging and educational but remains affordable for family budgets.,Budget Buyers
Discover the latest smartwatch that not only tracks your health but also integrates seamlessly with all your smart devices. The advanced technology ensures you stay connected while monitoring your fitness goals every day.,Tech Enthusiasts
"Unleash the power of seamless connectivity with our latest wireless earbuds. Engineered for the discerning audio aficionado, these earphones deliver crystal-clear sound and come equipped with noise-cancellation technology, ensuring you enjoy every beat without distractions.",Tech Enthusiasts
"Step into style with our limited edition designer heels, a perfect blend of comfort and elegance. These shoes are made with premium materials, ensuring that they not only look amazing but feel amazing too.",Luxury Seekers
Prepare to indulge in an unparalleled shopping experience with our exclusive range of handcrafted leather handbags. These are not just accessories; they're statements of sophistication that will leave heads turning.,Luxury Seekers
"From statement accessories to must-have shoes, our latest arrivals redefine chic for every occasion. Elevate your look with pieces that combine elegance with cutting-edge design.",Fashion-Forward Shoppers
"These trendy ankle boots are all the rage this fall, featuring a striking combination of materials and a unique cutout design. Pair them with your favorite jeans or a sleek dress, and you'll be turning heads in no time!",Fashion-Forward Shoppers
"Fashion is all about making a statement, and our vibrant prints and unique textures do just that. Each piece from our new collection reflects a blend of art and style, catering to the bold and adventurous.",Fashion-Forward Shoppers
"Our innovative home office solutions, including ergonomic chairs and standing desks, are designed to keep you comfortable and productive as you work from home. Stay ahead of the curve with our ergonomic essentials!",Tech Enthusiasts
"Elevate your wardrobe with our latest collection of trendy statement pieces that are perfect for every occasion. Whether it's a night out or a casual brunch, we've got styles that will turn heads and make a statement.",Fashion-Forward Shoppers
Investing in your health doesn't have to cost a fortune! Explore our range of affordable fitness equipment that helps you stay active and fit without breaking the bank.,Budget Buyers
"This smartwatch isn’t just a gadget; it’s a statement. Featuring premium materials and a customizable display, stay ahead of trends while tracking your fitness in style. Designed for those who demand more from their technology.",Luxury Seekers
"Elevate your travel experience with our luxurious silk pillowcase set, designed not just for comfort, but to enhance your beauty sleep. A travel essential for those who refuse to compromise on comfort and quality, no matter where they go.",Luxury Seekers
"Looking for a skincare line that combines luxury with sustainability? Our line is crafted from organic, ethically-sourced ingredients and packaged in glass containers to minimize plastic waste.",Eco-Conscious Consumers
"Your home deserves the best! Upgrade to this smart home hub that connects all your devices seamlessly, allowing you to control everything from lighting to security with just your voice.",Tech Enthusiasts
"This laptop is built for performance enthusiasts! With its high-speed processor and advanced cooling technology, you'll be able to handle intensive tasks like gaming and graphic design without breaking a sweat. Plus, it’s upgradeable, ensuring it lasts for years to come!",Tech Enthusiasts
Grab this trendy pair of sneakers for an unbeatable price! They’re not only comfortable but will also keep you looking fresh on a budget.,Budget Buyers
"Join the movement towards sustainability with our eco-friendly yoga mats, made from natural rubber and designed for ultimate grip and comfort.",Eco-Conscious Consumers
"Elevate your street style with our chic athleisure range. Our items combine comfort and trendiness, ensuring you look good, whether you're at the gym or out with friends.",Fashion-Forward Shoppers
These recycled resource notebooks are ideal for students and professionals looking to make eco-friendly choices in their daily work while also being stylish and functional.,Eco-Conscious Consumers
I was shocked at how much I got for such a low price! The kitchen utensils set has everything I need to start cooking without emptying my wallet.,Budget Buyers
"Upgrade your wardrobe sustainably with our organic cotton t-shirts that are dyed using environmentally friendly processes. Not only do these shirts feel great, they also reduce water pollution and promote a healthier planet.",Eco-Conscious Consumers
"Unleash your inner trendsetter with our avant-garde jacket that features oversized pockets and asymmetric hemline. Pair it with your favorite leggings for an effortlessly chic look, whether you're hitting the town or running errands.",Fashion-Forward Shoppers
Check out the latest high-end gaming peripherals designed for precision and speed. The mechanical keyboard features customizable RGB lighting and programmable keys for the ultimate gaming experience.,Tech Enthusiasts
"Unleash your inner trendsetter with our unique jewelry line. From bold statement earrings to delicate layered necklaces, these pieces allow you to express your individuality without saying a word.",Fashion-Forward Shoppers
"Transform your travel experience with our luxury luggage range, featuring innovations that combine elegance and practicality for the modern jet-setter.",Luxury Seekers
"These sneakers balance style and functionality at a price that's hard to beat! They're perfect for everyday wear, allowing you to stay trendy without overspending.",Budget Buyers
This vegan leather jacket is perfect for those who don't want to compromise on style while also choosing cruelty-free and eco-friendly materials. Fashion meets sustainability!,Eco-Conscious Consumers
"Take your home automation to the next level with our smart home hub that connects all your devices seamlessly. Control your lights, thermostat, and security system all from one place, and enjoy the convenience of a truly connected home.",Tech Enthusiasts
"Step into luxury with our exclusive range of hand-crafted shoes, where comfort meets high fashion. Each pair is designed by renowned artisans, ensuring that you not only look good but feel good as you walk.",Luxury Seekers
"Experience immersive sound like never before with our premium over-ear headphones. Featuring noise cancellation and a long battery life, they’re perfect for audiophiles seeking high-fidelity audio on the move.",Tech Enthusiasts
"Our latest collection features oversized denim jackets adorned with eye-catching patches and embellishments. Perfect for the trend-savvy crowd that loves to mix vintage with modern aesthetics, these jackets are bound to become wardrobe staples.",Fashion-Forward Shoppers
"Elevate your home decor with our designer furnishings that blend contemporary aesthetics with timeless elegance, making any space feel luxurious and inviting.",Luxury Seekers
"Stay ahead of the curve with this knitted oversized sweater that features a unique asymmetrical cut. Perfect for layering, it reflects a modern, laid-back vibe while keeping you warm and stylish this season.",Fashion-Forward Shoppers
This solar-powered charger is perfect for campers and hikers who want to keep their devices charged while minimizing their carbon footprint during outdoor adventures. It's compact and lightweight for easy transport!,Eco-Conscious Consumers
"Our latest model of e-reader is unbelievably lightweight and offers weeks of battery life. With its glare-free display and extensive library access, it's perfect for avid readers who love to stay connected and read anytime, anywhere.",Tech Enthusiasts
"Stay ahead of the curve with our exclusive designer collaborations, featuring cutting-edge silhouettes and trendy fabrics. These pieces are for those who love to be the first to sport the latest in high-end fashion.",Fashion-Forward Shoppers
Get ready for summer with this affordable outdoor dining set! It's perfect for hosting barbecue parties without the stress of spending too much.,Budget Buyers
"Why pay more for everyday items? Our high-quality, trendy t-shirts are priced for the budget-conscious shopper who values both savings and style. Get yours today and look great without the guilt!",Budget Buyers
"Discover the elegance in our tailored clothing line, reflecting both timeless sophistication and modern trends. Each piece is designed for the individual who appreciates quality and style in every facet of their wardrobe.",Fashion-Forward Shoppers
"Unveil unmatched comfort with our premium cashmere sweaters. Handwoven and sourced from the finest materials, they provide warmth without compromising on style—ideal for the fashion aficionado who values quality.",Luxury Seekers
Check out our stylish yet low-cost home decor items. Perfect for those looking to spruce up their living space while being mindful of their wallets!,Budget Buyers
"Our electronics section features every gadget you need to stay connected without the hefty bill. Get the basics like headphones and chargers, each competitively priced to suit every wallet.",Budget Buyers
"Check out this comfortable yet stylish couch that’s on sale! It’s perfect for your living room and won’t empty your wallet, making it an excellent choice for first-time home buyers.",Budget Buyers
"Stay connected on the go with our stylish and functional portable charger. With fast-charging technology, you’ll never have to worry about running out of battery during your adventures!",Tech Enthusiasts
"Step out in style with this stunning black leather jacket, designed with the latest trend in mind. Perfect for a night out or casual wear, it adds a touch of edginess to any outfit.",Fashion-Forward Shoppers
Explore our selection of limited-edition handbags that are not only functional but also serve as a canvas for artistic expression. These unique designs are perfect for showcasing your individuality while keeping up with current fashion trends.,Fashion-Forward Shoppers
"Our latest smartphone features a groundbreaking camera system that instantly adapts to low light, delivers fantastic photos, and even has AI features for better selfies.",Tech Enthusiasts
"Revolutionize your photography with our latest DSLR camera that boasts advanced autofocus and 4K video capabilities. Whether you’re an aspiring photographer or a seasoned pro, this gear is designed to meet your creative needs.",Tech Enthusiasts
Introducing the latest drone model equipped with 4K video capabilities and a range of 10 kilometers. It's perfect for both hobbyists and professionals looking to capture stunning aerial footage with unparalleled clarity.,Tech Enthusiasts
"Our bamboo toothbrushes are the ideal swap for plastic ones. They offer a guilt-free dental care option, proving that part of your routine can be sustainable.",Eco-Conscious Consumers
"Ditch the clutter and streamline your tech setup with our multi-device charging station. This sleek organizer keeps all your gadgets in one place, ensuring they’re always charged and ready to go.",Tech Enthusiasts
Why pay more when you can save? Our budget-friendly kitchen appliances offer the same performance as high-end brands at a fraction of the cost. Check out our microwave and toaster combo set that’s both practical and affordable!,Budget Buyers
This organic herbal tea blend is not only soothing but also sourced from sustainable farms that prioritize eco-friendly practices. Sip with a purpose and support Mother Nature with each cup you enjoy!,Eco-Conscious Consumers
Check out our latest collection of eco-friendly footwear that not only looks fabulous but also supports sustainable fashion. Each pair is made from recycled materials without compromising on style!,Fashion-Forward Shoppers
"When it comes to summer wear, nothing beats this vibrant maxi dress that captures the essence of bohemian chic. Its flowy fabric and intricate details are ideal for those who adore making bold statements.",Fashion-Forward Shoppers
"This water bottle is made from stainless steel and has been designed to last a lifetime, helping to eliminate single-use plastic. Stylish and functional for those who prioritize the planet with every sip!",Eco-Conscious Consumers
"Looking for the next big trend? Our latest line of oversized jackets is here, perfect for layering. Fashioned for the bold, these jackets come in eclectic prints that express individual flair.",Fashion-Forward Shoppers
"Our smartwatch seamlessly integrates with your daily life, offering fitness tracking, notifications, and customizable watch faces – perfect for those who want to blend technology with style.",Tech Enthusiasts
"This tablet offers a stunning ultra HD display and supports stylus touch for professional-grade graphic design work. If you love to create and innovate, this device will be your new best friend.",Tech Enthusiasts
Our online store features a variety of great value skincare products that won’t compromise on quality. Enjoy glowing skin without shelling out too much cash.,Budget Buyers
"The new smartwatch offers advanced health metrics including ECG and blood oxygen monitoring, along with seamless connectivity to your favorite apps via Bluetooth. It's perfect for those who live an active lifestyle!",Tech Enthusiasts
"Upgrade your workspace with the latest ultra-wide monitor that offers crisp 4K resolution and a 144Hz refresh rate. Perfect for multitasking, this monitor delivers an immersive experience whether you’re gaming or working.",Tech Enthusiasts
Searching for a sturdy yet low-cost coffee table? This one fits perfectly within tight budgets and still adds a modern touch to your living room.,Budget Buyers
"This sleek new smartwatch offers cutting-edge health tracking features, Bluetooth connectivity, and customizable watch faces that sync seamlessly with your smartphone, ensuring you stay ahead of the curve in technology.",Tech Enthusiasts
"This phone comes with an exceptional camera quality and all the latest features, but it's priced reasonably enough that you won't have to break the bank!",Budget Buyers
"Adopt a greener lifestyle with our solar-powered garden lights. They not only illuminate your outdoor spaces but also harness the sun's energy, reducing your carbon footprint effortlessly.",Eco-Conscious Consumers
"Our environmentally friendly yoga mats are made from natural rubber and come in vibrant colors, proving that you can practice in style and sustainability simultaneously!",Eco-Conscious Consumers
"Step into a world of sophistication with our tailor-made suits, crafted from premium wool and designed to fit perfectly, making you feel confident and stylish at any formal event.",Luxury Seekers
"If you're looking for a durable yet affordable pair of sneakers for your daily runs, this collection is just what you need. Designed with comfort in mind, these shoes don't compromise on quality and fit right into your wallet-friendly lifestyle.",Budget Buyers
"Experience lightning-fast performance with our latest gaming laptop, featuring an advanced cooling system and a customizable RGB keyboard that lets you play in style. Perfect for those who value high-end specs and seamless gaming experiences.",Tech Enthusiasts
"These eco-friendly cleaning products are not only good for the planet, but they’re also easy on your wallet, making them a smart choice for every household.",Budget Buyers
"Introducing the all-new smartwatch that not only tracks your fitness but also integrates with your daily life. With customizable watch faces and a suite of apps, you're always in touch with what matters most, all from your wrist!",Tech Enthusiasts
"Explore our latest collection of eco-friendly clothing that embraces sustainable practices while keeping you stylish. With fashionable cuts and organic materials, you won't have to sacrifice style for your values.",Fashion-Forward Shoppers
"Our monthly subscription box is ideal for those who love surprises at an affordable price! Each box is packed with essentials and trendy items curated just for you, allowing you to try new products without committing to full-priced purchases every time.",Budget Buyers
"With its state-of-the-art noise-cancellation technology and adaptive sound settings, this pair of wireless headphones lets you immerse yourself in your favorite tracks like never before.",Tech Enthusiasts
"Explore our range of biodegradable cleaning products that use natural ingredients to fight grime, leaving your home sparkling clean and free from harsh chemicals harmful to the environment.",Eco-Conscious Consumers
"This smartwatch is the epitome of modern technology, featuring health tracking, customizable watch faces, and compatibility with all major apps, perfect for the active lifestyle enthusiast.",Tech Enthusiasts
"This drone is not just a toy; it’s equipped with a 4K camera and obstacle avoidance sensors, making it ideal for aerial photography and videography. Perfect for tech-savvy creators looking to capture breathtaking views from above!",Tech Enthusiasts
"With 5G connectivity and a powerful processor, this tablet redefines what you can do on the go. Perfect for mobile gamers or professionals looking for versatility without compromising speed and efficiency.",Tech Enthusiasts
"Experience the future of connectivity with our latest 5G smartphone, equipped with a stunning AMOLED display and state-of-the-art camera technology for capturing every moment in vivid detail.",Tech Enthusiasts
"Our bamboo utensils come in a chic, minimalist design and are perfect for anyone looking to reduce plastic waste in their kitchen. Plus, they're dishwasher safe!",Eco-Conscious Consumers
"Shop our latest organic cotton t-shirts, crafted for those who value sustainable fashion while making a statement.",Eco-Conscious Consumers
"Grab this versatile and affordable cookware set that is perfect for beginner chefs and seasoned home cooks alike. It offers durability and functionality without the hefty price tag, ensuring you have all the essentials for your kitchen.",Budget Buyers
This value pack of organic skincare products provides everything you need to keep your skin healthy and glowing at a fraction of the price of high-end brands. Why pay more?,Budget Buyers
"Experience ultimate comfort with this hand-stitched cashmere sweater, designed for the discerning individual who values quality over quantity. Elevate your wardrobe with a touch of exclusivity that this piece brings.",Luxury Seekers
"Our gourmet food baskets are filled with artisanal cheeses, specialty chocolates, and rare wines, appealing to those who appreciate the finer tastes in life and love to indulge their palate.",Luxury Seekers
"Our signature fragrance, blended with the essence of rare flowers, is designed for those who appreciate the art of perfumery. Each scent is a journey, evoking elegance and sophistication with every spritz, perfect for special occasions or daily indulgence.",Luxury Seekers
"Elevate your travels with our premium leather luggage collection. Designed for the discerning traveler, these pieces offer ample space, durability, and a touch of sophistication, making your journeys more enjoyable.",Luxury Seekers
"With a focus on sustainability, our new line of shoes is crafted from recycled materials. Walk confidently knowing that each step you take supports a cleaner planet!",Eco-Conscious Consumers
"Enjoy your coffee guilt-free with our organic, fair-trade beans sourced from local farmers who prioritize sustainable farming practices.",Eco-Conscious Consumers
"Unleash your creativity with our 3D printer that offers precision and versatility, perfect for hobbyists looking to craft intricate designs and prototypes.",Tech Enthusiasts
"Unleash your inner trendsetter with our latest collection of statement jackets that embody both flair and functionality. Perfect for layering over any outfit, these pieces are a must-have for those who live for fashion.",Fashion-Forward Shoppers
Check out our latest collection of affordable kitchen appliances that won't break the bank! Perfect for anyone wanting to upgrade their cooking tools without spending a fortune.,Budget Buyers
Be the trendsetter in your circle! Our latest fashion line incorporates sustainable materials while keeping style at the forefront—perfect for the eco-aware stylish individual!,Fashion-Forward Shoppers
"This exceptional art piece serves as a centerpiece for any room, showcasing the talent of renowned artists and adding a touch of sophistication to your collection.",Luxury Seekers
"Save money on your next wardrobe update with our stylish and affordable clothing line. Our pieces are designed to mix and match, giving you endless options without overspending!",Budget Buyers
"Explore the art of layering with our latest collection of trendy outerwear, from tailored coats to chic puffer jackets. Each piece is designed for versatility and flair, making them essential for the style-conscious.",Fashion-Forward Shoppers
"These stylish shoes are crafted from vegan leather, providing you with a fashionable option that avoids animal products and supports cruelty-free fashion.",Eco-Conscious Consumers
Add a pop of color to your outfit with our collection of patterned scarves. These lightweight yet vibrant accessories are perfect for layering and can be used in countless ways to express your unique style.,Fashion-Forward Shoppers
"Our vegan-friendly sneakers are made from recycled plastic bottles, reducing ocean waste while providing comfort and style. Perfect for those who prioritize sustainability in their footwear.",Eco-Conscious Consumers
"Explore the endless features of our versatile fitness tracker, which monitors your heart rate, tracks workouts, and syncs effortlessly with your smartphone. Great for those who want to elevate their fitness journey with technology.",Tech Enthusiasts
"Our bespoke tailoring service offers the perfect fit and style for those who demand nothing less than perfection in their clothing. Each piece is crafted with the utmost attention to detail, ensuring a one-of-a-kind experience that reflects personal style and prestige.",Luxury Seekers
"Join our loyalty program to snag discounts on everyday essentials! From toiletries to groceries, enjoy savings that make the difference when budgeting for your household needs.",Budget Buyers
"This exquisite diamond-studded wristwatch showcases a timeless design, crafted from the highest quality materials. A true statement piece that exudes sophistication and class, it's a must-have for any discerning collector.",Luxury Seekers
Check out our new runway-inspired collection featuring vibrant prints and bold silhouettes that are sure to turn heads wherever you go. Accessorize with statement pieces that showcase your unique personal style!,Fashion-Forward Shoppers
"Our limited edition fragrance, bottled in hand-crafted glass, captures the essence of sophistication with notes of rare jasmine and sandalwood, ideal for discerning tastes.",Luxury Seekers
"Join the movement towards sustainable living with our eco-friendly home cleaning supplies. They’re made from biodegradable ingredients that are safe for the planet and your family, ensuring a clean home without the chemical risks.",Eco-Conscious Consumers
"This season, oversized blazers are making a bold statement, effortlessly elevating any outfit from casual to chic—perfect for those who love to push the boundaries of style.",Fashion-Forward Shoppers
"Our fine jewelry collection showcases unique, handcrafted pieces adorned with ethically sourced diamonds and gemstones, perfect for those who value both elegance and conscious consumerism. Make a statement that resonates with your sophisticated style.",Luxury Seekers
Introducing the 4K Ultra HD Smart TV that boasts HDMI 2.1 ports for the ultimate gaming experience on next-gen consoles. Its AI-enhanced picture quality redefines home entertainment!,Tech Enthusiasts
"This reusable water bottle is made from 100% recycled materials, keeping plastic waste out of our oceans while keeping you hydrated on-the-go.",Eco-Conscious Consumers
"Score amazing deals on electronics during our clearance sale! Get the latest headphones or a smart speaker, all at prices that fit your pocket. Don't miss out!",Budget Buyers
These durable backpacks are ideal for students who need something functional without all the extra bells and whistles. Perfect for carrying books and essentials without spending a lot!,Budget Buyers
This innovative gadget not only purifies air in your home but also connects to your smartphone for real-time updates on air quality. Perfect for anyone who values both health and technological advancement in their living space.,Tech Enthusiasts
"Elevate your skincare routine with our premium facial cream, infused with rare botanicals and gold particles, designed to bring a radiant glow to your complexion.",Luxury Seekers
Our organic cotton t-shirts are not only soft and comfortable but also produced without harmful pesticides or chemicals. Choosing sustainable fashion has never felt so effortless!,Eco-Conscious Consumers
Get the most bang for your buck with our affordable range of home essentials. Perfect for students or anyone looking to spruce up their space without breaking the bank.,Budget Buyers
"Transform your workspace with this ergonomic keyboard that features customizable keys, backlighting, and wireless connectivity—ideal for tech-savvy individuals who crave efficiency while they work.",Tech Enthusiasts
"Looking for a stylish yet affordable backpack for school? Our selection offers trendy designs that parents will appreciate for their low cost, while kids will love for their vibrant colors!",Budget Buyers
"Embrace the elegance of our bespoke jewelry line, where each piece is custom-designed to tell your unique story. Perfect for connoisseurs of style who love to showcase their individuality through timeless adornments.",Luxury Seekers
"Stylish jeans that fit your budget! Our selection offers trendy styles without the hefty price tag, great for fashion lovers who want to look good without spending a fortune.",Budget Buyers
"Our new line of activewear is not just about performance; it’s designed for those who appreciate style even during workouts. With vibrant colors and trendy cuts, these pieces transition seamlessly from gym to brunch.",Fashion-Forward Shoppers
"Transport yourself to a world of sophistication with our premium whiskey collection. Each bottle is sourced from small-batch distilleries and offers a unique flavor profile, ideal for the aficionado who appreciates the finer things in life.",Luxury Seekers
"Unleash your creativity with our high-performance drone that comes with 4K video capabilities and a two-mile control range, ideal for capturing stunning aerial shots.",Tech Enthusiasts
This state-of-the-art audio system not only delivers exceptional sound quality but also boasts a stunning aesthetic that complements any modern home decor.,Luxury Seekers
"Step into a world of opulence with our designer leather handbags, each one crafted from the finest materials and designed for those who appreciate unparalleled craftsmanship.",Luxury Seekers
This all-natural bamboo toothbrush is not only effective in keeping your teeth clean but is also a sustainable alternative to plastic. Make a small change for a big difference in the fight against plastic waste.,Eco-Conscious Consumers
"Our reusable straws come in a set of four, made from stainless steel and packaged in an organic cotton pouch. Ideal for environmentally conscious shoppers looking to cut down on single-use plastics.",Eco-Conscious Consumers
"This summer, stay ahead of the curve with our eco-friendly swimwear line made from recycled materials, showcasing vibrant colors and flattering designs. Who says sustainability can't be stylish?",Fashion-Forward Shoppers
Looking for the best deals on home essentials? Our collection of kitchen appliances and accessories is not only practical but also light on your wallet. Check out our range of budget-friendly options today!,Budget Buyers
"Stock up on essentials with our value packs! Ideal for families looking to save, these bulk items offer quality at prices that cater to your needs. Smart shopping starts here!",Budget Buyers
"Transform your workspace with our ergonomic keyboard and mouse combo that features customizable RGB lighting, mechanical keys, and programmable buttons. Ideal for gamers and programmers who spend hours on their computers daily.",Tech Enthusiasts
"Experience the ultimate in comfort with our high-end silk sheets that promise a luxurious night’s sleep, made from the finest threads and available in rich, vibrant colors.",Luxury Seekers
Our eco-friendly tote bag is not only affordable but also made from sustainable materials – a smart choice for budget-savvy shoppers who care about the planet.,Budget Buyers
"Our curated selection of high-end kitchen appliances includes the best of the best, designed to not only perform flawlessly but to impress even the most discerning chefs. Bringing gourmet cooking to your home doesn’t have to sacrifice style.",Luxury Seekers
"Get ready to make waves at your next event with our eye-catching cocktail dresses, featuring bold patterns and innovative cuts that are sure to stand out. Style is all about taking risks, and this collection is made for just that!",Fashion-Forward Shoppers
"Discover our range of affordable kitchen gadgets that won’t break the bank! From slicers to peelers, we've got everything you need to whip up your favorite dishes without spending a fortune.",Budget Buyers
"Elevate your wardrobe with our latest collection that features bold patterns and innovative designs, perfect for those who aren't afraid to make a statement.",Fashion-Forward Shoppers
