text,label
I think the hard drive on my computer is failing because it makes a clicking noise every time I turn it on. What should I do?,Hardware Issue
"I'm constantly getting a pop-up saying that I need to update my software. When I try to do it, it says 'update failed'. Any tips on what to do?",Software Issue
"The latest update for the project management app is causing it to run incredibly slow. I’ve checked my internet connection, and it’s fine, so it must be something with the app itself. Can anyone confirm this?",Software Issue
"Every time I try to log in, my password isn't recognized. I might be entering it wrong, but it's the same one I've always used!",User Error
I keep getting error messages when I try to print. I think I’m not selecting the right printer from the dropdown list. What should I do?,User Error
"I keep getting an error message that says my internet connection is lost, but I thought I was connected. I think I might have clicked something wrong in the settings. Can someone help?",User Error
I've been having trouble with the application crashing every time I try to save my work. What can I do to fix this?,Software Issue
I'm having trouble connecting to the internet; my Wi-Fi keeps dropping out at random times throughout the day.,Network Issue
I can't access the company server through my VPN. It was working fine yesterday but now it just times out. Can you help?,Network Issue
"I dropped my smartphone, and now the touchscreen is unresponsive in certain areas. Is there a way to fix this without replacing the screen?",Hardware Issue
"I have been using the same network for a while, but today I forgot my WiFi password and I can't connect to the internet at all! What now?",User Error
Are there plans to expand the reporting capabilities? Being able to customize reports further would give us deeper insights into our data.,Feature Request
"Wouldn't it be helpful to have a built-in chat support option within the software? Sometimes, I encounter issues and it takes forever to find answers.",Feature Request
"The WiFi signal is weak in the back of the house, but it's strong in the front. How can I fix this?",Network Issue
Would it be possible to add a feature that allows for automatic backups? I've lost important data before and this would give me peace of mind.,Feature Request
"I can't seem to connect to the internet. My router appears to be working fine, but my devices just won't pick up any signal.",Network Issue
"My headset keeps disconnecting from the computer, and I've tried different USB ports. Is the headset itself malfunctioning?",Hardware Issue
"The screen on my monitor is flickering constantly. I've tried different cables, but the issue persists. Any suggestions?",Hardware Issue
I was wondering if you could implement a way to export our reports in PDF format? It would make sharing them with clients much simpler.,Feature Request
"I was trying to connect to the WiFi but I accidentally typed the password with an extra character. Now I can't get back on, what do I do?",User Error
I tried updating my software but I clicked the wrong button and now I can’t go back. What should I do?,User Error
"After the last update, my accounting software won't launch at all. What should I do?",Software Issue
"Every time I switch on my gaming console, it gives me a red light and doesn't start. I’ve checked the power supply but that seems fine. What could be causing this?",Hardware Issue
Is there any chance we'd get multi-language support in the next update? It would really help our international team.,Feature Request
"Every time I try to play online games, the connection drops, and I'm getting kicked out. Can you help me figure out what's going on? This has been really frustrating!",Network Issue
"I'm unable to access certain websites, but my email works just fine. This started happening after I changed my router settings.",Network Issue
"The battery on my smartphone drains too quickly now, and it's not lasting through the day like it used to. I think it might need a replacement, but I'm not sure how to proceed.",Hardware Issue
My file transfers between applications are taking ages since the last patch. Is there any way to optimize or fix this issue without reinstalling everything?,Software Issue
"After the recent software update, my graphics application won't open at all. I’ve checked for compatibility issues but can’t find anything. What should I do next?",Software Issue
The project management tool I'm using has started to freeze whenever I try to add new tasks. This is really disrupting my workflow!,Software Issue
"I tried to reset my modem, but it still doesn't work. The lights are blinking in a weird pattern—what does that mean?",Network Issue
"After switching to a new ISP, I'm experiencing packet loss during online gaming. The latency spikes up to 300 ms at times. Can you guide me on troubleshooting this?",Network Issue
I can't log into my account because I forgot my password. I think I tried entering it too many times and now it's locked me out temporarily.,User Error
I'm having trouble connecting to the Internet. My WiFi keeps dropping and it's really frustrating.,Network Issue
"I can't seem to get any stable connection while using my VPN. It keeps disconnecting and reconnecting, and I need to access sensitive information reliably.",Network Issue
"The sound on my computer stopped working suddenly. I’ve tried taking out the sound card and reseating it, but still no luck. It worked fine before.",Hardware Issue
Could you please consider adding a dark mode feature? It would really help reduce eye strain during long work hours.,Feature Request
"I often find myself needing to attach multiple files at once, any chance that a multi-file upload option could be added?",Feature Request
I'm really hoping that you can incorporate user-defined shortcuts for the most used commands. That would save a ton of time!,Feature Request
I can't connect to the internet on my laptop despite being connected to the Wi-Fi. It's the same for all devices in my office. Can you help?,Network Issue
"My gaming console keeps losing connection during online play, and it’s becoming really frustrating. I’ve checked all the cables, so I suspect it might be something with the router settings.",Network Issue
Can you add more customization options for the dashboard? I would love to have the ability to rearrange widgets based on my preferences.,Feature Request
"My internet connection keeps dropping every few minutes and it's really frustrating, especially when I'm in the middle of a video call.",Network Issue
My office network has been really slow since last week. Could there be an issue with the router configuration?,Network Issue
"I've been trying to set up a new router, but it won't connect to the ISP. I'm following instructions, but something seems off. Any recommendations?",Network Issue
"My printer won’t print, and I keep hitting the ‘Print’ button. What am I doing wrong?",User Error
"I think the RAM in my computer might be faulty because it crashes often, especially when I run multiple applications. What can I do to troubleshoot this?",Hardware Issue
My computer won't turn on at all. I've checked the power cord but it seems like something's wrong with the internal components.,Hardware Issue
"My computer won't boot up, and I think it might be a problem with the hard drive. It keeps making a clicking sound, and I can't access any files.",Hardware Issue
"I thought I updated the software, but it still says I am on an older version. Did I miss the update process entirely?",User Error
"The docking station I use for my laptop isn't working properly; it's not recognizing my USB devices anymore. I've tried different cables and ports, but nothing seems to work.",Hardware Issue
"My email client isn’t syncing properly and I think I might have changed a setting by mistake, can you help me figure this out?",User Error
The latest update for the photo editing software is causing it to run really slow. Is there a way to revert to the previous version? I need it to work properly for a deadline.,Software Issue
"After the last update, my computer has been unable to stay connected to the Wi-Fi, and all my settings seem fine. What's the next step?",Network Issue
"My Wi-Fi has been really slow lately. I checked and it seems like the router is fine, but my devices still struggle to access any sites.",Network Issue
"Every time I log into my account, the system logs me out unexpectedly. I contacted support but haven't received much help so far.",Software Issue
"I can't seem to find the option to export my document in PDF format anymore. Did the latest update remove that feature? If so, can it be restored?",Software Issue
Can you help me troubleshoot why my devices are not connecting to the Wi-Fi? I don’t think it's a problem with the devices themselves.,Network Issue
I keep getting an error that says 'file not found' when I know it should be there. Is it possible I misplaced it?,User Error
Can you consider adding a tagging system for documents? It would help organizing files and make it easier to find what we need among thousands of entries!,Feature Request
"I think we should consider implementing a mobile app version of the software. There are so many users who are asking for this, and it could really expand our reach.",Feature Request
"Can someone help me out? My VPN keeps disconnecting, and I think it might be related to my home network settings. I haven't changed anything recently, but it's getting frustrating!",Network Issue
"I accidentally dropped my phone and now the screen is cracked. It still works, but I'm worried it might get worse if I don't get it repaired soon.",Hardware Issue
"Every time I open the accounting software, it displays an error message about a missing DLL file. I have no idea how to fix this.",Software Issue
"After upgrading my graphics card, the display started acting weirdly, with artifacts and strange colors. Is there a chance that it wasn't installed correctly?",Hardware Issue
"After opening my desktop to upgrade the RAM, now it won’t boot. Could I have damaged something on the motherboard?",Hardware Issue
My web browser keeps crashing every time I try to load a specific site. I've cleared the cache but the problem persists.,Software Issue
I would love to see an integration with third-party apps for better workflow. It would definitely streamline our processes and save us time.,Feature Request
"I noticed that I'm unable to connect my desktop to the office network, though my colleagues are unaffected. Could this be a settings issue or something else?",Network Issue
"I noticed my internet connection is extremely slow, especially during peak hours. Is there a way to prioritize my device on the network?",Network Issue
I was told to download a specific application but I accidentally downloaded the wrong one. How can I fix this without losing my data?,User Error
The Wi-Fi signal is extremely weak in my office and I need better connectivity to work efficiently. Can you help improve it?,Network Issue
"After the latest update, I can't seem to save my files anymore. It just freezes every time I try.",Software Issue
"The internet connection keeps dropping every few minutes while I’m working from home. I’ve tried resetting the router, but it doesn't seem to help.",Network Issue
Is there any known outage in my area? My internet has been down for the last two hours and the service status page isn’t helpful.,Network Issue
"I’d love to see a way to sync settings between devices. Sometimes I switch between my laptop and tablet, and it’s a hassle reconfiguring everything each time.",Feature Request
"I'm trying to connect my laptop to the office Wi-Fi, but it keeps saying 'No Internet Access'. What could be the problem?",Network Issue
"Is there any plan to implement a feature where we can bulk edit our settings? Currently, it takes forever to change settings one by one.",Feature Request
"When I tried to update the app, it crashed and now it won’t open. I think I might have skipped a step during the update process.",User Error
I received an error message when trying to save my project in the editing software. It says 'file not saved due to unknown error.' What does that mean?,Software Issue
"My printer isn't responding, and I think I might have selected the wrong device on my computer. Can you guide me on how to check the printer settings?",User Error
"After installing the new patch, my graphics editing software is running extremely slow. It wasn’t like this before the update.",Software Issue
"I’ve been trying to update my software, but it keeps failing. I could be overlooking a setting in my preferences that’s causing the issue.",User Error
I keep getting an error message when trying to launch the application.,Software Issue
"We set up a new wireless access point, but no one in the office can seem to connect to it. It’s been a couple of hours now, and I don’t know what else to do. Please help!",Network Issue
I keep getting an error message saying 'permission denied' when I try to run the script on my programming environment. I’ve checked the settings but nothing seems to work. What do you suggest?,Software Issue
"My external hard drive isn't being recognized by my computer anymore. It was working fine last week, and now it just doesn’t show up in 'My Computer'.",Hardware Issue
"I'm trying to update the application, but it keeps crashing halfway through the process.",Software Issue
I tried changing the password for my account but I must have entered it wrong too many times. Now I'm locked out! How can I recover it?,User Error
"I've tried resetting my router multiple times, but I'm still having issues where certain websites won't load properly. Does anyone have any advice?",Network Issue
"I was trying to connect to the printer, but I can't find it on my network. Did I set up the printer correctly?",User Error
Is there a way to restore my settings in the program? I accidentally clicked something and now everything looks different. I don't know how to get it back to normal.,Software Issue
"I don't know why, but my editing software crashes whenever I try to export my project. I’ve tried restarting and reinstalling, but nothing changes.",Software Issue
I can't seem to connect to the internet despite multiple attempts. Everything else appears to be functioning normally on my device.,Network Issue
"This morning, the app just stopped working. I had it open, and then it froze completely. I even tried reinstalling it but to no avail. Any idea on what might be wrong?",Software Issue
"The USB ports on my computer have stopped working completely. I’ve tried connecting different devices, but none of them are recognized. What could be causing this?",Hardware Issue
My tablet screen cracked but it still operates. I want to know if it’s possible to fix it myself or should I take it to a professional?,Hardware Issue
"Every time I try to run the database software, I receive an exception error which isn't clear to me. I need to process some data urgently. Any advice?",Software Issue
I think adding a tagging system to our tickets would improve how we manage and prioritize them. It could really help in organizing our support operations!,Feature Request
"I noticed that after the last update, I'm unable to reach certain websites. I've tried clearing my browser cache but that hasn't worked.",Network Issue
I’m not sure how to access my account settings and I may have locked myself out. What can I do to get back in?,User Error
"There's an intermittent connection problem at the office. Some computers are online, while others randomly get disconnected, even though they’re using the same router.",Network Issue
"I noticed that the WiFi connection drops every hour or so—I've tried moving closer to the router, and other devices seem to work just fine. Any tips on how to fix this?",Network Issue
"The laptop shuts down unexpectedly, even after I've replaced the battery and checked the power settings.",Hardware Issue
"Having a built-in tutorial or guided setup for new users would make onboarding so much easier, especially since we have a lot of new team members coming in.",Feature Request
"The printer keeps jamming every time I try to print something. I've checked the paper and everything seems fine, but it just won't work. Please help!",Hardware Issue
"My tablet has a cracked screen, and I'm not sure if it can be fixed or if I need to replace it altogether. Can you provide some guidance on this?",Hardware Issue
"I can't connect to the internet at all today, and my router seems fine. I checked the cables, but they seem to be plugged in correctly. Could it be a problem with the service provider?",Network Issue
"The application won't let me log in anymore. It says my credentials are incorrect, but I double-checked and they're right. What should I do?",Software Issue
"My internet keeps dropping multiple times during the day. I’ve tried switching off the router and turning it back on, but the situation remains unchanged.",Network Issue
"The external hard drive I use for backing up seems to be making a clicking sound, and I can't access my files. What should I do?",Hardware Issue
"The files won’t upload to the cloud. I was trying to upload a large folder, but I think there might be a problem with my internet connection or how I selected the files to transfer.",User Error
I installed the latest update and now my program is not responding; I've tried restarting my computer but nothing works. How do I resolve this?,Software Issue
Can you let me know if you are planning to implement a multi-language support feature? It would make the tool more accessible for international teams.,Feature Request
"I keep trying to install the latest update, but I'm not sure if I'm clicking the correct buttons. Can someone walk me through it?",User Error
Can you help me with my connection? I’ve got a warning saying that the network is unstable and I can’t play any online games.,Network Issue
"The app won't load at all since the last version update. I tried clearing the cache, but it still fails to start up. Any suggestions?",Software Issue
Can you explain why I can connect to other networks but not the company one? I need urgent access to some files.,Network Issue
"After the last system upgrade, my email client won't sync with the server anymore. I need it to work ASAP.",Software Issue
It would be great if we could have a notification system that alerts us about system updates. I sometimes miss them due to my busy schedule.,Feature Request
"I just got a new modem installed, but now I can’t seem to connect my laptop to the internet. It keeps saying there’s no connection available even though all lights are on.",Network Issue
"Can you help me with my gaming console? It won’t turn on, and I've tried all the usual troubleshooting techniques, but nothing works.",Hardware Issue
I’ve tried all troubleshooting steps for my internet connection but nothing works. Is there a way to reset the network configurations?,Network Issue
"I was trying to update the software on my phone, but I think I initiated the update while the battery was low. Now, my phone is acting weird. What should I do?",User Error
What do I need to do to change my password? I can’t seem to remember how I did it last time.,User Error
"The battery on my tablet is draining way too fast. It used to last all day, but now I can barely get a few hours out of it. Could this indicate a need for a replacement?",Hardware Issue
Are there plans to support multi-language options in the software? Having this feature could greatly enhance usability for our international team.,Feature Request
"I dropped my phone and now the screen is completely shattered. It still turns on, but I can't see anything on it. How should I proceed?",Hardware Issue
"There are strange beeping sounds coming from my desktop when I boot it up. It doesn’t load the operating system, and I'm worried it’s something serious.",Hardware Issue
"The fans in my desktop are running loudly and continuously, which is unusual. Is this something I should be concerned about or check for?",Hardware Issue
"I've been having trouble with my webcam; it keeps disconnecting during video calls, and I've checked all the settings. Any ideas?",Hardware Issue
"There’s a glitch where the screen goes black every time I attempt to launch the program. I’ve installed it multiple times, but the issue persists.",Software Issue
My screen just shows a loading spinner when I open the accounting software. I've rebooted my computer multiple times!,Software Issue
Could you look into adding a preview option for attachments before sending? That would help prevent errors significantly.,Feature Request
"My laptop keeps shutting down unexpectedly, and I think it might be due to the overheating of the CPU or a faulty fan.",Hardware Issue
"I noticed that the signal strength for my office's Wi-Fi has decreased significantly. We used to have full bars, but now it barely reaches the conference room. Can I get some help fixing this?",Network Issue
The fan on my laptop is making a loud noise. It seems like it’s running constantly and I’m not sure if it’s supposed to be like this.,Hardware Issue
"There's a persistent error message popping up whenever I attempt to print. It says something about a driver issue, but I can't figure it out.",Software Issue
"I just installed the new version of the software, but some of the features are missing, and I can't find where to access them anymore. Can you guide me?",Software Issue
I attempted to use the new features in the software but ended up messing up the settings instead. How do I reset it back?,User Error
"If you could add a search feature for previous tickets, that would be really useful for tracking down past issues without digging through everything.",Feature Request
"I thought I had connected to the office Wi-Fi, but my internet browser keeps saying 'not connected'. Am I missing something?",User Error
Can we have a shortcut for frequently used functions? It would help speed up our workflow tremendously since right now we're navigating through multiple menus.,Feature Request
"I noticed that my external hard drive is not detected by my computer, even though it's been working fine until now. What steps should I take?",Hardware Issue
"I just updated my operating system, and now the application crashes every time I try to launch it. What can I do?",Software Issue
"I recently upgraded my desktop with more RAM, but now it keeps crashing when I try to open any applications. Could there be something wrong with the new memory sticks?",Hardware Issue
"I thought I updated all my drivers, but I missed one and now my graphics aren't rendering properly. How do I check if I need to update it?",User Error
"I believe there's an issue with our company’s internet speed. Everything is running slower than usual, including online meetings. What can I check on my end?",Network Issue
"I can see the network on my device, but it keeps asking for the password repeatedly and won't connect. Is there anything I can do about that?",Network Issue
I’d love to see an automatic backup feature added to the program. It would give me peace of mind knowing my files are safe without manual intervention.,Feature Request
"The printer won't connect to my computer. It was working fine yesterday, but now every time I try to print, it says it's offline.",Hardware Issue
"I'm unable to connect to the company VPN and it keeps timing out. I've tried resetting my router, but nothing seems to work.",Network Issue
"I notice that whenever I try to use my VPN, I lose internet connectivity. Is there a setting that could be affecting this?",Network Issue
An enhancement to the reporting function would be appreciated; some additional filters would make it easier to generate custom reports for specific needs.,Feature Request
I’ve been having trouble with my phone not being able to access the data network. It worked fine last week but now it just says 'connection failed'.,Network Issue
Would it be possible to include a tutorial guide for new users? I feel like it would help them get started and reduce the number of support calls we receive.,Feature Request
There seems to be a bug in the new version of the software that doesn't allow me to save my work. It just freezes up! What can I do?,Software Issue
"Every time I attempt to save my work, the program crashes unexpectedly. Is there a fix for this? It's really frustrating.",Software Issue
My email's not syncing with the app on my phone. I think I might have set it up wrong. Could you help?,User Error
"I can't seem to connect my printer to my laptop, I checked the cables but it still doesn't work.",User Error
"The updates for the software were supposed to improve performance, but now it's even slower than before. What can I do to resolve this?",Software Issue
I uninstalled the program but now I'm having issues with my computer's performance. It's really sluggish. What can I do?,Software Issue
Is there a way to implement a tagging system for our projects? I believe it would help in keeping files organized better.,Feature Request
The new version of the software has bugs that make it difficult to use. Features that were working fine before are now failing during operation.,Software Issue
"My friend told me to use a certain keyboard shortcut to copy files, but I ended up deleting them instead. I didn't realize you had to press two buttons at once!",User Error
"My external hard drive is not recognized by my laptop. I've tested it on another device, and it works fine, so I think it's my port that's acting up.",Hardware Issue
"When I tried to connect to Wi-Fi, I realized I was trying to connect to the wrong network. Can you help me troubleshoot?",User Error
My productivity software isn't functioning properly. It suddenly started freezing when I attempt to save a document and I don't know why this is happening. Any troubleshooting steps?,Software Issue
"After replacing the graphics card, my system isn’t booting up at all. I’m seeing just a black screen. Could it be a compatibility issue with my older motherboard?",Hardware Issue
I sent an email to the support team but I'm using the wrong email address. How can I fix that?,User Error
"I've been experiencing a lot of crashes with my desktop recently. Once it freezes, I have to restart it manually. Sometimes it won’t even boot up, but the fan is running loud.",Hardware Issue
"There's a strange lag when I try to access external websites through the company network. Internally everything is fine, but the lag makes it almost unusable. What's going on?",Network Issue
"I keep getting an error code when trying to log in to the project management tool. It says my credentials are incorrect, but I know they're right!",Software Issue
"My gaming console isn't able to connect to the Wi-Fi, but my phone and tablet are fine. Is there a setting I missed?",Network Issue
"After upgrading my graphics card, the display started flickering. I've tried reseating it, but the issue persists. What should I do next?",Hardware Issue
"My keyboard is not responsive at all, even after replacing the batteries. It was working fine last night, so I'm not sure what's going on.",Hardware Issue
"I was cleaning my computer and accidentally touched something on the motherboard, and now it won't start up. I noticed a faint smell too, which worries me.",Hardware Issue
"My email client is not sending messages. It keeps showing 'connection error', even though my internet is fine. What should I check?",Software Issue
"I'm trying to copy files from my USB drive, but I think I accidentally deleted some of them while I was managing the files. What can I do?",User Error
Perhaps you could consider implementing a feature that allows users to tag and categorize files directly in the app? It would make searching for documents a lot easier.,Feature Request
Can we add a user feedback button directly within the software? It might encourage users to share their thoughts more easily and help us improve.,Feature Request
"We just set up a new router, but I'm having trouble connecting my devices to it. They just refuse to connect, and I can't figure out what’s going wrong. Could someone help?",Network Issue
"After I upgraded my RAM, the system crashes every time I boot it up. Could the new memory sticks be defective?",Hardware Issue
"Is there any chance we could have an integration with Google Calendar? It would streamline scheduling activities directly from the app, making it so much easier for everyone.",Feature Request
"I followed the installation steps for the new application, and yet it doesn’t launch. Did I forget a step?",User Error
I noticed that the cooling fan in my laptop has been really loud lately. I'm worried it might be malfunctioning and causing overheating issues.,Hardware Issue
"I'm having trouble connecting to the internet, and all my other devices seem to be working just fine.",Network Issue
"I've noticed that sometimes my productivity suite doesn't open files correctly. For example, some of my Excel files show up as corrupted. Is there a way to recover them?",Software Issue
"I’m unable to access the server from my workstation, and I’ve checked all my cables to make sure everything is plugged in correctly. It seems like there might be an issue with the router.",Network Issue
It would be super helpful if there was a way to customize the dashboard layout. I've seen similar features in other tools and it really enhances usability!,Feature Request
"For some reason, I cannot access certain websites. I checked my device settings, and everything looks fine on my end, but others can access them without issues.",Network Issue
"My gaming console frequently overheats while playing, causing it to shut down suddenly. I've tried cleaning the vents but it hasn’t improved.",Hardware Issue
My email client won't let me send attachments anymore. It's been like this for a week and I’m not sure why it started doing this.,Software Issue
I accidentally deleted a file that I really needed for my project. Is there any way to recover it from my recycle bin? I’m not sure how this happened.,User Error
Why does the new version of the web browser keep hanging when I open multiple tabs? It didn't do this before the update.,Software Issue
"I connected a new monitor to my desktop, but it’s displaying a blank screen. Any advice on troubleshooting this?",Hardware Issue
I hope you could think of adding more integrations with third-party tools. That would make the overall experience more versatile.,Feature Request
"My software keeps crashing, but I think I might be using an outdated version. How can I check my version and update it?",User Error
"The printer is not responding to any of my print jobs. I've checked all cables and it's powered on, but nothing happens. Could this be a connection issue?",Network Issue
I can't get my gaming console to turn on. The power light blinks once but then goes off. Is this a common power supply issue?,Hardware Issue
"I tried to connect my printer via USB, but it keeps giving me a communication error. Is there something I need to check?",Hardware Issue
I think there's a bug in the latest version of the program. It doesn't save my work properly after I close it.,Software Issue
I'm on a business call and my connection keeps dropping. It's very unprofessional and affecting my work. Can you check the network status?,Network Issue
"I can't seem to log into my account. I've tried resetting my password, but I keep getting an error message that says my credentials are invalid.",User Error
Could you look into the possibility of implementing a feedback system directly in the app? It would help us provide suggestions and report issues more easily.,Feature Request
I’m having trouble exporting my files to PDF; the function seems to be broken after the last update. Can you suggest any fixes or workarounds?,Software Issue
It seems like our current permission settings could be improved. I'd like to suggest some enhancements to make user management easier.,Feature Request
Is there any way to integrate the messaging feature with our email? It would streamline communication so much for our team.,Feature Request
"I've installed the new version of the software, but some features aren’t appearing as they should. I think I missed a prerequisite for the update.",User Error
"My gaming console keeps dropping out of the WiFi network, and I've already switched channels on my router. Is there anything else I can do to ensure stable connectivity?",Network Issue
Can we get an option to customize the dashboard? It would be much easier if I could rearrange the widgets according to my workflow.,Feature Request
I'm having issues with the software freezing every time I attempt to generate a report. It’s been doing this for days now!,Software Issue
"My desktop is making a strange clicking noise when I boot it up. Could this be related to the hard drive, and how do I check it?",Hardware Issue
"I’m trying to upgrade the RAM in my PC, but it won’t fit. Can you help me find the right type for my system?",Hardware Issue
It would be awesome if we could get a feature that notifies us for updates or announcements directly within the app. Keeping everyone informed would be a huge plus!,Feature Request
The keyboard is acting weird; some keys are not responding and others are typing multiple letters. Should I replace it?,Hardware Issue
"I think there's a bug in the latest release because my tasks aren’t syncing across devices anymore. I've tried reinstalling it, but that didn’t help.",Software Issue
"I can't access the application on my laptop, but it opens just fine on my desktop. I've tried clearing the cache but that didn't solve it either.",Software Issue
"After upgrading my computer RAM, it won’t boot anymore. It just beeps repeatedly. Should I reseat the RAM modules or check compatibility?",Hardware Issue
"My laptop is running really slow ever since I clicked on a pop-up ad. I didn't think it would cause problems, but now I can't even browse properly!",User Error
"I have a desktop that freezes up randomly, and sometimes the fans make a strange noise, like they're struggling. This has been happening more frequently lately.",Hardware Issue
My colleagues and I are unable to access the shared drive; it seems there’s an issue with the connection to the server. Can someone check if it's down?,Network Issue
Can you check the router settings? I think it's not giving out the correct IP addresses to my devices.,Network Issue
"I installed the new software update but I still can't find the settings menu, is there something I'm missing? I've looked everywhere!",User Error
"Can someone help with my data not syncing across devices? It worked perfectly last week, but now I can't seem to get it to update.",Software Issue
"It’d be awesome if we could have an offline mode for the application. Sometimes, internet access isn’t reliable and being able to work offline would be a game changer!",Feature Request
"Can we add a dark mode feature to the application? I think many users would prefer it, especially at night.",Feature Request
"I thought I had uninstalled the old software, but I still see it when I try to open the new program. Can anyone explain why that might be happening?",User Error
"The new version of the software does not support the functionality I relied on previously. Is there a way to get that back, or is it gone for good?",Software Issue
"Is there a way to troubleshoot my Wi-Fi since I can't access any websites on my laptop? I've tried restarting the router, but it didn't work, and now I'm worried it's a bigger issue.",Network Issue
"It seems like the connection is very slow today, and I'm wondering if there’s an outage in the area?",Network Issue
There’s a buzzing sound coming from the power supply of my desktop. It seems to be getting worse and I’m concerned it might completely fail soon. What should I check next?,Hardware Issue
"Could we look into adding a search function to the help section? Right now, it's really hard to find specific answers quickly and that could improve user satisfaction.",Feature Request
"The power supply unit in my PC has started making a weird noise, and I'm worried that it might fail soon. Should I replace it preemptively?",Hardware Issue
Is there a chance we could add multilingual support for our international team? It would make collaboration much smoother if everyone could use their preferred language.,Feature Request
"I think it would enhance the customer experience a lot if you added a live chat feature on the support page, so we could get instant help when needed.",Feature Request
"Can someone help me with the VPN? I keep getting disconnected from the server, and I need to access some files urgently.",Network Issue
"I just moved my router to a new location, and now my laptop won't stay connected. What could be wrong?",Network Issue
There seems to be a problem with accessing our company's intranet. I'm getting a timeout error whenever I try to log in. What should I do?,Network Issue
"I have a smart TV that won’t connect to my home network anymore. It suddenly stopped a few days ago, and I’ve tried resetting both the TV and the router.",Network Issue
My colleague mentioned they can’t access our cloud applications. Could it be a problem with our router settings or something with the internet service provider?,Network Issue
My photo editing app runs super slow after the last patch. Is there a way to optimize its performance without losing my work?,Software Issue
"I'm unable to access the corporate VPN, and I've followed all the troubleshooting steps provided. The error persists and I can't determine the cause.",Network Issue
Is there any chance you could add more filters to the reporting tool? My department needs to analyze data in different ways.,Feature Request
"It seems like the laptop's hinges are broken because the screen wobbles a lot. Is there a way to fix it, or will I need a replacement?",Hardware Issue
"I hit the wrong button on my keyboard, and now everything looks different. Can someone explain how to reset the settings?",User Error
It would be really useful if we could have a mobile app for the service. Being able to access it on the go would increase our productivity.,Feature Request
"We’re having issues with the smart devices in our home; they keep losing connection to the Wi-Fi. I’ve rebooted everything, but the problems persist. Is there something I'm missing?",Network Issue
Can we get a notification feature for updates? Sometimes we miss important changes to the system and it causes confusion.,Feature Request
"Can you help? The app used to work perfectly, but now it won't open at all after the last update. This has been really inconvenient.",Software Issue
"My friend told me to reboot my phone to fix an issue, but I didn’t save my work before restarting it, and I lost everything. What should I do?",User Error
"I received a notification about a software update, but I dismissed it thinking it would come back later, and now I can't find how to trigger it again.",User Error
"The printer is refusing to print anything. I've checked the paper and the ink, but I think I might just be pressing the wrong button to start it.",User Error
"I was trying to update the software on my laptop, but I think I accidentally closed the installation window. Now, it just won't open the program at all.",User Error
"After a recent update, my laptop's battery drains way faster than before. It used to last for hours, but now it barely holds a charge. What can I do about it?",Hardware Issue
I noticed that other software offers the ability to integrate with third-party apps. That would really save us time and streamline our processes if it were available here.,Feature Request
"The battery in my tablet doesn’t hold a charge anymore, even after leaving it plugged in overnight. Can this be replaced?",Hardware Issue
Can someone explain how to restore previous versions of files in the editing software? I accidentally deleted something I need.,Software Issue
"I'm trying to add an SSD to my PC, but I'm having trouble connecting it properly. Can someone provide guidance on how to install it correctly?",Hardware Issue
I think adding keyboard shortcuts could really improve productivity for users who rely heavily on the software.,Feature Request
"I can’t charge my tablet; the charging port feels loose and sometimes doesn’t connect properly. I’ve used different cables and chargers, but the issue remains.",Hardware Issue
"My laptop won't turn on at all, I've tried charging it for hours and pressing the power button multiple times but nothing happens.",Hardware Issue
"I recently moved my router to a different location, and now the connection is inconsistent. Should I adjust the antenna positioning or check for interference?",Network Issue
"I think it would be really helpful to have a built-in tutorial or guide for new users. Navigating the interface can be a bit overwhelming at first, and a step-by-step guide could really help ease that process.",Feature Request
"I'm having trouble with the application crashing every time I try to open a new project, can you help?",Software Issue
"I keep getting a pop-up that says 'update required' but when I try to update, it says there's no new version available. What should I do?",Software Issue
"I dropped my tablet and now the screen is cracked. Is there anything I can do to fix it myself, or should I take it in for repair?",Hardware Issue
"I'm getting a message that says `Unable to reach the DNS server`. I've tried restarting my modem and checking the connections, but it doesn't seem to be helping. What should I do next?",Network Issue
"Every time I launch the program, I get an error message saying that it can't find a file. What should I do?",Software Issue
"My printer won't connect, and I've tried changing the USB cable but still no luck.",Hardware Issue
"I have a desktop setup and one of the USB ports isn't working. I've plugged in other devices and they work fine in other ports, so it must be this one that's malfunctioning.",Hardware Issue
Could you explore the possibility of adding a feature that allows us to tag and categorize our files for easier searching? That would be super useful!,Feature Request
My monitor keeps flickering and I can’t figure out why. Please help!,Hardware Issue
Is anyone else experiencing issues with the new version of the spreadsheet application? It's lagging a lot and I can't get my work done.,Software Issue
The battery life on my tablet has drastically reduced over the last few weeks. It's barely lasting a couple of hours anymore. What steps can I take to improve it?,Hardware Issue
"Whenever I launch my editing software, it gives me an error code that doesn't appear in the help section. What should I do?",Software Issue
"Every time I try to save my work, an error pops up saying 'access denied'. What am I doing wrong?",User Error
I noticed that some of my colleagues are unable to connect to the office Wi-Fi today. Is there a way to check if there's an outage?,Network Issue
"I was following the instructions to set up the new feature, but I think I missed a step. Can you guide me through it again?",User Error
I was wondering if there’s a plan to implement a mobile version of the software? Being able to access it on the go would be a game changer for our productivity.,Feature Request
One thing I noticed is that the report generation could use more filter options. Being able to choose date ranges or specific data sets would really enhance usability.,Feature Request
"The internet is really slow today, and it's affecting my ability to work from home. I need help figuring out if it's a problem with my router or something else.",Network Issue
"I’m trying to set up a guest network for my visitors, but I can’t find the option in my router’s settings. Is there a way to do this?",Network Issue
"Is there any possibility of having a more flexible scheduling feature for tasks? Right now, it feels pretty rigid and doesn't adapt to varying workloads.",Feature Request
The ability to customize dashboard layouts would be a fantastic addition! It would help users tailor their workspace to their preferences.,Feature Request
"My computer crashed while I was using the accounting software, and now it won't open at all. I’m not sure what to do next. Any suggestions?",Software Issue
"The monitor keeps flickering and sometimes it just goes black. I've tried switching the cables, but it still happens intermittently. Can you assist me?",Hardware Issue
"I tried to stream a video but it keeps buffering endlessly. My router seems fine, but I'm not sure if there's an issue with the service.",Network Issue
I really think it would be beneficial to have the option to export reports in different formats like CSV or PDF. It would save a lot of time!,Feature Request
Is there any way to improve my connection speed? I notice that it slows down significantly during peak hours in my area.,Network Issue
I'm trying to stream a video but it buffers constantly. Is this an issue with our bandwidth? or something else?,Network Issue
"I forgot my security question answers for my email, and now I can't reset my password. What’s the best way to recover my account?",User Error
My keyboard has some keys that are sticking and they don’t respond well when I type. Should I try cleaning it or is it time to get a new one?,Hardware Issue
"My colleagues have told me they're having issues accessing shared drives, could this be related to our network settings? What should I do next?",Network Issue
"After switching to a new ISP, my download speeds are much slower than they were before. I've tried resetting my modem and router multiple times, but nothing changes. What could be wrong?",Network Issue
I’d really love it if there was a mobile app version of the software. It would be awesome to have access on-the-go without needing a computer.,Feature Request
"We could really use a notifications feature that alerts us when specific actions occur within the application, could this be added?",Feature Request
"My laptop's screen is flickering, and I can't read anything properly. I think there might be something wrong with the display.",Hardware Issue
There are frequent disconnections happening during video calls. I think it's something to do with the Wi-Fi signal dropping randomly while I’m in the meeting.,Network Issue
Can we get the ability to create sub-tasks within projects? It’d help in managing larger tasks more effectively and keep everything organized.,Feature Request
"After I installed the latest update, my desktop is unable to connect to the local network, even though the settings appear correct. What should I do?",Network Issue
I keep getting an error message when I try to open the application. It says something like 'unable to load configuration'. What does that mean?,Software Issue
"I'm confused about how to enable the new functionalities that were announced recently. The instructions aren't clear, and I can't seem to find the settings anywhere.",Software Issue
"While streaming a video, my connection keeps buffering, and it says I'm having issues reaching the server. Is this something that can be fixed from my end?",Network Issue
It would be helpful to have a built-in tutorial for new users explaining the key features of the software when first launched.,Feature Request
"I am trying to set up my email account on my phone, but I keep entering the settings wrong. Is there a guide for this?",User Error
Is there a way to improve the range of the Wi-Fi in my house? I have areas that just don't get enough signal and I'm struggling with streaming.,Network Issue
I updated the settings on my device and now the screen is stuck. I wonder if I should have reset it after changing things?,User Error
I can't confirm if my VPN is set up correctly because I keep getting error messages when I try to connect. Is it an issue with my network settings?,Network Issue
Does anyone know how to recover lost files after a software update? I can't find my documents anywhere and I desperately need them back!,Software Issue
I clicked on the wrong link in the email and now my browser is acting weird! I don't know how to get back to normal. Can you assist me with this?,User Error
Can you check if there's an outage in my area? I've been unable to load any webpages for the last hour and it's really holding up my work.,Network Issue
"I'm really hoping that in the next update, we can have an integration with third-party apps for better automation.",Feature Request
I've spoken to a few clients who are asking for more advanced filtering options in the data management tool. That could enhance their experience significantly.,Feature Request
I recently came across a competitor's software that has a fantastic tagging system for organizing projects. It would be awesome if we could implement something similar.,Feature Request
"I'm having trouble accessing cloud services from my office. It seems like an issue with our firewall, but I'm not sure how to pinpoint the exact settings that might be blocking traffic.",Network Issue
"My coworker's computer is saying it can't find the server, but mine is working fine. What's going on?",Network Issue
"I was trying to connect my laptop to the Wi-Fi, and I entered the wrong password, now it’s saying I’m blocked. Can you tell me how to fix this?",User Error
"I’m trying to install the new plugin for the software, but it keeps saying that it’s incompatible with my version. What should I do?",Software Issue
My graphics editing software isn't responding the way it used to. It freezes every time I try to open an image. What steps should I take to troubleshoot this?,Software Issue
I noticed that there's no option for managing user roles directly from the admin panel. It would be helpful to have that added.,Feature Request
"My desktop won't turn on at all after a power outage. I've checked the power supply, but nothing seems to work. What next?",Hardware Issue
"My desktop PC suddenly stopped recognizing USB devices. I’ve tried different ports, but the issue persists. Should I be concerned about the motherboard?",Hardware Issue
"The keyboard on my laptop is unresponsive in certain areas. I tried cleaning it out, but it didn't help. Could this be a connectivity issue?",Hardware Issue
I keep getting an error message when I try to save my work and I can't figure out what's wrong. Is there a specific format I should use for the file?,User Error
"The new features in the latest version of my design software are not working as intended, and I can't figure out why. Is there a community forum where I can ask for help?",Software Issue
"Ever since I installed the latest patch, my productivity tool has been slow and unresponsive. I can't get any work done! What can I do?",Software Issue
It would be great if we could have an option to customize the dashboard view according to our preferences instead of having just the default settings.,Feature Request
The keyboard on my laptop has started to malfunction: some keys don't respond at all while others type multiple characters. Should I be looking for a replacement?,Hardware Issue
"I accidentally deleted the configuration file for my application, and now it won't start at all. What steps should I take to restore it?",Software Issue
"My screen keeps going blank when I close my laptop, even though I thought I set it up to sleep instead. How do I fix that?",User Error
"I tried to connect my laptop to the projector, but it just keeps showing a blank screen. I think I hit the wrong button or something.",User Error
"It would be useful if the system could support multi-language options, especially for our international clients.",Feature Request
My team is facing issues with accessing shared drives over the VPN; can you help troubleshoot the connection problems?,Network Issue
"My gaming console started overheating after just a couple of hours of use. It's never done this before, and I’m concerned it might be a hardware defect.",Hardware Issue
Is it possible to add keyboard shortcuts for common tasks in the app? I find myself doing repetitive actions and it slows me down.,Feature Request
I can't access some websites and it says there’s a DNS error. Should I change my DNS settings or is it a bigger issue?,Network Issue
"Is there a way to diagnose if the problem lies with my ISP? My internet speed has been abysmally slow, and I’ve already checked all my internal connections. What steps can I take to confirm?",Network Issue
Is there any way to roll back the recent update? It seems like a lot of features I used are now missing from my software.,Software Issue
"After the last update, I can no longer connect to our VPN. Is it a problem with the network?",Network Issue
It would be super helpful if we could have a bulk upload function for our documents instead of doing it one by one.,Feature Request
Could you check if there are compatibility issues with the latest OS update? I've been unable to run the software smoothly since the upgrade.,Software Issue
"I'm having trouble accessing certain websites, while others load perfectly fine. I suspect it might be a blocking issue at the network level. Can you help me figure it out?",Network Issue
"I've noticed that my printer isn't responding to any commands from my computer lately. I've tried restarting both devices, but nothing seems to work. What should I do next?",Hardware Issue
"I thought I had deleted the app, but it’s still showing up on my home screen. How do I properly uninstall it?",User Error
The password manager I've been using stopped syncing with my browser. I checked the settings but nothing seems to solve the problem. Any suggestions?,Software Issue
I keep getting an unexpected token error when I try to run my program. Is there a way to debug this without looking at all the code line by line?,Software Issue
"The image editing software just hangs when I try to apply filters. I've checked my system specs, and everything seems adequate. What now?",Software Issue
I noticed that my accounting application only shows blank reports after the last update. Is there a fix for this?,Software Issue
Could you guys consider adding multi-language support? It'd be super helpful for our international clients and improve their experience with the software.,Feature Request
"I can't access the shared drive in my office. It was working earlier today, but now it says the server is unreachable. Any ideas?",Network Issue
"I can't connect to the VPN service. It was working fine yesterday, but now it shows an error message about network failure. Can you help?",Network Issue
I'm having this weird issue where the program doesn't recognize any of my commands anymore. It was working perfectly before the last upgrade!,Software Issue
"I just bought a new printer, but it's not connecting to my computer. I can’t seem to get it to print anything. What should I do?",Hardware Issue
"I accidentally uninstalled my graphic design software, and now I can't figure out how to reinstall it without losing my presets.",Software Issue
I set up the new router but it's not connecting. Did I do something wrong with the setup instructions?,User Error
The program keeps freezing when I try to open a specific file type. This has been frustrating because I need to complete my project by tomorrow.,Software Issue
I forgot my username for the software and tried multiple combinations. How do I go about retrieving it without locking myself out?,User Error
"Since the last patch, the app has been lagging severely and I'm getting error messages whenever I try to save my work. It’s super frustrating!",Software Issue
It would be super helpful if there was an option to create templates for recurring reports. This would save us a ton of time each month.,Feature Request
Could you please look into the possibility of incorporating a bulk upload feature? It would save us a lot of time when managing our files.,Feature Request
I keep pressing the wrong function key on my keyboard and it changes my settings every time! Can anyone help me remember the right key to use?,User Error
It would be awesome if we could have keyboard shortcuts for frequently used actions in the application. It would definitely speed up our workflow!,Feature Request
"There seems to be a lag when I'm working from home. I’ve rebooted my router and checked for any interference, but I’m still facing issues while streaming.",Network Issue
"My project file keeps getting corrupted, and I can't figure out why. Is there a way to recover it? I really need that data for my presentation.",Software Issue
"After switching to a new ISP, I can’t seem to reach some websites. Is there an issue with the DNS settings that I need to check?",Network Issue
"I installed the new version of the accounting software, but I can't find the report generation feature. Is it hidden somewhere?",Software Issue
"Every time I attempt to copy a file to my USB drive, it says the disk is write-protected. I have no idea what that means!",User Error
"I installed a new graphics card, but now the screen is flickering constantly. I don't know if it's compatible with my system.",Hardware Issue
"I bought a new printer, and it won't connect to my computer. I've followed all the instructions, but it keeps showing as offline. What could be wrong?",Hardware Issue
"The battery in my tablet drains too quickly, and it gets really hot during charging. Is there a way to fix this or do I need a replacement?",Hardware Issue
The printer is making a strange grinding noise and won't print anything. Can this be fixed?,Hardware Issue
I keep clicking on the wrong button when trying to navigate the software help menu. It's so frustrating!,User Error
"I thought I had set the right permissions for the shared document, but my colleagues can't access it. How do I double-check that?",User Error
"My computer keeps saying there's no internet connection, but I swear I can see the Wi-Fi symbol on the screen. What am I missing?",User Error
"Why can’t I connect to the online game? I’ve checked my settings and even restarted my device, but it seems like it’s a connection problem.",Network Issue
"Ever since I installed the new accounting software, it crashes whenever I try to generate reports. What should I do?",Software Issue
I tried to save my document but somehow it disappeared. Can you help me recover it?,User Error
"The display on my laptop has lines running through it, and it’s getting worse. I’m not sure if it’s a cable issue or if the screen itself is damaged. How can I tell?",Hardware Issue
"I think I messed up the configuration for my printer. No matter how I try, I can't get it to connect to my laptop anymore!",User Error
"I recently upgraded my graphics card, but now I can't get any signal to my monitor. The fans are spinning, but I wonder if the card is properly seated or if there's a compatibility problem.",Hardware Issue
"My external hard drive isn't being detected by my computer. I've tried it on other devices, and it seems to work there, so I'm not sure what’s up with mine.",Hardware Issue
"I'm having issues with my desktop computer. The mouse and keyboard are not responding, and I'm not sure if it's a connection problem or something wrong with the ports themselves.",Hardware Issue
I keep getting a pop-up saying I need to upgrade my license to continue using the features of my software. I'm not sure what to do.,Software Issue
The scanner won't pick up any documents and shows an error message that I can't understand. It's really frustrating!,Hardware Issue
"After installing the latest version of the software, I'm unable to access certain features. It seems like a glitch. Can you help?",Software Issue
"The latest update seems to have broken the functionality of the tool, specifically the export feature. It won't let me save files anymore.",Software Issue
"I think there's an issue with our office network. Several employees are reporting that their emails aren't syncing, and we can't access the intranet.",Network Issue
I keep getting a prompt that says 'invalid license key' when I open my software. I thought it was activated already?,Software Issue
"Can you explain why my video call keeps lagging? It only happens during peak hours, and I suspect it has something to do with the network bandwidth.",Network Issue
"I cannot find my documents, they used to be in my downloads folder, but I might have accidentally moved them or deleted them, what should I do?",User Error
I was trying to change my profile picture but it still shows the old one even after I uploaded a new one. Did I do something wrong?,User Error
"I just installed the latest update, and now my application is running into compatibility issues with other tools I use regularly. What can I do to troubleshoot this?",Software Issue
"Can you explain why the project management tool keeps logging me out? I have to log in every few minutes, which is getting really frustrating. Is this a known bug?",Software Issue
"I’ve noticed that when I try to download files, the speed is extremely slow. I've reset my modem, but it didn't help. What else can I try?",Network Issue
"I tried to make a video call, but I didn’t realize my camera was blocked by tape. Everyone was wondering why they couldn’t see me!",User Error
Can you help me? My graphic design program won't start at all and I've uninstalled and reinstalled it multiple times already.,Software Issue
"I am having issues with the new update that's supposed to improve functionality. It seems more complicated than before, and I'm missing some old features.",Software Issue
I noticed that the cooling fan for my CPU is making a weird noise and it’s not spinning as fast as it used to. Is this a sign that it needs to be replaced?,Hardware Issue
I turned on my laptop today and the screen is completely black. I can't see anything at all. I tried connecting it to an external monitor but that didn't work either.,Hardware Issue
"After I upgraded my RAM, my computer crashes whenever I start a game. Could it be incompatible with the new setup?",Hardware Issue
"The mouse isn't responding, but I realized I forgot to plug it in. Can I fix that without a tech support call?",User Error
"I keep receiving error messages about permissions when trying to access certain functions. This started happening out of nowhere, and I'm not sure how to fix it.",Software Issue
"I can hear a clicking noise from my hard drive, and I'm worried that it might fail soon. What should I do?",Hardware Issue
I'm having trouble with my Bluetooth speaker; it connects to my phone but the sound quality is terrible. Could there be a defect in the speaker itself?,Hardware Issue
"When I try to connect to the company Wi-Fi, I receive an error message that says 'Network Unreachable.' What does that mean?",Network Issue
I think there's a bug in the new version of our CRM software. It doesn't save my changes when I'm adding client information and it's really frustrating.,Software Issue
I tried to merge two files but I think I missed a step because it didn’t work like I expected. Can you help?,User Error
It would be awesome if we could integrate a calendar feature directly into the application to keep track of deadlines and appointments.,Feature Request
"Every time I turn on my gaming console, it freezes on the logo screen. I’ve tried resetting it, but that hasn’t helped. Could this be a hardware failure?",Hardware Issue
Is there a chance we could get a notification system for updates? It’s challenging to keep up with new features and improvements unless we check manually. A pop-up notification would be awesome!,Feature Request
I was trying to update my profile information but the changes aren’t saving. Could I be missing a step?,User Error
"I can see my Wi-Fi network, but my laptop won’t connect. It keeps asking for the password, even though I’m sure I’m entering it correctly.",Network Issue
"My printer keeps jamming every time I try to print, and it looks like the rollers are damaged. Is it possible to replace them?",Hardware Issue
"I can't seem to log in to my account, I thought I was entering the right password, but it won't work!",User Error
"I misconfigured the settings on my email client and now nothing syncs. I thought I was making it better, but I guess I just messed it up. What should I do?",User Error
"I attempted to swap out my router for a newer model, but now my WiFi keeps dropping and devices can't seem to connect consistently. What could be wrong?",Hardware Issue
My computer is running slow ever since I installed that last app. Is there a way to fix this without reinstalling everything?,Software Issue
"Ever since I dropped my tablet, the screen has been cracked and it doesn't respond to touch anymore. Do you think it can be fixed?",Hardware Issue
"There's a recurring authentication error when I try to access my cloud storage from my desktop application. My credentials are correct, but the app says they're not. What could be wrong?",Software Issue
"I thought I backed up my files, but I can't find them anywhere. Did I forget to do it?",User Error
"I'm trying to run a backup on my cloud storage service, but it keeps failing with a 'sync error' notification. I'm not sure what the issue might be. Help!",Software Issue
"I was trying to install a new software package but I clicked on the wrong option during setup, now it’s all messed up, what should I check?",User Error
"My laptop shows that it's connected to the Wi-Fi, but I can't access any websites. I’ve already rebooted my router, but it didn’t help at all.",Network Issue
I believe the charger for my phone is defective because it only charges when I wiggle the cable. Is there a way to check if it's just the cable?,Hardware Issue
"After installing the new version of the software, I can't find the feature that used to be there. It was really useful for me, and now it's just gone. Can you help?",Software Issue
I can't seem to get the new version of the software to recognize my device. It keeps throwing an error message that I can't figure out how to resolve.,Software Issue
Can you please look into implementing a multi-language support feature? It would be great if we could switch between English and Spanish without having to change the settings completely.,Feature Request
"My computer keeps shutting down unexpectedly, and I found out that the fan is not working properly. Can you help me figure out if I need a new cooling system?",Hardware Issue
Can you help me? I signed out of my email accidentally and now I can't remember my password.,User Error
"I'm receiving error messages when trying to run a specific program, it's really frustrating! Any ideas on how to troubleshoot this?",Software Issue
There’s a strange smell coming from my PC. I’m worried that it might be overheating or that there is a problem with the power supply unit.,Hardware Issue
Is there a chance we could add a notification system for when specific tasks are due? It would keep our team on track and accountable.,Feature Request
"The sound system I installed is not producing any sound at all, even though it’s properly connected. I’ve checked the settings and everything seems fine on my end.",Hardware Issue
"I recently switched versions of my design software, and now some features I relied on aren't available anymore. Is there an alternative way to access those functions, or are they permanently removed?",Software Issue
I keep trying to log into my account but it says my credentials are incorrect. Am I entering them wrong?,User Error
I would love it if the printer had an option for double-sided printing by default—would save paper and be more eco-friendly!,Feature Request
"The email client on my computer is sending emails to the wrong recipients. This has happened multiple times, and I suspect it might be a glitch. Any suggestions on how to fix this?",Software Issue
I was using the remote desktop feature and suddenly lost the connection. Maybe I clicked something without realizing it?,User Error
The new version of the music editing software is crashing whenever I try to apply effects. Is there a known bug or fix for this? I can't complete my project as it is.,Software Issue
"Every time I try to connect to the Wi-Fi, I forget the password and I’ve been locked out again! How can I reset it?",User Error
"My laptop is running a specific accounting software, and it freezes whenever I try to generate a report. This has caused me to lose significant data. What can I do to resolve this?",Software Issue
I can't seem to locate the print option in this document viewer.,User Error
"My laptop keeps crashing every time I run the software, but I'm not sure if I have the right version installed.",User Error
"I recently replaced the battery in my laptop, but now it won't hold a charge at all. It only works when plugged in, and I'm not sure if the replacement was faulty or if something else is wrong.",Hardware Issue
"The website keeps saying my email is already in use, but I haven't created an account. I was trying to sign up for the newsletter, but I think I might have made a mistake typing the address.",User Error
"Help! I cannot connect to the internet at all. I've checked the cables and restarted my modem, but nothing seems to work. Any ideas?",Network Issue
"I tried to update the app, but it keeps crashing. I think I might not be following the right steps on how to do it. Can you help?",User Error
"I think having a dark mode option would really help reduce eye strain, especially during late-night work sessions.",Feature Request
"The update for the operating system is causing my computer to freeze intermittently, making it impossible to work. I'm not sure how to roll back to the previous version.",Software Issue
"The application isn't syncing with my cloud storage anymore. I've checked the settings, and everything seems fine on my end. What could be causing this?",Software Issue
"I tried to access the shared drive, but I keep getting an error about the server being unreachable. This started happening out of nowhere, and I need those files urgently!",Network Issue
"I can't seem to find the button to start the printer, could someone help? I'm not sure if I’m looking in the right place.",User Error
Could you implement a way to create templates for repetitive tasks? It would streamline our workflow significantly.,Feature Request
My video editing software is showing a weird error message about missing codecs after I updated my OS. How do I fix this?,Software Issue
"I noticed that streaming services are buffering constantly. I suspect it might be a problem with our bandwidth limit from the ISP, but I’m not sure how to check that.",Network Issue
"I just replaced the RAM in my laptop, and now it won’t even power on. The lights flash, but nothing happens. Did I do something wrong?",Hardware Issue
"The printer keeps giving me an out of paper error, but I just filled the tray. It sounds like it's trying to pull the paper but fails every time.",Hardware Issue
It would be great if you could include an option to schedule automatic backups in the software. I think that would make it much easier for users to keep their data safe without having to remember to do it manually.,Feature Request
It seems like my spreadsheet program is freezing up whenever I try to open certain files. I really need to be able to access them for my project. Can you assist?,Software Issue
"I just installed a new plugin in my content management system, and now the whole dashboard is unresponsive. Could it be a compatibility issue?",Software Issue
I'm getting consistent timeouts when trying to access the company VPN. Can you help me figure out what's going wrong?,Network Issue
I’ve been getting frequent pop-ups on my editing software that say it’s encountering problems and needs to close. It’s disrupting my workflow a lot. Any ideas on how to handle this issue?,Software Issue
"After the latest patch, I'm experiencing frequent error messages while trying to run the software. It’s really frustrating because I rely on it for my daily tasks. Any fixes?",Software Issue
I noticed that there's no option for exporting reports in PDF format. This would be a really useful feature for many of our clients who need to share their findings easily.,Feature Request
"I’ve been thinking, could we possibly get more notification settings? It would be good to have control over what alerts we receive and how often.",Feature Request
"I just bought a new printer, but it's making a strange noise and won't print anything. I think it might be defective.",Hardware Issue
It would be helpful if we could set reminders for upcoming deadlines directly within the application. A simple notification feature would make it easier to manage tasks.,Feature Request
"I'm trying to play a game online, but I keep getting disconnected every few minutes. It's really frustrating! Is there a way to stabilize my connection?",Network Issue
I really think it would improve user experience if there was a way to customize the dashboard layout. It would make finding the relevant data quicker!,Feature Request
"I tried to connect to the Wi-Fi, but I think I entered the password incorrectly. What should I do to fix this without resetting everything?",User Error
"My printer keeps jamming every time I try to print a document. I've tried adjusting the paper tray, but it still doesn't work right. What should I do?",Hardware Issue
It would be super useful to have a keyboard shortcut for frequently used functions in the software; it would save a lot of time.,Feature Request
"My download for the new application keeps failing halfway through. Is there a specific reason this might be happening, or is there a setting I need to adjust?",Software Issue
I really think it would be beneficial if you could add a notification system for software updates. It can get really confusing without one.,Feature Request
"The gaming console keeps making a strange clicking noise when I try to power it on. I'm worried something might be broken inside, but I don't know how to check it.",Hardware Issue
I entered the wrong settings in the configuration menu and now my application won't start. How can I fix this?,User Error
"I filled out the form incorrectly and now I can't submit it, but I don’t know how to fix the errors that popped up.",User Error
"The installation of the latest graphics driver didn't go as planned, and now my applications won't start.",Software Issue
"When I tried to change the settings on my app, I must have pressed something wrong because now it won't open.",User Error
"My VPN isn't connecting properly. It keeps saying that it’s unable to find the server. What can I do to resolve this? I rely on it for my work, and it's urgent!",Network Issue
Can we have a mobile version of the platform? Many users are asking for it so they can access it on the go.,Feature Request
"I noticed that the second monitor I connected isn't recognized by my system. I have checked the cables and ports, are there any other troubleshooting steps I can take?",Hardware Issue
One thing I’d love to see is the ability to set recurring tasks and reminders. This would help a lot in managing our monthly reports.,Feature Request
"I thought I was connected to Wi-Fi, but it turns out I wasn't. I'm not sure what went wrong.",User Error
"I just updated my software to the newest version, but now it won't launch at all. I really need to access it for my work.",Software Issue
"My antivirus keeps flagging the software as dangerous, but I'm sure it's safe. Can someone explain how to whitelist it properly?",Software Issue
Any plans to introduce keyboard shortcuts? It feels like navigating through menus is slowing us down significantly during heavy use.,Feature Request
I keep getting a message saying I'm unable to reach the server. Is there a way to troubleshoot this? It’s happened a few times today already.,Network Issue
Can we have an option to preview documents before sharing? That would help ensure we’re sending the correct versions to clients.,Feature Request
The latest update caused my editing software to crash unexpectedly.,Software Issue
"I updated my operating system, and now my favorite program isn't working properly. It just freezes when I try to use it!",Software Issue
Can someone help? My word processor is giving me a 'file not found' error even though the file is there.,Software Issue
I was wondering if my ISP is having problems? I've noticed that all devices in my house are having trouble connecting to the internet. It's been like this for over an hour.,Network Issue
I keep losing my internet connection every few minutes and it's really frustrating because I need to work from home.,Network Issue
I just set up a new office and the Ethernet ports aren't working. I tried different cables but no luck!,Network Issue
"I tried to download the latest version of the editing tool, but it says my OS is incompatible. What are my options for this?",Software Issue
I thought I was connected to the right network but I still can't access the internet. Did I miss entering a password or something?,User Error
"The new user interface in this application is confusing, and it's made it difficult for me to navigate my tasks efficiently. Can someone help me?",Software Issue
"My colleague and I can’t seem to share files over the company network. It worked last week, but now it just times out every time we try to connect.",Network Issue
"I don't understand why my printer isn't responding. I think I might have selected the wrong printer from the list, but I'm not sure how to change that.",User Error
I've been entering the wrong address in the network settings—no wonder I couldn't connect to the internet earlier!,User Error
It would be great if you could add a dark mode feature to the application for easier nighttime use.,Feature Request
I accidentally dropped my tablet and now the screen is cracked and unresponsive. Is there any way to fix this without replacing the whole device?,Hardware Issue
"I was trying to save my document, but I accidentally pressed 'Delete' instead of 'Save'. I can't believe I did that!",User Error
"The monitor flickers and goes blank whenever I try to change the resolution settings. It's making it impossible to work, and I think it might be an issue with the monitor itself.",Hardware Issue
"I need help with the spreadsheet, but I accidentally changed all the formulas and now they don't work. What did I do?",User Error
"After switching to a new modem, I haven’t been able to connect to my VPN. It keeps dropping off.",Network Issue
"My keyboard has started to malfunction; certain keys aren't responding at all. I've tried cleaning it, but I think I might need to replace it. What do you think?",Hardware Issue
"I wish there was an option to automate report generation. Manually creating reports takes too much time, and automation could save us a lot of effort.",Feature Request
I've noticed that many users are looking for a way to integrate our software with third-party tools. Would it be possible to include some API support?,Feature Request
"Can someone assist me? The graphic design program is freezing every few minutes, making it impossible to get any work done. Is there a patch or something I can download?",Software Issue
Could you consider enabling voice commands? It would streamline our workflow and make it more accessible for everyone.,Feature Request
The fan in my computer is running really loudly and constantly. I'm worried it might be overheating. What should I check?,Hardware Issue
"I recently upgraded my computer's RAM, but now it keeps crashing during heavy use. Was there something I did wrong, or is there a compatibility issue?",Hardware Issue
"The monitor is flickering constantly, and it's becoming really hard to work. I've tried connecting it to a different computer, and it still flickers.",Hardware Issue
I keep getting an error saying 'file not found' when I know I saved it in the right folder. I must have clicked on the wrong thing earlier when I was navigating.,User Error
My software keeps giving me a blue screen error during startup—any ideas on how to troubleshoot this? I’ve never experienced something like this before.,Software Issue
"I'm trying to upload the files, and I think I might be dragging them into the wrong folder. Can you show me the right procedure again?",User Error
My application keeps crashing and I think it’s because I wasn't following the installation steps correctly. What should I do now?,User Error
It would be fantastic if there was an option to set recurring tasks; I'm having to manually enter them and it's a bit of a hassle!,Feature Request
I'm having trouble installing the latest update for my application; it keeps giving me an error message that says 'installation failed'. Can you help?,Software Issue
"Every time I try to send an email, I forget to attach the file and have to resend it. Can anyone remind me how to make sure I attach files before hitting send?",User Error
"I was trying to connect to the company VPN, but I can't remember if I need to use a specific protocol or not. Can you confirm what I should be using?",User Error
I keep submitting the form online but I think I'm not filling out the required fields correctly. Can someone walk me through it?,User Error
I tried updating the software but I did it in a rush and now it won't open at all. Maybe I skipped some steps?,User Error
I entered the wrong password too many times and now I can't log in! What do I do?,User Error
"I received an alert that my IP has been flagged by the system, which is preventing me from logging in. What steps can I take to resolve this connectivity issue?",Network Issue
I noticed that my applications are lagging and some web pages aren’t loading. Is there something wrong with the connection? I can still see all the lights on my router are on.,Network Issue
"I changed the power supply unit in my PC, and now the computer won't turn on at all. Are there any specific checks I need to perform on the PSU?",Hardware Issue
The webcam on my laptop stopped working after the last system update. I’m not sure if it’s a software thing or if the camera itself is broken. Can you help?,Hardware Issue
"After upgrading to a new graphics card, my system won’t boot properly. I’ve reinstalled the old one, but it still won’t start. What could be wrong?",Hardware Issue
I'm really hoping you can add a dark mode option to the app; it would make using it at night so much easier on my eyes.,Feature Request
I thought I was running the right software version but somehow my application keeps crashing. Are there additional settings I need to configure?,User Error
"I tried to update the software but I think I didn't have enough disk space, and now it won't open at all! How can I get it back?",User Error
"I think adding a function that allows us to export reports as PDFs would be money. Right now, we have to take extra steps to make it work, which is a bit annoying.",Feature Request
"Can we think about making an API available for our software? This way, other platforms could integrate with our tool more seamlessly.",Feature Request
Implementing a feedback system within the application might help your team gather user suggestions in real-time and improve user experience.,Feature Request
I was wondering if there's any plan to allow users to create custom templates for projects. This would speed up our workflow significantly!,Feature Request
"The application keeps crashing whenever I try to save my work, I'm not sure if I'm missing any updates or what.",User Error
"I think I installed the wrong version of the software, and now it won't function properly. What should I do?",User Error
"When I use the search function, it seems to be showing outdated results. Am I using the tool wrong?",User Error
"I believe an auto-save function would be a great addition to your platform. Sometimes I forget to save my progress, and it can be frustrating!",Feature Request
"I keep clicking the print button, but nothing happens. Maybe I'm not connected properly?",User Error
"I think it would be great if we could have a way to customize the dashboard layout according to our preferences, like dragging widgets around. That would improve usability significantly!",Feature Request
"I tried to connect my new printer, but it's not showing up on my laptop. Am I missing a step? I'm not sure what I'm doing wrong.",User Error
"I've been having trouble with my VPN connection dropping intermittently. It worked perfectly last week, but now I can't stay connected long enough to finish my work. Any ideas?",Network Issue
Could you add an option to customize the dashboard layout? It would really help us organize our work better.,Feature Request
"Can you help me? I accidentally deleted the main config file for the software, and now I can't launch it at all. Is there a way to retrieve it?",Software Issue
"The keyboard is acting up; some keys aren't responding, and it's really frustrating. I've tried cleaning under the keys, but it didn't help.",Hardware Issue
"My laptop won't turn on at all. I've checked the power cable and the battery, but nothing seems to work.",Hardware Issue
"The external hard drive I use for backups has suddenly stopped being recognized by my laptop. It worked fine yesterday, and now I can’t access my files.",Hardware Issue
"Ever since updating our office routers, some devices have been unable to connect. I'm not sure if it’s a compatibility issue or something else; could you please provide some advice on how to fix this?",Network Issue
I’ve been experiencing issues with my graphics card; it's not rendering images properly in games. Could it be failing?,Hardware Issue
I dropped my tablet and now the screen is flickering and sometimes not responding to touches. What are my options for getting it fixed?,Hardware Issue
I am unable to access my cloud storage through the application on my desktop. It keeps saying 'authentication failed' even though my login credentials are correct. What could be causing this?,Software Issue
I'm encountering an error when trying to install the latest version of the application; it keeps crashing mid-installation.,Software Issue
I accidentally deleted an important file while trying to organize my documents. Is there a way to recover it?,User Error
"The monitor connected to my workstation is flickering intermittently. I've tried different cables, but the issue persists. Could it be the graphics card?",Hardware Issue
Is there any chance you might add a tool for generating reports directly within the application? That would save a lot of time!,Feature Request
Can you look into the possibility of integrating a voice command feature? It would be a game changer for accessibility and could really streamline workflow for many users.,Feature Request
Can we have a feature that allows us to easily back up our files to the cloud? It would save a lot of time and hassle.,Feature Request
"Is there any chance we could add a dark mode feature? I've seen it in other applications, and it would help reduce eye strain during long hours of work.",Feature Request
I've noticed my laptop fan running really loudly and the device overheating. Is there a way to fix this or is it a serious problem?,Hardware Issue
"Could you help me with my VPN? It's not connecting properly, and I need it for work as soon as possible.",Network Issue
"I tried updating my application, but it keeps crashing whenever I try to open it.",Software Issue
"After the last update, the software I use for budgeting won't open at all. It used to work perfectly before that. What can I do to fix it?",Software Issue
Wouldn’t it be beneficial to implement a tagging system for files? That feature could significantly improve our file organization.,Feature Request
"I can't get my gaming console to connect to the TV anymore. The HDMI port seems loose, and I think it might need replacing. Can you check that out?",Hardware Issue
The laptop hinge is broken and the screen won't stay up. It's really frustrating because I need it for work. What are my options for repair?,Hardware Issue
"Every time I try to save my document, it says there’s an error, but I think I might just be forgetting to click the right save option.",User Error
"My app keeps crashing whenever I try to open it, can someone help me fix this?",Software Issue
"I can't seem to figure out how to update the app, I thought I did it correctly but nothing changed.",User Error
Can we have an integration with third-party tools? It would really enhance the functionality of our workflows if we could connect it with our existing software.,Feature Request
Can you walk me through checking if there are any IP conflicts on the network? I suspect multiple devices might be fighting for the same address.,Network Issue
"I thought I was updating the application, but I may have accidentally uninstalled it instead. Now, I can’t find it on my device. How do I reinstall it?",User Error
"My browser plugin isn't functioning correctly after the last patch. It worked fine before, but now it doesn't seem to recognize any inputs.",Software Issue
"My calendar app is syncing improperly and not displaying the correct events. I've tried logging out and back in, but that hasn't helped. Any ideas?",Software Issue
"Wouldn't it be great if the app allowed multiple user logins at once? That way, we could collaborate more effectively without losing work.",Feature Request
I can't seem to find the 'Save' button on my software even though I was told it would be at the top right corner. Am I missing something?,User Error
I've been experiencing frequent freezes while using this particular software. It seems like it runs out of memory or something. Any advice on how to fix this?,Software Issue
"After the recent firmware upgrade on our router, several devices have stopped being able to connect to the internet. This has happened before, and I’m worried it might be an ongoing problem. How can I roll back to the previous version?",Network Issue
I noticed that the auto-save function could be optimized. It would be helpful if we could customize the interval for saving work.,Feature Request
Is there any chance you could add keyboard shortcuts for common functions? It would speed up my workflow a lot and improve productivity.,Feature Request
Could we explore the possibility of having multi-language support? It would help us reach a wider audience and improve accessibility.,Feature Request
"I'm having trouble connecting to the internet, it keeps dropping every few minutes and I can't figure out why.",Network Issue
I think it would be awesome if you could allow users to choose their own keyboard shortcuts for frequently used commands.,Feature Request
"I can't seem to log into my account, I must be entering the wrong password or something.",User Error
"I thought I logged in correctly, but I keep getting a message that my password is invalid. I must have typed it wrong, right?",User Error
"I'm trying to connect my external hard drive, but the computer doesn't recognize it at all. I've tried multiple USB ports, but still nothing seems to work. Any ideas on what might be wrong?",Hardware Issue
I installed the new software but I can’t find the settings menu anywhere. Am I looking in the wrong place?,User Error
"The WiFi is dropping every couple of minutes, and it's really frustrating during video calls. I've checked the modem, and the lights seem normal.",Network Issue
"Every time I try to run the antivirus scan, it fails and shows an error code. I followed all troubleshooting steps but nothing seems to help. Pretty frustrating!",Software Issue
I think allowing users to set reminders for tasks would be beneficial. It could help keep them on track and improve overall productivity.,Feature Request
"The printer is showing a paper jam error, but I can’t find any paper stuck inside. What could be wrong with it?",Hardware Issue
The application is crashing when I try to run it. I think I might have skipped some prerequisites during the installation. Should I reinstall?,User Error
Do you plan to add a feature that allows us to tag and categorize our notes? This could greatly enhance organization within the app.,Feature Request
Would it be possible to have a feature where I can set reminders for different tasks? It often slips my mind and a reminder would help keep me on track.,Feature Request
"The update installed fine, but I don't understand where my files went. Did I move them by mistake?",User Error
I need more information on how to troubleshoot my coding environment; it keeps throwing errors that I don’t understand and it’s slowing down my project.,Software Issue
I mistakenly erased some of my files while trying to organize my folders. Is there any way to recover them?,User Error
"I thought I saved my project, but when I reopened the software, everything was gone. Did I not click save properly or something?",User Error
I think my laptop is overheating and shutting down unexpectedly. What should I do?,Hardware Issue
"My gaming console makes a strange buzzing noise, and it sometimes shuts off unexpectedly. What could cause this issue?",Hardware Issue
Could we have a feature that allows us to customize notifications? It can get overwhelming with alerts for everything happening.,Feature Request
"My printer is connected to the network, but I'm unable to print anything from my laptop. I’ve checked all cables and settings but still no luck.",Network Issue
"My printer can't find the network anymore. It was working fine yesterday, but now I'm getting an error message. I wonder if it's a compatibility issue with the new router?",Network Issue
"I thought I could simply drag and drop the file to the external drive, but it seems like it's not transferring. Did I do something wrong?",User Error
Could we see some enhancements to the search functionality? Users are having trouble finding older tickets quickly and easily.,Feature Request
"I've checked all cables, and my modem lights are showing normal activity, but I'm unable to reach the internet. Is there any way to diagnose this issue?",Network Issue
Why isn't my computer responding when I try to save the file? I thought I hit the right buttons but nothing happens!,User Error
"I just received my new printer, but it won’t connect to my computer at all. It’s showing an error light, and I followed all the setup instructions.",Hardware Issue
I think I mixed up two different project files and now I can’t find the right one to edit for my presentation tomorrow! What’s the best way to recover?,User Error
I can't open any of my documents created in the word processor since the last update. Is there a way to recover them?,Software Issue
"Hey, I noticed that we don’t have a way to filter search results by date. Adding this would make it way more useful for us.",Feature Request
"The last time I tried to upload files to the cloud, it took forever. I think something is wrong with my organization’s firewall settings, but I'm not sure.",Network Issue
I recently opened up my laptop to upgrade the RAM and now it won't start at all. I must have disconnected something accidentally!,Hardware Issue
"My online game keeps lagging, and I've tried restarting my modem but it's still slow. Any advice?",Network Issue
Wouldn't it be nice if there were keyboard shortcuts for every menu option? That could really speed up our work and streamline the process!,Feature Request
"After upgrading my RAM, my laptop keeps crashing randomly. It was working fine before the upgrade. Could it be incompatible memory?",Hardware Issue
"There’s a strange smell coming from my laptop, and it’s getting really hot. I don’t want to risk it catching fire. What do you recommend I do?",Hardware Issue
I was wondering if there’s a way to incorporate a tagging system for notes? It would make organizing information so much easier for everyone.,Feature Request
I noticed there’s no way to schedule reports automatically. This feature would save a lot of time for users who need regular updates.,Feature Request
"I'm experiencing frequent crashes and it seems random; sometimes it happens right after I log in, other times when I'm using specific features.",Software Issue
"The keyboard on my laptop has several keys that aren’t working. I’ve tried cleaning it, but no luck. What's next?",Hardware Issue
"I was trying to connect my Bluetooth speakers to my device, but they don't seem to sync. Could it be a problem with the speaker itself?",Hardware Issue
I keep getting an error message every time I try to launch the application. I guess I might not have installed it right?,User Error
"My video editing software won't let me export the project. It says there's a licensing issue, but I recently renewed my subscription. What's going on?",Software Issue
Can you consider adding customizable keyboard shortcuts? It would allow users to navigate the software a lot quicker and improve efficiency.,Feature Request
How about an option for automatic backups? I’m always worried about losing data due to unforeseen issues and this would give peace of mind.,Feature Request
"Since last week, I’ve been having trouble with my WiFi connection. I’ve rebooted the router, but it still drops unexpectedly.",Network Issue
Could you look into adding a way to customize the dashboard? Sometimes I need quick access to specific tools that are buried in menus.,Feature Request
I think I need a new graphics card. My games keep freezing and the screen has weird artifacts. What do you suggest?,Hardware Issue
I’ve been experiencing delayed responses from our cloud services. Are there any known issues with the service provider’s network? My work is really affected by this.,Network Issue
"My colleague is unable to access the shared drives, and I think it's related to the network settings. Can you guide me on how to check if they're properly configured?",Network Issue
"After upgrading my desktop, the graphics card isn't being recognized by the system. I need help troubleshooting this issue.",Hardware Issue
"I sent an email to support about my login issue, but I was using the wrong password all along! How embarrassing!",User Error
Do you think we could get an enhanced search function that allows filtering by date and type? The current one feels a bit limited and it can be a hassle to find specific files.,Feature Request
My computer is making a weird noise and won't start up properly. I think something might be wrong with the internal components.,Hardware Issue
"Our Wi-Fi signal is very weak in some rooms of the house. I've reset the router multiple times, but it hasn't improved.",Network Issue
"I plugged in a new monitor, and it's showing the wrong resolution. The settings don’t seem to be applying correctly, and I'm not sure how to fix it.",Hardware Issue
"For some reason, my video call app isn't working. I might have changed the settings accidentally while trying to adjust the volume. What should I check?",User Error
"My computer keeps losing connection to the local network, and I’ve checked all cables. I’m not sure what else to do—any ideas?",Network Issue
I can't seem to find the update option in my application settings and it's getting really frustrating because I need the new features for my work.,Software Issue
"My wireless network is uneven; some devices are connected, while others can't find the signal. It seems to be affecting mainly my smart TV and gaming console.",Network Issue
"I restarted my laptop to see if it would fix the lag, but now it won't even turn back on. What did I do wrong?",User Error
"I noticed that my phone's data is working, but my home Wi-Fi isn't letting me browse anything. Do I need to reset my connection settings?",Network Issue
"I recently changed my ISP, and now I'm having trouble accessing certain websites. It feels like some sites are being blocked but I’m not sure if it's a settings issue or something else. Can someone assist?",Network Issue
"My computer is running slow after the last update. I've tried rebooting it, but that didn't help. Any suggestions?",Software Issue
I would love to see a mobile app version that mirrors the desktop functionalities. It would make accessing our work much easier when on the go!,Feature Request
"I tried connecting to the guest network, but it says connection failed every time. What should I check to resolve this?",Network Issue
"I was wondering if it is possible to implement a dark mode feature for the application? It would be much easier on the eyes, especially for nightly work sessions.",Feature Request
Could you add a feature that allows users to customize their dashboard? It would make the tool more user-friendly and tailored to individual needs!,Feature Request
"Ever since I switched to a different internet service provider, my connection keeps dropping every few minutes. I've tried restarting everything, but it doesn't help.",Network Issue
Could we possibly have a feature that allows saving multiple templates in the document editor? It would speed things up for projects with similar layouts.,Feature Request
Is there any chance the software will support integration with third-party analytics tools in the future? That would be super helpful for our reporting needs.,Feature Request
My laptop fan is making a loud noise and sometimes it shuts down unexpectedly. Can you help me with this problem?,Hardware Issue
"I'm having trouble with my external hard drive, it doesn't show up on my computer anymore and I really need to access my files. What should I do?",Hardware Issue
"I recently installed a new graphics card, and now my computer is making a strange noise. It sounds like a fan is stuck or something. What should I do?",Hardware Issue
Can you assist me with resolving an error message that keeps popping up when I try to run a report? I've followed all the instructions in the user manual but nothing works.,Software Issue
"I can't seem to get my mouse to respond; it just suddenly stopped working. I've replaced the batteries, but still no movement. Is there a way to fix this or do I need to buy a new one?",Hardware Issue
Can you consider adding integration with other popular tools? Connecting it with our task management software could streamline our processes considerably.,Feature Request
"I keep getting an error message when trying to save my document, but I think it’s because I didn’t select the right file format.",User Error
"The new software I installed keeps crashing, and I think it might be because I'm not sure if my system meets the requirements. Can you check that for me?",User Error
"After upgrading to the latest software version, some tools are missing and I can't find a way to restore them. Need assistance with that!",Software Issue
"My password manager isn't syncing across devices like it used to, and I'm not sure what to do to fix it. I've already tried reinstalling it, but no luck!",Software Issue
The Wi-Fi signal keeps dropping in the middle of my Zoom calls; it's super frustrating and I need this fixed ASAP!,Network Issue
"My smartphone keeps disconnecting from the WiFi at random times, even though other devices are fine. What could be the cause?",Network Issue
"I’m working remotely and my internet seems to be blazing fast, but I can’t connect to the company server at all. My colleagues don’t have the same issues, so it must be something with my connection.",Network Issue
"When I try to start my computer, it gets stuck on the logo screen. I remember unplugging a cable before it happened. Could that be the problem?",User Error
"Why can't I send emails? I keep getting a message about network issues, but my internet seems fine otherwise. Can you look into it?",Network Issue
I'm really interested in a search function that allows us to filter results by date as well as category. It would save a lot of time while browsing through records.,Feature Request
I'm having trouble opening my documents because the program keeps crashing unexpectedly.,Software Issue
I've been trying to install the new update and it keeps failing halfway through. What can I do to fix this?,Software Issue
"Can you help me? My desktop computer won't turn on at all. I've checked the power cable and the outlet, but it seems like there's a problem with the power supply unit. What can I do?",Hardware Issue
"I was changing settings on my browser to improve speed, but now I can't even load any websites. I must have messed something up while trying to optimize it.",User Error
"I can't seem to log into my account, I might have forgotten my password but I'm not sure what the recovery process is.",User Error
I feel like having a built-in tutorial for first-time users would be super beneficial. It would reduce confusion and improve the overall experience with the software.,Feature Request
"I just bought a new laptop and it's not turning on at all. I checked the power adapter and tried multiple outlets, but nothing works.",Hardware Issue
"After the latest update, I can’t seem to stay connected to the Wi-Fi at the office. Is there a known issue with the network configurations?",Network Issue
It seems like the cooling fan in my desktop is making a lot of noise lately. I’m worried it might overheat if it keeps up like this. What should I do?,Hardware Issue
Is there a way to set recurring tasks in the app? It would make managing weekly reports so much easier if that feature was available.,Feature Request
"I'm trying to use a new graphics card, but my PC doesn't seem to recognize it. There are no error messages, but the display is still using the onboard graphics. Any ideas?",Hardware Issue
"Ever since we changed our ISP, the VPN doesn't seem to function properly. Is there a configuration I need to update to get it working again?",Network Issue
"I don’t know why my computer is so slow. I might have too many programs running, but I'm not sure how to close them all now.",User Error
"It seems like I’m having trouble with port forwarding. My gaming console can't connect online, and I think it might be the router settings.",Network Issue
Could you guide me on how to enable the dark mode feature? I can't find that option anywhere in the settings.,Software Issue
I have some ideas on how to improve the search function in the app. It would be great if you could implement a filter by date.,Feature Request
"After a recent update, my external hard drive stopped being recognized by my computer. I've tried connecting it to different USB ports, but it's still not showing up. Do you have any advice?",Hardware Issue
I was trying to install the software but I forgot to check if my system meets the requirements. Now it won’t run. What can I do?,User Error
I uninstalled an old version of the software but now I can’t reinstall the new one. I keep encountering a setup error that I don’t know how to resolve. Help!,Software Issue
"The installation instructions said to plug in the device before starting the software, but I only plugged it in after. Is that why it’s not working?",User Error
"Can you check if there are any issues with the DNS settings? I'm unable to resolve domain names, but my local network seems fine.",Network Issue
My application is running really slow and sometimes it just freezes. I've tried restarting my computer but that didn't help at all.,Software Issue
"There's a persistent issue with my VPN connection; it keeps timing out, and it's affecting my ability to work remotely. What would you suggest I do to troubleshoot this?",Network Issue
"I think there's something wrong with my printer. It keeps jamming every time I try to print, and I've cleared out all the paper.",Hardware Issue
I can't seem to find the option to change my account settings. I feel like I’m looking in the wrong section of the app.,User Error
"When I try to connect to the corporate network, I keep getting error 403. I don't know if my credentials are wrong or if there's a routing issue on my side. Can anyone assist?",Network Issue
I would love to see the integration with third-party services like Slack or Trello. It would make collaboration much smoother.,Feature Request
I was wondering if there's a possibility to integrate voice commands into the software. It would make my workflow so much smoother if I could just speak commands instead of clicking everything.,Feature Request
I often lose connection to my online account while trying to stream content. It’s frustrating because everything else works fine. What can I do?,Network Issue
"After the last update, I noticed that some features are missing in the app. Is there a way to revert to the previous version without losing my data?",Software Issue
It might be useful to have some kind of tagging system for easier organization of files. That way we can categorize everything without the risk of losing important documents.,Feature Request
Could you implement a feature that allows users to tag their teammates on tasks? This would make collaboration so much clearer and organized.,Feature Request
I think it would be awesome if there was a way to customize the dashboard layout so we can prioritize the widgets we use most often.,Feature Request
"My laptop is slow, and I think I might have too many tabs open. Is there a limit I should be aware of?",User Error
"I can't connect to the internet anymore. My Wi-Fi was working fine yesterday, but now it just keeps dropping the signal.",Network Issue
"Whenever I try to print over WiFi, it doesn’t connect to the printer. I checked the printer settings, but it still shows as offline. What’s the best way to resolve this?",Network Issue
"My printer isn't responding, I've checked the power and cables, but I must have missed something because it worked fine last week.",User Error
I keep getting an error message when trying to open the file and I’m not sure if it's the format or if I clicked the wrong thing. Help?,User Error
"I deleted the important files from my desktop thinking they were backups, and now I can't find them anywhere!",User Error
"The monitor keeps flickering every time I try to adjust the resolution settings. I've updated the drivers, but the issue persists. Is there something I'm missing?",Hardware Issue
"I've been trying to update the application, but every time I do it, I get an error message. I might be missing a step, can you help?",User Error
It would be awesome if there was a way to integrate third-party tools with our current software. Having that compatibility would streamline our workflow significantly.,Feature Request
"I suspect my graphics card is failing as my games keep crashing, and I'm getting weird artifacts on the screen. What should I check first?",Hardware Issue
"After switching to a new modem, I am unable to connect to the internet. I followed all the setup steps, but still, nothing works. Can someone guide me through resolving this?",Network Issue
I'm unable to access any external websites. Is there a known outage or is it a setting that needs adjustment in my network configuration?,Network Issue
"The monitor displays a flickering image and sometimes goes blank randomly. I've checked the connections, but the problem persists. Could this be a sign of a failing monitor?",Hardware Issue
"There seems to be some latency issues when trying to play online games. The lag is unbearable, and it started happening suddenly last night. Can somebody help analyze the connection?",Network Issue
"I was instructed to change the file permissions, but I think I might have set them incorrectly. How can I check if they're configured properly?",User Error
"I tried to install the update, but I think I installed the wrong version of the software. Now it's giving errors.",User Error
Could we get a report generation feature that allows us to filter by date ranges? This would save me so much time when analyzing data.,Feature Request
"I accidentally deleted the desktop shortcut for the program I use daily, and I can't remember how to re-add it. Can you help?",User Error
"My printer isn't responding, and I think I plugged it in incorrectly. The light keeps blinking green, but I'm not sure what that means. I might have missed a step during setup.",User Error
It would be great if there was an option to customize the dashboard layout to better fit my workflow.,Feature Request
"I made some changes in my settings, but now the software won't start. Maybe I misconfigured something?",User Error
Any plans to incorporate a built-in chat feature? It could really streamline communication while using the application.,Feature Request
"After plugging in my keyboard, it stopped responding completely. I’ve tried different USB ports, but nothing seems to work.",Hardware Issue
"Last night my monitor flickered and then went black. I checked the power cable and it seems fine, but I can't get a signal now.",Hardware Issue
"After installing the new version of the software, I noticed that certain buttons are unresponsive. Is this a known issue? I can't find any troubleshooting guides online.",Software Issue
"I think adding a dark mode feature could really enhance user experience, especially for those who work late hours. It hurts my eyes to use the bright screens!",Feature Request
"I can’t find the ‘send’ button on my email, can you tell me where it usually is? I might be missing something.",User Error
I think it would be really helpful if we could have a dark mode option for the app. It really strains my eyes at night!,Feature Request
"I was browsing through the settings on my device and changed something related to notifications. Now, I am not receiving any alerts. Can you help me revert it?",User Error
"My laptop shows it's connected to Wi-Fi, but I can't access any websites. I’ve tried forgetting the network and reconnecting, but no luck. What's going on?",Network Issue
I was wondering if you could add a dark mode option to the app. It would really help reduce eye strain during night usage.,Feature Request
"My printer won't print. I thought I was connected to the right network, turns out I was trying to print from my phone's hotspot instead of the office Wi-Fi.",User Error
"I just installed a new graphics card, but I am not getting any output on my monitor. Is there a compatibility issue with my current setup?",Hardware Issue
Couldn’t send my email because I was trying to attach a file that was too large. I realized that my attachment exceeded the limit and that's why it failed.,User Error
I accidentally closed the application before saving my work and now I can't find my files anywhere. Is there a way to recover them?,User Error
"When I try to open the software, it just crashes immediately. Maybe I need to restart my computer first?",User Error
I can't seem to find the settings to adjust my display resolution on my new monitor. Can you help me figure out how to get to that?,User Error
"My printer won't connect anymore. It worked just fine last week, but now it's saying it's offline and I can't get it to respond no matter what I've tried.",Hardware Issue
"There seems to be an issue with the RAM on my laptop. It keeps giving me blue screen errors, and I'm not sure if it's a compatibility issue or if the RAM itself is faulty.",Hardware Issue
"It would make a huge difference if there were a mobile app available for our service, so we can access it on the go without having to use a laptop all the time.",Feature Request
Could you add a search function in the settings menu? It can be hard to find what I'm looking for when there are so many options.,Feature Request
"I recently updated the software, and now my settings keep resetting every time I launch it. I can't seem to keep my preferences saved!",Software Issue
"I think there might be a bug in the system. Whenever I try to generate a data set, it returns incorrect results, and I've checked my inputs multiple times.",Software Issue
"After upgrading to the new version of the software, it keeps crashing every time I try to open it. I've tried reinstalling, but nothing seems to work! What can I do?",Software Issue
Why is my software displaying an error code every time I try to sync with the server? I'm confused about how to resolve this issue.,Software Issue
"I just installed a new graphics card, but my screen remains black when I boot up. I've reseated the card multiple times, but no luck. What should I do?",Hardware Issue
"My computer crashed, and now it won't recognize the external hard drive. I really need access to my files to get some work done. Is there a way to fix this?",Hardware Issue
I was trying to send an email but I forgot to attach the file. How do I go back and add it after I've sent it?,User Error
"I'm unable to connect to the internet on my laptop, but my phone can access it without any issues.",Network Issue
I think it would be awesome if there was a way to schedule automatic backups for our files. That would save us a lot of manual effort.,Feature Request
"The online gaming server keeps timing out every time I try to join a match, and I'm sure it's not my computer.",Network Issue
"After the last update, my calendar app doesn't sync properly with my phone anymore. I'm missing important appointments!",Software Issue
I believe implementing a feedback mechanism directly in the software could help us gather insights on user satisfaction.,Feature Request
"After updating my router firmware, I’m having trouble connecting multiple devices at the same time. It was all fine before the update, now I can only connect my laptop but not my phone.",Network Issue
"I found that my older laptop isn't charging anymore, even after replacing the power adapter. What else could be causing this issue?",Hardware Issue
"The printer is connected to the network, but it isn’t responding to print jobs. Could there be a configuration issue with the network settings?",Network Issue
I dropped my external hard drive and now it’s not recognized by my computer. Is it lost forever?,Hardware Issue
"My printer won't connect, and I’ve checked everything twice. I wonder if I’m just forgetting to turn it on or something? Any advice?",User Error
The application crashes every time I try to open it on my laptop. I need help getting it to work again.,Software Issue
Having a mobile version of the software would be beneficial. Accessing the main features on-the-go would greatly enhance productivity.,Feature Request
"After installing the new version of the software, I keep getting an error message that says 'file not found'. I need help fixing this!",Software Issue
"My internet connection keeps dropping throughout the day, and I've tried resetting the router multiple times. What could be the cause of this?",Network Issue
"I can't access my saved documents since I switched to the new version of the software, and it's really frustrating! Please help.",Software Issue
"My monitor is displaying a 'no signal' message, and I have already checked the cables. I'm starting to suspect that the issue might be with the monitor itself.",Hardware Issue
I keep getting a message that says 'Connection timed out' when I try to access the external server. It’s been happening for a couple of days now.,Network Issue
"I've been trying to export my project from the video editing software, but it keeps failing with a code error. What does this mean?",Software Issue
"So, I was trying to connect my printer, but I think I plugged in the USB to the wrong port on my computer. Now it won't recognize it!",User Error
"When I install new RAM sticks, the computer doesn't boot up at all. It just beeps continuously, which makes me think there’s an issue with compatibility or installation.",Hardware Issue
"I think it would be great if we could customize the notification settings. Right now, they are a bit overwhelming for our team.",Feature Request
Have there been discussions about an API for third-party integrations? This could significantly expand the usability of the software and provide more flexibility for developers to work with.,Feature Request
"I thought I had saved my progress in the game, but when I reopened it, nothing was there. Did I fail to hit the correct buttons?",User Error
"After the recent update, the software keeps throwing up an error saying 'file not found' whenever I attempt to load certain documents. What could be the issue?",Software Issue
My laptop keeps shutting down unexpectedly and I think it might be a problem with the battery.,Hardware Issue
Could you consider adding a built-in chat feature for real-time collaboration? It would really enhance team communication while working on shared documents.,Feature Request
"I thought I installed the app correctly, but every time I try to launch it, nothing happens. Did I miss a step?",User Error
I really hope you can incorporate a search functionality for previous tickets in the support portal; it would make resolving issues much faster if we could easily find past cases.,Feature Request
"The latest features promised in the update for the project management tool are missing for some reason. I can’t access them, and I really need them for the upcoming deadline!",Software Issue
Is there any chance you could add a dark mode option in the application? It would really help a lot of users like me who work late hours.,Feature Request
"Since the last update, I can’t access any of my cloud services. Initially, everything was fine, but now my computer shows that the host can’t be reached. What can I do?",Network Issue
"Whenever I attempt to run this program, I receive a 'not responding' message. I've uninstalled and reinstalled it multiple times!",Software Issue
"I thought changing the settings on my email would help with notifications, but now I’m not getting any new messages at all. I'm confused about what I did wrong.",User Error
There’s a bug in the latest version of this app where it won't allow me to save my changes. Any workaround?,Software Issue
So I was using the inventory management tool and now I can't access any of my data. It just shows a blank screen!,Software Issue
"My external hard drive isn't recognized anymore, and I have important files saved on it. Have you any ideas on how to recover the drive?",Hardware Issue
"After cleaning my desktop, the USB ports stopped working. I checked the connections, but they still don’t recognize any devices. Any suggestions?",Hardware Issue
I’m getting a message saying ‘your connection is lost’ when I’m trying to play online games. It’s really frustrating because my friends are connected just fine.,Network Issue
"I think it would be really helpful to have a tagging system for documents. This way, finding related files would be way more efficient! Just a thought.",Feature Request
Can we get a feedback tool or suggestion box within the application? It would be helpful to collect user input directly.,Feature Request
"The instructions were confusing, and now the software is in a weird state. What should I do to get it back to normal?",User Error
"My operating system just installed an update, and now some of my favorite programs won't work. Is there a way to fix this?",Software Issue
I think it would be awesome to have a tutorial walkthrough for new users. It could really help them get acclimated to the software quickly.,Feature Request
"The application keeps throwing an error message when I try to log in. It says 'invalid credentials', but I'm sure I'm using the right password.",Software Issue
"For some reason, my Wi-Fi drops intermittently while I'm working. I've checked my modem and the connection seems stable, but I keep getting kicked off the network.",Network Issue
I was wondering if there’s any plan to implement a multi-currency feature for international transactions? That would really enhance the usability for users worldwide!,Feature Request
I'm having trouble connecting to the internet; my Wi-Fi signal keeps dropping and nothing seems to work despite reseting the router.,Network Issue
