text,labels
"The longitudinal study tracked the academic performance of children who participated in after-school programs, revealing that they consistently outperformed their counterparts in traditional school settings over a five-year period.",Empirical Evidence
"An analysis of climate change responses in urban versus rural settings reveals that urban areas typically invest more in green technologies, whereas rural regions rely on traditional farming practices, showcasing a contrast in approaches to environmental challenges.",Comparative Analysis
A comprehensive review of climate change data from multiple sources has illustrated that global temperatures have risen by approximately 1.1 degrees Celsius since the late 19th century. The aggregated results from these studies underline the urgency for immediate action to mitigate the effects of climate change on ecosystems worldwide.,Empirical Evidence
"The research investigates a pilot project aimed at integrating technology into classroom learning environments across different educational institutions. By analyzing the outcomes of this project over a year, we discover that schools that embraced these tools not only saw increased engagement but also improvements in overall academic performance among students.",Case Study
"The results from two different university programs show notable differences in student retention rates. Program A, which emphasizes mentoring and personalized support, consistently outperforms Program B, which relies heavily on self-directed learning. This juxtaposition raises critical questions about the role of institutional support in student success.",Comparative Analysis
"The experiences of a single urban middle school are explored to understand how social-emotional learning programs have been integrated, shedding light on the successes and barriers encountered.",Case Study
"In comparing the environmental impacts of solar panel installation and traditional energy sources, this research highlights both benefits and challenges, suggesting that a hybrid approach may be the most sustainable solution.",Comparative Analysis
"In exploring the effects of different teaching methodologies on student engagement, this analysis juxtaposes inquiry-based learning with direct instruction, identifying key differences in student participation and retention rates.",Comparative Analysis
"The application of Piaget's stages of cognitive development in curriculum design highlights the need for age-appropriate pedagogical strategies, suggesting a framework for assessing educational practices.",Theoretical Framework
"By profiling a particular startup's journey through the tech landscape, we uncover vital insights into entrepreneurial strategies and market adaptations that define their success in a competitive industry.",Case Study
"By analyzing a historical case involving a failed urban redevelopment project, this paper discusses the interplay of socio-economic factors and public policy decisions. Interviews with local residents and stakeholders provide a rich narrative of the events surrounding the project, offering lessons for future urban planning initiatives.",Case Study
"It has been argued that Marxist theory offers a compelling critique of capitalist societies, allowing for a deeper understanding of class struggles and economic disparities throughout history.",Theoretical Framework
Contrasting the philosophical underpinnings of utilitarianism with deontological ethics reveals fundamental disagreements in moral reasoning that can significantly influence real-world ethical decision-making.,Comparative Analysis
"A detailed exploration of a university's initiative to promote mental health awareness among students is presented. By focusing on a week-long campaign in one campus, the case reveals both the benefits and pitfalls of such programs, offering valuable lessons for future mental health advocacy in academic institutions.",Case Study
"The recent study on urban air quality shows a significant increase in respiratory diseases in city dwellers when compared to rural populations, highlighting the impact of environmental factors on health.",Empirical Evidence
"The exploration of cognitive development theories, particularly those proposed by Piaget and Vygotsky, highlights the necessity of social interaction in learning processes, which challenges previous notions of isolated learning environments.",Theoretical Framework
"Through a series of experiments, researchers measured the physiological responses of subjects to stressors. The data revealed that individuals practicing mindfulness exhibited lower cortisol levels, suggesting a physiological benefit that complements psychological well-being.",Empirical Evidence
"In a recent analysis of attendance records, it was found that students who attended at least 80% of their classes had a higher GPA than those who were less consistent, reinforcing the idea that attendance is key to success in higher education.",Empirical Evidence
"Recent studies show a significant correlation between diet and mental health. Data collected from over 1,000 participants reveals that individuals consuming a balanced diet report lower levels of anxiety and depression. This observation suggests potential dietary interventions in mental health care.",Empirical Evidence
This study investigates the historical developments of feminist theories in literature alongside post-colonial critiques. The differences and intersections found between these movements exhibit how each has influenced contemporary literary critique.,Comparative Analysis
"Utilizing attachment theory, this paper seeks to unpack the complexities of interpersonal relationships in adult life. By referencing various studies that align with Bowlby’s original concepts, we illustrate how attachment styles can manifest in modern therapeutic settings, enhancing our understanding of relationship dynamics among adults.",Theoretical Framework
"A study assessing the effectiveness of digital learning tools indicated that students who engaged with interactive platforms showed a 40% improvement in retention rates compared to those who relied solely on traditional resources, showcasing the potential of technological integration in education.",Empirical Evidence
"In examining the impact of social media usage on adolescent mental health, longitudinal data were analyzed, indicating a notable increase in anxiety levels correlating significantly with the rise of social media engagement among teenagers over the past five years.",Empirical Evidence
"Using data from various school districts, the analysis showed that increased funding for arts education corresponds with higher overall student performance in standardized testing, supporting the argument for greater investment in creative programs.",Empirical Evidence
"Data collected from over 1,000 university students suggest that participation in extracurricular activities significantly enhances time management skills, as evidenced by their improved academic outcomes during subsequent semesters.",Empirical Evidence
"Utilizing frameworks established by past researchers, the paper explores how cultural capital influences academic success among first-generation college students, thereby enriching the discourse on educational equity.",Theoretical Framework
"In the realm of educational policy, one can draw from critical theory, which challenges the status quo and advocates for social justice within educational systems. The implications of this theoretical approach extend to curriculum design and the need for inclusive practices that address systemic inequities.",Theoretical Framework
"The recent climate change report aggregated temperature records from multiple geographical locations, demonstrating an alarming trend of rising global temperatures over the past century. This data underlines the urgent need for effective climate interventions to mitigate future impacts.",Empirical Evidence
"Surveys conducted among university students regarding their stress levels and academic performance revealed notable insights. The results indicated that students who utilized stress management techniques reported higher academic satisfaction and lower dropout rates, showcasing the tangible benefits of mental health resources in educational settings.",Empirical Evidence
"By examining the impact of socioeconomic status on educational outcomes, recent empirical findings suggest that students from lower-income families face significant barriers to academic achievement. Data points, including dropout rates and standardized test scores, illustrate the disparities in educational access and success.",Empirical Evidence
"In examining the two distinct pedagogical approaches of Montessori and Waldorf education, it becomes evident that while both prioritize student-led learning, their methods diverge significantly in terms of structure and curriculum focus, leading to different outcomes for students.",Comparative Analysis
"A detailed analysis of a nonprofit organization that provides educational resources to underprivileged youth reveals the direct effects of mentorship programs on students' academic achievements. Through comprehensive interviews and performance assessments, we understand the intricate dynamics of support structures in education.",Case Study
"Through a series of controlled experiments, researchers observed that participants exposed to nature during study breaks exhibited lower stress levels and improved focus, providing insights into the benefits of natural environments on learning outcomes.",Empirical Evidence
"A series of clinical trials investigating the efficacy of a new medication revealed that participants experienced a 60% improvement in symptoms of depression, significantly outpacing the placebo group. Such findings advocate for continued research into innovative treatment modalities for mental health.",Empirical Evidence
"An investigation into how two different educational systems—Finland and the United States—approach student assessment reveals significant disparities in educational outcomes, prompting a discussion on which system fosters better critical thinking skills among students.",Comparative Analysis
"A critical examination of both classical and modern approaches to cognitive development shows that while Piaget's theories provide foundational insights, recent studies advocate for a more nuanced understanding that accounts for cultural factors.",Comparative Analysis
"The focus on one local coffee shop's strategy to survive during economic downturns illustrates the business's adaptive measures. By collecting qualitative data from interviews with the owner and staff, this research presents a microcosmic view of entrepreneurial resilience amidst widespread challenges.",Case Study
"The role of heuristics in decision-making processes is best understood through the lens of behavioral economics. By integrating insights from traditional economic theory with psychological principles, researchers can unveil the subconscious biases that influence judgment and choice in various contexts.",Theoretical Framework
"In studying the effects of remote learning on students with disabilities during the pandemic, this report investigates the experiences shared by participants in one specialized program, highlighting both successes and ongoing challenges.",Case Study
"When analyzing the role of identity in education, various theories suggest that cultural background plays a crucial role in shaping students’ learning experiences. For instance, identity theory can illuminate the challenges faced by minority students in predominantly homogeneous institutions.",Theoretical Framework
"Field experiments conducted in urban areas reveal that green spaces significantly improve community well-being. Survey data indicates that residents living near parks report higher levels of happiness and lower stress, suggesting that urban planning should prioritize green infrastructure.",Empirical Evidence
"Within the context of climate change, the collected atmospheric carbon dioxide measurements over a decade present alarming trends that substantiate the urgency of environmental policy reforms.",Empirical Evidence
"A comprehensive review of literature surrounding gender biases in STEM fields presents compelling quantitative findings. Analysis of hiring practices indicates that female candidates are often subjected to a 20% higher standard for hiring compared to their male counterparts, highlighting systemic issues in recruitment processes.",Empirical Evidence
"An investigation into the roles of men and women in leadership positions across different cultural settings shows that while some traits are universally valued, others are distinctly perceived based on societal norms.",Comparative Analysis
"By deploying statistical methods to assess the impact of online learning during the pandemic, researchers found that students engaged in virtual classes scored 15% higher than those in traditional settings, suggesting that digital learning platforms may enhance understanding of course materials when effectively utilized.",Empirical Evidence
"Through an in-depth look at the policy changes in healthcare funding at a community college, insights are provided on how these shifts have affected access to educational programs in nursing and health sciences. Notably, the challenges faced during this transformative period are chronicled with interviews from faculty and students alike.",Case Study
"Utilizing Maslow's hierarchy of needs as a guiding principle, one can argue that understanding human motivation is essential for effective leadership. This theoretical model encourages leaders to create environments that fulfill the essential psychological and self-fulfillment needs of their teams, thus enhancing overall effectiveness.",Theoretical Framework
"Taking a closer look at the varying impacts of remote work policies across tech and manufacturing sectors, it becomes evident that flexibility in work arrangements has drastically different implications for employee satisfaction in both industries.",Comparative Analysis
"The recent studies on climate change impact in urban versus rural areas reveal significant differences in carbon emissions. Urban centers, with their high density of vehicles, produce more pollution, whereas rural areas tend to have lower emissions, allowing for a nuanced understanding of environmental policies that can be tailored to each setting.",Comparative Analysis
"Comparing vaccination rates across several countries showed that higher public health investments correlate with increased immunization coverage, underscoring the role of governance in public health outcomes.",Empirical Evidence
"Comparing the impact of various teaching strategies on student engagement, educators found that incorporating active learning techniques yielded significantly higher participation rates than traditional lecture formats.",Comparative Analysis
"Through the application of critical race theory, this paper challenges dominant paradigms within educational policy, suggesting that historical narratives must be re-evaluated to promote inclusivity.",Theoretical Framework
"The post-colonial theory provides a critical framework for analyzing the impacts of colonialism on cultural identity. By scrutinizing texts written in the wake of colonial rule, scholars can uncover the lingering effects of imperialism on language, art, and societal structures, facilitating a more nuanced understanding of cultural heritage.",Theoretical Framework
"Our research gathered quantitative data from over 200 participants, highlighting that those who engaged in mindfulness practices reported lower stress levels compared to those who did not.",Empirical Evidence
"Analytical frameworks based on Marxist critiques provide an avenue to explore the economic underpinnings of cultural phenomena. By applying these theoretical perspectives, one can unveil the class struggles inherent in media representations and their impact on audience perceptions.",Theoretical Framework
"When examining the evolution of film noir, it is essential to compare classic and contemporary interpretations of the genre. The stark difference in thematic elements, such as moral ambiguity and the portrayal of the anti-hero, showcases how societal changes over decades have reshaped cinematic narratives and audience expectations.",Comparative Analysis
"The theory of multiple intelligences, introduced by Gardner, expands traditional notions of intelligence beyond IQ testing. By categorizing different types of intelligence, this framework allows for a more nuanced understanding of learning styles and educational practices in diverse classroom settings.",Theoretical Framework
"This essay examines the impact of remote learning on student engagement by assessing the experiences of several high schools in New York during the pandemic. Through interviews and surveys, insights were gathered to understand the challenges and advantages faced by both students and teachers.",Case Study
"By analyzing the outcomes of three distinct educational interventions aimed at improving literacy rates, we see that contextually relevant approaches tend to yield the best results. The comparison indicates that the success of these interventions is closely tied to their alignment with student needs.",Comparative Analysis
"Behaviorism, articulated by figures like Skinner, suggests that all behaviors are acquired through conditioning. This approach has generated extensive research into reinforcement strategies, which are critical for understanding how habits form and how they can be modified over time.",Theoretical Framework
"This paper discusses the integration of mindfulness practices in a specific elementary school, using a combination of qualitative interviews and behavioral observations to assess its impact on student focus and emotional regulation over one academic year.",Case Study
"By referencing postcolonial theory, one can critique historical narratives and their impact on present educational systems. This perspective encourages the examination of power relations and cultural representations in academic discourse, enriching the understanding of globalization's effects on education.",Theoretical Framework
"Consider the impact of social constructivism on educational practices, where knowledge is seen as constructed through social interactions rather than merely transmitted from teacher to student. This perspective emphasizes collaborative learning environments as essential for effective education.",Theoretical Framework
"A review of Maslow's hierarchy of needs illustrates how motivation influences learning outcomes, establishing a framework that educators can leverage to create supportive learning environments for diverse student populations.",Theoretical Framework
"Electrocardiogram (ECG) readings from patients with heart conditions were analyzed, revealing that certain heart rate variability patterns could predict potential cardiac events. This evidence presents a promising avenue for developing preventive measures in cardiology.",Empirical Evidence
"According to earlier literature on educational pedagogy, constructivist approaches have been shown to enhance student engagement and that's why we argue for their inclusion in current curriculums.",Theoretical Framework
"Exploring the developmental psychology of children raised in collectivist versus individualist cultures presents a compelling comparison. Children from collectivist backgrounds typically exhibit higher levels of cooperation and group orientation, while those from individualist cultures often value personal achievement and independence. This raises important questions regarding teaching methodologies across different cultural contexts.",Comparative Analysis
"Leveraging Bourdieu's concepts of habitus and field, we analyze the academic performance discrepancies among students, arguing that these theoretical constructs are crucial for understanding socio-economic influences on education.",Theoretical Framework
"The survey conducted in five major universities showed that 78% of students prefer online learning over traditional classroom settings, which suggests a shift in educational preferences during the pandemic.",Empirical Evidence
The integration of emotional intelligence into leadership studies can be conceptualized through various psychological theories that emphasize the importance of self-awareness and interpersonal skills. These frameworks help explain why leaders with high emotional intelligence tend to foster more supportive workplace environments.,Theoretical Framework
"This study examines the teaching methodologies of two different universities, one focused on experiential learning and the other on traditional lectures, revealing how their approaches impact student engagement and retention rates.",Comparative Analysis
"The analysis of a unique policy implemented at a private liberal arts college highlights the effects it has had on diversity within student admissions. By presenting data from both before and after the policy's introduction, this evaluation identifies key trends relating to diversity and student involvement on campus.",Case Study
The success of the after-school literacy program at Riverbank Elementary is explored through firsthand accounts from students and teachers. These narratives provide crucial insights into how targeted reading interventions have contributed to increased literacy rates among struggling readers.,Case Study
An analysis of test results from different teaching methods revealed that students taught through experiential learning achieved significantly higher scores than those taught by traditional means. This data-driven approach underscores the potential benefits of innovative pedagogical strategies in higher education.,Empirical Evidence
"The recent study revealed that 70% of participants experienced significant improvement in their symptoms after treatment, suggesting a strong correlation between the intervention and positive outcomes.",Empirical Evidence
"Taking a closer look at the historical context of 19th-century women's rights movements, this project dives deep into specific case studies of notable activists, including their strategies and community impact. Through an analysis of letters and diaries, we aim to illuminate how these individual efforts contributed to broader social changes.",Case Study
"In 2019, a detailed investigation into the teaching methods of an underperforming high school revealed that hands-on projects significantly increased student engagement and understanding of complex scientific principles. By observing classroom interactions and analyzing test scores before and after implementing these methods, researchers were able to demonstrate the transformative power of experiential learning in a real-world educational setting.",Case Study
"The impact of motivation on learning outcomes can be understood through various psychological theories, such as Maslow's hierarchy of needs, which outlines the levels of motivation that drive students towards academic achievement.",Theoretical Framework
"Looking at the impacts of remote work during the pandemic, one can compare employee productivity between tech-based companies and traditional industries. While tech firms generally adapted quickly, maintaining or even increasing output, others faced challenges in measurement and employee engagement.",Comparative Analysis
"In a focused review of the implementational strategies of the new mathematics program at Riverview Academy, it becomes evident how the integration of technology transformed student learning experiences. The observations indicate a marked rise in problem-solving skills, supported by anecdotal accounts from educators involved in the initiative.",Case Study
"This paper contrasts two prominent theories of emotional intelligence, providing an analytical view that underscores their philosophical origins. By engaging with Goleman’s model and Mayer & Salovey’s framework, we reveal distinct yet overlapping themes that inform current practices in organizational behavior and leadership development.",Theoretical Framework
"The educational outcomes of students enrolled in online courses compared to those attending in-person classes show various strengths and weaknesses; for instance, flexibility in online learning appears beneficial, yet face-to-face interaction remains crucial for many learners.",Comparative Analysis
"The study analyzed over 1,000 survey responses to measure the impact of remote learning on student performance during the pandemic, revealing a significant decline in grades among high school students.",Empirical Evidence
"The political ideologies that underpin socialism and capitalism have been scrutinized for their impact on economic development. By contrasting the outcomes of countries that have implemented these systems, one can see how each framework affects not only wealth distribution but also citizen welfare and industrial growth.",Comparative Analysis
"A deeper look into the impact of a mentorship program for first-generation college students, illustrating individual experiences and changes in academic performance over the course of three semesters.",Case Study
"By juxtaposing the rhetorical strategies employed in the speeches of Martin Luther King Jr. and Malcolm X, one can discern how each leader's unique context and audience influenced their persuasive techniques and ultimately their legacy in the civil rights movement.",Comparative Analysis
"By examining the effects of peer tutoring programs on underperforming students, recent research shows a marked improvement in grades. Students involved in such programs exhibited a 30% increase in overall GPA compared to those who did not participate, thereby showcasing the efficacy of collaborative learning.",Empirical Evidence
"The focus here is on a rural high school's pilot program aimed at improving literacy rates through after-school tutoring sessions. By documenting the progress of selected students over the course of a year, we highlight key factors that contributed to noticeable improvements in reading skills.",Case Study
The longitudinal study tracked the reading habits of children over five years. It provided quantitative data indicating that those who engaged with digital media at a young age experienced variations in their literary skills compared to their peers who primarily read print books. These findings can inform future literacy programs.,Empirical Evidence
"Examining the outcomes from three different educational programs, the data shows that those incorporating technology saw a 20% increase in student retention rates.",Empirical Evidence
"Structural functionalism offers a comprehensive view of the educational system as a social institution that serves critical functions for society, such as socialization and integration. This theoretical approach facilitates analysis of how school practices reflect societal values and norms.",Theoretical Framework
Research into the pedagogical strategies of two rival universities offers a rich comparison of hands-on learning versus theoretical instruction. University X's emphasis on experiential learning through internships leads to higher job placement rates compared to University Y's traditional lecture-based approach. This difference not only reflects on the institutions' methodologies but also speaks volumes about the evolving landscape of higher education.,Comparative Analysis
"By closely exploring a singular financial fraud case, this examination sheds light on the broader implications of regulatory failure in the finance sector, therefore illustrating critical lessons for oversight.",Case Study
"The development of educational psychology has been greatly influenced by the works of Piaget and Vygotsky. Their theories provide a structured way to understand how cognitive development occurs in children, linking developmental stages to learning processes.",Theoretical Framework
"When contrasting the motivations behind urbanization in developed versus developing nations, it’s crucial to note that while Western cities often expand due to economic opportunities, many cities in the Global South are driven by the need for basic infrastructure and services.",Comparative Analysis
The effects of a new curriculum on student achievement were assessed through a comprehensive analysis of test scores before and after its implementation. The data collected revealed a noteworthy increase of 20% in overall performance in mathematics among students.,Empirical Evidence
"Recent studies on climate change have shown that average global temperatures have risen by 1.2 degrees Celsius since the pre-industrial era, largely due to human activities such as burning fossil fuels and deforestation. This data raises significant concerns about the future of our planet.",Empirical Evidence
"The findings from our longitudinal research indicate a marked decrease in anxiety levels among teenagers who practiced mindfulness, supported by statistical evidence from psychological assessments.",Empirical Evidence
"Contrasting the effects of two different therapeutic approaches on mental health outcomes, cognitive-behavioral therapy and psychodynamic therapy are discussed to evaluate their effectiveness in treating anxiety disorders.",Comparative Analysis
"Upon reviewing the works of Smith and Jones, it is clear that their interpretations of the same historical event lead to fundamentally different conclusions about causes and effects, thus raising questions about bias and perspective in historical analysis.",Comparative Analysis
"By juxtaposing frequency and quality of feedback received by graduate students in STEM versus humanities, one can ascertain how disciplinary differences influence academic success and emotional well-being.",Comparative Analysis
"In a longitudinal study examining the impacts of dietary habits on cognitive function, researchers found that students who consumed a balanced diet showed improved concentration and memory retention over a three-year period.",Empirical Evidence
"In a controlled experiment, researchers tracked the effects of sleep deprivation on cognitive function by measuring reaction times and error rates among participants over a series of tasks. Findings revealed that even modest reductions in sleep could lead to measurable declines in performance, highlighting the crucial role of rest in learning processes.",Empirical Evidence
"By analyzing the literary techniques used in both Shakespeare’s plays and modern dramas, the paper draws parallels that underscore the evolution of narrative forms and audience engagement strategies over the centuries.",Comparative Analysis
"The revival of the historical texts course at Eastbridge College provides a fascinating glimpse into how curriculum revitalization can influence learning outcomes. By tracking the performance of students enrolled in this newly structured class, instructors noted a distinct increase in critical thinking skills and content retention, suggesting that reformative measures are effective.",Case Study
"By examining the effects of various teaching methodologies on learning outcomes, the results demonstrate that experiential learning approaches resulted in higher satisfaction and comprehension levels among participants compared to traditional lectures.",Empirical Evidence
"In evaluating the effects of different teaching methodologies, this paper juxtaposes the outcomes of inquiry-based learning with those of direct instruction, suggesting distinct advantages and drawbacks for each approach.",Comparative Analysis
"The results of a randomized control trial involving over 200 undergraduates demonstrate that learners participating in immersive language experiences outperformed their counterparts in language acquisition tests, indicating the effectiveness of intensive study methods.",Empirical Evidence
"The application of systems theory in organizational studies reveals the complexities of workplace dynamics and interdependencies. By viewing organizations as systems comprised of interconnected parts, this framework facilitates a holistic understanding of behaviors and outcomes.",Theoretical Framework
"An exploration of behaviorist versus constructivist approaches reveals a significant theoretical divide in educational psychology, with implications for instructional design and learner engagement strategies that merit further investigation.",Theoretical Framework
Our investigation into the learning habits of graduate students revealed that those who utilized a structured study schedule reported higher retention rates compared to their peers. Data from surveys suggests that this method not only improves learning efficiency but also enhances overall academic success.,Empirical Evidence
"A recent study conducted on undergraduate students showed that those who engage in study groups tend to have a 20% higher retention rate of information compared to those who study alone, indicating the effectiveness of collaborative learning methods.",Empirical Evidence
"By reviewing a specific instance of a community's reaction to a new educational policy, insights were gained into the feelings of parents and teachers alike. This examination captures a diverse range of emotions and perspectives, illustrating the broader implications of educational policy changes in community settings.",Case Study
The survey conducted across different demographics revealed a direct link between socioeconomic status and access to quality education. The quantitative analysis provided clear insights into the barriers faced by underprivileged groups in achieving educational success.,Empirical Evidence
"In examining the relationship between social media use and mental health, the study posits that existing psychological theories about social interaction can illuminate the impact of digital communication on well-being.",Theoretical Framework
A comprehensive review of published literature indicated that schools implementing mindfulness programs reported improvements in student behavior and academic achievement. The aggregation of these findings supports the broader implementation of mindfulness in educational settings as a means to foster better learning conditions.,Empirical Evidence
"Data from the National Institute of Education highlights that students who engage in collaborative learning outperform their peers in standardized tests, supporting the value of teamwork in educational settings.",Empirical Evidence
"Feminist theory can be applied to literature to examine the representation of gender roles and the power dynamics within texts. Through this critical lens, one can uncover how societal norms shape character development and narrative structures.",Theoretical Framework
"In a longitudinal study tracking college freshman over four years, researchers found that those who engaged in regular physical activity experienced not only improved mental health but also better academic performance compared to students who were sedentary. These findings were corroborated by comprehensive health assessments and academic records.",Empirical Evidence
"In examining the effects of remote work on team dynamics, we focused on a software development company that transitioned to a fully remote model during the pandemic. This specific instance allowed us to analyze both qualitative and quantitative data about communication patterns, productivity, and employee satisfaction.",Case Study
"Analysis of data from various countries shows a distinct pattern: nations with higher education funding tend to have lower unemployment rates, presenting a strong argument for continued investment in education.",Empirical Evidence
A recent analysis of voter turnout data from the last three elections reveals an upward trend in participation among young voters aged 18-24. This observation suggests that targeted outreach efforts may be having a positive impact on civic engagement in this demographic.,Empirical Evidence
"The relationship between institutional support and student completion rates varies significantly across different universities. By analyzing case studies from diverse educational settings, we can identify which practices are most effective in promoting student success and retention.",Comparative Analysis
"The correlation between socioeconomic status and academic achievement has been substantiated through statistical analysis across diverse demographics. The findings illustrate a clear trend: students from lower-income families often face barriers that hinder their educational success, which emphasizes the need for targeted interventions.",Empirical Evidence
"Applying systems theory to higher education administration reveals complex interdependencies among institutional policies, faculty behaviors, and student outcomes, illustrating how theoretical constructs can inform practical strategies.",Theoretical Framework
"In studying organizational behavior, theories such as McGregor's Theory X and Theory Y illustrate contrasting assumptions about employee motivation, influencing management practices and workplace culture.",Theoretical Framework
"In analyzing the effectiveness of two distinct leadership styles within educational institutions, it's evident that transformational leadership promotes greater teacher morale than transactional leadership. However, a review of several case studies reveals that transactional leaders can achieve higher academic results in standardized testing environments, raising questions about what metrics are truly valuable in assessing leadership success.",Comparative Analysis
"In the realm of social psychology, the bystander effect is frequently analyzed through frameworks established by diffusion of responsibility, which provides a theoretical basis for understanding the decision-making processes of individuals in emergency situations.",Theoretical Framework
"The historical context of modern art movements can be better understood through a juxtaposition of Impressionism and Cubism. While the former focuses on light and everyday life, the latter emphasizes geometric forms and abstraction, leading to differing interpretations of reality.",Comparative Analysis
"A side-by-side review of critical thinking curricula reveals stark contrasts in how various educational institutions implement these essential skills. While some programs focus primarily on debate and discussion, others incorporate technology and collaborative projects to stimulate higher-order thinking. The analysis not only highlights these differences but also suggests pathways for improvement in curricula nationwide.",Comparative Analysis
"In comparing the impacts of remote learning versus traditional classroom settings, recent studies suggest that while virtual education offers flexibility, it often lacks the personal interaction that enhances student engagement and motivation. This contrast raises questions about the effectiveness of each method in fostering a supportive learning environment.",Comparative Analysis
"A comprehensive analysis of reading comprehension scores before and after integrating graphic novels into the curriculum indicated a notable improvement among middle school students, lending credence to alternative teaching methods.",Empirical Evidence
"In the realm of environmental ethics, the development of deep ecology presents a radical philosophical shift by advocating for intrinsic value in nature, rather than viewing it merely as a resource for human use. This theoretical underpinning challenges anthropocentric worldviews and fosters a more holistic approach to ecological conservation.",Theoretical Framework
"In reviewing climate change mitigation strategies, the different approaches taken by developing and developed nations highlight significant strategic contrasts. Developed nations prioritize technological innovation, while developing nations often focus on capacity building and local adaptation strategies, thus creating differing pathways to sustainability.",Comparative Analysis
"In a recent survey of over 1,000 high school students, results revealed that the majority reported feeling increased stress levels during exam periods, directly impacting their overall health and study habits.",Empirical Evidence
"In analyzing the effects of climate change on polar bear populations, researchers utilized satellite imagery and tracking data. These findings indicate a decline in sea ice, which has resulted in reduced hunting grounds, affecting population dynamics and survival rates.",Empirical Evidence
"This study examines the varying impacts of online learning versus traditional classroom settings on student engagement. While both methods have their own merits, the data indicates that students report higher satisfaction in hybrid environments compared to fully virtual classes. In contrast, traditional face-to-face interactions still excel in fostering immediate feedback and peer collaboration.",Comparative Analysis
"By comparing the educational frameworks of Finland and the United States, this paper sheds light on how varying approaches to curriculum design and assessment influence student outcomes. Finland’s emphasis on holistic education contrasts sharply with the US’s focus on standardized testing, something that has provoked significant debate regarding effectiveness and equity in education.",Comparative Analysis
"Field experiments in educational settings have demonstrated that implementing active learning techniques can lead to a 20% increase in student test scores, suggesting that engagement in the learning process significantly affects outcomes.",Empirical Evidence
"Through in-depth interviews with three local artists, this study explores the impact of gentrification on community identity, providing a lens into how art reflects and shapes social change.",Case Study
"The data analysis comparing active and passive learning methods showed that students engaging in interactive assignments retained 40% more information than those who listened to lectures, providing a compelling argument for re-evaluating pedagogical strategies in classrooms.",Empirical Evidence
"By examining both William Faulkner's and Virginia Woolf's narrative techniques, the paper highlights their contrasting uses of stream-of-consciousness. This analysis not only deepens our understanding of modernist literature but also suggests varied impacts on reader interpretation.",Comparative Analysis
"By documenting the innovations in teaching methods adopted during the transition to online education at a private college, the findings illustrate both successes and failures. Data collected from student feedback and performance metrics provide a longitudinal view of how these methods influenced learning outcomes during a crisis.",Case Study
"In comparing the efficacy of two different teaching methodologies, it becomes clear that experiential learning often results in higher retention rates among students than traditional lecture-based approaches, as seen in various educational settings across the country.",Comparative Analysis
Data analysis from multiple research articles suggests that early exposure to coding languages in middle school correlates with higher proficiency levels in programming by the time students reach high school.,Empirical Evidence
"Vygotsky's notion of the zone of proximal development suggests that learners can achieve higher cognitive functions when interacting with more knowledgeable peers. This theory underscores the significance of social interaction in educational settings, reshaping curriculum designs to include collaborative learning experiences.",Theoretical Framework
"A thorough analysis of Shakespeare's plays reveals significant differences in thematic elements when comparing his tragedies to his comedies. The underlying messages about human nature and societal expectations shift dramatically depending on the genre, suggesting varied audience receptions and interpretations.",Comparative Analysis
"Through the lens of feminist theory, this study critiques traditional power dynamics in educational settings, suggesting that curriculum design must reflect diverse voices to foster a more inclusive environment.",Theoretical Framework
A recent analysis of dropout rates in vocational schools showed that financial aid recipients were more likely to complete their programs than those without assistance. This conclusion was drawn from a detailed examination of enrollment data spanning five years across multiple institutions.,Empirical Evidence
"The focus of our research is on a singular educational program designed for at-risk youth in urban settings. We detail the outcomes from a variety of educational settings, including interviews with facilitators and students who participated. The results indicate that tailored interventions can significantly enhance learning experiences and academic success for vulnerable populations.",Case Study
"In analyzing the impact of social media on adolescent mental health, researchers have compared platforms like Instagram and Facebook. Each platform promotes different types of interactions; Instagram's visual-centric approach often leads to body image issues, whereas Facebook’s community-driven features promote connectivity but can lead to cyberbullying. This juxtaposition reveals distinct psychological effects associated with each platform.",Comparative Analysis
"A review of recent studies demonstrates that bilingual education programs can outperform monolingual counterparts in terms of cognitive flexibility. By placing these educational models next to each other, one can clearly see the advantages of incorporating multiple languages in learning environments.",Comparative Analysis
"In examining social behavior, the application of social learning theory becomes significant. Bandura’s concepts of observational learning and imitation provide a basis for analyzing how individuals internalize external influences over time, particularly in adolescent development. This perspective offers a rich context for understanding contemporary challenges faced by youth.",Theoretical Framework
"In a specific engineering project, we analyze how peer collaboration influenced the outcomes of design processes. By documenting various instances of teamwork in a capstone project, the findings underscore the importance of collaborative efforts in innovation.",Case Study
"By contrasting the motivations behind the Renaissance and the Enlightenment movements, this paper elucidates how cultural contexts influenced artistic expression and intellectual thought across different eras.",Comparative Analysis
"The study focuses on a prominent historical figure in science, providing an in-depth look at how their specific experiments influenced contemporary thought and practice within their field.",Case Study
"In analyzing the evolution of technology adoption in education, we can see how different regions embrace digital tools. Some schools have swiftly integrated tech solutions like tablets and interactive learning platforms, while others lag due to resource constraints, revealing an inconsistency in educational equity.",Comparative Analysis
A review of cognitive-behavioral theory reveals significant insights into how psychological disorders can be treated through alterations in thinking patterns. This framework not only informs therapeutic practices but also encourages a comprehensive view of mental health that prioritizes the influence of thought processes.,Theoretical Framework
"The analysis of user data from various online educational platforms highlights a stark difference in engagement levels between interactive content and traditional material. Statistical comparisons indicate that students exposed to interactive content tend to score higher on assessments, emphasizing the need for innovative teaching methods.",Empirical Evidence
"Focusing on a renowned artist's career trajectory, this analysis reveals how personal experiences shaped their artistic choices and public reception during their formative years.",Case Study
"By examining attachment theory, we can understand the profound impact of early relationships on psychological development. This theoretical perspective underscores the significance of caregiver interactions in forming emotional bonds that affect interpersonal dynamics well into adulthood.",Theoretical Framework
"In reviewing how a particular academic program redesigned its curriculum to better align with industry needs, the changes made in response to employer feedback were evaluated. This analysis involved an in-depth look at graduate employability statistics before and after the revisions, showcasing a marked improvement in job placement rates following the updates.",Case Study
"Drawing upon Adler's theories of educational reform, this paper suggests that changing the curriculum requires a profound understanding of underlying educational philosophies.",Theoretical Framework
"In a recent examination of student feedback from online courses, data indicated that interactive elements like quizzes and discussion boards improved student engagement scores by an average of 40% compared to traditional lecture formats.",Empirical Evidence
"Piaget’s stages of cognitive development offer critical insights into how children learn at different ages, suggesting that educational practices must adapt to these developmental phases to be effective.",Theoretical Framework
"According to Bandura's social learning theory, individuals are more likely to emulate behaviors observed in others, particularly when such behaviors appear to yield positive outcomes. This perspective is crucial when studying the influence of peer groups on individual actions and choices in educational settings, providing a lens through which we can analyze societal impacts.",Theoretical Framework
"The correlation between sleep duration and academic performance was analyzed in a cohort of high school students, revealing that those who averaged more than eight hours of sleep per night scored higher on standardized tests compared to their peers. These results were statistically significant with a p-value less than 0.05.",Empirical Evidence
"Statistical analysis of attendance records and final exam results presents clear evidence that regular class attendance is positively linked to higher grades, with a notable 30% variance explained by attendance alone in the analysis.",Empirical Evidence
A meta-analysis of over 50 studies concerning the relationship between class size and student outcomes provided concrete evidence that smaller classes often lead to improved test scores and academic performance. This aggregated data calls into question traditional classroom structures.,Empirical Evidence
"When analyzing the academic performance of students who utilized online resources versus those who relied solely on textbooks, significant differences were noted. The former group demonstrated a deeper understanding of complex subjects, as evidenced by improved test scores and project completion rates.",Empirical Evidence
"Analysis of test scores from three different educational methods revealed that students taught through interactive techniques scored, on average, 20% higher than those in traditional lecture-based sessions.",Empirical Evidence
The situational leadership model proposed by Hersey and Blanchard emphasizes adaptability in managerial approaches depending on the readiness of team members. This theory provides a framework for understanding leadership dynamics in organizational behavior.,Theoretical Framework
"This paper juxtaposes two major theories of motivation: Maslow's hierarchy of needs and Self-Determination Theory. While both frameworks address the significance of fulfillment and personal goal achievement, their differing approaches to autonomy and societal factors present a rich area for further scrutiny.",Comparative Analysis
"The study focuses on the historical evolution of a renowned university's curriculum reform over several decades. By examining archival documents and interviewing faculty who lived through the changes, we explore how these shifts have shaped present-day educational standards.",Case Study
"In our study of a singular nonprofit organization that supports homeless individuals, we utilized a mixed-method approach to highlight the effectiveness of their services. This deep dive into their operations and client outcomes underscores the complexities of social work in urban environments.",Case Study
"In assessing multiple theories of economic growth, this work contrasts classical and Keynesian viewpoints, demonstrating how their foundational assumptions lead to divergent interpretations of market behaviors.",Comparative Analysis
"Data from longitudinal studies reveal that early childhood education programs lead to improved social skills and academic achievements later in life, reinforcing the argument for increased investment in early learning initiatives.",Empirical Evidence
"In examining the nutritional values of Mediterranean versus Western diets, the research uncovers critical differences in health outcomes, supporting the argument that dietary choices profoundly impact long-term wellness.",Comparative Analysis
"The influence of cognitive load on learning has been subject to multiple interpretations. The literature indicates that theories in cognitive psychology provide substantial insights into how information processing is affected by varying levels of cognitive demand, laying the groundwork for understanding educational strategies.",Theoretical Framework
"While both Freud and Jung contributed to the development of psychoanalytic theory, their differing views on the unconscious mind illustrate a fundamental schism in psychological thought. This comparison highlights how theoretical divergences can shape therapeutic approaches.",Comparative Analysis
"This paper reviews the differences in science curriculum implementation in rural versus urban schools, showcasing how geographical context influences teaching strategies and resource availability, ultimately affecting student achievement levels.",Comparative Analysis
"The concept of social constructivism posits that knowledge is built through interactions and experiences, which implies that learning is inherently a social process rather than a solitary endeavor.",Theoretical Framework
"The challenges faced by a private university during the economic downturn provide a unique lens to explore financial management strategies in higher education. Through this focused examination, we analyzed budgetary changes and their implications for enrollment and program sustainability.",Case Study
"The concept of constructivism posits that learners actively construct their own understanding and knowledge of the world, through experiencing things and reflecting on those experiences. This view has profound implications for teaching practices.",Theoretical Framework
"This research relies heavily on Vygotsky's notion of the Zone of Proximal Development, which suggests that the potential for cognitive development depends significantly on social interaction and guided participation.",Theoretical Framework
"This report delves into the intricacies of water management in the drought-stricken region of California, centering our analysis on the town of Green Valley. We explored the impact of local policies on agricultural practices through a series of interviews with farm owners and community members.",Case Study
"The approach taken by the ZYX art initiative in reviving local culture through immersive workshops serves as a prime example, showing how participation can foster not only community identity but also individual creativity.",Case Study
"The importance of transformational leadership in educational institutions can be understood by evaluating existing theories on organizational behavior, which help us identify key traits that contribute to effective school leadership.",Theoretical Framework
"Feminist theories often critique traditional notions of scientific objectivity, positing that knowledge production is influenced by social contexts. This analysis invites a re-examination of what constitutes valid knowledge in the field of social sciences.",Theoretical Framework
"When we examine the approaches of traditional schooling versus Montessori methods, the stark differences in child-centered learning and assessment practices provide a rich ground for discussion about educational effectiveness.",Comparative Analysis
"In a case study examining three different schools, it was found that those incorporating mindfulness practices into the curriculum saw a decrease in anxiety levels among students, illustrating the impact of mental wellness initiatives on academic performance.",Empirical Evidence
"Analyzing the implementation of technology in classroom settings, this paper delves into the experiences of teachers at a local high school. The qualitative data collected from interviews offers a rich perspective on the specific challenges and successes encountered during the transition to online learning formats.",Case Study
"A look into how a small liberal arts college revamped its science curriculum can provide valuable insights. By employing qualitative methods to document the process, outcomes, and student feedback, this examination sheds light on effective strategies that other institutions might consider for curriculum development.",Case Study
"This paper investigates the long-term effects of mindfulness practices implemented at a particular university’s psychology department. By assessing student stress levels and academic performance over three academic years, the results provide insights into the effectiveness of such interventions.",Case Study
"Through an in-depth analysis of a particular university's response to climate change initiatives, the research highlights successful strategies and challenges faced in implementing sustainable practices.",Case Study
"This analysis of climate change policies in the European Union and the United States highlights key differences in approach. The EU has taken a proactive stance, implementing strict emissions regulations and promoting sustainable energy. In contrast, the US approach has been more fragmented, reflecting a complex interplay of political interests and economic considerations, leading to varied effectiveness of climate action between the two regions.",Comparative Analysis
"Recent studies indicate that the correlation between study hours and exam performance is statistically significant, suggesting that increased time spent studying leads to better grades.",Empirical Evidence
"When analyzing the impact of social media on academic performance, it becomes evident that students who engage with interactive platforms show differing outcomes compared to those who use traditional study methods. The contrasting effects can be attributed to the varying cognitive engagement levels elicited by these platforms, which merit a detailed exploration of both approaches.",Comparative Analysis
"By juxtaposing the methodologies of qualitative and quantitative research in social sciences, one can appreciate how different data-gathering techniques yield varied insights into human behaviors and societal trends.",Comparative Analysis
"The survey conducted among 500 healthcare professionals showcased that 75% of respondents believed telemedicine improved patient satisfaction, thus providing a robust statistical foundation to advocate for its broader implementation in medical practices.",Empirical Evidence
"Theories of moral development, as proposed by Kohlberg, support the idea that ethical reasoning evolves through distinct stages, reflecting broader societal values and individual maturity, which has profound implications for educational curricula.",Theoretical Framework
"The focus of this examination is a renowned laboratory that implements innovative teaching techniques in organic chemistry. Through in-depth interviews with faculty members and students, we unravel the dynamics of teaching practices and their effects on student performance.",Case Study
"Focusing on an art exhibit that highlights local history, this case captures visitor interactions and community feedback, providing a narrative that illustrates the significance of cultural representation.",Case Study
"The historical perspectives of economic theory provide a fascinating contrast between Keynesianism and Monetarism. While Keynesian economics advocates for active government intervention to stabilize economic cycles, Monetarism posits that regulating the money supply is the key to economic health. Analyzing these two theories reveals their implications for contemporary economic policies.",Comparative Analysis
"The literary techniques employed by authors like Virginia Woolf and James Joyce reveal stark contrasts in narrative structure. Where Woolf often utilizes stream-of-consciousness to delve into subjective experiences, Joyce's use of intricate symbolism serves to intertwine personal and historical narratives.",Comparative Analysis
"In the context of leadership studies, theories around transformational leadership provide a backdrop against which recent quantitative research can be effectively assessed, revealing the evolution of leader-follower dynamics over time.",Theoretical Framework
A detailed examination was conducted on how remote learning affected student performance during the 2020 pandemic. Specific case examples from various high schools revealed diverse outcomes based on the accessibility of technology and support systems in place.,Case Study
"In a survey of over 500 high school teachers, 75% reported that project-based learning significantly improved student engagement and understanding of complex subjects, highlighting the need for innovative teaching strategies.",Empirical Evidence
"Delving into the principles of behaviorism reveals foundational strategies for classroom management and student motivation. By understanding reinforcement and punishment, educators can create environments conducive to learning that directly respond to student behaviors.",Theoretical Framework
"Analyzing the test scores from three distinct cohorts, it was observed that those who engaged in group study sessions outperformed their peers by an average of 15%, thereby supporting the theory that collaborative learning enhances retention rates.",Empirical Evidence
"This analysis explores the development of a community-based sustainability initiative within a local university. By closely monitoring the project from inception to execution, the outcomes and challenges faced provide insight into effective local engagement strategies.",Case Study
"Focusing on the small-town initiative in Greeneville, this analysis reveals the impact of community-driven educational programs on high school dropout rates. Interviews with local educators and students indicate that mentorship plays a pivotal role in fostering resilience and a sense of belonging within the school environment.",Case Study
"By analyzing the implications of Vygotsky's theory on the zone of proximal development, we can derive new strategies for fostering collaborative learning environments that enhance cognitive growth in learners.",Theoretical Framework
"In a focused review of three urban schools that implemented bilingual education, the research highlighted the various challenges faced by teachers and students alike. Observations and interviews conducted over several months supported the notion that successful bilingual programs require more than just curriculum changes; they also depend on community involvement and support.",Case Study
Our longitudinal study tracked the behavior changes of participants in a wellness program over six months. The analysis of health metrics showed significant improvements in both physical and mental health indicators as a direct result of participation.,Empirical Evidence
The results of the survey show a marked difference in job satisfaction between employees in remote work settings and those in traditional office environments. This analysis draws upon various studies to demonstrate how work flexibility affects morale differently across age groups.,Comparative Analysis
"The application of ecological models in understanding adolescent development highlights the multiplicity of influences that shape individual outcomes, urging educators to adopt holistic approaches that account for familial, social, and cultural contexts.",Theoretical Framework
"By analyzing the response of a particular university during the COVID-19 pandemic, this report sheds light on emergency protocols and distance learning strategies that were uniquely developed in this timeframe.",Case Study
"By scrutinizing the unique case of the environmental science project conducted at Lakeside Institute, researchers gathered evidence pointing to the crucial role of hands-on learning. The project not only engaged students but also yielded significant data on local biodiversity, exemplifying active learning's potential to impact environmental studies.",Case Study
Our examination of a single community's response to environmental policy changes reveals the significant challenges and successes faced by local stakeholders in implementing sustainable practices.,Case Study
"The research team utilized a combination of field observations and laboratory experiments to determine the effects of pollution on aquatic life, finding a direct correlation between contaminants and fish mortality rates.",Empirical Evidence
"The study of a particular high school’s approach to integrating technology into the classroom offers a unique lens on educational reform. Interviews with teachers revealed how specific devices and software have changed classroom dynamics, providing a rich narrative of adaptation and resistance within the faculty.",Case Study
"Upon exploring the frameworks of Maslow’s hierarchy of needs alongside Alderfer’s ERG theory, we see that while both seek to explain human motivation, Alderfer presents a more flexible interpretation that accounts for individual variability.",Comparative Analysis
"The case of ABC University illustrates the shift from traditional lectures to a flipped classroom model. Student feedback and performance metrics from this transition point to critical factors impacting student learning and satisfaction, inviting further discussion on best practices in curriculum development.",Case Study
"When we analyze the historical approaches to climate change policy in the U.S. and Europe, it's evident that their differing motivations—economic versus moral imperatives—result in dramatically different legislative outcomes.",Comparative Analysis
"The research team gathered data from multiple sources showing that climate change is accelerating at a rate faster than previously predicted, highlighting the urgent need for policy changes.",Empirical Evidence
"Our observations from the experimental group demonstrate that participants who engaged in mindfulness practices showcased a noticeable decrease in stress levels, as measured by physiological indicators.",Empirical Evidence
"In considering the influences of technology on learning, the Diffusion of Innovations theory by Rogers provides crucial insights into how new educational technologies are adopted and implemented within various educational institutions.",Theoretical Framework
"By delving into the practices of a particular nonprofit organization, we observe how its community engagement efforts have evolved over the past decade, providing a vivid picture of its impact.",Case Study
"In this investigation, we explore the educational impact of a flipped classroom model in a single community college over the course of one semester. Through interviews and student performance metrics, the findings highlight significant improvements in student engagement and understanding.",Case Study
"Research into renewable energy sources often highlights the differences between solar and wind power. By examining their efficiencies, cost implications, and environmental impacts, one can determine which source may be more viable for specific regions.",Comparative Analysis
This examination of two distinct educational reforms—the Finnish model and No Child Left Behind—provides insight into how policy frameworks can produce divergent outcomes in student achievement and teacher effectiveness.,Comparative Analysis
The examination of the impact of social media on student engagement at a local university revealed that students who interacted more on platforms like Twitter and Facebook showed higher participation in class discussions and activities. This observation supports the notion that online engagement fosters a sense of community in academic settings.,Case Study
Investigating the cultural shift in a tech startup after implementing a four-day workweek reveals significant effects on employee satisfaction and productivity. Testimonials from staff members provide detailed insights into their experiences and the company’s transformation.,Case Study
"The evolution of marketing strategies in tech companies from the 1990s to today illustrates how shifts in consumer behavior and technological advancements have led to fundamentally different approaches, with a comparative focus on Apple and Microsoft as case studies.",Comparative Analysis
A meta-analysis of various clinical trials showed that participants who adhered to a structured exercise program experienced greater reductions in anxiety symptoms compared to those who did not. This compelling evidence advocates for the integration of physical activity as a therapeutic approach in mental health treatment.,Empirical Evidence
"This research investigates the effects of dual-enrollment programs at Crestwood High School, drawing from a cohort of students who participated. By presenting their perspectives and academic outcomes, we gain valuable understanding of how such initiatives can bridge the gap between high school and college.",Case Study
"This paper contrasts the consequences of globalization on developed versus developing nations, highlighting how wealth disparities lead to different challenges in economic development, thus painting a complex picture of global interdependence.",Comparative Analysis
"This paper explores Foucault's theories regarding power dynamics in education, illustrating how institutional structures can shape pedagogical practices and affect student outcomes.",Theoretical Framework
"The analysis of various pedagogical strategies, including constructivist and behaviorist approaches, illustrates how differing philosophies can lead to distinct student performance metrics across disciplines.",Comparative Analysis
"Through a close examination of a single public health campaign aimed at reducing smoking rates in a metropolitan area, this paper assesses the effectiveness of various outreach strategies. By gathering data on community participation and health outcomes, our findings underscore the importance of targeted messaging and local involvement in health interventions.",Case Study
"When evaluating the theories of socio-cultural learning versus cognitive development, it becomes apparent that the former emphasizes social interaction in acquiring knowledge, while the latter focuses on individual cognitive processes. Studies demonstrate that incorporating elements from both frameworks may provide a more comprehensive understanding of learning outcomes across diverse populations, particularly in underrepresented groups.",Comparative Analysis
"In this analysis, we delve into the unique educational practices of a small rural school that adopted project-based learning methods. By interviewing teachers and reviewing student performance data, it becomes evident how such an approach transformed the learning outcomes, providing a clear picture of its efficacy.",Case Study
"The exploration of critical pedagogy reveals how traditional teaching methods can perpetuate inequities, while advocating for transformative approaches that empower marginalized voices within the classroom.",Theoretical Framework
"By exploring the differences in curriculum design between Montessori and traditional schooling systems, the paper demonstrates how student autonomy in learning can lead to enhanced creativity and problem-solving skills.",Comparative Analysis
"This research investigates the varying responses of local governments to homelessness: while city A implemented housing-first policies with significant success, city B's punitive measures have resulted in increased homelessness rates, highlighting the effectiveness of compassionate approaches.",Comparative Analysis
"In analyzing social constructivism, it becomes evident that learning is not merely the absorption of information but rather the negotiation of meaning shaped by cultural contexts and interactions.",Theoretical Framework
"Using Maslow's hierarchy of needs as a foundational model, the research illustrates how fulfillment of basic needs impacts student engagement and retention in higher education settings.",Theoretical Framework
"Research conducted in five hospitals over a year provided strong evidence linking patient wait times to overall satisfaction rates, with 75% of patients expressing dissatisfaction when wait times exceeded 30 minutes.",Empirical Evidence
"Through a deep dive into the operational strategies of the GHI non-profit organization, this research reveals the transformative changes that occurred when they adapted their service delivery model to meet urgent community needs.",Case Study
"The distinct approaches to climate change advocacy by grassroots organizations versus major environmental NGOs reveal contrasting strategies in mobilization and public engagement. Grassroots efforts often prioritize local community involvement, while larger NGOs leverage political connections to effect change on a broader scale, showcasing the diverse methodologies used in the environmental movement.",Comparative Analysis
"This study evaluates the differing methodologies used in quantitative versus qualitative research, highlighting how each approach impacts the validity of the results derived.",Comparative Analysis
"Comparing the effects of climate change on coastal regions versus inland areas, this discussion brings to light the unique adaptations required for each environment to mitigate the impending crises.",Comparative Analysis
"Surveys conducted with over 1,000 high school seniors indicated that social media usage has a direct impact on their study habits, with those spending more than three hours per day on social media reporting lower academic performance.",Empirical Evidence
"Through observational studies conducted in urban schools, it was found that access to green spaces positively affected students' attention spans. This was supported by survey data which indicated an increase in concentration levels among students who regularly engaged with nature during school hours.",Empirical Evidence
"By contrasting the efficacy of various mental health treatment methodologies, such as cognitive behavioral therapy versus psychodynamic therapy, we can discern which approaches yield better long-term results for patients.",Comparative Analysis
"Through a lens of a specific health initiative in a metropolitan area, we explored its effects on urban obesity rates. The comprehensive data collected from community health fairs demonstrates a stark contrast in outcomes between neighborhoods with and without the program.",Case Study
"By exploring the narratives of two different immigrant groups, this study highlights the varying experiences and challenges faced in adapting to a new cultural environment, thus shedding light on the broader implications for social integration.",Comparative Analysis
"Drawing from systems theory, the text examines the interplay between various educational stakeholders, positing that successful reforms must consider the complexities of these interrelationships.",Theoretical Framework
"The narrative surrounding the transition to online learning during the pandemic offers a rich vein of inquiry into pedagogical shifts. By observing a specific cohort of graduate students adapting to virtual environments, insights into their learning experiences reveal both challenges and unexpected benefits, showcasing the resilience of academic communities during crises.",Case Study
"This report takes a close look at a specific intervention in a rural healthcare clinic, assessing its effectiveness in addressing patient access issues and health outcomes.",Case Study
The shift from face-to-face to online education has been closely examined in multiple studies; the comparative results reveal both the challenges faced in student participation and the unexpected benefits of flexible learning environments during the pandemic.,Comparative Analysis
"This text chronicles the changes made by a local health department in their vaccination outreach program, illustrating with examples how specific tactics improved community participation and trust.",Case Study
"A critical look at the methodologies of major climate change reports illustrates significant discrepancies in data collection and interpretation across various organizations. Notably, the IPCC's comprehensive reviews stand in contrast to more localized studies, thereby influencing public policy differently depending on the source.",Comparative Analysis
"Through a series of experiments, we collected data on the effectiveness of different teaching methods on student engagement. The empirical results suggested that interactive learning techniques led to a 25% increase in student participation compared to traditional lectures.",Empirical Evidence
"In examining the evolution of democratic theory, one must consider the foundational works of philosophers like Locke and Rousseau, whose ideas have influenced contemporary notions of governance and civil rights.",Theoretical Framework
"By examining the specific educational interventions implemented in urban high schools, this research delves into how these methods have affected student outcomes and engagement in unique urban settings.",Case Study
"A close inspection of renewable energy sources, particularly solar versus wind energy, showcases their respective advantages and challenges. While solar energy can be harnessed in a wider range of geographical locations, wind energy often offers a higher energy yield per unit installed, suggesting that a diverse energy portfolio may be the most beneficial strategy.",Comparative Analysis
"By comparing the approaches to climate change between the Paris Agreement and the Kyoto Protocol, we see a notable shift in strategy, with the former emphasizing voluntary national commitments and the latter imposing binding targets that many countries struggled to meet.",Comparative Analysis
"The findings from previous studies point toward the relevance of the diffusion of innovations theory in understanding how new educational technologies are adopted within institutions, illustrating the factors that facilitate or impede this process.",Theoretical Framework
"In discussing the cultural representations of masculinity in contemporary media, the contrast between reality TV shows and scripted dramas is striking. While reality TV often perpetuates stereotypes, scripted series tend to provide more nuanced portrayals. This difference reveals how genre influences audience perceptions of gender roles.",Comparative Analysis
"The cognitive dissonance theory suggests that individuals experience psychological discomfort when holding conflicting beliefs, which can lead to changes in attitudes or behaviors in an effort to restore harmony.",Theoretical Framework
"Considering the effectiveness of cognitive behavioral therapy (CBT) and dialectical behavior therapy (DBT) in treating borderline personality disorder unveils critical similarities and differences in therapeutic approaches. CBT focuses on changing thought patterns, whereas DBT integrates mindfulness, adding layers to the treatment process that can benefit varied patient needs.",Comparative Analysis
"Through a longitudinal study, researchers tracked the progression of students in STEM fields, finding that those who participated in summer research programs showed a 50% higher retention rate in their majors than those who did not participate.",Empirical Evidence
"We conducted a thorough examination of a specific art therapy program being utilized in rehabilitation centers, analyzing participant feedback and clinical outcomes over a six-month period. This allowed us to understand the effectiveness of creative expression in healing.",Case Study
"In a detailed investigation into the effects of remote learning on high school students during the pandemic, we found that psychological factors played a critical role in their academic performance. The data was gathered through surveys and interviews, providing a comprehensive view of individual experiences during this unprecedented period.",Case Study
"Through our in-depth look at a start-up's journey from a small garage operation to a successful tech firm, we uncovered critical insights about entrepreneurial resilience and market adaptability. This narrative highlights the lessons learned from real-world challenges faced by founders.",Case Study
"A comparison of the economic models of Keynes and Hayek showcases a fundamental disagreement on the role of government intervention in markets. Keynes advocates for active governmental roles during economic downturns, whereas Hayek emphasizes the dangers of such interference, leading to divergent policies.",Comparative Analysis
"In assessing the impact of collaborative projects on student engagement, the evidence gathered from classroom observations and student feedback aligns with the hypothesis that teamwork fosters greater enthusiasm for learning.",Empirical Evidence
"Through the lens of feminist theory, we can interrogate the gendered dynamics present within higher education. This theoretical perspective allows for a deeper understanding of how power structures affect women's access to educational resources and leadership roles.",Theoretical Framework
"The application of social learning theory in educational settings emphasizes the impact of observational learning on student behavior and academic success. By examining the interactions within classroom environments, one can better understand the dynamics of peer influence and its implications for educational practices.",Theoretical Framework
"Through extensive surveys conducted across multiple universities, the results demonstrate that students who participate in extracurricular activities report higher levels of satisfaction with their academic experience. This trend is particularly strong among those involved in collaborative projects.",Empirical Evidence
"The application of constructivist theory highlights the importance of active learning in education. It posits that knowledge is constructed through interactions with the environment and others, emphasizing the role of the learner's prior experiences in shaping their understanding.",Theoretical Framework
"The research delves into a comparison between urban and rural education systems, unraveling how geographic and socio-economic factors can influence teaching methods and student outcomes substantially.",Comparative Analysis
"Comparing traditional educational models with progressive approaches, such as project-based learning, provides a rich ground for discussion on how foundational theories underpin the evolution of teaching methodologies.",Theoretical Framework
"Comparing the regulatory frameworks surrounding data privacy in the European Union and the United States reveals contrasting philosophies that shape how organizations handle personal information, affecting both compliance and consumer trust.",Comparative Analysis
"In the realm of psychological studies, the attachment theory provides a foundational understanding of how early childhood experiences shape emotional bonds in adulthood. This theoretical grounding enables deeper exploration of relational dynamics in various contexts.",Theoretical Framework
"The juxtaposition of historical and modern urban development strategies reveals a significant shift in community engagement practices, which are now more inclusive and technology-driven compared to the past.",Comparative Analysis
"This paper evaluates the unique challenges faced by first-generation college students through an exhaustive review of their academic journeys. It draws on interviews and personal narratives to illustrate the diverse struggles and triumphs within this demographic, revealing insights that standardized data often overlook.",Case Study
"In examining the educational outcomes of traditional versus Montessori learning environments, it becomes evident that while both approaches yield positive results, the Montessori method fosters greater independence and creativity in children compared to traditional techniques that often prioritize standardized testing.",Comparative Analysis
"The principle of constructivism posits that knowledge is not merely transmitted but rather constructed by learners through active engagement with their environment, challenging traditional transmission-based models of education.",Theoretical Framework
"In analyzing the results from various standardized tests administered over the past decade, our research highlights a consistent increase in scores among students who participated in after-school tutoring programs. The findings reflect a direct impact of supplemental educational support.",Empirical Evidence
"This study takes a close look at the unique measures taken by the DEF Shelter during the COVID-19 pandemic, emphasizing how their innovative approach to care helped alleviate the impact of social isolation on residents.",Case Study
"The effectiveness of two different teaching strategies was analyzed in a recent research project. On one side, the direct instruction method resulted in higher test scores, while on the other, inquiry-based learning appeared to encourage greater critical thinking, illustrating a fundamental shift in pedagogical approaches that educators must consider.",Comparative Analysis
"By analyzing the two leading theories on cognitive development—Piaget's and Vygotsky's—it becomes clear that while both emphasize social interactions, their implications for educational practice vary significantly.",Comparative Analysis
"Investigating the long-term effects of a specific reading intervention method on literacy rates at XYZ School, this report delves into individual student progress over several years. The qualitative data collected through interviews with teachers and parents unveils the complexities surrounding literacy development in early education.",Case Study
"The contrasting philosophies of qualitative and quantitative research methods in the social sciences illustrate how each approach can yield distinct insights into human behavior and societal trends, serving different purposes within the field.",Comparative Analysis
"Through a comparative lens, the use of renewable energy sources in Germany and the United States illustrates how policy frameworks shape the transition toward sustainable practices, showcasing differing levels of success and community engagement in these efforts.",Comparative Analysis
"In examining literacy rates, the dataset from the last 20 years shows a marked improvement in underprivileged communities that received additional educational resources, offering insights into effective intervention strategies.",Empirical Evidence
"The paper presents a focused investigation on the implementation of sustainable practices at the Green Valley Farm, providing insights into the lessons learned from their transition to organic farming methods.",Case Study
"A meta-analysis of various studies concluded that frequent formative assessments lead to heightened student motivation and improved academic results, establishing a data-driven basis for reforming assessment practices.",Empirical Evidence
"We utilized a mixed-methods approach to explore the relationship between class attendance and academic performance. The quantitative data showed that each additional class attended correlated with an increase in GPA, underscoring the importance of attendance in academic success.",Empirical Evidence
"The research comparing the effectiveness of traditional lectures versus online learning environments reveals significant variations in student engagement and academic performance across both modalities. While traditional classrooms foster face-to-face interaction, online platforms offer flexibility and accessibility that traditional settings often lack.",Comparative Analysis
"In examining the impact of social constructivism on educational outcomes, it’s essential to consider how various cognitive theories explain the learning process, emphasizing the importance of context and interaction between learners.",Theoretical Framework
"Quantitative analysis of voting patterns over the last three elections revealed that demographic shifts significantly influenced the outcome in key districts, showcasing how voter behavior directly impacts political representation in various regions.",Empirical Evidence
Quantitative analyses of reading habits indicate that students who read fiction regularly score higher on empathy assessments compared to non-readers. This points towards reading as a significant factor in social and emotional development during educational transitions.,Empirical Evidence
"Through an in-depth look at the 2022 faculty strike at a public university, this paper explores the motivations behind the actions of staff and administration. By analyzing documents, interview transcripts, and meeting notes, significant themes regarding labor rights and academic freedom emerged, illustrating the complexity of university governance.",Case Study
"Research conducted at multiple institutions demonstrated that mental health support services improve student well-being and academic performance, with a marked increase in GPA among users of these services.",Empirical Evidence
"A meta-analysis of 20 studies regarding the impact of diet on cognitive function showed a consistent improvement in memory retention in participants following a Mediterranean diet, compared to other dietary patterns. This reinforces the idea that nutrition plays a crucial role in cognitive abilities.",Empirical Evidence
"By examining case files and conducting interviews, the research illustrates the impact of community outreach programs on crime reduction in urban areas, providing actionable insights for policymakers.",Empirical Evidence
"In examining the effects of technology integration in classrooms, researchers found that 85% of participants reported increased engagement and improved understanding of the material, supporting the notion that digital tools can enhance learning environments.",Empirical Evidence
"The differences in the approaches to climate change advocacy between grassroots organizations and government bodies are examined, revealing contrasting strategies and their effectiveness in shaping public policy.",Comparative Analysis
A detailed exploration of literacy programs across various demographics revealed that children who participated in interactive reading sessions showed a 25% improvement in literacy rates compared to those who were taught through traditional methods. This data strongly supports the need for innovative teaching strategies.,Empirical Evidence
"Recent data from hospital records between 2018 and 2023 illustrate a 40% increase in mental health consultations, prompting a reevaluation of our mental health resources and outreach programs.",Empirical Evidence
"An in-depth exploration of a university's initiative to increase diversity in the faculty ranks paints a picture of the journey taken over several years. Through interviews with administrators and faculty members, insights into recruitment strategies, challenges, and successes are gained.",Case Study
An in-depth examination of a non-profit organization that promotes STEM education among underprivileged youth sheds light on effective outreach strategies. The case illustrates how targeted initiatives can significantly affect student engagement and achievement in science and technology fields.,Case Study
"By employing the theory of emotional intelligence, researchers can explore how students' emotional competencies influence their academic success. This approach allows for a nuanced understanding of the interplay between emotions and learning outcomes, ultimately guiding educational policies.",Theoretical Framework
"Focused on a groundbreaking initiative at a local high school, the analysis details the development and implementation of a mentorship program that pairs students with industry professionals. By examining the program's structure, the experiences of participants, and overall success rates, the study illustrates the potential benefits of early career exposure.",Case Study
"An evaluation of health care systems in the US and Canada reveals stark contrasts in accessibility and outcomes. The Canadian single-payer system provides universal coverage, while the US model's reliance on private insurance often leaves many without essential services.",Comparative Analysis
"Experimental data collected from a biology lab demonstrated that 80% of plants exposed to increased light conditions exhibited faster growth rates compared to those grown in standard light, implying that light intensity plays a crucial role in plant development.",Empirical Evidence
"An analysis of urban planning theories reveals that historical context plays a crucial role in shaping contemporary practices. By examining case studies of different cities, we can understand how theoretical perspectives on space and community development inform practical outcomes in urban environments.",Theoretical Framework
"The research conducted by Garcia on urban agriculture presents a strikingly different viewpoint from that of Lee, who argues for more technologically advanced farming methods, highlighting the pros and cons of each approach in urban sustainability.",Comparative Analysis
"This report examines the implementation of a new digital learning platform in a metropolitan university. Through interviews with students and faculty, alongside an analysis of engagement metrics, we unveil several critical successes and challenges faced during the rollout, highlighting the transformative impact on teaching methodologies.",Case Study
"The relationship between language and thought can be elucidated through Vygotsky's socio-cultural theory, which posits that social interaction plays a fundamental role in the development of cognition, thus affecting educational practices.",Theoretical Framework
"By analyzing the frameworks of educational reform proposed by both Dewey and Freire, we can observe how their approaches to experiential learning vary significantly. Dewey’s emphasis on reflective thinking contrasts sharply with Freire’s focus on critical pedagogy, which shapes the development of modern educational practices.",Comparative Analysis
"In a recent survey, students from public universities reported more interaction with peers compared to those in private institutions, indicating that institutional context may play a significant role in shaping collaborative learning experiences.",Comparative Analysis
"In recent studies, over 300 participants were surveyed regarding their study habits, revealing a direct correlation between regular study schedules and higher academic performance. The statistical analysis provided robust support for these findings, indicating that those who adhered to a structured routine scored an average of 15% higher on exams.",Empirical Evidence
"In examining economic disparities, one might draw from Marxist theory to contextualize the relationships between capital and labor. This theoretical basis assists in analyzing contemporary capitalist societies and their inherent inequalities.",Theoretical Framework
"Research in environmental psychology has repeatedly highlighted the significance of place attachment in shaping individuals' responses to their surroundings. By integrating theories from environmental behavior and psychogeography, scholars can better understand how emotional bonds influence human interactions with nature.",Theoretical Framework
"Examining constructivist theories can illuminate the significance of experiential learning in developing critical thinking skills, thereby informing instructional approaches in contemporary classrooms.",Theoretical Framework
"Through the lens of feminist theory, the representation of women in literature is questioned, inviting discourse on how patriarchal structures influence narrative voice and character development, ultimately challenging traditional literary canons.",Theoretical Framework
"In assessing how social media influences political engagement, this article contrasts the effects of platforms like Twitter versus Facebook, with implications for voter mobilization and information dissemination.",Comparative Analysis
"When investigating the effectiveness of various communication strategies in organizations, one can refer to the Shannon-Weaver model. This model provides insights into the components of effective communication, aiding in the identification of barriers that may hinder message transmission.",Theoretical Framework
"The study juxtaposes the effects of social media on communication styles in Generation Z versus older generations, revealing shifts in interpersonal communication norms that arise from digital interaction patterns.",Comparative Analysis
"This research investigates the efficacy of two different teaching methods for enhancing student engagement, contrasting traditional lectures with interactive workshops to determine which method produces better learning outcomes.",Comparative Analysis
"A juxtaposition of urban and rural educational outcomes reveals stark disparities in resource allocation and student performance metrics, ultimately suggesting that environmental factors weigh heavily on learning success.",Comparative Analysis
"The implementation of a new assessment technique in a biology course was evaluated through student performance metrics, revealing a marked increase in average grades from 75% to 85% after adopting the new method. This data underscores the importance of innovative teaching strategies in enhancing student learning outcomes.",Empirical Evidence
"In an effort to understand the impact of climate change on coastal communities, we investigated a small fishing village that has experienced substantial environmental shifts over the last decade. Through interviews and observational studies, we captured critical changes in both the ecosystem and the community's way of life.",Case Study
"The recent study on social media's impact on academic performance utilized a comprehensive dataset from over 500 students. Results indicated a significant correlation between excessive use of platforms and declining grades, showcasing clear trends in behavior and outcomes. This data underscores the need for further investigation into digital distractions.",Empirical Evidence
"By examining the legislation on data privacy in Europe and the United States, we can see contrasting approaches. The GDPR emphasizes strict consent and user rights while American laws often prioritize corporate interests and self-regulation, ultimately affecting how citizens engage with digital platforms.",Comparative Analysis
"Research indicates that renewable energy sources perform differently when considering economic outputs. A comparative study of solar energy versus wind energy shows that while solar panels have a higher installation cost, their long-term return on investment may surpass that of wind turbines, thus prompting a reevaluation of funding in alternative energy sectors.",Comparative Analysis
"In exploring the dynamics of cultural identity, several scholars have posited that the concept is not merely a product of personal experience but is also influenced by socio-political contexts, suggesting that frameworks such as post-colonial theory offer critical insights into this relationship.",Theoretical Framework
"Behaviorism and cognitivism present contrasting views on learning processes, with the former focusing on observable behaviors and the latter emphasizing mental processes, highlighting the debate on the most effective teaching methodologies.",Theoretical Framework
"Cultural relativism, as proposed by Franz Boas, challenges ethnocentric views by asserting that cultural norms and values are context-dependent. This theoretical approach reshapes our understanding of cultural interactions and promotes tolerance in anthropological studies.",Theoretical Framework
"In the realm of STEM education, we analyzed the impact of hands-on experiments in chemistry classes and found that students exposed to practical applications of theories demonstrated a more profound understanding of complex concepts, as evidenced by their project evaluations and examination scores.",Empirical Evidence
"By investigating the intersections of race and class, several frameworks within critical theory allow us to better understand the systemic inequalities that permeate educational institutions, urging a reevaluation of pedagogical approaches that often overlook these dimensions.",Theoretical Framework
"Experimental results demonstrated that participants who engaged with interactive learning tools scored 30% higher on retention tests compared to those who followed conventional lecture-based instruction, suggesting the effectiveness of modern pedagogical practices.",Empirical Evidence
"The analysis of the 2019 wildfire in Australia focuses on a specific suburb that faced unprecedented loss. By interviewing residents and documenting their recovery process, we can glean insights into the effectiveness of local emergency response strategies and the resilience of the affected population.",Case Study
"This research outlines the transformation of a renowned art museum's exhibit strategy, using a singular exhibition as a case to understand visitor engagement and educational outreach.",Case Study
"In my analysis of survey results, nearly 80% of respondents reported feeling more satisfied with their jobs after implementing flexible work hours, which aligns with existing literature on work-life balance.",Empirical Evidence
"In an extensive longitudinal study, researchers tracked the dietary habits of over 2,000 participants for a decade, concluding that those adhering to a Mediterranean diet had lower incidences of heart disease, reinforcing the diet's benefits.",Empirical Evidence
"The recent survey results indicated a clear disparity in access to technology among students from different socioeconomic backgrounds, with 60% of low-income families lacking adequate devices for online learning, emphasizing the ongoing digital divide in education.",Empirical Evidence
"This paper juxtaposes the historical foundations of Western philosophy against Eastern philosophical traditions, revealing critical differences in epistemology and ethics that continue to influence contemporary thought across cultures.",Comparative Analysis
"A focus on the peer tutoring program at DEF University provides a lens into the academic success of participants compared to non-participants. By sharing experiences gathered through participant surveys, this report illustrates the transformative impact of peer support on academic performance.",Case Study
"The controlled trial conducted in multiple labs across the country successfully demonstrated that the new drug reduced symptoms of anxiety by 40% in comparison to the placebo group, making a strong case for its efficacy.",Empirical Evidence
"Utilizing the feminist lens allows for a critical analysis of literary texts, revealing how patriarchal ideologies are perpetuated through narrative structures. The application of gender theory not only aids in dissecting character roles but also illuminates the societal implications embedded within the literature.",Theoretical Framework
"The discourse surrounding climate change policy is often framed within the constructs of ecological modernization theory. This perspective helps to articulate the relationship between economic growth and environmental protection, suggesting pathways toward sustainable development.",Theoretical Framework
"Through an examination of the curriculum changes at Springfield High School, we can observe how shifting pedagogical approaches have directly influenced student engagement and achievement levels. This comprehensive evaluation involves a detailed exploration of various academic metrics, including standardized test results.",Case Study
"The study compares the impacts of online versus traditional classroom settings on student engagement, revealing interesting disparities in participation rates and academic performance.",Comparative Analysis
"At Oceanview University, a program designed to address the challenges faced by first-generation college students has been studied. The qualitative data gathered through student interviews highlights the emotional and social barriers they navigate, providing insights into the necessary support systems for future cohorts.",Case Study
"In light of the recent studies on climate change, contrasting the responses of developed nations with those of developing countries highlights significant disparities in both commitment levels and available resources for addressing environmental issues.",Comparative Analysis
"An analysis of test scores from different educational apps indicates that users of interactive platforms outperformed those using traditional study tools, pointing to the effectiveness of technology in enhancing learning.",Empirical Evidence
"The exploration of renewable energy sources, particularly wind and solar, reveals contrasting benefits and limitations. While solar energy offers high efficiency, wind energy presents challenges related to geographic dependency. Both sources reflect different yet equally significant pathways towards sustainable energy solutions.",Comparative Analysis
"In comparing the historical narratives surrounding the French Revolution and the American Revolution, we find that both movements sought liberty and equality, yet they differed fundamentally in their methods and ideological underpinnings, resulting in varied outcomes for their respective societies.",Comparative Analysis
A recent study evaluated the impact of sleep deprivation on cognitive performance among college students by conducting a series of timed tests. The results showed a significant decrease in memory recall and problem-solving abilities as the hours of sleep decreased.,Empirical Evidence
"Within the scope of environmental policy, a thorough exploration of a city's initiative to reduce carbon emissions was conducted. Aspects such as public transportation development, green building regulations, and community awareness campaigns were assessed, revealing correlations between these strategies and the city's overall reduction goals since implementation.",Case Study
"Cultural relativism offers a lens through which anthropologists can critique ethnocentric perspectives, suggesting that understanding practices within their social context yields richer insights into human behavior.",Theoretical Framework
"The relationship between emotional intelligence and academic success can be framed within existing psychological theories, suggesting that emotional competencies are essential for effective learning and social interaction.",Theoretical Framework
Analysis of survey data collected from diverse educational institutions suggests that students engaged in collaborative learning environments exhibit improved retention rates compared to those who study in isolation.,Empirical Evidence
"Comparing the narratives found in feminist literature and contemporary gender studies reveals significant shifts in how gender identity is understood and represented in modern academic discourse, often leading to important implications for activism.",Comparative Analysis
"This article delves into the principles of constructivist learning theory, arguing that learners construct knowledge through experiences, which serves as a basis for curriculum development.",Theoretical Framework
"Utilizing frameworks from social learning theory, the discussion highlights how observational learning impacts peer interactions among adolescents, suggesting pathways for improved educational interventions.",Theoretical Framework
"This investigation focuses on a unique partnership between a university and a non-profit organization that aimed to revitalize a struggling neighborhood, showcasing both the successes and shortcomings of their collaboration.",Case Study
"In a survey conducted among 500 high school students, 78% reported feeling stressed due to academic pressures. This statistic highlights the urgent need for schools to address mental health resources and support systems to help students cope with these challenges.",Empirical Evidence
"This examination of the behavioral patterns of online learners at a community college showcases how demographic variables influence educational attainment and retention rates, offering a nuanced view of adult education.",Case Study
"Focusing on the integration of artificial intelligence tools in the curriculum of a tech university, this analysis discusses how one department's pilot program has reshaped teaching methodologies. The experiences of the instructors and students provide a rich context for understanding the benefits and drawbacks of such technologies in education.",Case Study
"The intersection of climate change discourse in Western and Indigenous contexts demonstrates divergent understandings of environmental stewardship, pointing to the need for inclusive policy frameworks that respect both perspectives.",Comparative Analysis
"Through rigorous analysis of case studies from three different countries, the findings illustrate how varying educational approaches impact student engagement and success rates on a global scale.",Empirical Evidence
"Constructivist theories advocate that individuals actively construct their own understanding and knowledge of the world, through experiencing things and reflecting on those experiences. This perspective necessitates innovative teaching methods that foster critical thinking and problem-solving skills.",Theoretical Framework
"This examination of the reading comprehension program implemented at Lincoln High School illustrates its effects on diverse student populations. The in-depth approach taken here considers both qualitative data from teacher observations and quantitative analysis of test results, shedding light on how such programs can be adapted to suit varying learning needs.",Case Study
"In examining the principles of feminist theory, it is essential to consider the critiques levied against traditional narratives of history and literature, which often marginalize female perspectives. This theoretical standpoint allows for a deeper understanding of gender dynamics and power structures that shape societal norms.",Theoretical Framework
"This study draws upon the principles of constructivist learning theory as posited by Piaget, suggesting that knowledge is built through experience and interaction, thereby influencing how educational practices should be structured.",Theoretical Framework
"Utilizing the principles of ecological systems theory helps us understand the complex interplay between individual development and environmental influences, highlighting the importance of the surrounding context in shaping human behavior and relationships.",Theoretical Framework
"A recent meta-analysis of 25 studies explored the impact of digital technology on learning outcomes, concluding that the integration of interactive tools in classrooms significantly enhances student engagement and knowledge retention. This conclusion highlights measurable improvements across different educational levels.",Empirical Evidence
"The analysis of critical pedagogy allows for a deeper understanding of how education systems perpetuate societal inequalities, drawing on the works of Paulo Freire and others to challenge conventional norms.",Theoretical Framework
"Data from a cross-sectional study indicated that socioeconomic status has a profound effect on access to educational resources, with low-income students reporting fewer opportunities for enrichment activities compared to their counterparts.",Empirical Evidence
"The struggles of rural healthcare systems were exemplified by a case in Pine Valley, where the local hospital faced severe staffing shortages. By detailing the experiences of healthcare workers and patients, we uncovered systemic issues that persist in similar communities across the country.",Case Study
"In analyzing global educational policies, the human capital theory offers a perspective that emphasizes the importance of education as an investment in future economic growth and societal advancement.",Theoretical Framework
"While both behaviorism and constructivism have been foundational in education, their implications on curriculum design differ drastically. A careful comparison reveals how each theory informs teaching practices and influences student engagement differently.",Comparative Analysis
"Studies have shown that increased sleep duration has a significant impact on cognitive functions, with data from various trials indicating a correlation between extended sleep and improved memory retention.",Empirical Evidence
"Our exploration of a specific urban renewal project in downtown Chicago reveals the multifaceted impacts of redevelopment on local residents. By interviewing stakeholders and assessing urban planning documents, we garnered valuable insights into the balance between economic growth and community needs.",Case Study
"By comparing the GPA trajectories of students involved in peer mentoring programs against those who were not, the research provides compelling insights into the benefits of mentorship on academic outcomes, highlighting a 0.5 increase in GPA on average for mentored students.",Empirical Evidence
"In a series of case studies, patients who utilized telemedicine services reported a 50% increase in satisfaction with their healthcare experience compared to in-person visits, illustrating the potential benefits of telehealth.",Empirical Evidence
"A detailed assessment of the cultural impacts between Eastern and Western philosophies illustrates how Confucianism emphasizes community and familial ties, while Western thought often champions individualism, resulting in diverse societal structures and values that shape each culture's approach to education and governance.",Comparative Analysis
"This analysis employs feminist theory to critically examine the representation of women in mainstream media over the last two decades. By drawing on existing literature, we establish a framework that critiques the evolving portrayal of gender roles and situates this within broader societal changes, thus creating a comprehensive view of media influence.",Theoretical Framework
"This analysis follows one university's approach to diversity in admissions, showcasing how specific strategies have either succeeded or failed in increasing representation among underrepresented groups.",Case Study
"The use of simulation models to predict economic outcomes has been validated by comparing projected results with actual market performance over the past decade. The findings reveal a 85% accuracy rate, thereby affirming the reliability of these models in economic forecasting and policy-making.",Empirical Evidence
"In analyzing the effectiveness of online learning platforms, we gathered data from over 300 students who participated in remote classes. The findings indicated a correlation between engagement levels and academic performance, suggesting that active participation improves learning outcomes.",Empirical Evidence
"By analyzing various case studies from notable universities, the juxtaposition of STEM programs with liberal arts education reveals unique advantages in fostering creativity and innovation in students, which often leads to better career prospects.",Comparative Analysis
"While both Smith's and Jones's theories address social mobility, Smith emphasizes structural barriers, whereas Jones focuses more on individual agency, leading to different implications for policy development.",Comparative Analysis
"Investigating a non-profit organization dedicated to improving literacy rates, our research utilized in-depth interviews with program participants and facilitators. This narrative sheds light on the success stories and challenges faced throughout the initiative, providing a rich context for understanding its impact on community literacy.",Case Study
"Utilizing a meta-analysis of existing studies, we found that there is conclusive evidence linking air pollution to respiratory diseases, reinforcing the need for stricter environmental regulations.",Empirical Evidence
"A comprehensive analysis of student performance metrics offered clear insights: schools that adopted integrated learning models showed a 20% improvement in math proficiency scores relative to traditional methods, indicating a direct link between teaching strategy and educational outcomes.",Empirical Evidence
The data collected from numerous trials shows that students who receive tutoring in mathematics score substantially higher on standardized tests compared to their peers who do not receive such assistance.,Empirical Evidence
"Meeting the needs of non-traditional students often requires tailored support services. By focusing on a specific program designed for working adults, we capture the unique barriers faced and the solutions implemented that led to increased retention rates.",Case Study
"The research delves into a specific instance of a university's transition to online learning during the pandemic. It provides detailed accounts of student feedback, faculty adaptations, and the impacts on academic performance, illustrating the complexities of such a rapid shift.",Case Study
"In analyzing the approaches to climate change policy, the study contrasts the strategies employed by the EU and the US, providing a nuanced view of how each region prioritizes economic growth against environmental concerns.",Comparative Analysis
"In the study of community colleges, we particularly examined the enrollment trends of first-generation college students. Detailed case investigations revealed patterns of persistence and dropout rates that underscore the importance of support systems within these educational institutions.",Case Study
"Finally, when looking at various approaches to mental health support in educational institutions, the differences between proactive programs and reactive measures highlight the necessity for comprehensive strategies that can effectively address student needs.",Comparative Analysis
"The research focuses on a comprehensive review of a charter school that adopted Montessori principles. By collecting qualitative data from classroom observations and parent feedback, the findings illustrate the challenges and successes of this pedagogical shift, offering insights into student-centered education.",Case Study
"In light of Vygotsky's social development theory, this analysis emphasizes the importance of social interaction in the learning process, arguing that collaborative learning experiences can enhance cognitive development.",Theoretical Framework
"By examining the effects of microfinance in rural India, this study highlights the detailed experience of a small community that embraced such financial resources, providing evidence of economic upliftment and empowerment.",Case Study
"Quantitative data from an ongoing longitudinal study suggests that involvement in extracurricular activities is linked to an increase in academic success, reinforcing the importance of holistic education.",Empirical Evidence
"In exploring the correlation between urban green spaces and community health, we take a detailed look at the neighborhood of Greenfield. This report utilizes various community surveys conducted over the last decade, highlighting how access to parks has positively influenced residents' physical and mental well-being.",Case Study
"Feminist theory critiques traditional narratives in historical texts, revealing how gendered perspectives and biases shape our understanding of social movements and historical events, necessitating a reevaluation of what is considered knowledge.",Theoretical Framework
"The feminist standpoint theory offers insights into the ways gendered experiences can inform educational practices. By acknowledging the unique perspectives of women, educators can develop more inclusive curricula that reflect diverse experiences.",Theoretical Framework
"In examining the principles of social exchange theory, one must consider how relationships are formed based on the perceived costs and benefits. This theoretical overview sheds light on the dynamics of interpersonal relationships in various contexts, from personal connections to professional networks.",Theoretical Framework
"The evaluation of academic support services across three different colleges illustrated significant improvements in student retention, with approaches such as tutoring and advising contributing to an impressive 25% increase in overall student success rates.",Empirical Evidence
"In considering ethical implications within research methodologies, one can reference the principles of utilitarianism, evaluating how the outcomes of research benefit the majority versus the potential risks posed to vulnerable populations.",Theoretical Framework
"The specific case of a nonprofit organization dedicated to providing educational resources in underprivileged areas was analyzed over a span of five years. Metrics such as literacy rates and access to technology were measured, demonstrating the profound impact targeted interventions can have on enhancing educational opportunities and outcomes for disadvantaged youth.",Case Study
"The relationship between economic growth and environmental sustainability is often debated. By examining case studies from different countries, we can see how some have prioritized development over ecological concerns, while others have found a balance between the two.",Comparative Analysis
"Investigating the long-term effects of a mentorship program on minority students in STEM fields, this analysis provides a comprehensive look at individual success stories. By following a select group of mentees over five years, the research highlights both academic and career advancements attributed to this program's structured support.",Case Study
"In a survey conducted across ten universities, 85% of students reported feeling overwhelmed by academic stress, indicating a pressing need for improved mental health resources on campuses.",Empirical Evidence
"The analysis of test scores before and after implementing a new curriculum shows a clear improvement, with an average increase of 15% in student performance across various subjects.",Empirical Evidence
"Research conducted at three different universities found that participation in mentorship programs significantly reduced dropout rates, as highlighted by data tracking students over a five-year period.",Empirical Evidence
"Focusing on the implementation of a new software system in a healthcare facility, this research closely examines the impact of technology on patient care delivery. Data collected from staff experiences and patient feedback during the rollout period emphasizes specific challenges and successes unique to this transition.",Case Study
"The analysis of the educational reform implemented in District X provides an insightful glimpse into the challenges and successes of policy changes. Through detailed observation of classroom interactions and student performance metrics over five years, we can ascertain the direct impacts of these reforms on student outcomes. For example, the introduction of a new teaching methodology resulted in a 15% increase in standardized test scores among middle school students.",Case Study
"The study involved a survey of over 500 participants, analyzing their reading habits and the effect of digital media on their comprehension levels. Results indicated a significant correlation between increased screen time and reduced retention rates, suggesting broader implications for educational practices.",Empirical Evidence
"This research explores the alternative energy policies of Germany and China, focusing on their approaches to renewable energy adoption. Germany has prioritized energy efficiency and sustainability, whereas China’s strategy revolves around rapid industrialization and mass production of solar technologies. The differing priorities showcase the complex relationship between policy, economic growth, and environmental impact.",Comparative Analysis
"The juxtaposition of the philosophical frameworks of Kant and Mill reveals contrasting views on morality, where Kant's deontological ethics emphasizes duty irrespective of consequences, whereas Mill's utilitarianism focuses on the greatest happiness principle as the guiding criterion for ethical behavior.",Comparative Analysis
"A major debate in the literature regarding motivation theories revolves around intrinsic versus extrinsic factors. By analyzing existing research, one can discern that fostering intrinsic motivation might lead to more sustainable and profound learning outcomes compared to methods that rely heavily on external rewards.",Theoretical Framework
"In an experiment measuring the effects of sleep deprivation on cognitive performance, subjects who were deprived of sleep for 24 hours scored significantly lower on memory tasks compared to those who received a full night's rest. These findings compel a deeper understanding of sleep's role in learning and memory retention.",Empirical Evidence
"Foucault's analysis of power dynamics in social institutions reveals how knowledge and authority are intertwined. His theoretical contributions have profound implications for sociology and the study of governance, reshaping our comprehension of social structures and individual agency.",Theoretical Framework
"In conducting surveys across multiple universities, it was found that 85% of students reported increased stress levels during exam periods, aligning with previous findings in the field of educational psychology. Such data sheds light on the pressing need for effective stress management resources in academic settings.",Empirical Evidence
"The recent examination of urban regeneration projects in Detroit showcases how revitalizing a single neighborhood can lead to broader economic benefits. This analysis focuses on the recovery of local businesses and community engagement following a series of targeted initiatives, providing a microcosm of urban renewal efforts in declining cities.",Case Study
"A critical examination of classical conditioning in behaviorism and its implications for learning strategies in modern education demonstrates the foundational role that early psychological theories play in current practices. While both frameworks seek to modify behavior, their applications in educational settings differ, reflecting a shift from behaviorist principles to more holistic approaches to student development.",Comparative Analysis
"Behavioral economics integrates psychological insights with economic theory, illustrating how emotional and cognitive biases influence decision-making processes. This innovative approach redefines classic economic models by incorporating human behavior, ultimately leading to more effective policy-making and market strategies.",Theoretical Framework
"Through a side-by-side comparison of the educational systems in Finland and the United States, the paper illustrates the implications of curriculum design and teacher autonomy on student success and societal attitudes toward education.",Comparative Analysis
"The framework established by Piaget and Vygotsky suggests that cognitive development is not solely an individual endeavor but rather a social construct, indicating that collaborative learning environments may significantly enhance student comprehension.",Theoretical Framework
"A longitudinal analysis of student performance metrics over five years indicates that implementing tutoring programs led to a measurable increase in average grades, confirming the importance of support systems in education.",Empirical Evidence
"Comparing the effects of social media on adolescent mental health against traditional forms of communication unveils a complex landscape. While social media can foster connection, it equally engenders feelings of isolation when users engage in selective self-presentation, reflecting broader cultural shifts in how identity is formed and perceived today.",Comparative Analysis
"By highlighting a specific initiative undertaken by a community college to increase retention rates, we explore various strategies employed over the last two years. Our findings are derived from student surveys and focus groups, allowing us to showcase how certain support services have led to measurable improvements in student persistence through their coursework.",Case Study
"In analyzing the effects of remote learning on student performance, we closely observe a university that transitioned to online classes during the pandemic. The results show a diverse range of student experiences, illuminating the strengths and weaknesses of virtual education.",Case Study
A longitudinal study conducted over a decade shows that students who participated in active learning environments outperform their peers in traditional lecture settings. Analysis of test scores and qualitative feedback from participants indicates a 20% enhancement in knowledge retention among those in active learning contexts.,Empirical Evidence
"Analyzing the data collected from over 5,000 students, it was found that those who engaged in active learning techniques scored an average of 15% higher on standardized tests than their peers. This finding emphasizes the effectiveness of interactive learning environments in academic performance.",Empirical Evidence
"Analysis of the health records of over 1,000 patients indicated that those who followed a Mediterranean diet had 30% lower incidences of heart disease, reinforcing the diet's recognized benefits.",Empirical Evidence
"Comparing the efficacy of different vaccine technologies, such as mRNA versus traditional live-attenuated vaccines, reveals varied benefits and risks. While mRNA vaccines can be produced rapidly, live-attenuated vaccines often provide longer-lasting immunity, raising important questions about public health strategies.",Comparative Analysis
"Through the lens of Albert's study on consumer behavior and Brittany's exploration of cultural influences in marketing, we can see how demographic factors play pivotal yet varying roles in shaping marketing strategies for different audiences.",Comparative Analysis
"The analysis of leadership styles in educational institutions can be enriched through the lens of transformational leadership theory, which prioritizes vision, inspiration, and change. This framework can be pivotal in understanding how educational leaders can influence school culture and drive institutional reform.",Theoretical Framework
"This study looks closely at the application of service learning within a community college's nursing program. By assessing the partnerships formed with local health organizations, the insights gained from this initiative reveal significant implications for both student training and community health outcomes.",Case Study
"Research conducted on the impact of reading interventions demonstrated that students who participated in targeted reading programs improved their literacy scores by an average of 25%, evidencing the effectiveness of focused instructional strategies.",Empirical Evidence
"We conducted an analysis centered on a unique interdisciplinary project between the humanities and social sciences at a university. By closely following the project's development, we highlight how collaboration between disciplines led to innovative teaching strategies and enhanced student learning experiences.",Case Study
"The implications of post-colonial theory in understanding cultural identity are significant, as they challenge Eurocentrism and provide a voice to previously marginalized societies in literary discourse.",Theoretical Framework
"In the context of social justice, the framework established by Rawls serves as a foundational basis for evaluating the fairness of societal structures. Rawls' principles allow us to critique contemporary issues through a well-defined ethical lens, particularly concerning equality and rights.",Theoretical Framework
"In contrasting the policy impacts of progressive versus conservative educational reforms in different states, the analysis reveals distinct differences in student achievement and socioeconomic mobility over the past decade.",Comparative Analysis
"This investigation focuses on the implementation of new teaching strategies in a high school biology class, detailing how these methods influenced student engagement and learning outcomes over an academic year.",Case Study
"Our recent study involved tracking the effectiveness of online learning platforms, showing that students who interacted with multimedia content scored 20% higher on assessments than those who engaged with standard text-based material. These results open a new avenue for understanding learning preferences.",Empirical Evidence
"Exploring the management strategies of multinational corporations in emerging markets versus developed economies highlights varied challenges and opportunities. Companies often tailor their approaches based on local market dynamics, which could serve as a case for strategic adaptability in international business.",Comparative Analysis
Field experiments conducted in urban schools show that integrating technology into daily lessons improves student retention rates. The collected data from test scores before and after the implementation of tablets in classrooms supports this claim and warrants further exploration into tech-enhanced learning environments.,Empirical Evidence
"The impact of digital technologies on learning outcomes can be analyzed through the lens of constructivism, which posits that learners actively construct their knowledge. This approach emphasizes the importance of context and interaction in the learning process, differentiating it from more traditional pedagogical strategies.",Theoretical Framework
"By looking at the housing crisis in Stonebrook, a suburb heavily impacted by economic fluctuations, we gathered narratives from residents that showcased the human side of policy failures. These stories represent a microcosm of broader economic trends affecting low-income families.",Case Study
"When evaluating the psychological effects of social media on teenagers versus adults, the findings suggest that while both groups display signs of anxiety, the sources and manifestations of this anxiety differ significantly between the two demographics.",Comparative Analysis
"We took a closer look at the impact of internships on graduate employability by following three distinct cohorts of students. Our qualitative approach involved tracking their professional journeys post-graduation and correlating their internship experiences with job placement success, allowing us to make nuanced observations.",Case Study
"Cognitive Load Theory provides essential insights into instructional design, arguing that optimal learning occurs when the cognitive demands of a task align with the learner's capacity. By elucidating the mechanics of working memory, practitioners can design more effective curricula that enhance comprehension.",Theoretical Framework
"When analyzing the evolution of feminist theory through waves of activism, it is evident that each wave addresses unique societal issues while building upon or reacting to the previous wave's focus. The first wave's suffrage efforts contrast with the second wave's focus on workplace equality, illustrating a progression in feminist discourse over time.",Comparative Analysis
"While analyzing various leadership styles, one must consider transformational leadership theory as a pivotal framework that connects motivational aspects to organizational effectiveness.",Theoretical Framework
The story of a family's struggle with housing instability during a pandemic serves as an example to discuss policy implications for homelessness and economic support systems in crisis situations.,Case Study
This analysis reviews the unique approach of a rural primary school that adopted outdoor learning as its primary teaching strategy. Case examples show how this method not only improved student collaboration but also enhanced their connection to nature.,Case Study
"In analyzing the educational outcomes of at-risk youth, this paper delves into the specific case of the XYZ program in New York City, illustrating how targeted mentorship can significantly improve graduation rates.",Case Study
"The investigation into a specific legal case regarding employment discrimination serves as a vital example of how judicial precedent shapes workplace policies. Our thorough documentation of the case details exposes the intricate relationship between law, ethics, and organizational behavior.",Case Study
"A cohort study conducted at several universities found that mental health resources made available to students resulted in a notable decrease in dropout rates, with one institution reporting a reduction from 20% to 12% over two academic years.",Empirical Evidence
"Post-colonial theory critiques the narratives constructed by colonial powers, offering a lens through which to examine the ongoing impacts of colonialism on contemporary societies and identities, encouraging a reevaluation of historical perspectives.",Theoretical Framework
"Data from multiple experiments indicate that increased temperatures lead to higher rates of photosynthesis in various plant species, demonstrating a clear correlation between environmental factors and biological processes.",Empirical Evidence
"By focusing on the specific case of the 2008 financial crisis in Iceland, this study sheds light on how banking regulations can prevent economic disasters, highlighting the unique socioeconomic factors involved.",Case Study
"In exploring two educational interventions aimed at improving literacy rates among children, the use of phonics versus whole language approaches reveals noteworthy differences in student outcomes. Evaluative data indicates that students exposed to phonics instruction often achieve reading proficiency at a faster rate compared to their peers instructed through whole language methods, prompting questions about the best practices in teaching literacy.",Comparative Analysis
"Longitudinal studies tracking the career paths of graduates from STEM fields indicated that those who participated in internships during their academic tenure had higher employment rates. This correlation, supported by factual data, points to the critical role of experiential learning in professional success.",Empirical Evidence
The delineation of different leadership styles according to the path-goal theory highlights how leaders can adapt their approach to meet subordinates' needs. Understanding this framework is essential for developing effective leadership training programs in educational institutions.,Theoretical Framework
"In analyzing the impact of cognitive dissonance in decision-making processes, it is clear that existing psychological theories provide a robust framework for understanding how individuals reconcile conflicting beliefs.",Theoretical Framework
"This study explores the differences between traditional and online learning methods, highlighting the strengths and weaknesses of each approach in engaging students effectively in higher education.",Comparative Analysis
"Analyzing data from multiple universities, it was found that institutions that implemented a peer mentoring program saw a 30% improvement in first-year student retention rates compared to those that did not, underlining the effectiveness of such initiatives.",Empirical Evidence
The implications of Piaget's stages of cognitive development reveal that understanding how children conceptualize the world can inform teaching strategies that align with their cognitive abilities.,Theoretical Framework
"Research comparing the outcomes of interdisciplinary programs versus traditional single-discipline ones shows that students in the former group demonstrate a marked increase in critical thinking and collaboration skills, highlighting the benefits of a more integrated educational framework.",Comparative Analysis
"Using Vygotsky's social constructivism as a foundation, we can analyze how collaborative learning environments facilitate deeper understanding among students by reinforcing social interactions as a key component of knowledge acquisition.",Theoretical Framework
"Comparing the effects of curriculum design in STEM versus humanities disciplines unveils significant differences in student engagement. STEM programs often employ hands-on experiments, while humanities classes typically emphasize critical analysis and discussion. This divergence raises important questions about how discipline-specific strategies can influence student motivation and learning outcomes across educational contexts.",Comparative Analysis
"The study analyzed academic records of students participating in a summer internship program, finding that those who engaged in hands-on experiences scored 10% higher in practical assessments than their peers who did not. This suggests a strong link between experiential learning and academic performance.",Empirical Evidence
"Through a thorough examination of a specific program aimed at increasing STEM enrollments, this study looks at one university's approach and the resultant shifts in student demographics and interests. It illustrates the real-world implications of targeted outreach efforts in academia.",Case Study
Recent data from the National Institute of Health reveals that patients who participated in cognitive-behavioral therapy had higher improvement rates compared to those who received standard treatment. This statistical evidence underscores the effectiveness of integrating psychological modalities in traditional medical settings.,Empirical Evidence
"By applying the principles of situated learning theory, the study aims to demonstrate how context significantly impacts knowledge acquisition and retention among learners.",Theoretical Framework
"Different historical interpretations of the causes of World War I reflect varying perspectives among historians. Some argue that nationalism was the principal driving force, while others emphasize alliances or imperialism, showcasing how the same event can be understood through diverse lenses.",Comparative Analysis
"The discussion surrounding climate change policies often references the precautionary principle, which advocates for a risk-averse approach in the face of scientific uncertainty, offering a robust framework for policy-making.",Theoretical Framework
Data gathered from the National Institute of Health demonstrates that patients treated with the latest drug showed a 30% higher recovery rate compared to those on standard treatment. This data provides a compelling argument for the continued research into innovative medical therapies and their potential benefits.,Empirical Evidence
"The narrative of one patient's experience with chronic illness provides insight into the healthcare system's response, illustrating broader systemic issues in patient treatment and access to care.",Case Study
"Utilizing the principles of systems theory allows us to analyze the interconnectedness of various elements within the educational landscape, thereby offering a comprehensive view of how institutional policies affect teaching practices and student achievement.",Theoretical Framework
"A comparative study of international students revealed that those attending universities with strong cultural integration programs reported greater satisfaction and less homesickness, reinforcing the need for inclusive academic environments.",Empirical Evidence
"In a close examination of the adaptation strategies used by a mid-sized university in response to the COVID-19 pandemic, this case highlights how administrative decisions shaped the academic experience for thousands of students facing unprecedented challenges in remote learning environments.",Case Study
"This report synthesizes various statistical analyses, including regression models and ANOVA tests, to show that socioeconomic background significantly influences access to higher education, emphasizing the need for policy reforms in this area.",Empirical Evidence
"This analysis explores a singular instance of a rural community's response to climate change through the lens of local governance. By documenting the strategies employed by community leaders and the overall response from residents, we aim to draw lessons that could be applied to similar communities facing environmental challenges.",Case Study
"A focused exploration on the role of mentorship in graduate research sheds light on the experiences of three students who engaged with their mentors in distinct ways. By examining each relationship through interviews and reflective journals, we reveal how these connections shaped their research trajectories and overall academic experiences.",Case Study
"This study reviews several established psychological theories in an effort to better understand the cognitive dissonance framework. By referencing Festinger's original work alongside more contemporary findings, we highlight the evolution of thought in this field. It suggests a layered approach to resolving cognitive dissonance that could be beneficial in modern therapy practices.",Theoretical Framework
"The exploration of a single case involving a wrongful conviction in the U.S. justice system underscores the intricate relationship between legal processes and social justice. By following the timeline of key events, interviews with stakeholders, and subsequent policy changes, the study reveals the systemic flaws that contributed to this miscarriage of justice.",Case Study
"In exploring the relationship between socioeconomic status and academic achievement, one can draw upon the social capital theory, which posits that access to resources is contingent upon social networks and relationships that individuals maintain.",Theoretical Framework
"By utilizing Marxist criticism as a lens through which to analyze capitalist societies, one can better understand the intricacies of class struggle and economic disparity. This theoretical approach lays the groundwork for discussions about social justice and equity in contemporary discourse.",Theoretical Framework
"By analyzing the different approaches of Piaget and Vygotsky towards cognitive development, we can see that while both focus on the learner's progression, their methods and implications in educational settings differ considerably, leading to varied instructional strategies.",Comparative Analysis
Data collected from various institutions reveals that schools implementing technology-based learning curricula show a 25% increase in student performance over traditional methods. This evidence supports the integration of technology in educational systems as a means to enhance learning outcomes.,Empirical Evidence
"This investigation centers around a specific health intervention program aimed at improving mental health outcomes for students at a university. By analyzing participant feedback and mental health metrics before and after the program's implementation, the research paints a clear picture of its effectiveness and areas for improvement.",Case Study
"A review of experimental and observational studies on mindfulness practices reveals varying outcomes in stress reduction. While some studies show a marked decrease in anxiety levels, others suggest minimal impact, indicating the need for further inquiry into the underlying factors that contribute to these discrepancies.",Comparative Analysis
"The concept of cultural capital in Bourdieu's theory of social reproduction reveals how educational success is influenced by the resources and connections individuals possess, challenging the notion of meritocracy in education systems.",Theoretical Framework
"Literature on addiction treatment frequently juxtaposes behavioral therapy with pharmacological interventions to assess which method yields better long-term recovery outcomes. Each approach brings different strengths to the table, influencing patient engagement and relapse rates.",Comparative Analysis
"The discussion surrounding artificial intelligence ethics often relies on utilitarianism as a guiding principle. By evaluating the consequences of AI deployments, this philosophical approach helps in addressing moral dilemmas posed by emerging technologies in our society.",Theoretical Framework
"This examination presents an in-depth look at how a specific community college adjusted its curriculum in response to local workforce demands. Through interviews with administrators and industry stakeholders, we capture the nuanced shifts in program offerings that directly respond to community needs, shedding light on effective educational practices.",Case Study
Analyzing the adoption of technology in a particular classroom setting provides insights into teacher-student interactions and the mechanisms of learning that arose from this shift.,Case Study
"In examining the influences of social identity on academic achievement, the argument is framed through Bandura's social cognitive theory, asserting that self-efficacy plays a crucial role in student motivation.",Theoretical Framework
"An investigation into the factors affecting graduate employability revealed that practical experience and internships significantly boost job prospects, supported by feedback from recent graduates.",Empirical Evidence
"In examining the adoption of green building practices, the research delves into a specific project that implemented sustainable materials and energy-efficient systems, revealing the challenges and successes faced during its execution.",Case Study
"By measuring several demographics, this research presents quantitative outcomes that link socioeconomic status with access to educational resources. Specifically, students from lower-income families consistently scored lower in standardized testing, highlighting a need for policy intervention.",Empirical Evidence
"The analysis juxtaposes the historical context of classical education with modern pedagogical approaches, illustrating the shift in educational philosophy and its implications for current teaching practices.",Comparative Analysis
"In discussing the varying outcomes of bilingual versus monolingual education models, several studies highlight significant differences in language proficiency and cultural adaptation, suggesting that the approach taken can have profound effects on long-term academic success.",Comparative Analysis
"Through a comparison of the marketing strategies employed by major tech companies, this paper explores how Apple’s brand loyalty contrasts with Samsung's approach to innovation. Apple’s focus on premium branding and customer experience stands in stark relief against Samsung’s aggressive product diversification and pricing strategies. This analysis illustrates the varying impacts of brand strategy on market share and consumer perception.",Comparative Analysis
"By examining the contrasting impact of social media on younger generations versus older adults, we can see distinct behavioral patterns that emerge in response to digital communication tools, leading to different levels of social interaction and psychological effects.",Comparative Analysis
"This paper investigates the contrasting approaches of qualitative versus quantitative research methods in educational assessments. The findings suggest that while quantitative methods yield statistically significant results, qualitative insights often reveal deeper contextual understandings absent from numerical data. Therefore, integrating both methodologies could enhance the overall efficacy of educational research.",Comparative Analysis
"An analysis of the two different social movements, one advocating for environmental sustainability and the other for social justice, uncovers overlapping strategies in community organizing yet highlights important distinctions in their messaging and target demographics, which could inform future activism.",Comparative Analysis
"Recent studies have shown a significant correlation between sleep duration and academic performance among college students, suggesting that those who sleep for at least seven hours each night tend to achieve higher grades than their counterparts with less sleep.",Empirical Evidence
"This paper analyzes the treatment methodologies for depression, contrasting cognitive behavioral therapy with pharmacological approaches, and discusses their relative efficacy based on patient demographics and co-existing mental health conditions.",Comparative Analysis
"Investigating the rise of renewable energy initiatives in Germany, this paper details how local government actions play a crucial role in achieving sustainability goals, using specific local policies as a focal point for discussion.",Case Study
"By exploring the case of a renowned research university that implemented a mentorship program for minority students, this study reveals the impact of such initiatives on retention rates. Through interviews and performance data, we present compelling evidence of mentorship as a crucial support mechanism within higher education.",Case Study
"This document presents a thorough analysis of a specific mentorship program implemented at a large university, highlighting the experiences of both mentors and mentees over the program's first year. Detailed feedback collected from participants reveals significant insights into the effectiveness and challenges of mentorship in academic environments.",Case Study
"Examining the specific instance of XYZ school, we found that the introduction of a new teaching method resulted in a remarkable increase in student engagement. This qualitative observation was drawn from classroom activities over six months, showcasing the direct impact of teaching styles on learning outcomes.",Case Study
"Through an examination of the curriculum differences in STEM programs across leading universities, it is apparent that a hands-on approach is increasingly preferred over purely theoretical instruction, impacting student readiness for the workforce.",Comparative Analysis
"The thesis delves into the similarities and differences between qualitative and quantitative research methods in social sciences, revealing how each approach leads to distinct outcomes in research findings and applications.",Comparative Analysis
"Recent studies indicate a significant correlation between regular physical activity and increased cognitive function in older adults, suggesting that engaging in exercise could enhance mental acuity as one ages.",Empirical Evidence
"In analyzing the relationships between emotional intelligence and leadership effectiveness, several models emerge, particularly those proposed by Goleman and Mayer, which stress the role of self-awareness and interpersonal skills in organizational success.",Theoretical Framework
"Finally, an analytical memoir of a university's effort to increase diversity within its faculty ranks was compiled. By examining the various initiatives, such as targeted recruitment campaigns and mentorship opportunities, the narrative highlighted how the institution evolved over time to create a more inclusive academic environment, supported by measurable changes in faculty demographics.",Case Study
"In comparing two educational models, online learning and traditional classroom settings, we notice that students in online courses show greater flexibility in scheduling but often struggle with self-discipline. On the other hand, in-person classes provide immediate support from instructors but can be restrictive in terms of time management.",Comparative Analysis
"The efficacy of medication A can be contrasted with medication B in the treatment of anxiety disorders. Studies indicate that while both are effective, patient responses vary significantly based on individual psychological profiles and other pre-existing conditions.",Comparative Analysis
"Rooted in feminist epistemology, the argument presented delves into the ways gender biases permeate academic research, advocating for methodologies that promote inclusivity and equal representation of diverse voices.",Theoretical Framework
"Using longitudinal data, we tracked the career trajectories of graduates from various disciplines, revealing that those who participated in internships during their studies reported higher job satisfaction and better salary outcomes, thus advocating for practical experience in academic curricula.",Empirical Evidence
"Through the lens of feminist theory, the exploration of gender representation in STEM fields underscores systemic biases that hinder equitable access to opportunities for women, thus framing the discussion within a broader socio-political context.",Theoretical Framework
"Our investigation into the implementation of a mentorship program at a local university provides a case for understanding its impact on student success rates. Through detailed interviews with both mentors and mentees, as well as their academic records, we are able to detail the nuanced benefits that come from such educational partnerships.",Case Study
Recent empirical research focused on the correlation between extracurricular involvement and academic achievements in high school students. Findings indicate that those participating in clubs or sports tend to have higher GPAs and better time management skills due to the responsibilities they manage.,Empirical Evidence
"The concept of social constructs in gender studies suggests that identities are not merely biological but shaped by cultural narratives, which leads us to reevaluate traditional definitions of gender roles in modern societies.",Theoretical Framework
"In our examination of literacy rates in developing countries, the data clearly indicates that countries implementing community reading programs show a significant improvement in literacy. Specifically, a 40% increase in literacy rates was observed over a five-year period, underscoring the impact of targeted educational initiatives.",Empirical Evidence
"Measurements taken from students participating in a collaborative learning environment demonstrated increased engagement levels, with 85% reporting that working with peers enhanced their understanding of complex subjects, according to the findings of the research team.",Empirical Evidence
"The impact of mentorship on undergraduate research experiences is investigated through a focused case of a university summer research initiative. By documenting the mentorship interactions and their outcomes, the research reveals essential practices that enhance student learning and satisfaction.",Case Study
"By employing a Marxist lens, one can critically assess the implications of capitalism on educational accessibility, suggesting that economic structures heavily influence pedagogical approaches in underfunded schools.",Theoretical Framework
"This review contrasts two different educational reform movements, one emphasizing standardized testing and the other advocating for holistic approaches that focus on the whole child, ultimately questioning which method leads to better long-term outcomes for students.",Comparative Analysis
"Through a comprehensive overview of the graduation rates among first-generation college students at a state university, we explore various support structures in place. The metrics and personal accounts presented shed light on the nuanced experiences shaping their educational journeys, emphasizing the role of institutional support systems.",Case Study
"In examining the impact of urban gardening initiatives in Chicago, this research highlights the experiences of various community members who participated in these projects over a two-year period. Their stories reveal how access to gardening space improved their mental health and fostered community ties.",Case Study
"A detailed examination of the factors leading to the significant decrease in dropout rates at a community college reveals insights from administration and students alike, highlighting personal stories and statistical data.",Case Study
"Comparing the theoretical perspectives on masculinity presented by Connell and Kimmel reveals contrasting views on how cultural narratives shape male identity in contemporary society. Connell's work emphasizes the fluidity of masculinity, while Kimmel focuses on societal expectations, which suggests different pathways for understanding gender roles.",Comparative Analysis
"The entrepreneurial landscape for female-led startups in the tech sector requires a nuanced understanding of their unique challenges. This study focuses on a select group of female entrepreneurs, documenting their experiences from ideation through to funding pitches, revealing critical factors that either facilitated or hindered their progress in a male-dominated industry.",Case Study
Exploring the role of technology in education through the framework of diffusion of innovations theory allows for a comprehensive understanding of how new technologies are adopted in classroom settings. This perspective highlights the factors that contribute to the variability of technology integration among educators.,Theoretical Framework
"The impact of technology on education can be assessed through the lens of constructivist theories, which posit that learners construct knowledge actively rather than passively receiving information, thus reshaping traditional pedagogical methods.",Theoretical Framework
"Gender roles in education can be examined through the lens of feminist educational theory, which critiques traditional narratives and seeks to empower neglected voices within the academic setting.",Theoretical Framework
"Feminist theory critiques historical narratives and emphasizes the importance of women's perspectives in social sciences. By examining how gender roles are constructed and perpetuated, this framework provides insights into power dynamics within societies.",Theoretical Framework
Research examining the effects of class size on student performance reveals that smaller class sizes lead to improved student outcomes in mathematics and reading. Quantitative data collected from multiple school districts supports the argument that reducing student-to-teacher ratios can enhance learning efficacy.,Empirical Evidence
"Recent studies reveal a strong correlation between sleep quality and academic performance among high school students, indicating that those who maintain a consistent sleep schedule tend to achieve higher grades than their peers.",Empirical Evidence
This paper provides a detailed examination of the impact of remote learning on student engagement by exploring a specific school district's transition during the pandemic. The findings reveal unique patterns in how different demographic groups adapted to online education.,Case Study
"An investigation into the effects of caffeine versus non-caffeinated beverages on cognitive performance found interesting trends. Results suggest that caffeine can enhance short-term alertness, yet prolonged consumption may lead to diminishing returns, contrasting typical assumptions about sustained cognitive benefits and challenging the narrative around caffeine as a productivity enhancer.",Comparative Analysis
"The ecological systems theory, introduced by Bronfenbrenner, emphasizes the interplay between individual development and environmental factors, highlighting how family, community, and societal influences shape human growth. This theoretical perspective is critical in developmental psychology.",Theoretical Framework
"This analysis explores a singular event: a nationwide debate competition hosted by a prominent university. Through participant interviews and performance evaluations, the study highlights the varying impacts on student confidence and public speaking skills across different demographics, offering a case of educational outcomes tied to competitive experiences.",Case Study
"This research dives into the unique challenges faced by international students in adapting to a new education system. By focusing on specific individual cases, we illustrate how cultural adjustments and support networks influence their academic success and social integration.",Case Study
"Utilizing the theory of planned behavior can elucidate how personal attitudes, subjective norms, and perceived behavioral control influence individuals' intentions to engage in health-promoting behaviors. This model is instrumental in designing effective public health interventions.",Theoretical Framework
"A recent longitudinal study tracked the academic progress of students over eight years, providing insights into the impact of early childhood education on later performance. The statistical analysis reveals that those with access to high-quality preschool education outperformed their peers in key subjects by 25% throughout their school years.",Empirical Evidence
"Building upon Vygotsky's ideas, the understanding of the zone of proximal development has shaped modern pedagogical practices, encouraging educators to create learning opportunities that are just beyond a student's current capabilities. This theory underscores the importance of guided interaction in the learning process, which is fundamental to effective teaching strategies.",Theoretical Framework
"In examining the principles of feminist theory, it becomes evident that gendered experiences shape social realities, which results in differing outcomes in various societal structures. This perspective challenges traditional norms and prompts a reevaluation of power dynamics.",Theoretical Framework
"In exploring the differences between renewable and non-renewable energy sources, one can see that while fossil fuels remain dominant, the sustainability of solar and wind power presents a compelling case for a shift in energy policies.",Comparative Analysis
"The assessment of a particular online learning platform sheds light on its effectiveness in reaching students during the COVID-19 pandemic. Through user feedback and performance metrics, the analysis documents both the strengths and shortcomings of the platform in facilitating remote education.",Case Study
"By looking at how two highly regarded authors tackle the theme of identity in their novels, we can see that while one uses a linear narrative structure, the other employs a fragmented style, which ultimately leads to different reader interpretations.",Comparative Analysis
"We measured the reading comprehension skills of middle school students after implementing a new literacy program. The data collected over a semester showed that 80% of students improved their scores on standardized reading assessments, highlighting the program's success.",Empirical Evidence
"Constructivist approaches in education underscore the importance of active learning environments. This theoretical perspective contrasts with traditional rote memorization, advocating for classrooms that cultivate critical thinking, collaboration, and personal investment in the learning process, thus preparing students for real-world challenges.",Theoretical Framework
"By analyzing the strategic partnerships formed between a university and local businesses for an internship program, we can better understand the mutual benefits and outcomes that arose from these collaborations. This includes both quantifiable data and anecdotal evidence from participants.",Case Study
"Building on the theories of motivation proposed by Deci and Ryan, this research posits that intrinsic motivation is a key driver for student success, particularly in self-directed learning environments.",Theoretical Framework
"The intersection of critical pedagogy and feminist theory has generated significant discourse regarding the empowerment of marginalized voices in academic settings. By applying this theoretical perspective, educators can critically assess power dynamics within the classroom and encourage a more inclusive dialogue among students.",Theoretical Framework
"Focusing on the unique case of a single rural school district, this study investigates the effects of grant funding on educational outcomes. By examining test scores, graduation rates, and student engagement metrics, we aim to paint a thorough picture of the impact of additional resources on educational success.",Case Study
"The construct of social capital, as proposed by Bourdieu and later expanded by Putnam, serves as a lens through which to understand the efficacy of community engagement in educational settings. By examining how trust and networks influence student outcomes, we gain insights into the mechanisms that underlie academic success.",Theoretical Framework
"The framework presented by Maslow illustrates the hierarchy of needs, suggesting that human motivation is organized in a pyramid structure. This theoretical model serves as a basis for exploring individual behavior in psychological research, motivating further inquiry into human aspirations and societal impacts.",Theoretical Framework
"This research delves into the unique educational approaches implemented at Riverside High, which has shown significant improvements in student engagement. By examining the specific strategies employed by teachers, we uncover how personalized learning systems can lead to better academic outcomes among diverse student populations.",Case Study
"The analysis of historical and contemporary educational models reveals distinct approaches to student assessment. Traditional models, rooted in standardized testing, focus primarily on academic performance, whereas progressive models advocate for holistic assessments that consider emotional and social development. The implications of these differing philosophies can significantly affect educational policy and practice, making it essential to explore how they shape student experiences.",Comparative Analysis
"The case of Bright Futures Academy illustrates the impact of comprehensive educational reforms on student achievement. Through qualitative interviews with teachers and administrators, the unique challenges and successes faced by the institution provide valuable insights into best practices for education systems in similar socio-economic contexts.",Case Study
"In a meta-analysis of over 50 research papers, it was found that regular physical activity has a direct correlation with reduced anxiety levels, supporting existing psychological theories.",Empirical Evidence
An exploration of the implementation of restorative justice practices within a high school setting illustrates the effectiveness of these programs in reducing behavioral issues and improving school climate.,Case Study
The varying interpretations of justice in retributive and restorative frameworks illustrate the fundamental ideological divide in how society approaches crime and rehabilitation.,Comparative Analysis
"When examining the educational outcomes of high-income versus low-income students, the analysis reveals contrasting patterns in resource allocation and achievement, highlighting systemic inequalities that warrant further research.",Comparative Analysis
"An in-depth investigation into the outcomes of a specific leadership program within the education sector reveals vital insights. Data collected from participants showcased a notable increase in self-efficacy and leadership skills, suggesting that targeted training has far-reaching effects on educational leadership practices.",Case Study
"This analysis traces the evolution of social media platforms at University Z and their effects on student communication and collaboration. Through case examples, we assess how different platforms have facilitated or hindered academic interactions among undergraduate students during the last academic year.",Case Study
"A comparison of graduation rates across different demographic groups within a state university showed significant disparities, prompting calls for targeted interventions to address equity in higher education access and completion.",Empirical Evidence
"Through the analysis of the 2019 water crisis in Flint, Michigan, this paper illustrates the impacts of environmental policies on local communities, emphasizing the gaps in governmental response and public health initiatives.",Case Study
"An investigation into the effects of remote learning during the COVID-19 pandemic has revealed significant differences in student engagement and academic outcomes. By focusing on a specific cohort of high school students, we tracked attendance patterns and academic performance throughout this unprecedented shift, yielding insights that could inform future educational policies.",Case Study
"The concept of intersectionality offers a valuable lens through which to analyze the multifaceted experiences of marginalized groups, as it synthesizes various theories of social categorization and discrimination. This perspective is essential for understanding how different axes of identity interact to create unique social dynamics.",Theoretical Framework
"The audit of a small non-profit organization that shifted its fundraising strategy provides valuable lessons on adaptability and resilience. By attending board meetings and reviewing financial records, the study highlights pivotal moments that led to increased donor engagement.",Case Study
"With a deep dive into a family-owned farm's shift to sustainable practices over the last decade, this study reports on how these changes have affected productivity and environmental impact. Interviews with family members and data on yields contribute valuable understanding to this topic.",Case Study
"Observational data gathered from urban communities during the pandemic revealed a direct correlation between access to green spaces and mental well-being, emphasizing the importance of urban planning.",Empirical Evidence
"Through an investigation of an urban community's response to climate change initiatives, we outline how particular local projects gained traction and the implications of these grassroots efforts.",Case Study
This analysis juxtaposes two leading models of leadership—transformational and transactional—demonstrating how each approach affects team dynamics and employee satisfaction differently in various organizational settings.,Comparative Analysis
Data obtained from longitudinal studies tracking student performance across multiple academic years indicates that those who receive mentorship are more likely to pursue advanced degrees. The statistical analysis shows a clear trend that suggests mentorship plays a critical role in shaping educational outcomes.,Empirical Evidence
Field observations collected over a semester reveal that classrooms with interactive learning environments have higher student engagement levels compared to conventional lecture-based classes.,Empirical Evidence
"In reviewing the contrasting views of Keynesian economics versus classical economics, it's clear that their proposed solutions to economic downturns exhibit fundamentally different assumptions about market behavior and government intervention.",Comparative Analysis
"By reviewing feminist theoretical perspectives on literature, we gain insights into how gender constructs influence narrative structures and character development, reshaping our interpretations of canonical texts.",Theoretical Framework
"This project documents the experiences of first-generation college students at a rural community college. By utilizing surveys and personal interviews, it captures the unique hurdles these students encounter, such as financial instability and lack of familial support, painting a vivid picture of their academic journeys.",Case Study
"Erikson's psychosocial stages provide a necessary backdrop for investigating identity formation during adolescence, showcasing how various social factors interact with developmental challenges.",Theoretical Framework
"Through observational research in urban classrooms, it was demonstrated that students exposed to diverse cultural materials exhibited a higher level of engagement and critical thinking skills. This suggests an effective approach to curriculum design that fosters inclusivity and intellectual exploration.",Empirical Evidence
"The studies conducted on urban vs. rural education settings highlight significant differences in student engagement and resource availability, suggesting that geographical influences play a crucial role in shaping educational outcomes.",Comparative Analysis
"This paper critiques the operationalization of emotional intelligence as introduced by Goleman, highlighting gaps in research that fail to adequately consider situational factors influencing emotional responses in academic contexts.",Theoretical Framework
"A review of the impacts of artificial intelligence on workforce dynamics showed differing outcomes for various sectors, particularly when considering automation in manufacturing compared to that in service industries, thus opening dialogues on future employment trends.",Comparative Analysis
"The authors conducted experiments with over 50 participants exposed to various teaching methodologies, gathering data that illustrates which methods facilitate the best learning outcomes. The analysis focuses on the significant variance in performance across the different groups, suggesting that active learning strategies are superior.",Empirical Evidence
"A study of two different pedagogical methods reveals that constructivist approaches yield higher student engagement than traditional lecture-based methods. By contrasting these teaching strategies side-by-side, we can observe significant differences in learner retention and motivation.",Comparative Analysis
"Historical materialism provides a robust framework for examining the development of social structures and class dynamics across different periods. Such an approach allows scholars to connect economic systems with cultural practices, thus illuminating the interplay between material conditions and social change.",Theoretical Framework
"A comprehensive analysis of survey data from over 1,000 participants reveals that 75% of students prefer online learning environments over traditional classroom settings. This preference can be attributed to the flexibility and accessibility that online platforms offer, allowing students to learn at their own pace.",Empirical Evidence
"In assessing the impact of social media on political mobilization, studies focusing on recent elections in both the US and Brazil highlight varying degrees of influence. While in the US platforms like Twitter were pivotal for rapid dissemination of information, in Brazil, Facebook played a more central role in connecting grassroots movements.",Comparative Analysis
"Our investigation into the rise of mental health issues among adolescents was illustrated through the experiences of Maplewood Middle School. Interviews with school counselors provided rich insights into the socio-emotional challenges faced by students, highlighting the need for targeted interventions.",Case Study
"When examining feminism theories through the lens of intersectionality and liberal feminism, it's clear that while both aim for gender equality, their foundational beliefs about how to achieve this differ significantly, influencing their advocacy and policy proposals.",Comparative Analysis
A focused analysis of the teaching methods employed by educators in STEM fields at a community college showcased variations in student comprehension based on instructor styles. The study utilized interviews and classroom observations to draw conclusions about which techniques yielded the most effective learning results for diverse student populations.,Case Study
"A thorough investigation into the effects of telecommuting on work-life balance in a tech company is conducted here. By detailing the experiences of employees over a six-month period, we uncover the nuances of flexibility and job satisfaction that this arrangement provides, contrasting it with traditional office settings.",Case Study
Field observations across multiple physics classes indicated that interactive simulations significantly increased student comprehension of complex concepts. The results suggest that visual learning tools could be key in addressing common misunderstandings in physical science education.,Empirical Evidence
"This analysis draws upon the specific instance of the 2018 California wildfires, investigating the socio-economic impact on displaced communities and how local organizations responded to the crisis.",Case Study
"Through a comprehensive look at a community garden initiative in a low-income neighborhood, the project illustrates not just the environmental benefits but also the social connections fostered among residents. This case highlights how community-led projects can effectively combat food deserts and promote local engagement.",Case Study
"When looking at the historical development of feminist theories, one notices substantial distinctions between first-wave and third-wave feminism. Each phase addresses different societal contexts and issues, providing a richer understanding of women’s struggles and achievements across time.",Comparative Analysis
"Through an extensive review of a particular scholarship program aimed at supporting underprivileged youth, this analysis reveals both challenges and successes faced by the participants. By engaging with the beneficiaries and tracking their academic journeys, the investigation highlights the long-term impacts of educational financial support on their career trajectories.",Case Study
"The struggles and triumphs of a local art collective in promoting cultural heritage through community workshops serve as the focal point of this research. Case notes and interviews reveal the multifaceted impact of art on community identity, demonstrating an intricate relationship between creativity and social activism.",Case Study
The survey conducted across 300 participants revealed that 75% reported higher productivity levels after implementing a four-day work week; this data supports the hypothesis that reduced hours could lead to better performance.,Empirical Evidence
A closer examination of the transformation of an environmental science program at a small liberal arts college showcases how curriculum changes introduced in 2019 altered student perceptions of sustainability. Data gathered from student focus groups provided insights into how these changes fostered a greater sense of environmental stewardship among participants.,Case Study
"Documenting the transition of a historic building into a community center, this study unpacks the diverse perspectives of local stakeholders involved in the renovation process. Personal accounts shed light on the social implications and community engagement strategies utilized in this initiative.",Case Study
"The relationship between language acquisition theories, particularly Chomsky’s universal grammar, and cognitive development raises pertinent questions regarding the role of innate mechanisms versus environmental stimuli in learning processes.",Theoretical Framework
"In light of recent advancements in cognitive neuroscience, the integration of various theoretical models offers a rich tapestry of understanding for memory processes. By comparing and contrasting findings from different studies, we present an interdisciplinary approach to elucidating how memory is constructed and recalled, which can greatly inform future research directions.",Theoretical Framework
"Through the examination of over 200 academic papers, researchers identified a recurring theme in how mentorship programs improve retention rates among underrepresented students in STEM fields. The quantitative data reinforces the need for institutional investment in mentorship initiatives.",Empirical Evidence
"In a review of different language acquisition approaches, the communicative method focuses on interaction as a primary means of learning, while the traditional grammar-translation method emphasizes form over function. Each method presents distinct advantages and limitations that warrant careful consideration for future curriculum development.",Comparative Analysis
"Analysis of test scores from various standardized examinations has illustrated that students who receive targeted feedback perform better than those who do not, highlighting the importance of formative assessments in education.",Empirical Evidence
"In a survey conducted among 500 undergraduate students, a direct relationship was observed between the frequency of library usage and students' grades, indicating that increased library resources access positively influences academic success. This was further substantiated by a regression analysis that controlled for confounding variables.",Empirical Evidence
"According to Bandura's social learning theory, individuals learn behaviors through observation. This theoretical perspective suggests that modeling positive behaviors can significantly enhance the learning experience for students.",Theoretical Framework
"The study of psychological resilience in victims of natural disasters across diverse geographical regions indicates that cultural factors significantly influence recovery narratives, with some communities demonstrating far superior coping mechanisms than others.",Comparative Analysis
"The evaluation of a community initiative aimed at enhancing science education in elementary schools presented various strategies employed to spark interest in young learners. Through observations and participant interviews, the program's effectiveness was assessed, showcasing a notable increase in science fair participation and curiosity among students over the years.",Case Study
The significance of using feminist theory as a lens through which we analyze literature becomes evident when we consider the societal norms that shaped the narratives of female protagonists in 19th-century novels.,Theoretical Framework
"In a comprehensive analysis of 20 different schools, researchers collected data on student performance metrics over five years. The findings demonstrate a clear trend: institutions that implemented project-based learning saw a 30% increase in engagement and comprehension, contrasting sharply with traditional lecture-based classes.",Empirical Evidence
"An analysis of social media effects on political mobilization shows different patterns between younger and older demographics. Younger users leverage platforms for instantaneous communication and engagement, whereas older users rely on established news outlets, illustrating a generational divide in information dissemination.",Comparative Analysis
"Many scholars argue that while classical conditioning provides a foundational understanding of behaviorism, the limitations of this theory necessitate a broader perspective that incorporates cognitive factors influencing behavior.",Theoretical Framework
"This analysis looks closely at how one local school district implemented digital learning tools during the past year. By studying their strategies and outcomes in-depth, we hope to illustrate broader trends in educational technology utilization.",Case Study
"Upon reviewing research methodologies employed in two significant studies of social behavior, we see that the longitudinal approach in one provides richer data over time, while the cross-sectional method in the other allows for quick insights but lacks depth.",Comparative Analysis
"Data gathered through direct observation in various classroom settings underscored that students actively participating in group discussions were 40% more likely to achieve higher grades than their less engaged peers, highlighting the role of interaction in learning effectiveness.",Empirical Evidence
"In comparing the historical contexts of the Harlem Renaissance and the Beat Generation, we uncover not just the cultural shifts of the time but also the ways in which art served as a response to societal issues in both movements.",Comparative Analysis
"Building on existing research in environmental psychology, this text discusses the models that explain the interaction between natural environments and human behavior. By utilizing frameworks from previous studies, we highlight the complexities and nuances of how physical spaces influence emotional well-being, thereby reinforcing the importance of sustainable design.",Theoretical Framework
"A juxtaposition of renewable energy sources such as wind and solar reveals unique advantages and challenges inherent to each method. Wind energy often benefits from lower land use per unit of power generated, however, solar energy can be deployed in more diverse environments, making the choice context-dependent on geographic and economic factors.",Comparative Analysis
"An examination of the literacy rates across various states highlighted disparities linked to socioeconomic status, with statistical evidence showing a direct inverse relationship between income levels and reading proficiency scores.",Empirical Evidence
Research into the social dynamics of study groups versus solitary study practices indicates that collaborative efforts tend to enhance learning outcomes more effectively than independent study.,Comparative Analysis
"In examining the effects of social media on student engagement, the research collected from 500 participants revealed that 60% of students felt more connected to their peers when using educational platforms. This statistical finding suggests that social media can enhance collaborative learning, providing a new avenue for educators to explore.",Empirical Evidence
"The initiative launched at Maplewood Academy serves as an illustrative example of integrating technology into the classroom. Through detailed observations and student feedback, we evaluate how the adoption of digital platforms has transformed traditional teaching methods and enhanced the learning experience.",Case Study
"Focusing on the adoption of solar technology in a particular suburban neighborhood, we documented the experiences of early adopters and their subsequent influence on community acceptance. This case presented a unique opportunity to analyze behavior change in response to environmental initiatives.",Case Study
"The existing literature surrounding cognitive behavioral therapy reveals a significant reliance on the framework established by Beck, which provides insights into the mechanisms of thought patterns affecting mental health.",Theoretical Framework
"In literary criticism, the application of postcolonial theory allows for a nuanced analysis of texts that reflect colonial histories and their legacies. This theoretical perspective challenges readers to reconsider narratives from marginalized voices, offering alternative interpretations of established literary canon.",Theoretical Framework
"By applying Marxist theory to contemporary economic issues, it becomes evident that capitalism's inherent inequalities continue to generate class struggles, as evidenced by recent movements advocating for social justice.",Theoretical Framework
"In recent studies, data collected from over 200 participants revealed a significant correlation between study habits and academic performance, indicating that a structured schedule can enhance learning outcomes.",Empirical Evidence
"In developmental psychology, Erikson's stages of psychosocial development provide a framework for understanding how various life stages impact learning and behavioral strategies in educational settings. This model is pivotal for creating age-appropriate curricula.",Theoretical Framework
"The longitudinal study observed the impact of online learning tools on student engagement, revealing that regular interaction with digital platforms resulted in a 25% increase in course completion rates over two academic years.",Empirical Evidence
The differences in digital literacy among various age groups highlight a significant gap in technology adoption; this comparison sheds light on the generational divide in navigating online platforms and resources.,Comparative Analysis
"The implications of systemic racism can be better understood through the lens of critical race theory. By integrating various research studies and historical contexts, we delineate how these theoretical perspectives challenge the traditional narratives of American history and highlight the need for a more inclusive dialogue.",Theoretical Framework
"By examining attendance records and final grades, this paper illustrates a clear pattern where students with perfect attendance in lectures achieved an average GPA of 3.8, whereas others with sporadic attendance averaged below 3.0. This reinforces the hypothesis that regular attendance is crucial for academic success.",Empirical Evidence
"The examination of the impact of remote learning on student engagement in higher education institutions during the COVID-19 pandemic revealed that many students reported feelings of isolation and disengagement, prompting a need for universities to rethink their digital strategies. By focusing on a cohort of 100 students, we were able to gather qualitative data that underscores the necessity for more interactive online platforms.",Case Study
"The examination of a single school's transition to remote learning during the COVID-19 pandemic reveals critical challenges and successes, underscoring both the resilience and vulnerabilities of educational systems.",Case Study
"The exploration of economic responses during the 2008 financial crisis versus the COVID-19 pandemic shows that while both crises prompted governmental intervention, the scale and nature of fiscal policies differed markedly based on the underlying causes of each event. The immediate liquidity support in 2008 contrasts with the broad-based stimulus measures seen in 2020, shaped by lessons learned from prior downturns.",Comparative Analysis
"In behavioral psychology, the theories of reinforcement and punishment guide our understanding of how behaviors can be shaped and modified, emphasizing the role of external stimuli in learning processes.",Theoretical Framework
"In examining the implementation of online learning during the pandemic, researchers conducted a thorough investigation of its effects on student engagement. They interviewed educators and analyzed participant feedback to understand how accessibility issues affected different demographics. This specific situation highlights the complexities involved in adapting educational practices to unforeseen circumstances.",Case Study
"Our research involved a thorough review of a particular tech startup's journey from inception to their first major product launch. We collected qualitative data from founders and early employees to identify key factors that contributed to their success and the challenges they faced along the way, highlighting unique insights into the process of innovation in a competitive industry.",Case Study
"This report focuses on the implementation of a new recycling program within a specific urban school district. By analyzing student participation and environmental awareness before and after the program's launch, we can identify key factors that contributed to its success.",Case Study
"To understand the impact of technology on learning outcomes, one could apply the SAMR model as a framework, categorizing the ways in which technology enhances or transforms educational experiences across different grade levels.",Theoretical Framework
"A review of various psychological theories on motivation highlights the differences in how intrinsic and extrinsic motivators affect learning, particularly in the context of online versus face-to-face academic settings.",Comparative Analysis
An observational study was conducted in several classrooms to evaluate the impact of classroom environment on student engagement. The collected data revealed that classrooms with more natural light and flexible seating arrangements experienced higher levels of student participation.,Empirical Evidence
"Applying feminist theories to literary critiques reveals the often-overlooked voices in canonical texts, advocating for a more inclusive interpretation that reflects diverse experiences and perspectives.",Theoretical Framework
"Research into the effectiveness of different teaching methodologies often draws upon constructivist theories, which advocate for the active role of learners in the educational process, thereby reshaping conventional pedagogical practices.",Theoretical Framework
"This paper examines how different cultural contexts influence the perception of beauty, comparing Western ideals with those found in Eastern cultures to reveal underlying societal values that shape aesthetic judgments.",Comparative Analysis
"In examining the behavioral patterns of adolescents, it is essential to consider the various psychological theories that explain their decision-making processes. This includes the application of Erikson's stages of psychosocial development which posits that identity vs. role confusion is paramount during this life period. Such frameworks facilitate a deeper understanding of complex adolescent behaviors.",Theoretical Framework
"In examining the implementation of a new curriculum at Johnson Middle School, this study reflects on the experiences of both teachers and students during the transition. Case narratives demonstrate how the program has influenced classroom dynamics and student participation, ultimately leading to improved performance in core subjects.",Case Study
"In examining the impacts of online versus traditional classroom settings, several studies indicate that online formats often increase accessibility but may lack the community feeling found in physical classrooms. This juxtaposition of formats highlights significant differences in student engagement and learning outcomes.",Comparative Analysis
"Research comparing the sustainability practices of European and American companies indicates a notable difference in corporate responsibility approaches. European firms tend to adopt a more proactive stance on environmental policies, while many American companies are often reactive, responding to regulations rather than implementing them voluntarily.",Comparative Analysis
"By analyzing the teaching styles of two renowned educators, one known for his interactive discussions and the other for his structured lectures, we can observe how these differing pedagogical strategies yield unique student learning experiences and outcomes.",Comparative Analysis
"This research outlines a comparative review of healthcare systems in various countries, focusing on their approaches to universal coverage and patient outcomes, thereby revealing trends that could inform policy improvements.",Comparative Analysis
"In comparing the effects of online versus in-person learning environments on student performance, we find significant differences in both academic outcomes and student satisfaction, suggesting that the mode of delivery plays a crucial role in educational effectiveness.",Comparative Analysis
"A critical evaluation of feminist theory reveals its evolution over the decades, highlighting key contributions from various scholars. By understanding the different waves of feminism, we can better grasp the ongoing struggles for equality in contemporary society.",Theoretical Framework
"The exploration of mentorship dynamics at Greenfield College provides a rich narrative about the influence of faculty-student interactions. By conducting interviews and surveys, the study encapsulates the transformative journey of mentees as they navigate their academic and professional paths, illustrating the significance of supportive relationships.",Case Study
"In this paper, we will explore the application of Piaget's stages of cognitive development to contemporary classroom settings. This theoretical approach facilitates an analysis of age-appropriate pedagogical strategies that cater to students' evolving cognitive capacities.",Theoretical Framework
"In this analysis of motivation theories, the influence of intrinsic and extrinsic factors is evaluated, revealing how understanding these concepts can enhance teaching methodologies and student engagement.",Theoretical Framework
"In examining the unique challenges faced by urban schools during the pandemic, we focused on Sunshine High, a small public school in Los Angeles. Data was collected through interviews with faculty and students, revealing significant disparities in access to online learning resources.",Case Study
"As established in the works of Smith and Jones, theories of motivation can effectively explain varying student engagement levels in online courses, thus providing a robust framework for future investigations into distance learning.",Theoretical Framework
"This paper chronicles the journey of a single school district as it implemented a new literacy program. Data collected from classroom observations, teacher interviews, and student assessments illustrate how the approach transformed educational outcomes for struggling readers.",Case Study
"The differences between qualitative and quantitative research methodologies highlight contrasting approaches to data collection and analysis, where qualitative methods focus on narrative and depth, while quantitative methods prioritize statistical relevance and generalizability, impacting the overall conclusions drawn by researchers.",Comparative Analysis
"In comparing the pedagogical techniques employed by Montessori and traditional schooling systems, one can observe that while both frameworks aim to facilitate learning, their approaches diverge significantly in student engagement and autonomy. Montessori emphasizes self-directed activity, contrasting sharply with the teacher-centered instruction prevalent in conventional classrooms.",Comparative Analysis
"Utilizing Bandura's Social Learning Theory, the study examines how role models can influence behavioral patterns among adolescents, thereby highlighting the importance of observational learning in the developmental context.",Theoretical Framework
"Behaviorism, primarily associated with Skinner, posits that all behaviors are acquired through conditioning, emphasizing observable actions over internal mental states. This perspective offers a robust framework for analyzing learning processes in educational psychology.",Theoretical Framework
Literature on organizational behavior suggests a framework in which motivation is not merely intrinsic or extrinsic but a complex interplay of both. The synthesis of various motivational theories provides a holistic view of what drives employee engagement and productivity in workplace settings.,Theoretical Framework
"This analysis follows the implementation of a new curriculum in a local high school, focusing on the effects it had on student engagement and performance metrics over a full academic year.",Case Study
"In examining the influence of structuralism on literary criticism, one must consider the foundational ideas presented by Saussure and how they shifted the focus from authorial intent to textual analysis. This shift has led to new avenues of interpretation and understanding in the humanities.",Theoretical Framework
"In analyzing the impact of climate change on agricultural practices, the research demonstrates how various regions have adapted their methods in response to environmental shifts, contrasting the strategies employed in developed vs developing countries.",Comparative Analysis
An in-depth look at the leadership strategies employed at Westfield Community College reveals how adaptive management practices can foster a supportive educational environment. The findings suggest that engaging faculty in decision-making processes leads to enhanced overall satisfaction and retention rates among students.,Case Study
"The implications of social media use on adolescent mental health can be critically analyzed through the lens of social comparison theory, shedding light on the psychological impacts of online interactions in shaping self-esteem and body image.",Theoretical Framework
"Through the lens of post-colonial theory, we can reassess the narratives present in mainstream curricula, arguing for the necessity of integrating diverse cultural perspectives to foster global citizenship among students.",Theoretical Framework
Utility of Maslow's hierarchy of needs in understanding motivation in educational settings can lead to innovative teaching methods that address not only academic but also emotional and social needs of students.,Theoretical Framework
"The exploration of moral development in children often aligns with Kohlberg's stages of moral reasoning, providing a structure for educators to guide discussions on ethics and morality in a classroom setting.",Theoretical Framework
"Behaviorism, as a psychological theory, emphasizes observable behaviors over internal mental states. This approach has informed educational strategies, advocating for reinforcement and repetition as key components in learning processes, thus shaping pedagogical methodologies.",Theoretical Framework
"In exploring the efficacy of differentiated instruction, several theorists argue that tailoring educational experiences to meet diverse needs is essential for promoting equity in learning. This theoretical dimension allows for an examination of instructional strategies that cater to varied student capabilities and learning preferences.",Theoretical Framework
"The literature reveals a tension between qualitative and quantitative research methodologies; while some scholars advocate for the richness of qualitative insights, others argue for the rigor and generalizability provided by quantitative techniques.",Comparative Analysis
Research comparing the efficacy of peer tutoring versus teacher-led instruction shows substantial differences in student learning outcomes. Such comparisons provide valuable insights into which methods might be more beneficial depending on the specific needs of the students.,Comparative Analysis
An extensive look at the startup culture at one top-tier institution reveals how the university’s resources have been utilized by students to create successful ventures. Highlighting individual success stories illustrates the impact of institutional support on entrepreneurial development.,Case Study
"Through a detailed examination of a university’s response to a crisis, this case reveals the dynamics of leadership decision-making in high-stress situations and its effects on campus culture.",Case Study
"The analysis of power dynamics in organizational behavior is informed by Foucault's theories, positing that knowledge and power are intertwined in institutional settings, thus influencing employee interactions.",Theoretical Framework
Research involving a sample of 200 graduate students demonstrated that mentorship programs positively influence job placement rates after graduation. Statistical evidence shows that mentored students were 30% more likely to secure employment within six months of graduation than those without mentors.,Empirical Evidence
"A recent analysis of survey data from over 500 university students reveals a significant correlation between study habits and academic performance, indicating that those who utilized active learning techniques scored 15% higher than their peers.",Empirical Evidence
"During the research on dietary habits, a detailed assessment of food intake logs from over 1000 individuals revealed that those who consumed plant-based diets reported lower cholesterol levels, thus underscoring the health benefits of such diets backed by nutritional data.",Empirical Evidence
"The investigation of a renowned art exhibit's impact on local tourism provides a fascinating insight into cultural influence. By studying visitor statistics and community feedback, this research illustrates how art can serve as a catalyst for economic development in urban areas.",Case Study
"In contrasting the impact of globalization on local cultures in developing nations versus developed nations, this analysis highlights the disparities in cultural preservation efforts and the socio-economic stakes involved.",Comparative Analysis
"This research integrates multiple theoretical perspectives, including constructivism and humanism, to support the argument that personal relevance enhances learning outcomes.",Theoretical Framework
"Through rigorous testing, it was observed that students who engaged in interactive learning scored higher on assessments compared to traditional lecture-based learning, showcasing the impact of teaching methods on academic success.",Empirical Evidence
"This study follows a local community college's effort to boost enrollment by implementing a mentoring system for at-risk students. By assessing the experiences and feedback from participants over a semester, we uncover both the challenges faced and the successful outcomes achieved from this initiative.",Case Study
"Our quantitative analysis of survey responses showed that 85% of healthcare workers reported feeling stressed during the pandemic, highlighting a crucial area for intervention and support.",Empirical Evidence
"Attachment theory provides extensive insights into human emotional development, suggesting that early relationships with caregivers shape individuals' emotional and social frameworks throughout their lives, thereby influencing various psychological outcomes.",Theoretical Framework
"An investigation into the repercussions of a university's policy change on its graduate program shows varied responses from students and faculty alike. By examining several faculty interviews and student surveys, we gain insights into the long-term effects of administrative decisions on academic culture.",Case Study
"A longitudinal study tracking the academic progress of first-generation college students highlighted that mentorship significantly improved their graduation rates, showcasing the importance of supportive academic relationships.",Empirical Evidence
"Analyzing the implications of cognitive behavioral therapy versus psychoanalysis in treating anxiety disorders reveals stark differences in approach; CBT offers structured techniques for immediate symptom relief, whereas psychoanalysis tends to delve into deep-seated emotional issues over extended periods, affecting patient outcomes differently.",Comparative Analysis
"From interviews with educators and administrators, it was gathered that 82% believed technology integration in classrooms had positively impacted student engagement. This qualitative data supports the argument that modern teaching tools can enhance the educational experience when implemented thoughtfully.",Empirical Evidence
"While both Freud and Jung contributed significantly to the field of psychology, their approaches to the unconscious reveal stark contrasts; Freud emphasized a more biological perspective whereas Jung incorporated a broader cultural and spiritual context.",Comparative Analysis
"Using Foucault's ideas on power and knowledge can help to unpack how curriculum decisions are influenced by socio-political factors, highlighting the complex interplay between education and society.",Theoretical Framework
"According to various scholars, the historical context of educational reforms illustrates how shifts in policy have often been influenced more by prevailing political ideologies than by empirical data surrounding student performance. This theoretical lens prompts a reevaluation of how education systems evolve over time.",Theoretical Framework
"The report chronicles the transformation of a specific medical practice after adopting telehealth services, discussing patient feedback and operational challenges encountered during the transition.",Case Study
"A review of hospital records reveals that patients treated with the new drug experience a 30% reduction in symptoms, supporting the hypothesis that this treatment is more effective than the current standard.",Empirical Evidence
A compilation of data regarding the economic impacts of telecommuting during the pandemic showed that companies that adopted flexible work arrangements reported a 20% increase in employee productivity. These findings challenge traditional workplace structures and suggest new models for the future of work.,Empirical Evidence
"Recent studies indicate a direct correlation between sleep deprivation and diminished cognitive performance, as evidenced by a series of experiments measuring response times across different groups. The data unequivocally shows that those who slept less than six hours a night performed significantly worse on standardized tests, highlighting the crucial role of adequate rest in learning environments.",Empirical Evidence
"This report analyzes the rehabilitation journey of a formerly incarcerated individual, highlighting the social and psychological impacts of reintegration into society.",Case Study
The fear of failure in academic settings can vary drastically between high-achieving students and those who struggle. This analysis explores these differing experiences and their implications for pedagogical practices aimed at improving student resilience.,Comparative Analysis
"The investigation into dropout rates revealed that access to mental health resources correlated with a 30% decrease in students leaving their programs, underscoring the critical role of mental health support in academic success.",Empirical Evidence
"The development of attachment theory in psychology highlights the significance of early relationships in shaping interpersonal dynamics throughout life. By examining how these bonds influence emotional regulation and social behaviors, this framework deepens our comprehension of developmental psychology and therapeutic practices.",Theoretical Framework
"In analyzing the impact of remote learning on undergraduate students during the pandemic, a particular university's experience sheds light on both the advantages and obstacles encountered. Interviews with students revealed how their learning preferences influenced their adaptability to online courses, providing a nuanced view of educational resilience during challenging times.",Case Study
"In examining the implementation of blended learning in higher education, this research delves into how one university adapted its curriculum to incorporate both online and face-to-face instruction, focusing on student engagement metrics as a result.",Case Study
"The discourse surrounding the effectiveness of the flipped classroom model in higher education has gained considerable attention. Our detailed observation of a specific course reveals how a shift to this model impacted student participation and learning outcomes, providing empirical insights into its practical application.",Case Study
"Utilizing Vygotsky’s sociocultural theory, one can argue that cognitive development is largely a social process, dependent on the cultural context and interactions with others. This emphasizes the role that societal influences play in shaping educational experiences and outcomes, warranting a nuanced analysis of classroom dynamics.",Theoretical Framework
Research focusing on the physiological responses of athletes during high-intensity training revealed that those who incorporated rest periods demonstrated a 25% improvement in performance metrics. This empirical finding calls attention to the importance of recovery in sports training regimens.,Empirical Evidence
"By comparing two distinct leadership styles seen in the corporate sector—autocratic and democratic—this paper elucidates how these approaches yield varying effects on employee morale and productivity. The analysis indicates that while autocratic leadership can lead to quick decision-making, it often stifles innovation unlike its democratic counterpart.",Comparative Analysis
"In analyzing the landmark case of Brown v. Board of Education, this work delves into the social implications of the ruling on subsequent educational policies and civil rights movements, revealing broader societal impacts.",Case Study
"The discourse surrounding cognitive development often references Piaget's stages, suggesting that learners progress through phases of understanding that inform their educational experiences and pedagogical strategies.",Theoretical Framework
"This article focuses on the singular event of the Challenger Space Shuttle disaster, providing a comprehensive look at how organizational culture and communication failures can lead to catastrophic outcomes in high-stakes environments.",Case Study
"In a longitudinal study tracking over five years, researchers collected and examined data from 500 participants, uncovering trends in mental health outcomes related to social media usage.",Empirical Evidence
"The analysis of a single firm's transition to remote work during the pandemic provides a nuanced view of organizational adaptability. Through employee feedback and productivity metrics collected over several months, the study details how this shift affected company culture and employee morale.",Case Study
"The survey conducted among 1,000 high school students showcased that those who engaged in peer-led study groups had a 15% higher pass rate in their Mathematics exams. This empirical data emphasizes the effectiveness of collaborative learning environments.",Empirical Evidence
"In examining the relationship between motivation and learning outcomes, Self-Determination Theory offers an insightful perspective. It posits that autonomy, competence, and relatedness are fundamental in fostering intrinsic motivation, thereby enhancing student engagement and success in academic settings.",Theoretical Framework
"In this work, we utilize frameworks from a variety of educational theorists to argue that assessment methods must adapt to better reflect the diverse learning styles of students.",Theoretical Framework
"The latest research findings show that students who engage in regular physical activities scored, on average, 20% higher on standardized tests compared to those who do not, suggesting a direct link between physical fitness and academic success.",Empirical Evidence
"The exploration of ethical frameworks in international relations reveals that realist and liberalist theories often clash, yet they provide complementary insights into global diplomacy, which are necessary for a nuanced understanding of this field.",Theoretical Framework
"This paper evaluates the performance of two distinct algorithms for image recognition tasks, providing evidence on how their different architectures result in varying accuracy rates in practical applications.",Comparative Analysis
"Many scholars have noted that motivation can be explained through Maslow's hierarchy of needs, emphasizing that individuals must satisfy lower-level needs before they can address higher-level psychological needs, fundamentally altering our understanding of workplace behavior.",Theoretical Framework
Surveys indicate that individuals who engage in regular physical activity report 50% fewer instances of mental health issues compared to sedentary individuals. This striking difference highlights the potential benefits of exercise as a preventative measure for mental health challenges among diverse populations.,Empirical Evidence
"This paper explores the unique situation of a rural community's transition to online education. By conducting interviews and collecting performance metrics from several students, we uncover various obstacles and successes, offering insights into the effectiveness of educational adaptations during crises.",Case Study
"The focus of this investigation is on a specific case within the realm of online education, where a particular university's transition to remote learning during a pandemic is analyzed. This study reveals critical factors that contributed to both student success and challenges, providing valuable lessons for future online learning initiatives.",Case Study
"The interactionist perspective in sociology offers a nuanced view of how individuals create meaning through social interactions. By analyzing communication patterns, researchers can uncover the underlying processes that shape societal norms and values.",Theoretical Framework
"The framing theory posits that the way information is presented significantly influences public perception and discourse, leading to differing interpretations based on contextual cues. This has widespread implications for media studies and communication strategies.",Theoretical Framework
"By closely looking at a specific nonprofit organization that addresses homelessness in Seattle, the research highlights successful strategies and challenges faced, providing valuable lessons for similar entities.",Case Study
An investigation into the effectiveness of different teaching methodologies revealed that problem-based learning leads to better retention of information in medical students when compared to traditional lectures. Data collected from assessments indicated a 15% improvement in test scores for those subjected to the new method.,Empirical Evidence
Statistics from recent educational research suggest that students participating in collaborative learning environments show up to a 30% increase in retention rates compared to those in conventional lecture-based settings. This data drives home the importance of group work in education.,Empirical Evidence
The research presents an in-depth look into one university's response to climate change through its sustainability program. Interviews with faculty and administration reveal the intricacies of policy decisions and curriculum changes that resulted from this concerted effort to promote environmental responsibility on campus.,Case Study
"By examining the thematic similarities and differences between contemporary dystopian literature and the classic works of Orwell and Huxley, one can discern how modern societal fears are reflected in narrative. These comparisons reveal evolving concerns about technology's role in governance and individual freedom, encapsulating shifting cultural anxieties.",Comparative Analysis
"An in-depth exploration of a specific university's approach to mental health services highlights how personalized care and intervention strategies can dramatically improve student well-being. By tracking individual case outcomes over two academic years, the study presents compelling evidence of effective support systems in action.",Case Study
"In this examination of a small urban school, we analyzed the implemented curriculum changes over three academic years, focusing specifically on how these modifications affected student performance in mathematics and reading. The results indicate a positive correlation between the adjusted teaching methods and improved standardized test scores, suggesting a model that other institutions could consider.",Case Study
Behaviorism serves as a critical lens when evaluating the effectiveness of reinforcement strategies in classroom management; it emphasizes observable behavior changes as indicators of learning success or failure.,Theoretical Framework
"When contrasting the approaches of qualitative and quantitative research methodologies, it's clear that each has its strengths and weaknesses. Qualitative research provides rich, contextual insights, while quantitative approaches offer statistical validity, leading to different conclusions in social research studies.",Comparative Analysis
"In evaluating the impact of two dietary interventions on health outcomes, this paper contrasts the long-term effects of a high-protein diet with a traditional Mediterranean diet, presenting evidence from various cohort studies.",Comparative Analysis
"In reviewing the literature on climate change communication strategies, we noticed that the effectiveness of scientific messaging varies greatly between regions; for instance, rural communities respond differently than urban populations when presented with similar data.",Comparative Analysis
"This study evaluates the effectiveness of two teaching methods in higher education—traditional lectures and flipped classrooms. While traditional lectures focus on content delivery, flipped classrooms promote active learning through pre-class video assignments. The results indicate that students in flipped classrooms demonstrate higher engagement and better retention than those in traditional settings.",Comparative Analysis
"Research findings indicate that implementing a four-day work week led to a 25% increase in employee productivity, as shown by the performance metrics collected from a year's worth of data in multiple companies.",Empirical Evidence
"Given that postmodernism critiques established narratives in history and literature, it invites a re-examination of texts through multiple lenses, encouraging a pluralistic approach to interpretation and meaning-making.",Theoretical Framework
"A comparative review of two historical revolutions—the French Revolution and the American Revolution—demonstrates how the socio-political contexts influenced their outcomes. While both aimed for independence and freedom, their methods and subsequent societal changes differed markedly, offering insight into how revolutions can reshape nations differently.",Comparative Analysis
"Recent studies have shown a significant correlation between sleep patterns and academic performance among college students, where data collected over a semester indicated that those who maintained regular sleep schedules scored higher on assessments.",Empirical Evidence
"By surveying over 1,000 participants, we found that males reported higher levels of stress than females in workplace environments, suggesting a need for gender-sensitive approaches to mental health.",Empirical Evidence
"In a case study involving three different cities, detailed demographic and economic data highlighted that urban areas implementing green spaces saw a measurable increase in community well-being scores, providing valuable insight for urban planners and policy makers.",Empirical Evidence
"In this qualitative assessment, one significant example is examined: a local health department's response to the opioid crisis, illustrating strategies that were effective in reducing overdose rates in the community.",Case Study
"Importantly, an analysis of dropout rates from community colleges revealed that academic counseling services reduced the likelihood of students leaving their programs by nearly 30%, pointing to the critical role of institutional support.",Empirical Evidence
"The paper evaluates two distinct methodologies for teaching mathematics: one rooted in rote memorization and the other in conceptual understanding. These methodologies yield varied outcomes in student performance, underscoring the need for an adaptive educational framework.",Comparative Analysis
"The discussion surrounding climate change policy often highlights contrasting approaches taken by various nations. Some prioritize immediate economic needs, while others advocate for long-term sustainability, showcasing a critical tension that shapes international relations and collaborative efforts to address global warming.",Comparative Analysis
"In a review of quantitative vs. qualitative research methods used in psychology, the evidence suggests that while quantitative studies provide broad generalizations, qualitative research offers nuanced insights into individual experiences, which can be equally valuable in understanding human behavior.",Comparative Analysis
"A detailed examination of the performance metrics of various online learning platforms shows divergent results in student satisfaction and learning outcomes, pointing to the necessity of tailored approaches for different demographic groups.",Comparative Analysis
"Through rigorous testing, we evaluated over 100 undergraduate students on their ability to recall information after different study methods. The data suggests that spaced repetition yielded a 40% higher retention rate compared to cramming, presenting compelling evidence for time management in academic success.",Empirical Evidence
"This paper delves into the particular instance of how a university’s initiative to promote STEM education influenced female enrollment rates. By closely examining statistical data from the past decade alongside firsthand accounts from participants, the study reveals significant patterns that suggest targeted marketing strategies can improve representation in traditionally male-dominated fields.",Case Study
"Exploring the dynamics of climate change policy, the precautionary principle emerges from environmental ethics as an essential guideline, framing debates on risk management and public health.",Theoretical Framework
A recent survey conducted among recent graduates highlights that over 80% of respondents believe internships provided them valuable real-world experience that improved their job readiness. These statistics illustrate the importance of practical experience in academic curricula.,Empirical Evidence
"The implications of Maslow's hierarchy of needs are significant in educational psychology, as they provide a lens through which to understand student motivation and engagement.",Theoretical Framework
"This study builds on existing theories of cognitive development, particularly Piaget's stages, to argue that children's learning is influenced more by social interactions than isolated activities.",Theoretical Framework
"The differences in mental health strategies between various countries underscore distinct cultural attitudes towards psychological well-being. For instance, Finland’s approach focuses heavily on community involvement and preventive measures, whereas the United States leans more towards medical interventions and individual therapy.",Comparative Analysis
"The constructivist approach to learning posits that students build their own understanding and knowledge of the world through experiences and reflecting on those experiences, as articulated by Piaget and Vygotsky.",Theoretical Framework
"Contrasting the results of quantitative and qualitative research methods can illuminate the strengths and weaknesses of each approach. For instance, while quantitative data provides a broad overview of trends, qualitative insights can offer deeper contextual understanding, hence their combined use can lead to a more rounded analysis of educational phenomena.",Comparative Analysis
"The analysis of Shakespeare's 'Hamlet' and Goethe's 'Faust' highlights how both texts explore themes of existential despair, yet approach the notion of action and consequence from different philosophical standpoints. Hamlet’s indecision contrasts sharply with Faust's relentless pursuit of knowledge, epitomizing two distinct literary traditions addressing the human condition.",Comparative Analysis
"Field experiments conducted in biology classes revealed that hands-on laboratory experiences directly correlate with improved comprehension of complex scientific concepts, illustrating the effects of experiential learning on academic performance.",Empirical Evidence
"Through an exploration of historical narratives, this paper applies post-colonial theory to analyze the long-term effects of colonialism on indigenous cultures. By grounding the discussion in existing literary critiques, we elucidate how these frameworks help us interpret the resilience and transformations of cultural identities across generations.",Theoretical Framework
"This paper explores the long-standing mentorship program at Pine Hill High School through a detailed review of participant experiences. By interviewing graduates who benefited from the program, we illustrate the significant long-term advantages of mentorship on academic and career success.",Case Study
"An extensive study centered around the integration of artificial intelligence tools in the educational sphere focused on a private high school's trial implementation. The results from student feedback and performance metrics post-adoption demonstrated a notable shift in engagement levels and academic achievement among participants, underscoring the advantages of technology in educational practices.",Case Study
"An investigation into the effectiveness of peer tutoring was conducted at a local community college. By focusing on two distinct cohorts over a semester, the study identifies key relationships between tutoring frequency and student achievement, shedding light on the practical implications of peer support in academic settings.",Case Study
"Through a theoretical lens, we analyze the impact of critical pedagogy on marginalized communities, arguing for a transformative approach to education that prioritizes equity and justice.",Theoretical Framework
"When exploring the relationship between economic growth and income inequality, this study draws attention to the diverging trends observed in developed versus developing nations, offering a comparative perspective on policy implications.",Comparative Analysis
We analyzed the response of a local community to new zoning laws by closely reviewing the activities of one neighborhood association. Their strategies and negotiations reveal much about grassroots activism under regulatory changes.,Case Study
"This paper discusses the implications of Piaget's theory of cognitive development in understanding how children learn mathematics, providing a comprehensive view of various stages and their significance.",Theoretical Framework
"Examining the notion of multiple intelligences, Howard Gardner's theory presents a paradigm shift in how educators assess student capabilities, particularly by valuing diverse talents beyond traditional academic metrics.",Theoretical Framework
"By contrasting the effects of socialism in Scandinavian countries with those in Eastern Europe, we can see how variations in implementation lead to different societal outcomes and public welfare approaches.",Comparative Analysis
Research findings published in the Journal of Educational Psychology demonstrate that students who utilize flashcards for revision scored 20% higher in their finals compared to those relying solely on textbooks.,Empirical Evidence
"In a unique approach, the research focuses on a particular instance of volunteerism within a community college in Florida. By detailing the experiences of students involved in a service-learning project, the study uncovers how these educational initiatives not only foster personal growth but also enhance civic responsibility.",Case Study
"The findings from a recent survey of 500 educators indicated that 60% believe that professional development can lead to better teaching practices, suggesting a direct link between continuous learning for teachers and student achievement.",Empirical Evidence
"When looking at the contrasting frameworks of macroeconomics versus microeconomics, we see that macroeconomic theories address large-scale economic factors such as inflation and employment rates, whereas microeconomic theories focus on individual consumer behavior and market mechanisms, leading to different insights and implications for policy making.",Comparative Analysis
"The idea that power dynamics influence communication styles has been explored across multiple disciplines. Scholars have posited that gender, class, and race significantly shape the ways individuals convey and receive messages, highlighting the importance of context in interpreting communication.",Theoretical Framework
