text,label
I'm trying to figure out how to properly use the new features in the application. Is there a user manual or a tutorial video that covers this?,User Education
"I was working on a project when my graphics card started making artifacts on the screen. I've tried rolling back the drivers and monitoring the temperature, but I can't find the root cause of the issue. What else could I do to test its performance?",Advanced Troubleshooting
"The TV won't respond to the remote, and I think it could be a problem with the IR sensor. How should I go about inspecting that area to see if something's wrong?",Hardware Inspection
"My printer won't print, and I think it's a problem with the cartridges or the connections. What should I look at first?",Hardware Inspection
My printer isn’t connecting to my laptop anymore. I've tried restarting everything. Any suggestions on what I can check next?,User Education
"My laptop won't turn on at all; I've tried plugging it in, but nothing happens. Could you help me see if there's something wrong with the power adapter?",Hardware Inspection
I think my firewall is blocking some essential features of our application. How do I adjust the configuration settings to permit necessary traffic?,Software Configuration
"The external hard drive isn't being recognized by my computer anymore. I've tried different ports, but I think I need to inspect the drive itself. How do I go about checking for any visible damage?",Hardware Inspection
"The printer is showing offline, even though I can access the network. Could you help me troubleshoot what’s going on?",Network Diagnostic
Is there a way to customize the user interface settings in this software? I found the options but they don’t seem to save.,Software Configuration
Could someone explain how to modify the advanced settings in the preferences panel? I feel like I'm missing some crucial steps here.,Software Configuration
I've been asked to adjust the user permissions in our project management tool. Could you detail the steps necessary to reconfigure user roles and access levels?,Software Configuration
Can you check if there is an outage in my area? My internet has been really slow for the past couple of days and I need it for work!,Network Diagnostic
"My video editing software is freezing during rendering and I suspect it might be related to memory allocation. I've already adjusted the settings, but could there be a deeper conflict with the codecs or the GPU?",Advanced Troubleshooting
Is there a way to customize the dashboard layout? I’m used to a specific arrangement and the new version doesn't seem to allow for the same configuration.,Software Configuration
"I need help setting up the new features on my software. It seems like I've missed something crucial during installation, can you help?",Software Configuration
"Can you check all the connections and cables in the server room? Something seems off because the network is down, and I think it might be a hardware problem.",Hardware Inspection
Please help! I accidentally deleted some crucial settings in the preferences menu and now the software isn't functioning as intended. How can I restore it?,Software Configuration
"I can't connect to the internet, can you help me figure out what's wrong with my router?",Network Diagnostic
There's a persistent lag when gaming online. Should I check if my IP address is being used somewhere else?,Network Diagnostic
"Is there a way to diagnose why my application is consistently crashing? I've gone through the basic logs and cleared the cache, but I need more comprehensive analysis to pinpoint the issue.",Advanced Troubleshooting
My keyboard keys are sticking sometimes; can you take a look at it and see if there's a dirt build-up underneath?,Hardware Inspection
I’m facing persistent issues with my SQL database queries timing out. I’ve optimized the queries but there might be deeper problems with indexing. What are the advanced strategies I can pursue to enhance performance?,Advanced Troubleshooting
"Hey team, I adjusted the security settings in the software, but now I’m facing issues with accessing certain features. What should I do?",Software Configuration
My laptop screen is black even though I can hear it running. Could it be that the screen cable has come loose or maybe there's an issue within the laptop itself?,Hardware Inspection
"My game won't load after the last update. I've checked online forums and tried a few fixes, but nothing has worked. Is there something simple I might be missing?",Basic Troubleshooting
Can you walk me through the process of updating the API keys in the software? I've searched through the settings but can't locate where to input the new information.,Software Configuration
"My smartphone keeps freezing when I'm using certain apps. I have already uninstalled and reinstalled them, cleared the data, and done a factory reset. What do you think could be the underlying issue?",Advanced Troubleshooting
"The printer won't connect to my laptop. I checked the cable, made sure it’s plugged in, and even tried rebooting both devices. What else should I check?",Basic Troubleshooting
"The charging port on my tablet feels loose, and the device sometimes doesn’t charge. Could we examine that part for any issues?",Hardware Inspection
"My printer won't connect to the Wi-Fi, can you help me fix that?",Basic Troubleshooting
"I keep getting an error message when I try to open my email. I've cleared the cache and cookies in my browser, but it’s still not working. Any suggestions?",Basic Troubleshooting
"I need assistance with enabling the dark mode feature in the settings. I can't find the option anywhere on my dashboard, and it's confusing.",Software Configuration
"The app keeps crashing every time I open it. I've rebooted my phone, deleted and reinstalled the app, but nothing has worked so far.",Basic Troubleshooting
"After installing the latest OS update, my machine has been running extremely slow, and the startup time has tripled. I've gone through the usual steps like clearing caches and disabling unnecessary startup items, but nothing seems to help. What else can I check?",Advanced Troubleshooting
"I receive a 'No Internet Connection' error whenever I try to browse. I've reset my modem and checked my device settings, but no luck. What other steps can I take?",Basic Troubleshooting
Can someone explain how to reset my password? I’ve tried a few times but I just can’t remember what it is.,User Education
The app keeps crashing on my phone. I tried uninstalling and reinstalling it but that didn't resolve the issue.,Basic Troubleshooting
The audio isn’t working on my desktop. Can you go into the sound settings and see if it’s muted or if the correct output device is selected?,Basic Troubleshooting
"I can't find my USB drive on this computer. I've checked multiple ports, and I've tried using it on another device too. Could it be a hardware issue?",Basic Troubleshooting
Is it normal for my phone to get hot while charging? I'm thinking maybe I should check the charge port for any debris or damage.,Hardware Inspection
I've followed all the steps but the software still isn't recognizing my device. Is there a specific configuration that I need to check? Please guide me!,Software Configuration
"Every time I try to open this program, it crashes. I've installed all the updates, restarted my device, and cleared the cache. What else could I try?",Basic Troubleshooting
"I’ve been trying to configure my email client, but it won’t connect to the server. What should I check in the settings? I suspect it's something to do with the incoming and outgoing server details.",Software Configuration
The website is not loading for me. Is there a chance it's just my browser that's not up to date? I’ll check that as well.,Basic Troubleshooting
I’ve just noticed that the battery on my tablet isn’t holding a charge anymore. What sort of checks can I perform to see if there’s a physical issue with it?,Hardware Inspection
I noticed that my desktop is overheating significantly. I'm wondering if there could be dust buildup or a fan issue. What are the best methods to examine these hardware components?,Hardware Inspection
What steps should I follow to enable two-factor authentication for our accounting software? I’m not seeing any options under the security preferences menu.,Software Configuration
I've been having issues with my printer not connecting to the network. Can you provide me with some steps to troubleshoot this?,User Education
"It seems like my VPN is not working properly. I can't access certain sites when it's on, but they load fine when it's off. What should I check?",Network Diagnostic
I'm trying to understand how to enable two-factor authentication for my profile. Could you help me with detailed steps?,User Education
"My phone keeps freezing when I try to use certain apps. I've closed all apps and restarted the phone, but the problem remains. Should I look into clearing the cache?",Basic Troubleshooting
My software isn't syncing properly; I've checked the internet connection but I think it might be a settings issue. How do I reconfigure it?,Software Configuration
"Since the software update, my app crashes all the time. Have you tried restarting your device and checking for updates again?",Basic Troubleshooting
"I think my laptop is overheating, can you guide me on how to check the cooling fans?",Hardware Inspection
"My laptop battery isn’t charging, even when it’s plugged in. I’ve looked at the power adapter and it seems fine. Is there anything else I can check before I consider getting a new battery?",Basic Troubleshooting
"I tried to reset my user preferences, but now nothing is displaying correctly. How can I access the configuration settings to fix this?",Software Configuration
I suspect there's a conflict with some installed software that's causing my system to slow down significantly. I’d appreciate help in reviewing startup programs and running a clean boot.,Advanced Troubleshooting
"I changed a couple of parameters in the app's settings, and now it won’t load. I think I might have misconfigured something, what can I do?",Software Configuration
"I can't access certain websites, and my connection sometimes drops. How can I determine if the issue is with my internet provider?",Network Diagnostic
I can't connect to the Wi-Fi at home. Can we go over the steps to see if the router is working properly?,Basic Troubleshooting
The keyboard is unresponsive and some keys are sticking. Could you look into whether it needs replacing?,Hardware Inspection
"My computer keeps freezing when I try to open my browser, what should I do first?",Basic Troubleshooting
"I have this persistent issue with my VPN not working correctly. I've tried the basic solutions, and now I'm attempting to reconfigure the network settings manually. What are the next steps to troubleshoot further?",Advanced Troubleshooting
"I think my hard drive might be failing because of the strange noises and frequent errors. I already ran the basic diagnostics, but I need advice on using the sector-based tests to ensure I get a full picture before taking action.",Advanced Troubleshooting
"After updating my operating system, my computer won't boot up properly anymore. I've already tried safe mode, but can you guide me on how to roll back the update?",Basic Troubleshooting
What steps do I need to follow to reset my password for the online portal? I've tried a few things but I'm still confused about the security questions.,User Education
"My gaming console is freezing during use. I suspect it could be a sign of hardware failure, what should I open up and check for signs of damage or wear?",Hardware Inspection
"I am having trouble with my online game; it keeps lagging. My internet seems fine, so what else could be causing this?",Basic Troubleshooting
"I attempted to increase the RAM on my desktop but now it won't boot at all. I've reseated the RAM and checked for compatibility issues, but I'm not sure if there's a deeper motherboard issue going on. What tests should I run next?",Advanced Troubleshooting
My phone keeps shutting down unexpectedly. I’ve already checked if the battery is charged but still facing issues. What can I do?,Basic Troubleshooting
I think the problem might be with my mouse. Can you help me check if it’s a hardware malfunction or just a connection issue?,Hardware Inspection
It seems like we’ve been experiencing intermittent network issues for days. Can you suggest how to systematically check our connection?,Network Diagnostic
"My development environment is constantly throwing compilation errors that don’t seem to correlate with any recent changes. I've gone through every line of the code and even tried cleaning the project, but the errors remain. What comprehensive checks should I undertake next?",Advanced Troubleshooting
"Could you guide me on how to reset my router? I've tried turning it off and on again, but it doesn't seem to work.",User Education
"I’m trying to connect my new smart TV to Wi-Fi, but it says it cannot find the network. I've checked if the SSID is visible. How can I further troubleshoot this?",Network Diagnostic
There seems to be a conflict with user permissions after the last update. Can you give me some tips on how to adjust the settings to resolve this? I want to ensure all users have the right access while maintaining security.,Software Configuration
"I attempted to calibrate my graphics card due to rendering issues in high-performance games, but the settings keep resetting. What advanced steps can I take to resolve the driver conflicts?",Advanced Troubleshooting
"I’ve followed all the installation steps, but the software still refuses to recognize the API key. What configuration changes should I look at? Are there specific files or settings that could be causing this issue?",Software Configuration
I encountered an error while trying to save preferences in the app. It pops up saying there's a permissions issue. Can someone explain how to adjust those settings?,Software Configuration
I need assistance with configuring the API keys in the third-party service I just integrated. The documentation is a bit unclear and I want to ensure it’s all set up properly to avoid issues later.,Software Configuration
"I've tried restarting my router several times but the internet is still down, what should I do next?",Basic Troubleshooting
There’s a new feature in the software that I can't seem to figure out. Can you help me navigate the configuration options to enable it?,Software Configuration
"My monitor has started flickering, and I'm not sure if it’s the monitor itself or the connection. Maybe I should check the cables and ports to see if they’re worn out?",Hardware Inspection
"Why does my phone lose its Wi-Fi connection randomly? I’ve tried resetting it and the router, but it still happens. What else can I check?",Network Diagnostic
"Whenever I try to send an email, it says the server is not responding. Can you help me understand how to troubleshoot this issue step by step?",User Education
I need instructions on how to perform a ping test to check the connectivity to our main server. Can you help with that?,Network Diagnostic
"I updated my operating system and now my software won’t run properly. I’ve tried reinstalling it, but it’s still acting weird. Any tips on what I should do next?",Basic Troubleshooting
"Hey, I'm having trouble with my cable modem. The lights are blinking, but I can't seem to connect. I tried unplugging it for a minute and plugging it back in, but still no internet.",Network Diagnostic
I have a problem with my internet connection dropping frequently. What steps should I take to diagnose it myself?,User Education
My internet seems really slow at the moment. Can you check if there’s an issue with the connection?,Network Diagnostic
"Is there a way to backup my files to the cloud? I've heard about different services, but I'm not sure how to start the backup process effectively.",User Education
"Every time I try to access the company VPN, I get an error message. Can you walk me through the process to check if my connection settings are correct?",User Education
"When I connect my device to the network, it shows limited access. What should I do to troubleshoot this issue effectively?",Network Diagnostic
"Yesterday, I was trying to install the updates for my operating system, but it kept failing. What are the recommended actions to ensure it goes through? Can you go into detail?",User Education
There's a persistent flickering on my screen. Let's troubleshoot by examining the GPU and the connected cables to see if anything's amiss.,Hardware Inspection
"Can you walk me through the process of updating my computer's operating system? I heard it's important for security, but I'm not sure how to do it.",User Education
Can you guide me through checking the IP settings? I think there might be a conflict since I can’t access any external sites.,Network Diagnostic
I'm having trouble connecting to the Wi-Fi. Can you help me figure out why my laptop doesn't see the network?,Basic Troubleshooting
"Can you assist me with my gaming rig? It keeps crashing, and I suspect it could be due to overheating. What should I check first?",Hardware Inspection
I'm having trouble setting the permissions for the new software we installed last week. Can you guide me through the steps?,Software Configuration
My gaming console stopped recognizing discs. Is there a way to open it up and check for dirt or damage in the disc drive?,Hardware Inspection
"I think my program installation is corrupted, and I need to adjust a few parameters to get it back on track. Could you provide some insight into the best configuration practices?",Software Configuration
"There's a flickering issue with my monitor, and I'm unsure if it's the display cable or the graphics card that needs to be looked at. How do I figure that out?",Hardware Inspection
"I’m having issues with my desktop's sound. It sometimes cuts out completely, and I’m wondering if the sound card is seated properly or if there’s a problem with the motherboard.",Hardware Inspection
"The monitor display keeps flickering, and I think it might be due to a loose connection. What should I look at to ensure everything is plugged in correctly?",Hardware Inspection
"The update for the operating system fails every time I try to install it. I checked the compatibility requirements and cleared out enough space, but it still won't apply. What other troubleshooting measures can I perform?",Advanced Troubleshooting
"I need guidance on how to sync my desktop app with my mobile device. The settings related to this are all over the place, and I feel lost trying to adjust them properly.",Software Configuration
"I've attempted to solve the blue screen error with standard methods, but it persists. What advanced troubleshooting tools are available to analyze crash dumps for more detail?",Advanced Troubleshooting
My computer keeps freezing every time I try to open a video. Have you tried restarting it yet?,Basic Troubleshooting
"Can you help me with my phone? It keeps freezing and I’ve tried turning it off and on, but that didn’t work. What should I try next?",Basic Troubleshooting
"I need some help installing software. What are the common pitfalls I should avoid during installation, especially for drivers?",User Education
"The Wi-Fi keeps dropping on my laptop, and I suspect it could be a problem with the wireless card. What should I check first?",Hardware Inspection
"I've tried resetting my network settings, but the connection drops again. Can you guide me through checking the router's firmware?",Advanced Troubleshooting
Can you help me with the steps to adjust the settings for the firewall in Windows? I think something might be blocking the application from connecting to the internet properly.,Software Configuration
"Sometimes, my internet works perfectly, and other times I can't load anything at all. I suspect a fluctuating connection. What's the best way to troubleshoot this?",Network Diagnostic
I restarted my modem and still have no access. How can I check if it's the connection or my device that's causing the problem?,Network Diagnostic
"To change your email notification settings, go to the account settings tab and look for the notifications section. Once there, you can customize which alerts you want to receive.",User Education
"After the latest update, my app won't launch properly. I think it might be due to incorrect settings, how do I fix it?",Software Configuration
"A little confused about how to set up two-factor authentication on my account. I know it's supposed to be more secure, but I’m not sure where to find the option for that. Any tips?",User Education
My laptop's battery isn't holding a charge. I need someone to look into whether the battery or the charging port is faulty.,Hardware Inspection
The printer is showing an error code that isn’t in the manual. I've restarted it and checked the cable connections. Could we explore the firmware updates and other configurations to see if that solves the issue?,Advanced Troubleshooting
"Can you explain how to clear cache and cookies on my browser? I heard it might help with loading issues, but I've never done it before.",User Education
"My computer is super slow. I’ve already closed some programs, and I’ve scanned for viruses. What should I check next?",Basic Troubleshooting
"While troubleshooting my network connection, I realized that the router lights are flickering oddly. Can you advise me on what hardware components I should inspect?",Hardware Inspection
"I can't send messages on the chat app, I cleared the app's data but still having issues. Could it be my network?",Basic Troubleshooting
"I can't seem to integrate my application with the cloud service. I've done the usual checks, but maybe there’s a configuration step I overlooked? A little help would be great!",Software Configuration
Can you tell me how to access the advanced options menu? I think I need to tweak some settings to get my software to work with the new hardware I installed.,Software Configuration
I keep getting a compatibility warning when trying to launch the application. Is there a configuration profile that I can check or modify?,Software Configuration
"My printer won’t connect to any devices anymore. I’ve already tried the standard troubleshooting, restarting both the printer and the router, and checking for firmware updates. What other methods can I try to diagnose the issue?",Advanced Troubleshooting
"There’s an intermittent issue with our network where some devices can’t reach each other. I've checked the IP configurations, and everything looks good. What's the next step?",Network Diagnostic
"Every time I try to access certain websites, they won't load, I suspect it's a problem with my network. How can I test this?",Network Diagnostic
Could you please check if the internet connection is stable? I seem to be getting intermittent access.,Network Diagnostic
"There’s no sound coming from my speakers, and I suspect it might be a loose cable or something wrong with the headphone jack. Please advise on the best way to check.",Hardware Inspection
My database software keeps crashing when I try to access certain functionalities. I suspect it could be due to incorrect settings. What steps do I need to follow to troubleshoot this?,Software Configuration
The network card on my machine is not functioning properly. Should I inspect the physical connection or check the software settings first?,Hardware Inspection
I've been experiencing intermittent connectivity issues with my VPN service. It works fine on one device but drops frequently on another. I've gone through the standard troubleshooting steps and now need to analyze the packet capture data to understand where the failure occurs.,Advanced Troubleshooting
"Regarding the error message I've been receiving, could you break down the troubleshooting steps for me? I really want to understand what I can do next without making things worse.",User Education
"After checking the basic settings and performing a factory reset on my device, I'm still encountering the same error code. Can you suggest some deeper diagnostic steps to uncover the root cause?",Advanced Troubleshooting
"There's an issue with my external hard drive not being detected. I’ve tried different USB ports and cables to rule out hardware failure, but it isn’t showing up. How can I troubleshoot this?",Basic Troubleshooting
There's a specific function that isn't showing up as expected on my interface. Can someone help me find where the configuration options might be that control what’s visible?,Software Configuration
My application keeps crashing after I changed some configurations. Did I do something wrong? I would appreciate any troubleshooting steps.,Software Configuration
"I have a problem with my home Wi-Fi being slow. Instead of just resetting the router, can you teach me how to check my connection speed and optimize router settings for better performance?",User Education
Can you help me check if the power supply unit is functioning properly?,Hardware Inspection
"After running basic diagnostics, I still can't identify the problem with the server crashing. Would you help me run some advanced testing for hardware failure?",Advanced Troubleshooting
"My laptop runs really slow, and I want to clear up some space. What are the best practices for cleaning up the hard drive?",User Education
"I keep losing connection to the internet, and I don't know why. Can you help me figure out what's going on?",Network Diagnostic
"I’ve noticed my gaming console sometimes doesn’t read discs properly. Before I try any resets, how can I check if the disc drive is damaged or obstructed?",Hardware Inspection
"My printer is not responding, and I've already tried restarting it multiple times. Can you help me check the drivers and connectivity settings?",Advanced Troubleshooting
I've noticed that the keyboard on my desktop is not responding to certain keys. I might need to open it up and see if there's any dust or debris affecting the circuit. What is the best way to clean it?,Hardware Inspection
"My application is throwing an exception that references a null pointer, and it seems to happen intermittently. I've gone through the code to check for potential null values, but I can't pinpoint the issue. Is there a way to trace the execution flow to see where it's breaking?",Advanced Troubleshooting
"What are the best practices for keeping my software updated without encountering bugs? I really want to avoid issues in the future, and any tips you have would be great!",User Education
"I'm trying to integrate the new plugin into our existing software, but it keeps throwing errors. I believe it’s due to misconfigurations in the settings. What steps do you recommend to troubleshoot this?",Software Configuration
"I can't access the internet on my laptop, but my phone is working fine. What could be the issue?",Network Diagnostic
"Can you please walk me through the process of configuring my VPN? I’ve followed a tutorial, but I think I might have done it incorrectly. Your detailed instructions would be really helpful!",User Education
"How do I set up my voicemail on this new phone? I’ve never done it before and I could use some guidance, please.",User Education
"After updating my operating system, I've noticed that the application won't launch. I think it might be something related to how the software is configured to run with the new OS. What should I do?",Software Configuration
"I've tried multiple methods for restoring the database from a backup, but the data isn’t populating correctly. Can we explore some advanced recovery strategies together?",Advanced Troubleshooting
There might be a bug in my current settings. Is there a way to revert back to the old settings without losing my data?,Software Configuration
I'm having trouble with my video conferencing app. It keeps freezing during calls. What should I do to troubleshoot this issue effectively?,User Education
Could you walk me through how to check my network settings? I need to ensure everything is configured correctly before I reach out to my ISP.,Network Diagnostic
I'm getting errors when I try to run the software. I've checked the installation but I'm unsure if the settings are right. How can I confirm they're configured properly?,Software Configuration
"After running a speed test on my connection, I noticed the results are much slower than what I'm paying for. What steps can I take to troubleshoot this?",Network Diagnostic
I'm getting an error message when trying to connect to the VPN. It says something about network settings being wrong. Any thoughts on how to troubleshoot this?,Network Diagnostic
"Every time I plug in my external hard drive, my computer crashes. Could it be a port issue or something wrong inside the drive itself?",Hardware Inspection
I'm having trouble with my email setup on my phone. Can you send me the step-by-step instructions on how to configure it correctly?,User Education
My gaming console is freezing during gameplay. Can you assist me in examining the internal hardware for any possible overheating or component-related issues?,Hardware Inspection
"The monitor isn't turning on, and I've already tried different cables. How do I check the display connector and any internal circuitry?",Hardware Inspection
"My computer is saying there's no internet access. I've already tried restarting the modem, but that didn't help. What can I do next?",Network Diagnostic
My gaming console won't turn on anymore. I'm wondering if there's a problem with the power brick or the internal hardware. Can someone help me troubleshoot?,Hardware Inspection
"I can't access the shared drive on my network. I logged out and logged back in, but I’m still unable to see it. What should I look into next?",Basic Troubleshooting
"I have multiple devices connected to the home network, but one of them keeps losing the connection. I’ve tried resetting the device itself, but it still drops off. How can I determine if it’s a network issue?",Network Diagnostic
I think my modem is acting up. It keeps dropping the connection randomly. What steps should I take to diagnose the issue?,Network Diagnostic
"I recently upgraded my software, but now I can't find the settings I used to configure before. Can you explain how to access them?",User Education
"The application is throwing an error code 503. I've already cleared the cache and cookies, restarted my device, and even tried a different network, but nothing seems to work.",Advanced Troubleshooting
"I noticed my email won't sync anymore. I removed the account and added it back, but it’s still not working. How can I fix this?",Basic Troubleshooting
"I've reset my router and modem multiple times, but my Wi-Fi is still dropping frequently. What should I do?",Network Diagnostic
"I was trying to boot up my desktop, but it doesn't start at all; not even the fans are turning on. Is there a way to determine if the power supply is dead?",Hardware Inspection
"I encountered an error code 0x80070057 while trying to update my software. After checking online, it seems like multiple users have faced this, but the solutions listed are all basic. I feel like this might need further investigation regarding the registry settings or permissions.",Advanced Troubleshooting
"My laptop is running slowly, I ran a virus scan but it didn't find anything. Should I check for software updates or uninstall some programs?",Basic Troubleshooting
My laptop keeps shutting down unexpectedly. I think it might be an issue with the power supply or maybe the internal components are not working well.,Hardware Inspection
Is there a way to recover deleted files from my hard drive? I've looked everywhere but can't figure out how to do it without losing more data.,User Education
"I'm getting a lot of packet loss when I run a ping test to my local server, which is leading to video call disruptions. How can I fix this? Please advise!",Network Diagnostic
I noticed my workstation crashes when I run specific software. I've attempted clean installations and reviewed compatibility settings. What advanced diagnostics should I perform next to pinpoint the issue?,Advanced Troubleshooting
"I need help with my printer. It keeps saying offline, but I have checked all the cables and it's still not connecting! What else can I do?",User Education
My old laptop screen keeps glitching. Should I consider looking at the hinges or connections to see if anything is loose?,Hardware Inspection
"My laptop keeps overheating, and I don't know what to do. Should I clean the vents or is there something else I should check first?",User Education
"After cleaning my keyboard, some keys still aren’t responsive. Could this be a connection issue? What would you suggest I do next?",Hardware Inspection
I was following the online manual to configure my alerts but it seems like the instructions are outdated. What are the current steps for this?,Software Configuration
"The screen on my smartphone has frozen and I can't access any apps. I've already tried holding the power button down for 10 seconds, but it didn't help. What else can I do?",Basic Troubleshooting
"Since changing the display settings in my application, the performance has dropped significantly. I need to restore the previous settings.",Software Configuration
"When I try to update the configuration settings, I keep getting an error message saying 'invalid parameters'. What should I do? I just want to adjust the user preferences.",Software Configuration
My laptop won't turn on. I checked the power connection and pressed the power button multiple times. Is there anything else I can try?,Basic Troubleshooting
"My browser keeps defaulting to the wrong homepage after I try to change it in the settings. I've cleared the cache, but it hasn’t helped. Is there another way I can fix this?",Software Configuration
"After replacing the RAM on my machine, it still won't boot up. I'm thinking the slots might have a problem. Can anyone suggest the best method to diagnose this?",Hardware Inspection
Is there a way to switch off automatic updates in the software? I find that the changes are causing issues with my workflow.,Software Configuration
"My smartphone keeps crashing whenever I open certain apps. I tried deleting the apps, but the problem persists. What should I check on my device settings?",User Education
"Despite following the on-screen prompts to connect my Bluetooth device, I still cannot get it to pair. I've checked to ensure the visibility settings are active and that it's not connected to another device, but without success.",Advanced Troubleshooting
I’m confused about what to do if my printer isn’t connecting. Can you walk me through a troubleshooting checklist to identify the problem?,User Education
There is a recurring issue with lost packets on our network which basic troubleshooting hasn't resolved. I'm thinking we need to conduct a deeper inspection of the traffic and possibly analyze the network topology for bottlenecks.,Advanced Troubleshooting
"I'm receiving error codes related to my software package that I can't find in the documentation. Could you help me troubleshoot this further, possibly looking into API integrations or complex dependencies?",Advanced Troubleshooting
I set up the new software but it keeps crashing when I try to run reports. What configuration steps should I verify to fix this issue?,Software Configuration
I'm worried that the RAM might be improperly seated or damaged. How can I visually inspect the RAM modules for potential issues?,Hardware Inspection
"I just upgraded my operating system, and now some applications won't launch correctly. I’ve tried compatibility mode, but should I look into the background services as a potential cause?",Advanced Troubleshooting
"I opened the laptop to check if the RAM sticks were seated correctly, but I noticed some dust buildup inside the case.",Hardware Inspection
"My screen is flickering a lot lately. I’ve tried restarting it, but that hasn’t helped. What should I check next?",User Education
"I was trying to reset the network configurations on my router, but every time I access the admin panel, it freezes and restarts unexpectedly. I suspect there might be a firmware issue that requires deeper diagnostics beyond the usual reboot process.",Advanced Troubleshooting
There's no sound coming from my speakers. Can you guide me on checking the audio settings? I'm not sure if it’s muted or connected properly.,Basic Troubleshooting
"I've been trying to adjust the notification settings, but every time I click 'save', nothing happens. Is there a known bug with this version, or am I missing something?",Software Configuration
I'm having issues with my application settings; I need help adjusting the preferences to make it run more smoothly for my project.,Software Configuration
"After updating my software, my printer won’t connect. I've tried rebooting both my printer and computer several times. What are the next steps to troubleshoot this?",Basic Troubleshooting
"When I try to connect to the public Wi-Fi, it says the network is available, but I can’t access the internet. What do you suggest I do?",Network Diagnostic
Can you check if the power cable is properly connected to the printer?,Hardware Inspection
What should I do if my computer won’t boot up? I’ve tried a few things but I feel like I need a more detailed procedure to follow.,User Education
"Since switching to the new ISP, my connection drops randomly. How do I test if it's the line or my equipment?",Network Diagnostic
My home network is acting weird. Should I run a traceroute to see where the problem lies?,Network Diagnostic
"After downloading the latest software update, my application keeps crashing. Is there a way to revert to the previous version? I need to know how to navigate the settings to do that.",User Education
"I lost access to my account after a two-factor authentication failure. I've tried the recovery options available, but I think there’s a need for more intricate troubleshooting to gain access back. Can someone help?",Advanced Troubleshooting
"What do I need to do to uninstall the app completely? I tried dragging it to the trash, but it seems to still be lingering in some form. Would love some help!",User Education
"I was trying to integrate the new plugin into the existing system, but it keeps showing an error message. What do I need to change in the settings?",Software Configuration
"The printer isn't responding, I checked the power cable and it seems fine. Any other suggestions?",Basic Troubleshooting
"I'm trying to connect my laptop to the Wi-Fi, but I keep getting a connection timeout error. What steps should I take to troubleshoot this?",Network Diagnostic
"The printer won’t print anything. First, can you check if there’s paper loaded and if it’s turned on?",Basic Troubleshooting
"The software update didn’t fix the problem, and I’ve already reinstalled it twice. What are some specialized troubleshooting techniques that could help me further identify the issue without starting from scratch?",Advanced Troubleshooting
"I can't access my email on my phone anymore. I've tried logging out and back in, as well as uninstalling the app. What should I try next?",Basic Troubleshooting
"After several attempts to clear the error codes on my device, it still won't function as it should. I suspect it's a hardware issue, could we do a thorough check on the components?",Advanced Troubleshooting
"I updated my software, but the application won’t launch now. I’ve cleared the cache and restarted my device. Any suggestions?",Basic Troubleshooting
"I'm having trouble connecting to the internet, can you help me check if my router is functioning properly?",Network Diagnostic
"I can't access certain websites on my network. I've performed a few pings, and it seems some IPs are unreachable. What are the best practices for diagnosing this?",Network Diagnostic
"I think I might have a DNS issue. Some websites load, while others don't. Can you walk me through some troubleshooting steps for this?",Network Diagnostic
I just set up a new router and now my devices can’t connect to the Internet. I need assistance figuring out if it’s a configuration issue or something else.,Network Diagnostic
I don't understand how to use the new features in the software update. Can you provide me with a guide or some tips on how to navigate through the changes?,User Education
"I'm having trouble connecting to the Wi-Fi. I've restarted my router and checked my laptop settings, but nothing seems to work. What should I try next?",Basic Troubleshooting
"My tablet no longer charges, and I think the charging port might be damaged. How can I inspect this properly before deciding on a repair?",Hardware Inspection
"My printer won't connect to my laptop. I've already checked the network settings, but nothing seems to work. Can you help me figure this out?",Basic Troubleshooting
"The printer isn’t working, and I’m not sure why. I’ve checked to make sure it’s plugged in and that there’s paper. Any suggestions?",Basic Troubleshooting
"I understand that I need to update my software, but could you tell me how to check if there are any available updates on my device? It’s been a while since I last did it.",User Education
"After running diagnostic tests on my laptop, I discovered several error codes related to the motherboard. Can you help me interpret what these mean? I suspect there might be a hardware issue beyond just a software fix.",Advanced Troubleshooting
My website keeps crashing despite multiple attempts to fix it by clearing the cache and checking the server load. I might need to delve into the server logs for errors or misconfigurations; could you assist with that?,Advanced Troubleshooting
"I can't seem to update my operating system. Each time I try, it throws an error that I can’t make sense of. What troubleshooting steps do you recommend?",Basic Troubleshooting
"After modifying the configuration file for our version control system, the application has become unresponsive. What are the best practices for troubleshooting these types of settings?",Software Configuration
I can't seem to connect my printer to the Wi-Fi network. Can you guide me through the steps to get it connected?,User Education
I’m getting a message that says my network connection is limited. Can you guide me through checking the IP configuration and ensuring everything is set up correctly?,Network Diagnostic
I suspect my neighbor might be using my Wi-Fi without permission. How can I check the devices connected to my network to see if that's the case?,Network Diagnostic
"I've tried rebooting my computer multiple times, but it's still running slow. What should I do next?",Basic Troubleshooting
I can't seem to update my software on my phone. It keeps saying there isn't enough storage. What steps can I take to free up space?,Basic Troubleshooting
"After updating my software, my device is slower than before. Should I try clearing the cache or reverting to the previous version?",Basic Troubleshooting
"My email client is failing to sync with the server after a recent upgrade. I've tried checking my settings and disabling a few plugins, but it still won’t work. I'm considering whether it's a deeper compatibility issue with the server settings—what should I explore?",Advanced Troubleshooting
My app isn't saving the new settings after I change them. What could be causing this issue?,Software Configuration
Some applications are really slow on my laptop. Have you cleared the cache and checked for any updates?,Basic Troubleshooting
"It looks like my printer is offline, and I've confirmed it's connected to the network. I've attempted to troubleshoot it by checking the router settings. Any specific tips for diagnosing it further?",Network Diagnostic
"My server is running slow, and I've already cleared the cache and optimized settings. I'm considering a deeper analysis of resource usage and maybe even some command-line diagnostics; could you guide me on this?",Advanced Troubleshooting
The printer won't respond. I wonder if there's a problem with the cable or if the internal parts are jammed. Can we run some diagnostics?,Hardware Inspection
"My printer isn't responding and I've already replaced the ink cartridges. It seems like there might be a deeper issue at play, can you help me run some diagnostics?",Advanced Troubleshooting
"I’ve been experiencing really slow internet lately. I’ve reset my router several times, but nothing seems to change. Do you have any ideas?",Basic Troubleshooting
"I think there’s a deeper issue with the network configurations on my router. I've tried resetting it multiple times, but it still drops the connection intermittently. Can you help me dive deeper into the firmware settings?",Advanced Troubleshooting
Can you walk me through resetting my internet connection? I've tried turning the modem off and on but it still isn’t working. Just need to get back online fast!,Basic Troubleshooting
"My phone keeps overheating, and I think it could be a battery issue. What steps should I take to diagnose if it's actually a hardware malfunction?",Hardware Inspection
The issue seems to be with the application crashing unexpectedly. I suspect it might be related to the memory configuration; can you help me analyze the log files?,Advanced Troubleshooting
"My internet connection keeps dropping, and I can't figure out why. Can you help me check my router settings or see if the ISP is having issues?",Network Diagnostic
"I accidentally deleted my files from the document folder. How can I recover them? It would help if you could outline the recovery process for me, so I can follow it easily.",User Education
My laptop won't power on at all. Can you help me figure out if it's a problem with the power supply or something else? I’ve already tried changing the outlet and using a different charger without success.,Hardware Inspection
I think my computer is not turning on because the power button doesn’t seem to be responding. Can you suggest what to check?,Hardware Inspection
"I have a new software update that I downloaded, but now my previous configurations are unstable. What should I do to revert or adjust these settings?",Software Configuration
"Since the latest version of the software was installed, I keep getting a 'connection error' message. Can you help me figure out what configuration settings might need adjusting?",Software Configuration
I noticed that my laptop is overheating. Is there a way to inspect the fans and internal parts to ensure they're clean and working correctly?,Hardware Inspection
"The printer is showing an error code that doesn't seem to match any of the common issues found in the manual. I’ve already tried the basic troubleshooting steps, like checking the ink levels and the connection, so I might need to delve into the internal settings or even update the drivers manually.",Advanced Troubleshooting
"I can't seem to access my email account, and I've reset my password twice. What other troubleshooting steps can I take?",Basic Troubleshooting
"The security protocols in my system were altered, and now I can't access some of the features. I need to know which settings could be responsible for this and how to revert them.",Software Configuration
"I keep getting an error when trying to download updates for my app. I've cleared the app cache and ensured I have enough storage, but the error still pops up. What should I do next?",Basic Troubleshooting
"My computer won't boot, and I think it might be a problem with the physical components. Can you help me check if everything inside is plugged in correctly?",Hardware Inspection
"Every time I try to update the display settings, they revert back to the old configuration. It's really frustrating! Is there a solution for this?",Software Configuration
"I can't access the company server remotely. I've tried restarting my computer and connecting to different networks, but nothing seems to work. What should I do next?",Network Diagnostic
I just upgraded my desktop and now it won't boot. I suspect it could be a compatibility issue or maybe something isn't connected properly inside the unit.,Hardware Inspection
"The system is freezing intermittently, and it started after a recent update. I think we need to delve into the system's event logs for potential conflicts. Can you help me with that?",Advanced Troubleshooting
"My email client is not syncing with the server properly, and I've already tried resetting the account settings. I'm considering if there's an issue with the IMAP settings or maybe a deeper problem with how the client handles connections to the mail server. Any ideas on how to troubleshoot this?",Advanced Troubleshooting
I have a strong Wi-Fi signal but can't access some websites. Could it be a DNS issue? Please let me know how to investigate this further.,Network Diagnostic
"My laptop keeps losing Wi-Fi connection, but other devices work fine. What steps should I take to isolate the issue?",Network Diagnostic
My application keeps crashing despite reinstalling it and running in safe mode. What are some system-level checks or logs I should review to pinpoint the issue?,Advanced Troubleshooting
"After running diagnostics on my laptop, it seems like the hardware could be at fault. Can you guide me through testing the motherboard connections and checking for any physical damage?",Advanced Troubleshooting
"Lately, I've noticed that my devices are all getting random IP addresses. Is it possible that my DHCP settings are off?",Network Diagnostic
"After resetting the router, I'm still facing issues connecting to my office VPN. I've tried different cables and ports, but no luck. Can you help me troubleshoot this?",Network Diagnostic
"After rebooting my modem and testing the speed, I noticed significant packet loss. Can you guide me on how to trace the issue further?",Network Diagnostic
"I can't seem to access my files on the external hard drive anymore. It's not being recognized by my computer. What advanced methods can I employ to recover the data, such as checking disk management or using recovery software?",Advanced Troubleshooting
"I keep getting a blue screen on my computer, and it often mentions a hardware failure. What are the steps I should take to check the physical components inside my machine?",Hardware Inspection
"I noticed that after the last update, my software reverted to the old settings. How can I ensure my adjustments stick? Can you help me troubleshoot this?",Software Configuration
I noticed my desktop is making a loud whirring sound; it might be the fan. How can I check inside the case to assess any hardware problems?,Hardware Inspection
"My printer isn't connecting to my computer. I've tried turning it off and on again, but it still doesn't show up on my list of devices.",Basic Troubleshooting
"My work VPN keeps disconnecting intermittently, and I suspect it might be my home network. Can you advise on ways to test the stability of my connection?",Network Diagnostic
I noticed some strange noises coming from my desktop while it was running. Should I check the internal components?,Hardware Inspection
"I'm facing an issue where my network connection drops intermittently, and I've already tried resetting my router. I suspect it might be related to a specific configuration in my firewall settings. Can you help me with deeper diagnostics?",Advanced Troubleshooting
"I’m experiencing performance issues with my software. I've already done a basic uninstall and reinstall, but I suspect there might be deeper compatibility issues that require more in-depth analysis. Can you assist?",Advanced Troubleshooting
My desktop is making a beeping sound on startup. Can you help me identify if it’s an issue with the RAM or motherboard components?,Hardware Inspection
I'm trying to troubleshoot why my printer is not connecting. I suspect there could be a physical issue with the cables or ports. Can you suggest some steps to check this?,Hardware Inspection
My graphics card isn’t recognized by the operating system after the last update. I've already attempted a driver rollback and am getting nowhere. What advanced methods can we apply to troubleshoot this problem?,Advanced Troubleshooting
"My internet is slow and drops frequently, and I suspect it’s not just my device. What steps should I take to troubleshoot the whole network?",Network Diagnostic
Could you guide me on how to adjust the configuration files for my system’s firewall? I think there’s a setting that's blocking the app from connecting to the server.,Software Configuration
"The monitor is flickering, and I wonder if it's a cable issue or if the display itself is failing. What should I do to troubleshoot the connections?",Hardware Inspection
I need assistance determining whether the issue is with my device or the hotspot itself. Can we perform some diagnostic checks?,Network Diagnostic
"The app crashes every time I try to open it, is there a way to reinstall it without losing my data?",Basic Troubleshooting
I'm experiencing issues with my software after switching to a new operating system. Can you guide me on how to properly configure it for compatibility?,Software Configuration
"Can you please explain how to reset my modem? I have tried turning it off and on, but it hasn't worked. I need to know the steps clearly to ensure I do it correctly.",User Education
Could you explain how to properly reset my password? I think I might be doing it wrong based on the instructions I followed.,User Education
The laptop is overheating and shutting down unexpectedly. I should probably remove the back cover and check the fan and thermal paste. What do you recommend?,Hardware Inspection
"I'm having trouble connecting my application to the database, can you help me check the configuration settings in the config file?",Software Configuration
"I've been experiencing really slow internet speeds lately. Could it be due to too many devices connected, or maybe I need to look into the modem configuration?",Network Diagnostic
"I just moved, and now my router connection is not stable. I need steps to diagnose if there is a fault with the ISP or my equipment.",Network Diagnostic
"Despite reinstalling the software multiple times, I'm still facing installation errors that point to permission issues. Could you help me look into the registry and user permissions to resolve this?",Advanced Troubleshooting
"I've reviewed the log files as well as the system performance metrics, and I see some unusual spikes in CPU usage. Could there be an underlying issue that requires deeper inspection?",Advanced Troubleshooting
"My colleagues are reporting a delay in receiving emails, while I’m unaffected. I suspect there could be a network issue or a misconfiguration in the email settings. What detailed checks should I perform to identify the cause?",Advanced Troubleshooting
Could you let me know how to test if my RAM sticks are functioning correctly? I've been encountering frequent blue screens lately.,Hardware Inspection
I can't seem to figure out how to connect to the VPN. Is there a guide you could share?,User Education
My laptop keeps crashing when I try to open certain programs. Could you walk me through how to check for software updates?,User Education
"I followed the instructions to install the software, but it still won’t open. I don’t see any error message, though. Could it be a compatibility issue with my operating system?",User Education
"I tried connecting my Bluetooth headphones to my laptop, but they keep disconnecting. Could you explain the pairing process again?",User Education
"There's a persistent error code showing up on my device after the last update, and it's not one I've seen before. I've searched for it online but haven’t found anything useful. What advanced tactics do you recommend for diagnosing this unknown issue?",Advanced Troubleshooting
"My phone's battery drains too fast, I used the battery saving mode and it's still bad. What can I do to extend battery life?",Basic Troubleshooting
"I am unable to open my email account. I cleared the browser cache, but it didn't help. What could be wrong?",Basic Troubleshooting
"I’ve tried logging into my account, but it says my password is incorrect. Could you assist me in resetting it? I might have forgotten it after all.",Basic Troubleshooting
I have a question about configuring my VPN settings. I'm not sure where to go in the settings for that. Could you walk me through the process step-by-step?,User Education
"I have never used this software before, and I’m confused about the main features. Can you provide a brief overview to get me started?",User Education
"When I connect my printer to my laptop, it doesn't respond. Should I look at the cables or connections to see if there's an issue with how they're set up?",Hardware Inspection
"My application has been crashing unexpectedly, and the logs aren’t providing enough information. I think there might be a memory leak. What debugging tools do you recommend to monitor the memory usage effectively?",Advanced Troubleshooting
"My screen is flickering whenever I scroll through web pages. I've updated the drivers, but the problem persists. Any other suggestions?",Basic Troubleshooting
"Lately, I've been facing intermittent connectivity issues, particularly with streaming services buffering constantly. What diagnostics can I run to better understand this?",Network Diagnostic
"After the last update, my app doesn't seem to work properly anymore. I think there might be some configuration issues that need sorting out, can you assist me with that?",Software Configuration
"Can you run some tests to check the latency on my home network? It seems like there's a lag when I'm gaming, and I am not sure if it's the router or something on the provider's end.",Network Diagnostic
I keep getting a blue screen error that refers to specific drivers. I’ve looked at the event logs but need help identifying the faulty driver and figuring out the next steps to fix it. Any advanced suggestions would help immensely.,Advanced Troubleshooting
"My phone keeps disconnecting from the Wi-Fi. I’ve reset my device and the router, but it’s still problematic. Any suggestions on how to troubleshoot this?",Network Diagnostic
"My email app keeps crashing every time I try to open it. I've checked for updates and restarted my phone, but the problem persists. Is there a way to fix this without losing my emails?",Basic Troubleshooting
Can you help me with my printer? It's showing a communication error despite being connected and I suspect it might require a more thorough investigation beyond the basic setup checks I've already tried.,Advanced Troubleshooting
I received an error message when I tried to apply the new settings for the backup schedule. Can you help clarify what might be causing this?,Software Configuration
Sometimes my headset only plays sound in one ear. It feels like a physical issue with the jack. Could you advise on how I can examine the connectors to troubleshoot this?,Hardware Inspection
"I'm having trouble setting up the new user permissions in the application, can you help me navigate through the settings?",Software Configuration
The external hard drive isn’t being recognized. I suspect the USB port might be damaged or the drive itself could have issues. Can you troubleshoot this for me?,Hardware Inspection
"My system has been running slow since I installed the new software, and I’d like to perform a thorough analysis of running processes and system health to see if there are hidden issues. What detailed steps should I take to identify the root cause?",Advanced Troubleshooting
My internet is down and I've tried restarting the modem but nothing seems to work. Could there be something wrong with the connection?,Network Diagnostic
"I can't get my printer to work. I checked all the cables and even tried another power outlet, but it still won't turn on. Is there something I should look for inside?",Hardware Inspection
There seems to be some physical damage on my tablet’s charging port. How can I examine it to determine if it needs replacement?,Hardware Inspection
"Is there a way to find out if the slow internet is due to my home network or if it's a larger outage? My neighbor's connection seems fine, but mine's terrible today.",Network Diagnostic
Can you guide me on how to reset my password again? I forgot the steps yesterday and I need to access my account urgently.,User Education
I need help with changing the network settings on our client software. It seems like the last change caused connectivity issues but I can't figure out how to revert it.,Software Configuration
My monitor has been flickering lately. I'd like to know if I can take a look at the cables or any visible signs of wear that might be causing this.,Hardware Inspection
I keep getting a blue screen error on my desktop. Can you provide some basic troubleshooting steps I could take to identify what's wrong? I really need to fix this ASAP.,User Education
The game crashes right after the splash screen. I already checked the system requirements and everything seems fine. Could you walk me through some steps to troubleshoot this?,Basic Troubleshooting
The monitor is flickering intermittently. Could it be a loose cable connection? Please check it.,Hardware Inspection
I want to change the default settings of my application for better performance. Can you provide a detailed guide on what configurations I should modify?,Software Configuration
My coworker is unable to join the video conference call through the office network. I checked the settings and everything looks right on my end; could there be an issue with the network configuration?,Network Diagnostic
"The screen on my laptop is flickering, and I've updated all the drivers. It might be a hardware issue, but I'm not sure. Any suggestions?",Basic Troubleshooting
Can you help me with the API settings for the new integration? I’m having trouble getting it to work since the last update; everything seems out of whack!,Software Configuration
"After tweaking some system settings, my program has started crashing unexpectedly. What should I check to fix this? I’m not sure what went wrong.",Software Configuration
"There's this feature that I used to have in the earlier version of my software, but I can't find it now. Can you walk me through the process to potentially restore or enable it?",Software Configuration
"Is there any way to speed up my computer? I heard that clearing the cache can help, but I'm not sure how to do it. Can you share some tips?",User Education
Could you explain how to change the user permissions in the admin panel? I want to ensure that all team members can access what they need without errors.,Software Configuration
"When I try to play a video, it just buffers endlessly. I've shut down other applications, but that doesn’t help. What could be wrong?",Basic Troubleshooting
"My gaming PC crashes every time I'm trying to run high-demand games. I’ve monitored the temperatures and even updated the BIOS, but nothing seems to work. What other troubleshooting methods can we explore?",Advanced Troubleshooting
The interface for my design application has changed and I can't find the workspace settings. How can I reset it to show my usual layout?,Software Configuration
"I think there might be a compatibility issue between the new OS update and my existing software. I've tried all the basic checks, so what should I explore next? Can we analyze the logs for more detailed insights?",Advanced Troubleshooting
The display on my monitor is flickering. I want to know where to look for any loose connections or damaged cables that might be causing this issue.,Hardware Inspection
I accidentally changed some settings in the device and now the application fails to load. What are the critical configurations that I shouldn’t ignore?,Software Configuration
The recent upgrade to my project management tool has messed up all my custom settings. Can you walk me through how to revert to the previous configurations? It’s urgent!,Software Configuration
I’m experiencing extremely slow internet speeds and intermittent connectivity issues. Is there a way to test if my router is functioning properly or if I’m being throttled?,Network Diagnostic
"The printer isn't working at all, but it started making a weird grinding noise. Could something be jammed inside?",Hardware Inspection
"I’ve replaced the battery in my wireless mouse, but it still doesn’t work. What should I inspect inside to troubleshoot this issue?",Hardware Inspection
My laptop won't start up. I hear a beep sound when I press the power button. Should I check the power source and any external devices first?,Basic Troubleshooting
I can't find my files after switching to the new operating system. Did you check the recovery options or the backup drive?,Basic Troubleshooting
"I can't seem to get any sound from my speakers. I've made sure they're plugged in, but I still don't hear anything. Can you walk me through some troubleshooting steps?",Basic Troubleshooting
There are several devices competing for bandwidth in my home. How do I prioritize bandwidth for my work laptop? I want to avoid lag during meetings.,Network Diagnostic
It looks like my computer is blocking the connection for some reason. Can you help me check the network settings to fix it?,Network Diagnostic
I saw an article about best practices for maintaining my equipment. Can you summarize the key points to ensure longevity and performance?,User Education
"I think my desktop is overheating, and I want to take a look inside. What are the main components I should focus on to ensure everything is okay?",Hardware Inspection
I've been trying to set up a new printer but can't seem to find the right settings to get it connected. Can you assist me in navigating the configuration options?,Software Configuration
I need to make sure that my software is set up correctly for the new server we're using. What are the best practices for configuring the user permissions?,Software Configuration
My monitor suddenly went blank. I was thinking perhaps it's a cable issue or something wrong inside the unit itself. What should I do?,Hardware Inspection
I can't seem to find the settings to adjust the user permissions in the application. Can someone guide me on how to configure this properly?,Software Configuration
There's a strange smell coming from my workstation. Is there a way to safely open it up and inspect the parts for any damage? How do I proceed?,Hardware Inspection
"I dropped my tablet and now the touch screen isn't responding. I’ve tried turning it off and back on, does that usually help?",Basic Troubleshooting
My laptop gets really hot when it's charging. Should I try using a different power adapter to see if that helps?,Basic Troubleshooting
I can't seem to access the settings menu in my application. Could you tell me how to adjust the preferences?,Software Configuration
I noticed that my screen flickers when I move the laptop. I have checked the display connections and even toggled the display settings. Is there something else I should look into?,Basic Troubleshooting
I suspect my network settings may have been altered after the last update. How can I verify they’re configured correctly for optimal connectivity?,Network Diagnostic
"I replaced my modem, but I'm still having issues. Can you help me test if the DHCP settings are correct?",Network Diagnostic
I think my laptop isn't charging. Can you help me check the power port for any damage or loose connections?,Hardware Inspection
"I'm having problems with my Wi-Fi extender. It shows it's connected, but my devices can’t use it for internet access. Can you help me diagnose this problem?",Network Diagnostic
"I'm having trouble connecting to the internet on my laptop. I've reset the router twice, but the issue persists. Can you help me figure out what's wrong?",Network Diagnostic
I think I need to tweak some settings to enable the new features. What's the best way to do that without messing things up?,Software Configuration
"How do I recover files that I accidentally deleted? I’ve looked in the recycle bin, but I can’t find them there. Is there a way to restore them?",User Education
"After installing the new update, my software isn't behaving as expected. Are there any settings I might need to adjust?",Software Configuration
"I thought I had correctly set my profile settings, but I keep getting errors when I attempt to use the software. Maybe there’s something I forgot to configure?",Software Configuration
"My computer keeps shutting down unexpectedly, I wonder if the power supply is failing or if there’s an issue with the motherboard.",Hardware Inspection
"When I open the software, it keeps crashing. Can you walk me through the troubleshooting steps to identify what might be causing this issue?",User Education
I'm getting a lot of buffering when streaming videos. Should I check if my network is stable or if there are too many devices connected?,Network Diagnostic
I need help with my email settings. I think I might have changed something inadvertently. Could you provide a step-by-step guide on how to restore the default configurations?,User Education
My printer won't connect to Wi-Fi. I've tried turning it off and on several times but no luck. What else can I do?,Basic Troubleshooting
"The screen on my laptop keeps flickering. I've tried adjusting the display settings and updating the graphics driver, but the problem persists. What could be the issue?",Basic Troubleshooting
My external hard drive isn't recognized. I'm considering opening it up to check if the internal connections got loose or if it's failing. Is that a good first step?,Hardware Inspection
There’s a persistent issue with dropped connections while I’m gaming online. What measures can I take to identify if it’s related to my network settings or the game server?,Network Diagnostic
"I noticed that my computer shows limited connectivity. I've checked the cables and restarted my device, but the problem persists. What should I do next?",Network Diagnostic
I'm hearing strange noises from my computer. I'd like to verify if the fans are working properly or if there's something else going on inside.,Hardware Inspection
The app crashes every time I try to open it. Have you tried reinstalling it? Sometimes that helps fix issues like this.,Basic Troubleshooting
"I’ve tried accessing my work server, but the connection seems to be timing out. I’ve called my ISP, and they indicated there might be issues on their end. What else can I check while I wait?",Network Diagnostic
"I'm unable to connect to my network printer, though my laptop is online. What steps should I take to troubleshoot this?",Network Diagnostic
I keep getting error 404 on my page. Can you guide me on what I should check on my end?,User Education
"The database server is responding oddly after the latest maintenance. Basic queries are performing well, but complex joins are timing out. I believe the query optimization may require advanced tweaks, as I’ve already checked the standard performance metrics and indexes.",Advanced Troubleshooting
"I keep getting a blue screen error, and I'm not sure why. Can we check to see if there’s anything wrong with the hard drive or memory modules?",Hardware Inspection
"When I try to boot my computer, I get a blue screen error. I suspect it may be related to a recent Windows update, but I’d like you to guide me through analyzing the system event logs.",Advanced Troubleshooting
I've got this error message popping up every time I try to launch my game. What are the common reasons this happens and how can I fix it?,User Education
"I was having some connectivity problems with my printer, so I opened it up to see if there were any loose cables. What should I look for?",Hardware Inspection
I've been having trouble connecting to the Wi-Fi. Could you tell me how to reset my router?,Basic Troubleshooting
"Hey, so my laptop won't boot up after the last update. I heard something about booting in safe mode, but I'm not really sure how to do that. Could someone guide me?",User Education
"The wireless signal strength in my home office is spotty, and I’ve noticed it drops significantly during peak hours. I've moved closer to my router to test it out. Can you help me optimize my connection?",Network Diagnostic
"After cleaning the insides of my PC, I’m still facing issues with booting. Can you recommend specific components I should verify manually?",Hardware Inspection
I'm confused about how to change my account settings. Could you provide a detailed explanation of where to find those options in the app?,User Education
I’m having trouble with my Wi-Fi connection. It keeps dropping. I've reset the modem and checked the cables too. What's the next step?,Basic Troubleshooting
"After updating my router firmware, I can no longer access the internet. How do I revert the changes or fix this?",Network Diagnostic
Can you explain the process of configuring my router settings? I just need some tips on accessing the admin panel and what options I should look at.,User Education
I keep getting error messages because of the configuration settings in my system preferences. What should I prioritize fixing first?,Software Configuration
I keep getting a blue screen error on my computer. Can you explain what might be causing it and what steps I can take to troubleshoot the issue? I'm really frustrated with this!,User Education
"Before we proceed with any software fixes, let's take a look at the physical components. Have you checked the power supply status?",Hardware Inspection
There’s a crack on the motherboard of my device. Can you tell me if that could be the reason it's not functioning right? I noticed it after a minor drop.,Hardware Inspection
"There's an option under preferences that I want to enable, but it seems to be grayed out. I’ve checked user permissions and everything looks fine. Any ideas?",Software Configuration
"I cannot connect any of my devices to the Wi-Fi anymore, and I need help troubleshooting. What should I check first?",Network Diagnostic
"My application is throwing exceptions that I can't decipher. I’ve checked the API calls, and I think we need to look into the underlying libraries for issues. What steps do you suggest?",Advanced Troubleshooting
I've been experiencing random shutdowns with my laptop. I believe it could be overheating due to dust build-up. Can you check the vents and fan when you get a chance?,Hardware Inspection
I keep hearing strange noises from my computer. What could this mean? I've checked the cables but don't know what else to do.,User Education
There seems to be a problem with the network in our office. Several users are reporting that they can't access shared drives—what steps should we follow to diagnose the problem?,Network Diagnostic
"I set up my new smart TV, but it won't connect to Wi-Fi. I've tried rebooting the router, what should I check next?",Basic Troubleshooting
"After applying the latest security patches, my application is experiencing unexpected downtime. I believe we might need to investigate the compatibility with existing configurations more thoroughly. What advanced checks can I perform?",Advanced Troubleshooting
My printer isn't working. I've checked the connections and turned it off and on a few times. What else can I do?,Basic Troubleshooting
"The software update has changed some of my default settings, and now I'm unable to connect to our server. What steps should I take to revert to the previous configuration?",Software Configuration
I keep getting an error message when I try to start my application. Can you tell me what the most common causes are and how to fix them?,User Education
There’s a recurring issue with the synchronization of files between my desktop and cloud storage. I’ve tried all the basic fixes without success. It may be time to examine the application logs on both the client and the server side to uncover any error patterns leading to this sync failure.,Advanced Troubleshooting
I've been having trouble connecting to the VPN lately. Is there a way to troubleshoot whether it's a local network issue or something else?,Network Diagnostic
My smartphone battery drains really quickly. Are there specific settings that I should adjust to extend the battery life? Please share some tips that I can apply immediately.,User Education
I'm having trouble with my email client; it keeps saying 'configuration error.' I don't know where to start changing these settings. Can you guide me through?,Software Configuration
I’m struggling to configure my email on my phone. What steps do I need to follow to make this work? I've tried multiple times but it just won't connect.,User Education
I’m facing issues with my printer. The connection doesn’t seem to work. How do I connect it to my Wi-Fi network? Please provide a detailed guide on what I need to do.,User Education
I received an error saying my antivirus is outdated. Can you tell me how to update it?,User Education
"I noticed my ping is really high when gaming online. I've been trying to optimize my setup, but it’s still lagging. What are some common fixes?",Network Diagnostic
"My Bluetooth headphones keep disconnecting. I’ve made sure they’re charged and unpaired them from my device, but still no luck. Help!",Basic Troubleshooting
"I heard my antivirus might be causing some issues with my system. Instead of just recommending I uninstall it, could you explain how to safely disable it temporarily and check if that resolves my problem?",User Education
"Is it possible that the RAM is causing my computer to freeze? I want to check if it's seated properly in its slot, but I'm not sure how to do that safely.",Hardware Inspection
I need help setting up my new router. What’s the general procedure for connecting it to my network? I’ve never set one up before and don’t want to mess it up.,User Education
"I'm having persistent issues with the VPN dropping connections. I've already checked the local firewall settings, but I need guidance on testing the routing protocols at a deeper level. Any ideas?",Advanced Troubleshooting
Can you explain how to enable two-factor authentication? I feel like I need better security but don’t know where to start.,User Education
My app is acting weird after I changed some preferences in the configuration menu. How do I reset it to its original state?,Software Configuration
Is there a guide on how to check the connections for my external hard drive? I'm not sure if it's a connection issue or something more serious.,Hardware Inspection
What are the best practices for maintaining my device for optimal performance? I've had it for a while and want to ensure it's running well.,User Education
"I tried everything from resetting the router to checking the wiring, but the internet keeps dropping intermittently. What advanced strategies can I employ to diagnose my network issues?",Advanced Troubleshooting
"Every time I try to print a document, it says the printer is offline. Can you give me tips on how I can troubleshoot and fix this issue?",User Education
My laptop is unable to connect to the Wi-Fi. I've already tried restarting the modem. What other steps can be taken to determine if there's a connectivity issue?,Network Diagnostic
"There's a constant beeping noise coming from my desktop when I turn it on. I have no idea what it means, but should I look inside the case to see if something's loose?",Hardware Inspection
"The printer is not responding, and I've checked the connections. Should I open it up to see if there's a paper jam or if a part is loose?",Hardware Inspection
"After tweaking the configurations on my server, the application performance has dropped. I would need help in running a detailed analysis of the system resource usage and logs to find the bottleneck.",Advanced Troubleshooting
"Every time I try to adjust the user permissions in my application, it gives me an error message. Can you help me understand how to properly configure those settings?",Software Configuration
My computer keeps dropping the Wi-Fi connection. I've restarted the modem and the laptop but no luck. What else can I do?,Network Diagnostic
"My desktop computer keeps losing connection to the Wi-Fi network every few minutes. I've checked my adapter settings, and they seem fine. Could this be an ISP issue or something else?",Network Diagnostic
"After the update, my application isn’t responding well. I believe I might need to review the configuration settings again, but I’m not sure how to access them after this recent change.",Software Configuration
Can you explain how to set up email notifications in our project planning software? I can’t find where to manage the alert settings in the options.,Software Configuration
"There are strange audio artifacts during video calls, and I’ve already updated the audio drivers and checked the settings. There must be some deeper configurations or interference; I need help to pinpoint the cause.",Advanced Troubleshooting
"Despite following the online setup guide, the application keeps failing to authenticate. Do you have suggestions for debugging this issue, especially on the server side?",Advanced Troubleshooting
My laptop keeps shutting down unexpectedly. I suspect there might be an issue with the battery or the connection to the motherboard. Could someone guide me on how to check?,Hardware Inspection
There’s a recurring bug in our software that I think is tied to the database. I’ve looked at the logs and there are several error messages that pop up. Could you guide me through a more technical diagnostic process?,Advanced Troubleshooting
I'm getting blue screen errors frequently and I'm worried it could be a sign of failing hardware. Can you run some tests to check the memory and hard drive?,Hardware Inspection
"I tried troubleshooting the network issues by pinging the server and checking the firewall settings, but I still can't access the internet. Can you walk me through any additional diagnostics I should perform?",Advanced Troubleshooting
"I installed a new plugin for my graphics software, but the settings are all wrong. How can I restore my previous configurations? I need to see the changes they made and switch back.",Software Configuration
I'm getting an error message when I try to open files on my external hard drive. Should I check the connections first?,Basic Troubleshooting
"I'm having significant performance issues with my laptop. I've run a virus scan and updated all my drivers, but it still feels slow. Could you assist in identifying any hidden problems?",Advanced Troubleshooting
I just installed a new update but now my software doesn't recognize my previous configuration. What should I do to restore it?,Software Configuration
"There's a recurring issue with my software that causes it to freeze unexpectedly. I've looked through the user manuals and forums, but I think we should perform a comprehensive review of system logs and event viewer for clues.",Advanced Troubleshooting
"My screen has started flickering, and I'm worried it might be a connection problem. Can you help me understand how I can check the cables to see if they're secure?",Hardware Inspection
"I don’t understand how to set up the software on my new laptop. I followed the instructions in the manual, but it seems like I missed a crucial step. Can you help?",User Education
"I’m trying to set up a new user profile in my design software, but I can’t find the configuration options in the menu. It’s driving me crazy!",Software Configuration
I’m having trouble connecting my printer to the Wi-Fi network. What do I need to do to set it up correctly? I need to print something urgent.,User Education
"Whenever I send emails, the recipients say they never receive them. What troubleshooting steps should I take to figure this out?",User Education
Can you guide me on how to check if my network settings are correct? I think the problem might be with my IP configuration since my device can't access the internet.,Network Diagnostic
"I'm facing issues with remote desktop connectivity. Even after changing the settings as advised, it still times out. I want to explore the network configurations and possibly the settings on the host machine for deeper analysis to resolve this effectively.",Advanced Troubleshooting
"I tried restarting my computer, but it still won't connect to the Wi-Fi. Can you help me with that?",Basic Troubleshooting
"My virtual machine is not starting up properly after the last update. I've reconfigured the settings, but I'm looking for more advanced solutions to diagnose the start-up issues. Any advice?",Advanced Troubleshooting
My application isn't connecting to the database anymore after the last update. What settings should I check to make sure everything is configured correctly?,Software Configuration
"I just moved to a new house and set up my internet, but I can't seem to get a solid connection. What should I do to check if the issue is with the installation?",Network Diagnostic
My VPN seems to be dropping connections intermittently. Could this be related to my router settings or something else? I’d like to troubleshoot it together.,Network Diagnostic
"I'm having issues with my router and I've tried resetting it, but it still won't connect to the internet. Can you walk me through some advanced configurations to check?",Advanced Troubleshooting
My computer says it's connected to the Wi-Fi but I can't reach any external sites. I've tried troubleshooting but nothing works. Any suggestions?,Network Diagnostic
I think my phone battery dies too quickly. Let’s first look at the apps running in the background and the battery settings.,Basic Troubleshooting
I’m having trouble with the UI changes after the last patch. It seems like the configuration settings are off. Can you help me reset them?,Software Configuration
"My smartphone connects to Wi-Fi, but I'm unable to access the internet. I have already forgotten and re-added the network, but that didn't help. What else can I try?",Network Diagnostic
I think my computer isn't turning on because there might be an issue with the internal components. Can you help me verify that?,Hardware Inspection
Can you walk me through how to find out if the problem is with my home Wi-Fi or if the ISP is having issues? I need to know how to pinpoint the source of the problem.,Network Diagnostic
I'm having issues with my printer not connecting to my laptop. Can you check if the cables are securely plugged in?,Hardware Inspection
"So, I was told that I have to adjust the permissions for the application to run without issues. What's the best way to check and change those settings?",Software Configuration
I’m having trouble syncing my files across devices. Can you provide a detailed explanation on how to enable cloud synchronization?,User Education
My gaming console keeps losing the connection while I play online. Could you help me identify if it’s a network issue or a problem with the console?,Network Diagnostic
I suspect that someone's using my Wi-Fi without permission and it’s affecting my connection speed. What steps can I take to diagnose and solve this issue?,Network Diagnostic
Can you walk me through how to reset my password for the online portal? I'm not very tech-savvy and could use some detailed steps.,User Education
How do I change the preferences for the new software update? It’s causing my program to crash. I just want to set it back to what it was before. Can you help?,Software Configuration
"I've tried resetting my router and checking all the cables, but the internet connection keeps dropping intermittently.",Advanced Troubleshooting
"I am not able to connect to the Wi-Fi. I turned my router off and on, and made sure I'm entering the correct password. What should I try next?",Basic Troubleshooting
"My email client is acting weird, sending duplicates of the same email. I’ve already tried restarting it and clearing the cache. What else can I do to resolve this?",User Education
My desktop won't power on. I suspect it might be a power supply issue. Can anyone verify that?,Hardware Inspection
My internet has been really slow lately. Are there any particular settings I should look at or reset to improve the speed? I read something about changing DNS settings. Is that worth trying?,User Education
"The signal strength in my basement is really weak, and I can't stream anything down there. I've checked with my provider, but they said everything looks fine on their end. What steps can I take?",Network Diagnostic
"The screen on my laptop is flickering. Maybe it’s a cable issue, could you check if the monitor connection is secure?",Basic Troubleshooting
"My headset isn't recognized by my laptop anymore, even though it works fine with my phone. I’ve tried different ports but still no luck. What do you suggest?",Basic Troubleshooting
"Users are experiencing latency issues with our application, and I've already looked at the server status. What network analyses can we conduct to dive deeper into this problem?",Advanced Troubleshooting
My application doesn't seem to connect to the server anymore since the last update. I think there might be a configuration error but not sure where to look. Any advice?,Software Configuration
"My printer keeps showing an error code 0x00007e. I've reinstalled the drivers, but nothing changes. Can you assist me with deeper troubleshooting options?",Advanced Troubleshooting
The external hard drive isn't recognized by my computer; how can I check if there’s a problem with the drive itself?,Hardware Inspection
"I can't seem to print anything from my computer. I've checked the printer cables, made sure it's turned on, and even tried reinstalling the printer software. Any suggestions?",Basic Troubleshooting
I keep getting error code 404 when trying to open a webpage. Can someone help me figure out if it's a problem with my browser settings?,Basic Troubleshooting
"I’m struggling to understand how to enable two-factor authentication on my account. If you could share the specific steps, that would be super helpful!",User Education
I'm trying to access a file on my cloud storage but I keep getting an error message. I've logged out and back in again already. Should I check the local app settings?,Basic Troubleshooting
Can you walk me through the process of configuring the software settings to allow multiple users? I need to make sure everyone can access their accounts simultaneously.,Software Configuration
"Is there a way to determine if my ISP is having an issue? My connection seems inconsistent, but I can't tell if it's my setup or something else.",Network Diagnostic
Can you explain how I can reset my password on the website?,User Education
"Every time I try to upload a file, it fails. Can you walk me through the requirements for file formats and sizes?",User Education
"My internet speed has dropped significantly. I’ve checked the modem and router, but it didn't resolve the issue. Is there anything else I can try?",Basic Troubleshooting
"After changing some parameters in the configuration file, the software isn’t launching anymore. What troubleshooting steps should I follow to revert the changes?",Software Configuration
I’ve been hearing a lot about security patches. Do I need to do anything specific on my end to ensure my system is up to date? Is there a way to check if I'm missing any updates?,User Education
"When I open the software, it prompts me to enter a license key. Where can I find this information? Do I need to buy it again?",User Education
My device won’t sync with my laptop. What steps should I take to troubleshoot this issue and ensure they’re connected properly?,User Education
I'm trying to understand how to securely share files with my team. What methods do you recommend for ensuring both security and accessibility?,User Education
"The team has started using a new software tool, but we’re having trouble syncing our devices. Can you guide me through the process of configuring it properly for multi-device use?",Software Configuration
"I noticed my streaming keeps buffering, can you check if there are any outages in my area or if my network settings are correct?",Network Diagnostic
"I noticed my ping times are higher than usual when gaming. I've switched to a wired connection, but the latency spike persists. Any suggestions on what to check next?",Network Diagnostic
I can’t get my monitor to display anything; it’s totally black. I’ve tried switching cables but want to verify if it could be the GPU. How do I confirm this?,Hardware Inspection
"Can you help me? I can't connect to WiFi, I've checked my router and I reset my network settings but still no success. What else can I do?",Basic Troubleshooting
"My laptop's battery drains super quickly, could it be due to an issue with the battery itself or the connection to the motherboard?",Hardware Inspection
"My laptop has been experiencing frequent blue screen crashes after I installed a new software update. I have already attempted system restore and the standard safe mode boot, but I think I might need to analyze the crash logs to pinpoint the specific driver that is causing this. It's beyond simple fixes now.",Advanced Troubleshooting
"I'm trying to adjust the settings for my application, but I can't seem to find the right options in the menu. Is there a guide or something that can help me locate the configuration area?",Software Configuration
"I'm trying to connect to the Wi-Fi, but it keeps asking for a password. I thought I entered it correctly, but I guess I need to verify what the actual password is again. Can someone help?",User Education
I'm having issues with my laptop freezing. I've run a virus scan and cleared some storage. What should I try next?,Basic Troubleshooting
"I can't seem to access certain features in my software. I've verified my account settings, but I'd like assistance with backend settings that might be contributing to access restrictions.",Advanced Troubleshooting
"There's persistent latency in our database queries, and I've optimized the indexes. What more can I do to perform a thorough analysis of the performance bottleneck?",Advanced Troubleshooting
My laptop sometimes fails to recognize the external monitor despite having checked the cables and connections. I wonder if there are hidden settings somewhere that might be causing this recognition failure. Any guidance on how to troubleshoot this would be appreciated.,Advanced Troubleshooting
I’m not sure how to set up my email account on my new phone. Can you explain the configuration process to me? Maybe we can do it step-by-step?,User Education
"Can you guide me through the process of resetting my password? I seem to have forgotten it, and I'm not sure how to do it myself.",User Education
Could you provide guidance on how to properly set up the firewall rules so that my application can communicate with the server? I've tried a few different things but it still won’t connect as expected.,Software Configuration
"The app keeps crashing every time I open it. I deleted and reinstalled it, but the problem persists. Can you advise me?",Basic Troubleshooting
I accidentally deleted some important files. Can you teach me how to use the file recovery tool to retrieve them?,User Education
"I can't access certain websites on my browser, and I've already cleared the cache and cookies. What are some advanced network settings I could check to troubleshoot this further?",Advanced Troubleshooting
My smartphone battery drains too quickly. I would like to know how to optimize my settings to extend battery life. Can you provide the steps for that?,User Education
My computer keeps losing connection to the Wi-Fi intermittently. Could there be an issue with the network settings or is it my device?,Network Diagnostic
"I've tried rebooting my router and resetting my modem, but the connection still drops intermittently. Can you guide me through more complex network diagnostics step by step?",Advanced Troubleshooting
"My coworker’s PC is unable to connect to our VPN, and I suspect network settings might be the culprit. What should I look into?",Network Diagnostic
"After updating my software, my computer sounds quieter than before. I’ve checked the audio settings and made sure the volume is up, but nothing seems to work. What can I do to fix this?",Basic Troubleshooting
I hear a strange clicking noise from my hard drive. What parts should I focus on inspecting to see if it needs replacing?,Hardware Inspection
"My laptop is overheating and the fan is running loud. I removed dust from the vents, but it’s still hot. What other solutions can I attempt?",Basic Troubleshooting
I noticed that my laptop gets really hot when I use it for more than an hour. Should I check the fans or perhaps the thermal paste needs replacing?,Hardware Inspection
I've been experiencing frequent crashes with my computer lately. Could you guide me on checking if any components might be failing?,Hardware Inspection
"I’m unable to install the latest update for my software. I made sure my internet is working fine, but it still fails. Any ideas?",Basic Troubleshooting
"After updating the system, many of my applications are crashing. Could you guide me on how to adjust the settings for optimal performance?",Software Configuration
I’m not sure if my network is set up correctly. How do I go about checking the connectivity of all my devices? Especially the smart TV and the printer?,Network Diagnostic
I’ve been getting unusual error messages when I try to run my application. Can you provide guidance on how to interpret these messages and what I can do next?,User Education
I'm not getting any notifications on my phone despite them being enabled. I've tried rebooting my phone and checking the app settings. What else should I look into?,Basic Troubleshooting
"I've been trying to connect my VPN for hours, and it's still showing a 'connection failed' error. I've checked my credentials and the server settings a dozen times, but I think it might be an issue with the firewall settings blocking the connection. Can you help me figure out how to adjust that?",Advanced Troubleshooting
"The database seems to regularly hit deadlocks, which is causing slow performance for users. I need to run some advanced queries to analyze transaction logs and adjust locking mechanisms. Can you suggest a good way to visualize the deadlock graphs for better understanding?",Advanced Troubleshooting
"The email client is crashing unexpectedly, and I suspect it's related to a plugin conflict. Can we explore the system logs to see what could be causing this issue?",Advanced Troubleshooting
"I can't seem to print anything from my computer. I made sure the printer is plugged in and connected to WiFi, but every print job seems to get stuck. Any suggestions?",Basic Troubleshooting
I’ve noticed my PC is making a weird noise and it seems to be coming from inside. Should I open it up and check the fans and hard drive?,Hardware Inspection
Can you guide me through checking the connections of the hard drive? I suspect there might be a loose cable causing the issues I've been having.,Hardware Inspection
"I’m trying to connect my laptop to the office Wi-Fi, but it keeps dropping. What can I do to fix this?",Network Diagnostic
I’m new to this software and I’m having difficulties with some of the settings. Can I get a step-by-step guide on how to configure the key features?,Software Configuration
"I'm experiencing severe lag spikes when gaming, and I've checked my CPU and RAM usage. Can you recommend how to analyze my network packet loss further and possibly adjust some advanced router settings?",Advanced Troubleshooting
"Would checking the cables help if my monitor is displaying a blank screen? I've wiggled them, but could there be something else?",Basic Troubleshooting
I can't find the settings for my email on this new device. Is there a way to reset the setup so I can start fresh?,Basic Troubleshooting
I was told that enabling two-factor authentication adds another layer of security. Could you provide detailed instructions on how to enable it?,User Education
Could you guide me in resetting my application preferences? I accidentally changed some settings and I can't seem to find the way back to the original configuration.,Software Configuration
Can you help me understand how to back up my files to the cloud? I want to make sure my data is safe but I'm not sure where to start.,User Education
"There's a recurring error code appearing in our application logs. I've checked the database connections, but what other in-depth checks can be performed to resolve this?",Advanced Troubleshooting
I noticed that the internet drops frequently in my office. Is there a way to check if there are any outages in the area or if it’s a local setup problem?,Network Diagnostic
"Can you help me understand how to create a backup of my files? I want to make sure I don’t lose anything important, so clear instructions would be great!",User Education
I'm facing consistent packet loss while gaming online. Are there any tests I can run to diagnose whether it's my network or something else?,Network Diagnostic
"The internet was working fine until this morning, but now it keeps dropping. Can you guide me through some checks I can do to determine if it's a signal problem?",Network Diagnostic
"The database connection seems to be failing intermittently, even after ensuring the correct credentials. I think I might need to delve into some server configurations or logs to find out what's amiss.",Advanced Troubleshooting
"Hey, I changed some preferences in the app yesterday, but now it's acting weird. Could you walk me through restoring or resetting the configuration to fix it?",Software Configuration
My program is producing errors when I try to save my work. It feels like something's off with the configuration. Can I reset the settings?,Software Configuration
"Could you advise on how to troubleshoot my router? It’s acting up, and I’m considering checking the internal hardware connections first.",Hardware Inspection
I'm having issues connecting my printer to the network. I've restarted the printer and the router but it still doesn't show up. What should I do?,Basic Troubleshooting
"The application keeps crashing every time I try to save my work. I've done the basic troubleshooting like restarting my computer and reinstalling the app, but nothing seems to work. I suspect it might be a compatibility issue with my operating system, so any insights you have on how to analyze the logs would be appreciated.",Advanced Troubleshooting
"Can you help me with my phone? It keeps freezing whenever I open an app. I've tried uninstalling a few, but it didn’t help.",Basic Troubleshooting
"My laptop has been shutting down unexpectedly, and I'm not sure if it's a hardware issue or software. Is there a way to examine the internal components?",Hardware Inspection
"I suspect that my email client is not syncing properly due to some corrupted files. I've rebuilt the profile and cleared the cache, but I'm still facing the same sync issues. Could you advise on more complex recovery options?",Advanced Troubleshooting
"I recently changed my network settings, and now I can’t access certain apps. I think I need to reconfigure my proxy settings, but I’m not sure how to do that effectively.",Software Configuration
"There's an issue with the API integration since the last update, it seems like a configuration setting needs to be adjusted. What are the steps?",Software Configuration
"I've been getting an error message on my app asking me to update. I tried doing that through the app store, but it won’t let me install the latest version. What should I do?",Basic Troubleshooting
I'm having trouble figuring out how to connect my laptop to the Wi-Fi. Could you walk me through the steps? I can see the network but don’t know how to connect to it.,User Education
"My VPN is constantly disconnecting, and I’m not sure if it's my internet or the configuration. I’ve checked my firewall settings, can you suggest what else I might need to adjust?",Network Diagnostic
"My Wi-Fi suddenly dropped, and I can't seem to get it back up. Can you guide me through some steps to see if it’s a problem with my connection?",Network Diagnostic
"I'm dealing with multiple user accounts showing similar problems, and the usual fixes aren't working. Can we look into any advanced configuration settings that might be causing conflicts?",Advanced Troubleshooting
I hear a strange noise coming from my hard drive. Can we inspect it for any physical damage or signs of wear?,Hardware Inspection
I've read that clearing the cache can help with app performance on smartphones. Can you explain how to do this step by step?,User Education
There’s an error message on my database server that I can’t seem to resolve through the usual methods. It started after a recent installation. I might have to debug the entire setup to figure out what went wrong. Any tips?,Advanced Troubleshooting
"After installing the new software update, my laptop is experiencing significant lag, particularly when running multiple applications. I've tried rolling back the update, but it hasn't helped. I'm looking for deeper diagnostics to identify any underlying issues.",Advanced Troubleshooting
"What can I do if my printer isn't responding? I’ve checked the cables, but I’m not even sure how to run a troubleshooting on my computer. Can you help me out with that?",User Education
How do I enable two-factor authentication? I heard it’s important for security but can't find where to set it up in my account settings.,User Education
"I want to uninstall some applications from my computer, but I'm unsure how to do that. Can you walk me through the correct steps to ensure everything is removed properly?",User Education
"Last time I forgot the password to my email, and it was a hassle to reset it. Can you give me a rundown on how to create a secure password and tips to remember it?",User Education
I'm having issues with my email not syncing on my phone. Can we start by checking the network connection and the email settings?,Basic Troubleshooting
My screen goes black sometimes when I'm playing games. I already adjusted the resolution and updated my graphics drivers. What else can I check?,Basic Troubleshooting
"My graphics card is causing rendering issues in multiple games. I've updated drivers and checked for overheating, but I think I need to run a few more tests to rule out hardware malfunctions.",Advanced Troubleshooting
"Can you help me with my printer? It jams often, and I suspect there might be an issue with the rollers or any internal mechanisms.",Hardware Inspection
I suspect there might be a problem with my DNS settings because certain websites aren't loading. Can you walk me through checking and changing those settings?,Network Diagnostic
I need some help with my printer. It's showing as offline and I have no idea how to fix it. Are there troubleshooting steps I can follow?,User Education
"Every time I attempt to print, the printer displays a 'toner empty' message despite just replacing the cartridge. I've gone through all basic troubleshooting; should I check the lever or perhaps the chip contact?",Advanced Troubleshooting
"I tried restarting my router, but the Wi-Fi is still down. Should I look at the physical connections or maybe the modem itself? What’s your advice?",Hardware Inspection
"To optimize my computer's performance, what are some basic maintenance tasks I should regularly do? I want to ensure it runs smoothly and efficiently.",User Education
The screen on my monitor is flickering. I changed the cable connecting to my computer but it’s still happening. Could it be a settings issue?,Basic Troubleshooting
"I’m trying to set up a custom workflow in the software, but I can't seem to figure out how to properly configure the parameters. Can you provide some detailed steps? It keeps defaulting to the old settings after I try to apply the new ones.",Software Configuration
"After I updated my software, the layout has changed drastically. What's the best way to revert back to the original configuration?",Software Configuration
"The website is running incredibly slow, and I suspect it may be due to database performance issues rather than general server overload. I've checked the server logs and they don't show any spikes, so I'd like to run some queries to analyze the database performance metrics more closely.",Advanced Troubleshooting
I have an older graphics card that doesn’t seem to work with new games. Should I troubleshoot by checking the physical slot it's in?,Hardware Inspection
"I've noticed that my desktop is running really slow. I've cleared my browser cache and closed some applications, but it's still lagging. What are the next steps I should take to troubleshoot this?",Basic Troubleshooting
"Every time I try to connect, I get a message saying there’s no internet access. Can you help me run some tests to see if it’s a local problem?",Network Diagnostic
I've noticed my software application crashes unexpectedly. Can you guide me through enabling verbose logging and collecting crash dump files for further diagnosis? I want to ensure we capture all details for the developer.,Advanced Troubleshooting
"The program keeps crashing on my PC. I’ve uninstalled and reinstalled it, and also checked for updates, but it still fails. What else can I do?",Basic Troubleshooting
"The printer isn't responding. I've checked the cables and tried turning it off and on again, but nothing works!",Basic Troubleshooting
"I've already gone through the standard troubleshooting guide, but the application keeps crashing unexpectedly. I’ve installed all updates and cleared the cache. Should I look into the event viewer logs for any specific errors?",Advanced Troubleshooting
"It seems like I have a software conflict, but the usual troubleshooting hasn’t worked. What advanced methods can I use to trace the source of the problem more effectively?",Advanced Troubleshooting
"After my power outage, my network seems unstable. I suspect it could be an IP conflict. Can you tell me the steps to check for that?",Network Diagnostic
"My phone keeps crashing whenever I try to open the camera. I've restarted it a couple of times, but the issue persists. What should I do?",Basic Troubleshooting
The software keeps crashing when I try to open it. I've reinstalled it but the issue persists. Can you help me troubleshoot this? Maybe I need to check for updates or compatibility?,Basic Troubleshooting
"I’ve heard about using two-factor authentication for security, but I’m not sure how to set it up on my accounts. Could you explain the steps involved?",User Education
My database connection isn't working anymore since the last release. I believe the configuration files have been altered or corrupted. What steps should I take to diagnose this?,Software Configuration
"I tried resetting my router multiple times and checked for any firmware updates, but the connection still drops intermittently. What's next?",Advanced Troubleshooting
"My application is crashing with a specific error code that doesn't match any known issues. I've checked the logs and ran some preliminary tests, but nothing seems to work. What would be the next steps?",Advanced Troubleshooting
Can you guide me on how to access the router settings? I think there might be a configuration problem that's affecting my connection.,Network Diagnostic
"I'm unable to log into my email, I've cleared my cache but that didn't work. What else can I do?",Basic Troubleshooting
"After booting up, my printer doesn't respond at all. Could it be a connection issue?",Hardware Inspection
"My internet keeps dropping randomly and I can't access any websites. I've restarted my router multiple times, but it doesn't seem to help. Can you assist me in figuring out what's wrong?",Network Diagnostic
"Having issues with my Wi-Fi, the connection drops frequently, could you run some checks on the network?",Network Diagnostic
I think my laptop is overheating. Can you check if the fan is working properly?,Hardware Inspection
I'm having trouble adjusting the settings in my application; can you guide me through the process?,Software Configuration
"I've tried restarting my router multiple times, but my internet connection remains spotty and inconsistent. Can you help me check the firmware version and see if there are any updates needed?",Advanced Troubleshooting
"I've replaced my computer's RAM recently, but now I see blue screen errors. I need to figure out if there's a problem with the new sticks or the slots. What would be the best approach?",Hardware Inspection
I noticed that my Wi-Fi signal is weak in certain rooms. Do you think it's an interference issue or possibly a problem with the router's placement? Can we analyze that?,Network Diagnostic
My phone battery drains super fast. I have already checked the settings for background apps and turned off unused features. What are some other fixes for this?,Basic Troubleshooting
I think I messed up the configuration settings on my router. Could you provide a guide on how to access the admin panel and reset it back to factory settings?,User Education
"The server is acting up, and I'm not sure if it’s a software issue or something physical with the RAM sticks. How do I go about checking that?",Hardware Inspection
I'm having trouble integrating the new software with our existing database. Can you provide steps on how to adjust the configuration to allow for proper communication between both?,Software Configuration
My desktop has been making strange noises. I think it might be the hard drive or the fans making the sound. What are some steps I can take to figure out if there's a malfunction?,Hardware Inspection
"I tried updating the settings in the application, but it keeps reverting to the old configuration, can you help me figure this out?",Software Configuration
"The webpages are loading super slowly, and I'm not sure if it's my connection or the website itself. Can you suggest how I might check if the network is the problem?",Network Diagnostic
"My external hard drive isn't recognized by my computer. I tried different ports, but no luck. Should I check the casing or the connections inside to see if anything's loose?",Hardware Inspection
My database software isn’t syncing correctly. I think I might have missed some configuration steps. Can someone point me in the right direction?,Software Configuration
"Could you please help me with my Wi-Fi connection? It keeps dropping and I don’t know how to fix it. I restarts and it helps for a short while, but then it disconnects again.",Basic Troubleshooting
"The sound on my laptop has suddenly stopped working, and I want to see if it's a hardware issue. Can you guide me through some checks?",Hardware Inspection
"The system is generating random error messages that I've never seen before, and I can't seem to replicate the issue. Should I dive into the event logs for more details or is there a different diagnostic tool I should use?",Advanced Troubleshooting
"I've tried resetting my router several times, but my internet is still unstable. Can you assist me with deeper firmware diagnostics and possibly setting up a static IP?",Advanced Troubleshooting
"After resetting my router, I'm still having connectivity issues. What diagnostic steps can I take to determine the root cause?",Network Diagnostic
"My laptop's keyboard isn't responding properly. I was wondering if cleaning it could help, but I’m not sure how to do that without damaging it.",Basic Troubleshooting
"My printer is not responding, and I've tried different USB ports, cables, and even reinstalling the drivers. I'm wondering if this could be a deeper hardware malfunction. What else should I check?",Advanced Troubleshooting
I'm trying to figure out why my external hard drive keeps disconnecting. Could it be a loose connection or something going wrong inside the enclosure?,Hardware Inspection
"I can't figure out why my phone won't charge. I've tried a different cable and wall socket, but it still stays at 0%. Any tips?",Basic Troubleshooting
"The sound on my computer is not working. I went into the settings to check if the speakers are enabled, but it’s still silent. What can I do?",Basic Troubleshooting
"Our VOIP phones aren’t connecting properly, and I’m wondering if there’s a routing issue. Would it help to inspect the network logs or check the QoS settings?",Network Diagnostic
"When I try to log into my account, it says my password is incorrect. I've reset it several times and still can't get in. What should I check?",Basic Troubleshooting
"I’m having trouble with my VPN connection dropping frequently. I’ve confirmed that my network settings are correct and even changed the protocol, but I think I might need to look into more advanced settings or configurations. What should I check next?",Advanced Troubleshooting
I want to learn how to set up my home network properly. What's the best way to do this without causing conflicts between devices?,User Education
I’m unsure about how to connect my printer to the network. Is there a step-by-step guide available?,User Education
"I need assistance with adjusting the preferences in my software. It seems some default options were set incorrectly during installation, and I can't change them.",Software Configuration
I think there might be some configuration issues with my router since I can’t reach certain websites. What steps can I take to check if my network settings are okay?,Network Diagnostic
"I have a desktop that keeps giving me a blue screen of death, and I suspect it could be due to a failing hard drive. Can you help me understand how to ascertain if that's the case?",Hardware Inspection
Can you help me check if my internet connection is working? I can't seem to access any websites right now.,Network Diagnostic
"I’m experiencing slow upload speeds lately, and I’m not sure why. Could you help me do some diagnostics on my network to pinpoint the issue?",Network Diagnostic
"I was trying to make a backup of my files, but I didn’t see the option on my settings page. Can you guide me through the steps?",User Education
"Unfortunately, the power supply unit doesn't seem to be functioning properly after I moved my setup. How should I go about checking it to rule out any faults?",Hardware Inspection
"My system keeps crashing when I try to run this specific software, and I've already updated all drivers. Can you help me figure out if it's a compatibility issue or something deeper?",Advanced Troubleshooting
"I'm trying to customize the dashboard settings in the software, but the changes don't seem to apply. What steps should I follow to ensure the updates are saved?",Software Configuration
"I need to adjust the default settings for my new printer driver. It's not printing as expected, and I think it might be due to the setup options I selected initially. How can I change that?",Software Configuration
I’ve noticed that my internet is really slow. What should I check first to troubleshoot this issue? Maybe resetting the router?,Basic Troubleshooting
Can you guide me through the steps to reset my password? I keep getting an error when I try to log in.,User Education
I’m having trouble connecting my printer to the WiFi. I’ve tried a few things but nothing seems to work. What are the exact steps to follow?,User Education
"No matter what I do, I can't seem to establish a proper connection to our local server, even after changing the IP address and subnet. It might be time to check if there's a broader network issue at play.",Advanced Troubleshooting
"My computer keeps shutting down randomly. Can you check the physical connections, like the power supply or any loose components?",Hardware Inspection
"I'm having trouble connecting to the internet. I've reset my router and checked the cables, but still no luck.",Network Diagnostic
My software keeps crashing when I try to save my work. Can you confirm if it’s the latest version or if there are any compatibility issues?,Basic Troubleshooting
"The application keeps freezing, and I've noticed it happens when I have too many tabs open. Is there a fix for this, or should I close some tabs before opening it?",Basic Troubleshooting
"When I plugged in a new monitor, it displays nothing. Could the issue be with the GPU seating or the cable connections?",Hardware Inspection
"I’ve reset my modem multiple times, but the signal still feels weak. How do I determine if there’s a line issue?",Network Diagnostic
"Since the software update, I noticed some features are disabled. I suspect it might have something to do with the configuration settings. What checks should I perform to get them working again?",Software Configuration
My printer keeps jamming every time I try to print. Can you tell me how to look inside and fix that? I suspect there's something stuck in there.,Hardware Inspection
"After changing the API keys in the configuration file, my application won’t connect to the server anymore. Did I miss a step in the process?",Software Configuration
"After running diagnostics on my PC, it appears the RAM is detecting incorrectly. Can you guide me through reseating it properly to see if that resolves the issue?",Advanced Troubleshooting
Why is my smartphone battery draining so fast after the new update? Could it help to close unused apps or check the battery settings?,Basic Troubleshooting
"I can't seem to find the option to enable dark mode in my app. Is there a specific way to do it, or should I be looking in a certain settings menu?",User Education
"After updating the application, I noticed that some features are not working as expected. How can I change the settings to fix this?",Software Configuration
Can you show me how to reset my password? I forgot it and I'm not sure what steps to take to recover my account.,User Education
I've noticed my streaming service keeps buffering. Can you help me find out if it's a problem with my router or something else? My other devices seem to be fine.,Network Diagnostic
"After the latest update, my program doesn't seem to hold the changes I make. What steps do I need to take to ensure the configuration saves correctly?",Software Configuration
"Every time I reboot my modem, it takes forever to reconnect to the internet. What should I look into to speed up this process?",Network Diagnostic
"The monitor suddenly went blank while I was working, and I think it might be an issue with the power supply. Could you help me figure that out?",Hardware Inspection
"I recently bought a new printer, but I'm unsure how to set it up on my network. Could you guide me through the installation steps?",User Education
"I'm experiencing slow internet speeds. I’ve already tested multiple devices, and I suspect it may be a configuration problem on the router. Can you assist with that?",Network Diagnostic
The graphics card is underperforming even after driver updates and configuration adjustments. What advanced troubleshooting steps can I take to pinpoint the underlying problem?,Advanced Troubleshooting
"My printer isn't responding, and I've already gone through the usual steps like checking the paper and ink levels. I've also reset the printer and the connection to the network but still no luck. I think it might require diving deeper into the network settings and seeing if there's a conflict with my router.",Advanced Troubleshooting
The server has been making strange noises. I suspect it might be a hardware failure. Could you guide me on how to check the internal drives?,Hardware Inspection
I'm trying to optimize the database connection settings for better performance. Can you provide steps to adjust the parameters for the best results?,Software Configuration
"After performing a factory reset, my device is still not responding correctly to commands. I need to explore log files or something to see if there's an underlying hardware failure. Can you guide me through that?",Advanced Troubleshooting
"Lately, my phone has been draining battery way quicker than usual. I've disabled unnecessary apps and checked battery stats, but I'm still losing power fast. I need advice on deeper diagnostics or potential hardware issues.",Advanced Troubleshooting
"My computer crashes every time I try to run a certain software. I've updated the drivers and checked for system updates, but it keeps failing. What else can I do?",Advanced Troubleshooting
How do I check if my antivirus is up to date? I’m not sure where to find that information on my device.,User Education
"I've noticed that my monitor flickers sometimes, so I am planning to inspect the cables and connections. What else should I consider while checking it out?",Hardware Inspection
"Could you help me figure out if the issue is with my home network or the service provider? My mobile data works fine, but Wi-Fi is acting up.",Network Diagnostic
"My computer is really slow, and I think I need to optimize it. Can you guide me on the best practices to speed it up? I would appreciate some actionable tips on what I could do.",User Education
How do I set up my email on my new phone? I can't seem to find the settings for it in the app.,User Education
I can't find the option to reset my printer settings. Is there a step-by-step guide available? It would really help me understand better.,User Education
"So my phone's battery seems to drain super fast, even after I switched it off overnight. Is there anything I can check?",Basic Troubleshooting
I’m having trouble syncing my calendar with my phone. What are the exact steps I should take to fix this?,User Education
The display on my monitor is flickering a lot. Can you check the cable connections or try a different monitor to see if the issue persists?,Basic Troubleshooting
"My printer won't print, and I can't figure out why. I've tried restarting it but nothing changed. Maybe the cable is loose?",Basic Troubleshooting
I’m getting blue screens but only when I run certain programs. Could it be a problem with the RAM or should I check the internal connections?,Hardware Inspection
I noticed my laptop has been overheating lately. Could this be due to dust buildup inside? I'm not really sure how to check it without voiding my warranty.,Hardware Inspection
The gaming console is making strange noises during gameplay. I would like to check if the cooling fan is working properly. What steps should I follow?,Hardware Inspection
"My monitor is flickering intermittently, do you think it might be a cable issue, or should I look inside?",Hardware Inspection
"Hi, I need help understanding how to set up the VPN on my device. Is there a guide available for this?",User Education
"What’s the best way to optimize the performance of my video editing software? It’s been lagging a lot, and understanding the settings would really help me.",User Education
The sound on my TV stopped working after I switched the inputs. I checked the volume and tried a different channel. How can I troubleshoot this?,Basic Troubleshooting
"Could you give me a rundown on how to clear the cache on my browser? I’ve heard it helps with loading issues, but I need a simple guide to follow.",User Education
I'm not sure how to clear my browser's cache. Can you explain the process for Google Chrome?,User Education
"After installing the new software, my system crashes frequently. I've gone through the event logs, but I’m not clear on how to interpret the kernel panic messages. What steps should I take to resolve this?",Advanced Troubleshooting
"Since I changed my operating system, the software isn’t behaving as expected. Do I need to reconfigure some settings to make it compatible with my new setup?",Software Configuration
"I was able to connect my printer initially, but now it's not recognized by my computer at all. I've updated the firmware and tried multiple USB ports. Could this be a driver conflict or is there something else I should investigate?",Advanced Troubleshooting
My printer keeps jamming. Have you looked at the paper feed mechanism? It might need a good clean.,Hardware Inspection
"Just got my new printer, but it’s not responding when I try to print. Maybe something's wrong with the USB port? Can we take a closer look?",Hardware Inspection
"After installing the new plugin, my application crashed. I suspect there might be a conflict with the current configuration. Any suggestions?",Software Configuration
"After my system update, my display driver stopped working properly. I need assistance extracting the correct driver from the manufacturer’s site and removing the corrupted ones efficiently. I've already attempted safe mode.",Advanced Troubleshooting
I'm not really sure how to set up my email on your app. Is there a guide or step-by-step instructions that I can follow to make sure I get it right?,User Education
"After updating the operating system, my application crashes on startup. I've cleared the cache and reinstalled the app, but it still fails to run. I’m considering using a debugger to see if I can identify any underlying issues that are not apparent from the surface level.",Advanced Troubleshooting
I keep getting an error message when I try to run the application. Can you help me troubleshoot it by explaining what the common errors mean?,User Education
My desktop is making a weird buzzing noise. What steps should I take to check if there's a problem with the internal components? Please advise.,Hardware Inspection
"I have a printer that keeps showing a 'paper jam' error, but there's no paper stuck inside. I've gone through the manual troubleshooting steps, but nothing works. Could there be a sensor issue or something else that I should check?",Advanced Troubleshooting
"How do I configure my firewall settings to allow your software to function correctly? I find tech stuff a bit confusing, so any detailed guidance would be appreciated!",User Education
There's a pop-up saying I need an update on my software. I've clicked on it but nothing seems to happen. Is there a manual way to check for updates?,Basic Troubleshooting
"I accidentally deleted some of my configuration files for the software I use for reports, and now I can't get it to work properly. What should I do?",Software Configuration
I noticed my computer is slow after the last update. What should I look into or change to help speed it up?,User Education
"Can you guide me on how to set up two-factor authentication for my email? I think it’s important for security, but I’m not sure where to start.",User Education
"I'm trying to install the software, but I keep getting an error code. What does the code mean and how can I fix it?",User Education
"Yesterday my internet was fine, but now it keeps dropping out. I've tried turning the modem off and back on, but that didn’t help. Any tips on what to try next?",Basic Troubleshooting
"My computer keeps freezing. I've tried restarting it multiple times, but the same thing happens. What else can I do?",Basic Troubleshooting
"I noticed that my screen goes black randomly while using my desktop. I checked the power connection, but the issue still happens. Is there something else I can check?",Basic Troubleshooting
"My printer won’t connect despite confirming it's on the same network. After the basics, what advanced network diagnostics can help me resolve this connectivity issue?",Advanced Troubleshooting
Can you help me modify the user permissions in the software? I think the current settings might be too restrictive for our team.,Software Configuration
"I can't connect to the internet on my laptop. I've restarted the router and checked the cables, but nothing seems to work. Can you help me figure this out?",Network Diagnostic
My VPN isn't connecting properly; it keeps timing out. What can I do to see if there's a network issue? Maybe I need to check something with my router.,Network Diagnostic
"I've installed the new version of the software, but some features are behaving oddly. What steps do I need to follow to make sure my settings are correct? I feel like I missed something during the setup process.",Software Configuration
"I’m getting a 'low battery' warning on my smartphone even though I just charged it. I turned off background apps to save power, but it's still draining quickly. What else should I consider?",Basic Troubleshooting
"When I try to access my emails, the page just keeps loading. Is it a good idea to try a different browser or clear some cookies?",Basic Troubleshooting
"I’m trying to use the new software update, but I don’t know how to install it on my system. Can you provide guidance on the installation process?",User Education
"After I updated my modem's firmware, I started experiencing intermittent connectivity issues. I've tried rolling back the update, but no luck so far. What steps do you recommend?",Network Diagnostic
"I've been experiencing intermittent connectivity issues with my VPN. I've checked my network speed, and it seems fine, but I need assistance with deeper configurations and logs to identify the root cause.",Advanced Troubleshooting
Why does my internet slow down when more devices connect? Is there anything I can do to improve my network performance?,Network Diagnostic
The interface for this tool is completely different after the latest patch. What steps should I take to revert or adjust the new layout?,Software Configuration
"After downloading the new software, my computer has been really sluggish. Have you considered uninstalling the update to see if it improves performance?",Basic Troubleshooting
It seems like my computer is not recognizing the network. I’ve tried to reconnect multiple times and reset the adapter but nothing worked. Any suggestions?,Network Diagnostic
"My Bluetooth headset won’t connect with my phone anymore. I have already tried forgetting the device and re-pairing it, but it’s still not working. What should I do next?",Basic Troubleshooting
Our VoIP phones are dropping calls randomly. I was told to look at the router settings or maybe check for any firmware updates. What specific settings should I be checking for?,Network Diagnostic
I noticed that my computer is incredibly slow and I suspect it might be due to overheating. Can you help me look into the cooling system to see if there's an issue?,Hardware Inspection
"My internet connection isn't stable, and I've already reset my router. What other things should I check to make sure everything is working properly?",User Education
"Can you help me figure out how to link this software with my database? The default configurations aren’t working, and I need to customize them ASAP.",Software Configuration
"I'm seeing a significant performance drop, and I've monitored the CPU usage. Before I consider hardware changes, what are some in-depth tests I can run to see if it’s a software bottleneck?",Advanced Troubleshooting
Can you please help me figure out if my network settings are correct? I keep getting a connection timeout error when trying to access the internet.,Network Diagnostic
The speed of our internet service has been really slow lately. Can we run some diagnostics to check if it's an issue with the network itself?,Network Diagnostic
I've got a problem with my application; it appears to crash when I try to use specific functionalities. How do I go about examining the settings related to those features?,Software Configuration
Could you walk me through clearing my browser cache? I suspect that's why my page isn't loading properly. I'm not sure how to do it.,Basic Troubleshooting
"I've replaced the graphics card, and now my system isn't recognizing it. What physical checks should I perform to troubleshoot this issue?",Hardware Inspection
"I'm trying to integrate a new plugin into my existing software, but I can't figure out how to adjust the configuration files correctly. Can someone help?",Software Configuration
"After changing the server settings, my application won’t load. What troubleshooting steps should I take to resolve this issue? I think I might have missed a configuration step.",Software Configuration
My printer isn’t responding. I already checked the cable connections and restarted my computer. What else can I do?,Basic Troubleshooting
I attempted to follow the manual for troubleshooting the printer but it keeps jamming. Are there any more complex solutions you can suggest for this kind of persistent error?,Advanced Troubleshooting
"My printer is showing a persistent error code 0x00000709, and I've uninstalled and reinstalled the drivers without success. What are the next steps to ensure it's not a network issue? I suspect it could be a deeper configuration problem.",Advanced Troubleshooting
"Is there a way to monitor the performance of the software I'm using? I want to check if my settings are optimal, but I don't know how to access that info.",User Education
I just installed a new firewall and now my devices are struggling to connect. What should be the first steps to diagnose connectivity problems stemming from this change?,Network Diagnostic
I received an error message while trying to update my software. Can you help me figure out if I need to free up space or if there’s something else going on?,Basic Troubleshooting
"After updating my operating system, my external hard drive isn't recognized anymore. I tried unplugging and plugging it back in, but that didn’t help. Any tips?",Basic Troubleshooting
Could you explain how to back up my files on Windows 10? I want to make sure I’m doing it correctly and want to learn the best practices for future backups.,User Education
"I’m having issues with my application crashing repeatedly. I uninstalled and reinstalled it, but it still crashes. What other steps can I take?",Basic Troubleshooting
"I've been trying to change the default settings on my application, but I can't seem to find where to do that. Can you help?",Software Configuration
"I’ve set up a new server, but my applications are not connecting to the database. Simply checking the connection strings hasn’t resolved the issue, and I suspect firewall configurations or network routing may need detailed investigation to identify the blockage.",Advanced Troubleshooting
I noticed my network speed is fluctuating. Can you guide me on how to ping the router or check for packet loss?,Network Diagnostic
"The software used to run smoothly, but after some recent changes, it’s acting up. Can you help me reconfigure the settings so everything works again?",Software Configuration
Can you explain the purpose of several features in the new update? I want to maximize its potential but I'm not sure how each feature works.,User Education
I’m facing issues accessing certain websites and I’m not sure if it’s my network or something else affecting it. Can you help me check?,Network Diagnostic
"After the last update, the application is not recognizing certain file types anymore. What configuration changes should I look into to fix this issue?",Software Configuration
"After dropping my smartphone, the screen flickers and I hear unusual sounds. Could we look at the internal parts to see if something got dislodged?",Hardware Inspection
Can you guide me through understanding if the RAM in my gaming rig needs to be reseated? It has been acting weird lately.,Hardware Inspection
"When I try to connect to my office VPN, I get a timeout error. I've checked my internet connection, but I'm not sure what else to do. Any advice?",Network Diagnostic
The SQL database has been performing poorly and I suspect it might be due to improper indexing. Can you help me with analyzing the query performance and suggest any indexing strategies that might optimize it?,Advanced Troubleshooting
"The application is throwing a 'not responding' error intermittently, and I've disabled add-ons as you suggested. What's next? Should I check for memory leaks or is there a more complex issue at play?",Advanced Troubleshooting
I need help understanding why my phone battery drains so quickly. Are there certain apps that I should be aware of?,User Education
Can you help me troubleshoot the login issues? I've made several changes in the user roles but can't seem to figure out what went wrong.,Software Configuration
"The database is returning an error I’ve never seen before despite running through basic queries. I suspect it might be a permissions issue but need a tailored, deeper investigation to confirm.",Advanced Troubleshooting
Can you please help me with the database connection settings? I’m not sure what parameters need to be configured for optimal performance. It’s quite important for our operations.,Software Configuration
"I received an error message about network timeout when trying to access my cloud storage. Before contacting support, how can I verify if the issue lies with my connectivity?",Network Diagnostic
"The software keeps crashing every time I attempt to save my project. I've uninstalled and reinstalled once, but the problem persists. I believe it could be related to memory leaks or conflict with other applications, but I'm not sure how to confirm.",Advanced Troubleshooting
"The printer isn't working as expected. I think it might be a hardware issue, since the error message is about the cartridge. Can you guide me on how to check if it's properly seated?",Hardware Inspection
