text,label
"Subjects should be allowed to withdraw from the study at any time without repercussions, ensuring they fully understand this option when they give their agreement to participate in the trial.",Informed Consent
A key focus of the ethics review was ensuring that vulnerable populations enrolled in the study receive adequate protection from potential risks while enabling unrestricted access to necessary medical interventions.,Ethical Oversight
"When new findings emerged during the study, researchers were prompt in communicating these to participants, allowing them to reassess their involvement based on the latest data.",Informed Consent
"In the context of online surveys, consent forms explicitly stated that personal information would not be disclosed to anyone outside the study team.",Data Privacy
"Researchers planned to submit their protocol for peer review, anticipating questions about their compliance with ethical standards governing human subjects.",Ethical Oversight
"During the study, it was crucial to anonymize the dataset to prevent the identification of participants, prompting a review of existing data handling practices in the institution.",Data Privacy
"In light of recent studies, researchers are advised to consult with an ethics committee regarding participant safety and the integrity of the research process.",Ethical Oversight
"In addition to informed consent, it is required that all research involving human subjects is monitored by an ethics committee to oversee participant protection throughout the research process.",Ethical Oversight
Ethical considerations in this clinical research phase must carefully balance the potential for significant benefits against the risks that could affect patient safety.,Risk-Benefit Analysis
"The team decided that all identifying details be stripped from the data sets prior to analysis, as prior experiences showed that even minimal identifiers could compromise participant anonymity.",Data Privacy
Researchers must ensure that the personal details of the patients involved in the clinical trial remain confidential throughout the process.,Data Privacy
"In evaluating the proposed research, it is essential to discuss how the potential improvement in quality of life measures against the serious threats it poses to some subjects.",Risk-Benefit Analysis
"Researchers conducted an assessment of their trial protocols, ensuring that all ethical considerations were thoroughly examined before initiating the study.",Ethical Oversight
"As part of a commitment to ethical standards, the clinical research team regularly reviews their data storage protocols to minimize risks associated with unauthorized access to participant records. They recognize that ethical conduct in research extends beyond the initial consent process.",Data Privacy
"As the study progressed, ongoing consent continued to be a priority, with regular check-ins to confirm that participants remained fully aware and agreeable to continue their involvement.",Informed Consent
"In evaluating the new device for diabetes management, it’s critical to assess whether the improvements in blood sugar control justify the risks of complications associated with its use.",Risk-Benefit Analysis
The ethical committee required confirmation that all participants were adequately informed about the nature of the trial to uphold the integrity and ethical standards of the research.,Informed Consent
"Prior to the start of the clinical trial, a detailed outline was presented to the prospective participants, outlining what they could expect throughout the study's duration.",Informed Consent
"All subjects were provided with a detailed document outlining the study processes, including who would have access to their medical records and how their information would be protected thereafter.",Informed Consent
"The oversight committee required detailed reports on how the study's procedures align with current ethical guidelines, particularly focusing on participant recruitment methods and consent processes.",Ethical Oversight
"The review board scrutinized the proposed research study, emphasizing the importance of justifying the potential health benefits in light of the risks associated with the investigational treatment.",Risk-Benefit Analysis
"Patients were encouraged to ask questions about the procedure and any uncertainties they had regarding their involvement, which was a key part of the preliminary discussions.",Informed Consent
"During the enrollment process, the research team emphasized that participants' decision to partake should be made without any coercion, allowing for personal reflection on the information provided.",Informed Consent
"One subject expressed concerns about the possible outcomes of the treatment, prompting the investigator to reiterate the information discussed during the consent process, ensuring clarity and comprehension.",Informed Consent
"The recruitment process highlighted the necessity for potential subjects to ask any relevant questions regarding the study, aiming to foster an atmosphere of trust and understanding.",Informed Consent
"Researchers must carefully evaluate whether the advantages of a new treatment outweigh the possible harms, particularly in vulnerable populations such as the elderly.",Risk-Benefit Analysis
"In evaluating the efficacy of the intervention, the risks associated with the participant's existing medical conditions were discussed to provide a thorough understanding of potential outcomes.",Risk-Benefit Analysis
"The consent form explicitly detailed the nature of the research and the procedures involved, emphasizing that participants retain the right to refuse or withdraw at any stage without it affecting their ongoing medical treatment.",Informed Consent
"Ongoing discussions between the researchers and participants help cultivate an environment of transparency and openness, ensuring that everyone involved is clear about what the study entails and their role in it.",Informed Consent
The ethical committee emphasized the necessity of having a robust system in place for ensuring that all participants are fully educated about the study's purpose and their voluntary rights to withdraw at any time without affecting their care.,Informed Consent
"It is crucial that all research involving human participants is reviewed for ethical considerations, ensuring that all studies align with established guidelines and protect participant welfare.",Ethical Oversight
"While the study aimed to collect valuable health insights, it also faced scrutiny regarding how effectively it would preserve participant anonymity against hackers and other threats.",Data Privacy
"During the recruitment phase, all participants received written information that outlined the study's purpose, potential risks, and their rights as participants.",Informed Consent
"During the initial meetings, the clinical coordinators made certain that all participants had the chance to ask questions, which helped clarify their doubts about the study's methodology and what it entailed for them.",Informed Consent
It is critical that all research proposals undergo evaluation by an ethics committee to address any potential conflicts of interest and ensure the integrity of the study.,Ethical Oversight
"The researchers submitted their methodology to the ethics committee, which requested several amendments to enhance the protection of subjects involved in the study, including additional monitoring procedures.",Ethical Oversight
Researchers are increasingly required to disclose their data management plans to oversee data security and participant privacy. Such disclosure is essential to maintain ethical integrity during clinical research.,Data Privacy
"In this phase of the research, patient feedback indicated concerns about side effects, which the research team will need to address to uphold ethical standards while pursuing significant health advancements.",Risk-Benefit Analysis
"Every step of the clinical trial should be accompanied by a clear outline of how information will be managed, as lack of transparency in data protection can undermine public trust in the research process.",Data Privacy
"While the potential benefits of the treatment are promising, careful consideration must be given to the adverse effects that may arise, particularly in vulnerable populations.",Risk-Benefit Analysis
"One participant expressed confusion regarding the implications of her involvement in the genetic research, highlighting the need for clearer communication about what her samples would be used for after the study.",Informed Consent
"To facilitate a more transparent process, researchers conducted information sessions where participants could ask questions and receive clarification on any doubts about the study and what would be expected of them.",Informed Consent
Patients were asked to read an information sheet detailing the study's aims and were given ample time to ask questions before signing any documentation to join the trial.,Informed Consent
"The approval from the ethics committee came after a comprehensive evaluation of the study's goals, procedures, and potential impact on participants.",Ethical Oversight
"During the enrollment process, participants were asked to provide verbal agreement after being informed about the experimental nature of the treatment and any potential harms involved.",Informed Consent
The research study involving sensitive patient health information must ensure that all identifiable data is securely managed to prevent unauthorized access. Safeguarding this information is crucial for maintaining participant trust and compliance with regulations.,Data Privacy
Ethics boards are increasingly focusing on documenting that the advancements from the research will indeed justify the risks taken by participants during the clinical trials.,Risk-Benefit Analysis
"As part of their commitment to ethical research, the principal investigator established a data monitoring committee to evaluate safety data and oversee participant welfare, reporting their findings regularly to the funding agency.",Ethical Oversight
The evolving landscape of biomedical research requires continuous engagement with ethical oversight bodies to address challenges related to participant rights and the integrity of research practices.,Ethical Oversight
"During the initial meeting, a research coordinator carefully explained the complexities of the trial and made sure all queries from potential subjects were answered, emphasizing their right to informed participation.",Informed Consent
"The governing body emphasized the need for ethical review at every phase, mandating that all researchers receive training on ethical conduct and the handling of sensitive data.",Ethical Oversight
"In evaluating the new surgical technique, the research team faced tough questions about how to address possible complications that could arise, ensuring that participant welfare remained at the forefront of their study.",Risk-Benefit Analysis
"When designing a clinical trial, it’s crucial to evaluate both the therapeutic benefits and the likelihood of harmful side effects that might arise from participation. Decisions made here will guide ethical approval processes.",Risk-Benefit Analysis
"A simple form with the risks and benefits was presented to the patients, ensuring they understood that their involvement was voluntary and they could withdraw at any time without any consequences to their care.",Informed Consent
"The informed discussions led by the principal investigator emphasized the importance of evaluating each treatment's potential benefits against its risks, ensuring all participants were fully aware before consenting.",Risk-Benefit Analysis
Researchers must navigate the complexities of multiple regulatory bodies to ensure that their studies are ethically sound and compliant with existing guidelines.,Ethical Oversight
"The study evaluated the potential side effects of the new drug against its therapeutic advantages in patients with chronic illness, highlighting the necessity for a thorough analysis of outcomes to ensure patient safety.",Risk-Benefit Analysis
"Participants were informed that their health records would be shared with third-party analytics, leading to a significant debate about the sufficiency of measures protecting their identities. This raised flags around the potential consequences of such data sharing on their future insurance applications.",Data Privacy
"Regular audits by external ethicists were implemented to verify that the study complied with ethical standards, ensuring that participants' rights were protected throughout the research process.",Ethical Oversight
"Participants in the vaccine study were informed about the likelihood of adverse reactions, which must be considered alongside the community immunity benefits that could arise from widespread vaccination.",Risk-Benefit Analysis
"The institution has established strict guidelines for researchers, mandating that all data repositories be secured with multi-factor authentication to mitigate unauthorized access.",Data Privacy
The proposal lacked a detailed analysis of how the potential advantages of the new treatment for diabetes management would outweigh the documented complications seen in previous trials.,Risk-Benefit Analysis
"Evaluating the benefits of a novel cancer treatment requires a thorough understanding of the potential long-term effects, which could significantly influence the wellbeing of participants post-trial.",Risk-Benefit Analysis
"Before proceeding with the clinical trial, researchers reviewed the scientific literature to ensure that the anticipated advantages of the intervention substantially outweigh the associated risks involved.",Risk-Benefit Analysis
"Prior to participating, volunteers were encouraged to thoroughly review the provided materials and consult with family or friends, thereby fostering a supportive environment for informed decision-making.",Informed Consent
The clinical trial demonstrated a substantial imbalance between the potential benefits of the new medication and the adverse effects observed during the study.,Risk-Benefit Analysis
The institution mandated continual ethical reviews during the study to adapt to any unforeseen issues or risks impacting participant well-being.,Ethical Oversight
"During the review of the drug trial protocol, the committee highlighted discrepancies between expected outcomes and reported adverse events, necessitating a reassessment of ethical considerations around participant safety.",Risk-Benefit Analysis
"There was a clear emphasis on transparency regarding the clinical trial procedures, with investigators urging participants to ask questions until they felt comfortable with their decisions.",Informed Consent
"Ethics boards require clear justifications for why patients should participate, especially when the study drug shows potential effectiveness but also carries significant risks of complications that need to be addressed and managed.",Risk-Benefit Analysis
The Institutional Review Board approved the study protocol after extensive discussions regarding participant safety and the management of potential conflicts of interest.,Ethical Oversight
"In our study on the efficacy of a new diabetes medication, we implemented strict guidelines to ensure that patient identifiers were anonymized to protect their healthcare data from potential breaches.",Data Privacy
"The challenge arises in balancing the need for extensive data collection with the ethical obligation to protect individual participant identities, especially in multi-site studies.",Data Privacy
"During the initial consultation, the investigator provided a comprehensive overview of the clinical trial, outlining what was expected of participants and addressing any concerns they had which led to an informed decision-making process.",Informed Consent
"Prior to enrollment, all subjects received comprehensive information regarding the study’s aims and the implications for their health, allowing them to weigh their choices thoughtfully based on a clear understanding of what the research entails.",Informed Consent
"A recent report highlighted the necessity for researchers to clarify to participants how their genetic data might be utilized in future studies, affecting trust and participation rates.",Data Privacy
"Researchers emphasized the need for secure storage of participant data, highlighting that unauthorized access to sensitive medical information could have dire implications.",Data Privacy
"Before enrolling patients, it is crucial to consider if the likely health improvements align proportionately with the side effects, ensuring a sound foundation for the clinical decisions made by the research team.",Risk-Benefit Analysis
"The implementation of a transparent reporting process is vital, as it allows for continuous monitoring of the trial's adherence to ethical guidelines and fosters trust among participants and stakeholders alike.",Ethical Oversight
"All patient samples collected will be stored in secured facilities, and all electronic data will be protected by firewalls, highlighting the critical importance of safeguarding participant information. ",Data Privacy
"In considering the approval for the clinical trial, the review board emphasized the necessity of clearly articulating how participant safety would be prioritized against potential advancements in treatment outcomes.",Risk-Benefit Analysis
The Institutional Review Board (IRB) thoroughly examined the research proposal to ensure that all safety measures were in place for the participating subjects.,Ethical Oversight
"Participants must be provided with comprehensive information regarding the study's purpose, procedures, risks, and potential benefits to ensure they can make an educated decision about their involvement.",Informed Consent
The governance framework emphasizes the necessity of having a dedicated ethics committee that reviews and monitors ongoing studies to ensure compliance with established ethical standards.,Ethical Oversight
"Informed by the latest regulations, researchers outlined their strategies for ensuring that sensitive identifiers like names and contact details would be encrypted and kept separate from medical findings throughout the study.",Data Privacy
"After examining the initial approval of the project, the ethics board mandated additional training for researchers to better understand the ethical implications of their work.",Ethical Oversight
"The consent forms highlighted all necessary details, including the purpose of the study, the treatment being tested, and any foreseeable side effects, allowing participants to make a knowledgeable choice about their involvement.",Informed Consent
"Given the sensitive nature of the genetic data being collected, researchers conducted a thorough assessment to ensure no identifiable information could be traced back to participants after the study concluded.",Data Privacy
"In a recent study on gene therapy, researchers took extra measures to verify that participants comprehended the long-term implications of their choices and the potential impacts on their relatives.",Informed Consent
"In assessing new medications, the researchers implemented a system where potential subjects could ask questions about the trial and receive satisfactory responses before making any commitments.",Informed Consent
"As part of our ethical review, we need to thoroughly evaluate if the likely benefits of the new procedure will significantly outweigh the risk of complications, especially for late-stage patients.",Risk-Benefit Analysis
"After the initial study raised ethical gray areas, the board insisted on an external review to evaluate the implications of their findings for future research directions.",Ethical Oversight
"During the clinical trial, participants expressed concern over the handling of their personal health information, particularly related to genetic data that could potentially identify them.",Data Privacy
"The clinical trial evaluated the potential benefits of the new drug against the significant risks of adverse side effects, highlighting the careful balance researchers must maintain between patient safety and treatment efficacy.",Risk-Benefit Analysis
"In light of recent findings, researchers must adhere to the guidelines established by the Institutional Review Board, which evaluate the ethical dimensions before approving any project.",Ethical Oversight
"Before enrolling in the cancer research study, each patient was required to review a detailed brochure outlining the trial phases, expected outcomes, and their rights, ensuring they felt comfortable with the decision.",Informed Consent
A survey conducted post-trial indicated some participants felt the information provided was not sufficient for them to make a fully informed decision about their involvement.,Informed Consent
"During the consent process, the importance of understanding the right to opt out of the research at any stage was highlighted, as well as discussions concerning the handling of any adverse effects that might arise during the trial period.",Informed Consent
"The research must adhere to strict guidelines set forth by the institutional review board, which monitors compliance with ethical principles throughout the study.",Ethical Oversight
"The audit revealed that some trials lacked proper oversight, raising alarms about the adherence to established ethical protocols in clinical research.",Ethical Oversight
An independent ethics review was conducted to evaluate the potential impact of the study's outcomes and ensure that participant welfare was prioritized throughout the research process.,Ethical Oversight
It's crucial that all enrolled patients in the vaccine study were made aware that their data would be used for research purposes and how confidentiality would be maintained through coding methods.,Informed Consent
"The researchers ensured that each participant had ample opportunity to ask questions about the trial objectives and the nature of the treatments involved, fostering a more transparent environment for decision-making.",Informed Consent
"In response to the feedback from the advisory board, the research team implemented more rigorous check-ins with participants and adjusted the study design to maintain higher ethical standards in the conduct of the trial.",Ethical Oversight
"In compliance with institutional protocols, every participant was informed that their personal health information would be securely stored and only used for the duration of the research project.",Data Privacy
"During the screening process, researchers took care to explain not only the study's design but also how participants could revoke their consent at any stage.",Informed Consent
"Prior to commencing the trial, the research team convened with a panel of experts to review the study's design and assess its compliance with ethical standards and regulations put forth by governing bodies.",Ethical Oversight
"Before the trial commenced, all subjects were provided with comprehensive documentation explaining the procedures and any potential side effects of the medication being tested.",Informed Consent
"In the review process, the committee raised concerns regarding whether the anticipated enhancements in patient care sufficiently compensate for the increased likelihood of adverse effects from the intervention.",Risk-Benefit Analysis
"The new vaccine's promise of improved immunity was exciting; however, the ethical board had to consider the potential health ramifications for participants before approval could be given.",Risk-Benefit Analysis
"By providing a platform for ongoing dialogue, researchers aimed to ensure that all participants felt comfortable with the study demands and could make informed choices about their involvement.",Informed Consent
"Before enrolling, every individual was briefed on the implications of their participation, ensuring they understood what was expected of them throughout the study.",Informed Consent
"During a recent ethics symposium, one speaker highlighted the importance of maintaining stringent privacy measures while using big data for health research. The challenge lies in balancing the need for comprehensive data analysis with the responsibility to protect individual participants' confidentiality.",Data Privacy
"Ethical guidelines dictate that researchers must ensure participants are adequately informed about the complexities of clinical trials prior to their consent, thus safeguarding their autonomy.",Informed Consent
"Consideration of ethical implications in trials can be complex, especially when the potential benefits to society must be balanced against the risks to individual participants in the clinical study.",Risk-Benefit Analysis
"In a community health study, the investigators arranged informational sessions where participants could voice their concerns and clarify doubts, which is essential to achieve genuine voluntary participation.",Informed Consent
"The volunteers were provided with brochures that outlined the scope of the research, including possible side effects and the use of their biological samples for future studies.",Informed Consent
"In trials involving vulnerable populations, it is crucial to communicate not only the possible outcomes but also the harms that might arise, ensuring that participants understand their involvement's implications.",Risk-Benefit Analysis
"The team conducted thorough briefings to ensure that the individuals understood what participation entailed, including potential risks and their right to withdraw at any time without repercussion.",Informed Consent
"The ongoing clinical trial for the new diabetes medication has raised concerns about the confidentiality of participants' medical records, especially considering the sensitive nature of such data and the potential for unauthorized access.",Data Privacy
"During the recruitment phase, adequate measures must be taken to ensure that volunteers are not feeling pressured into participating, which could compromise the ethicality of the consent they provide.",Informed Consent
"Before the study commenced, subjects were made aware of the types of data that would be collected and how it would be utilized, allowing them to decide whether to engage in the research.",Informed Consent
"There was an unexpected event during the study that prompted an immediate review by the ethical board, highlighting the need for continuous oversight rather than just pre-study approval.",Ethical Oversight
"The trial's design included multiple checkpoints for participants to reaffirm their willingness to continue, emphasizing that they have the right to withdraw at any time without it affecting their usual care.",Informed Consent
"Assessing the proposed gene therapy involved constant dialogue regarding the anticipated benefits for genetic disorders versus the potential for unforeseen complications, leading the researchers to consider adjustments in participant recruitment guidelines.",Risk-Benefit Analysis
"Ethical boards require that any new medical intervention demonstrate clear clinical benefits, suggesting that researchers must present a compelling rationale for why these benefits justify the inherent risks.",Risk-Benefit Analysis
Regular audits conducted by the ethics committee revealed the need for more stringent adherence to protocol in clinical trials involving vulnerable populations.,Ethical Oversight
"Before launching the new drug study, scientists highlighted the importance of understanding all possible side effects, as the potential recovery benefits must be balanced against these risks.",Risk-Benefit Analysis
A comprehensive plan detailing how participant monitoring will be enforced is essential for maintaining ongoing ethical standards during the study's duration.,Ethical Oversight
There were serious discussions among the researchers about whether the planned interventions respected the dignity and rights of participants throughout the trial's duration.,Ethical Oversight
"Many believe that ethical compliance is paramount in clinical settings, suggesting that oversight bodies should have a more proactive role in ongoing research evaluations.",Ethical Oversight
"The research team organized multiple sessions to discuss the trial details, allowing subjects to voice any concerns regarding their participation and the use of data collected during the study.",Informed Consent
"In evaluating the new treatment for cardiovascular diseases, researchers identified that while the treatment could save lives, it also has a significant chance of causing severe allergic reactions, necessitating careful consideration in participant selection.",Risk-Benefit Analysis
"As part of the research initiative, an independent ethics group was enlisted to evaluate the recruitment strategies, ensuring they align with the best practices for participant welfare.",Ethical Oversight
"A comprehensive brochure was distributed to potential participants, explaining the clinical trial in layman’s terms. It detailed the nature of the study, potential side effects, and the measures taken to protect their privacy during the research.",Informed Consent
"One critical aspect of the enrollment process involved ensuring that patients grasped the extent and limits of their confidentiality, as well as how their personal health data might be utilized for future research purposes.",Informed Consent
"The oversight board closely monitored the study to ensure that all procedures adhered strictly to institutional guidelines, fostering trust among participants.",Ethical Oversight
"The process of gaining approval for research protocols often involves rigorous scrutiny by institutional review boards, focusing on ethical standards to protect participants.",Ethical Oversight
The researchers held a seminar where they explained the study objectives and answered participants' questions to ensure everyone was clear on their involvement and what it entailed.,Informed Consent
"In a recent survey regarding genetic testing, researchers found that participants were hesitant to partake due to fears that their genetic data might be misused or leaked, potentially affecting their insurance.",Data Privacy
"All volunteers were given ample opportunity to digest the information presented, with follow-up interviews to clarify any uncertainties they might have had about participating.",Informed Consent
"A recent incident highlighted concerns regarding the lack of independent scrutiny in the trials, which led to calls for more robust governance frameworks and oversight mechanisms to ensure ethical compliance.",Ethical Oversight
The consent document has to clearly explain how participant data will be utilized and the measures in place to prevent exposure to outside threats.,Data Privacy
"In light of recent controversies, it became essential for the organization to revise their oversight practices to better protect study subjects against potential misconduct.",Ethical Oversight
"Before the trial commenced, each participant was provided with a verbal explanation of the study, covering everything from the expected duration to what would happen in case of adverse reactions.",Informed Consent
"During the clinical trial for the experimental drug, it is crucial to ensure that participants fully understand the possible complications versus the expected improvements in quality of life.",Risk-Benefit Analysis
"The data collection process included an oversight mechanism to monitor data handling practices, safeguarding participant confidentiality and ensuring compliance with established ethical norms.",Ethical Oversight
"In evaluating the clinical trial, a comprehensive balance must be struck between the therapeutic advantages offered by the new treatment and its possible adverse effects on patient health.",Risk-Benefit Analysis
"In our recent study, we emphasized the importance of understanding the research protocol while ensuring that the volunteers felt comfortable expressing their concerns about the procedure.",Informed Consent
"Due to the sensitive nature of genetic information, researchers are obligated to implement strict measures to protect participants' identities.",Data Privacy
"Before the clinical trial began, it was necessary for an independent board to assess the ethical implications of the methodologies proposed.",Ethical Oversight
Researchers were reminded of their obligations to communicate findings to the oversight committee regularly in order to maintain compliance throughout the study's duration.,Ethical Oversight
Ethical committees often play a vital role in determining if the proposed research protocol provides a sufficient justification for the risk involved compared to the expected benefits of treatment.,Risk-Benefit Analysis
"In the aftermath of the trial, an audit revealed that certain datasets containing participant identifiers were not securely managed, prompting a reevaluation of ethical guidelines.",Data Privacy
"In our latest study, the committee found that there was adequate supervision and monitoring of the trial process to adhere to ethical standards.",Ethical Oversight
"The ethical review board has mandated regular assessments of data protection measures for ongoing studies, emphasizing the importance of safeguarding participants' personal information.",Data Privacy
"Amid rising complexities in biomedical research, a robust oversight mechanism can ensure accountability and promote ethical conduct across all study phases, from recruitment to data analysis.",Ethical Oversight
Decisions regarding the implementation of the experimental treatment should be founded on a rigorous assessment model that weighs the therapeutic benefits against any foreseeable risks involved.,Risk-Benefit Analysis
"During the clinical trial, participants were repeatedly reminded about their autonomy to decline any procedures that made them uncomfortable, reinforcing the ethical commitment to their wellbeing.",Informed Consent
"When informed of the study's scope, many patients were apprehensive about how their medical histories would be utilized, highlighting the need for transparency in data management.",Data Privacy
"The study examines whether the potential health benefits of the new drug outweigh the risks associated with its side effects, which is critical in determining if the clinical trial should proceed.",Risk-Benefit Analysis
"Researchers are often reminded of their duty to uphold privacy standards when handling sensitive health data, especially in light of increasing cyber threats targeting medical facilities.",Data Privacy
"Before launching the new clinical trial, the research team discussed at length if the improvements in symptoms would be significant enough to accept potential complications that could emerge during the treatment.",Risk-Benefit Analysis
"During the recruitment phase, volunteers were given detailed brochures describing the study protocols, conditions, and their rights to withdraw at any time without penalty.",Informed Consent
"When proposing a new drug's trial, the research committee must evaluate whether the anticipated treatment effects provide enough promise to proceed, given the risks of harm to volunteers involved in the study.",Risk-Benefit Analysis
Ethical committees are tasked with reviewing research protocols to assess whether the expected therapeutic gains compensate for the risks involved in participant involvement.,Risk-Benefit Analysis
"In a recent study, researchers held multiple sessions to answer any questions participants might have about the treatment plan to ensure they were fully informed before agreeing to join.",Informed Consent
"The study's protocols required that all volunteers receive detailed information on how their data would be used, which was essential for their participation.",Informed Consent
"The clinical research team implemented a multi-step consent process where participants must demonstrate their understanding of the trial, ensuring they feel secure about their participation and the research conditions.",Informed Consent
"In this phase of clinical trials, researchers emphasize the importance of participants being aware of how their data will be used and the implications of their participation on their health and wellbeing.",Informed Consent
"Before participating in the study, all participants were provided with a detailed explanation about the procedures, risks, and the potential benefits of joining the clinical trial on new medication for hypertension.",Informed Consent
"Throughout the clinical trial, the research team continuously monitored adverse events, ensuring that any potential risks were well-communicated to participants and balanced against the anticipated health benefits they might receive.",Risk-Benefit Analysis
"The oversight committee is responsible for ensuring that the research adheres to the established ethical guidelines and protocols, particularly in the recruitment of participants and the management of sensitive information.",Ethical Oversight
"A recent audit revealed discrepancies in data storage practices, raising alarms about the potential mishandling of sensitive participant information in clinical trials.",Data Privacy
"The informed consent document must clearly outline the restrictions on data usage, ensuring that even in aggregated datasets, individual identities remain protected from any form of analysis that could reveal their identity.",Data Privacy
The role of the ethics committee is pivotal; they provide guidance on how to handle sensitive issues arising during the research process.,Ethical Oversight
"An ethical dilemma arose when some subjects felt pressured to join the study despite not fully grasping the extent of the risks involved, highlighting the need for clear communication.",Informed Consent
"It's crucial that the research is conducted under strict ethical guidelines, ensuring that monitoring mechanisms are effective throughout the study's duration.",Ethical Oversight
"The proposed research aims to develop a vaccine, but before moving forward, the investigators must analyze if the health benefits for the population outweigh any risks of adverse reactions during the trial.",Risk-Benefit Analysis
"The ethics oversight body mandated that changes to the study protocol be submitted for review before implementation, reflecting their commitment to ongoing participant protection and ethical compliance.",Ethical Oversight
"Before the trial commenced, the committee assessed the potential implications of the research on patient welfare, emphasizing the need for thorough evaluation by independent reviewers.",Ethical Oversight
"In evaluating the new gene therapy, it’s essential to scrutinize whether the expected clinical advantages effectively counterbalance the possible risks that could emerge post-treatment.",Risk-Benefit Analysis
"Participants in the trial expressed discomfort regarding how their genetic information might be stored and whether it could be accessed without their consent, highlighting the need for stringent data management policies.",Data Privacy
"As ethical considerations in trials evolve, focusing on how adverse effects might alter a participant's quality of life is becoming just as important as the expected therapeutic benefits.",Risk-Benefit Analysis
"In studies involving experimental drugs, clear communication of possible risks compared to the anticipated relief for patients suffering from debilitating symptoms is essential for ethical clinical practice.",Risk-Benefit Analysis
"Even with encryption in place, there are worries among staff about the potential for unauthorized access to the patient lists from the research.",Data Privacy
"When analyzing the effects of the drug, researchers must also consider the implications of sharing sensitive patient data with external organizations for follow-up studies.",Data Privacy
"In light of recent findings, it is crucial to evaluate whether the advantages of participating in this clinical trial justify the potential adverse effects that may arise during the study.",Risk-Benefit Analysis
A thorough evaluation of the trade-offs between potential health benefits and adverse reactions is essential. This not only protects the participants but also strengthens the credibility of the research findings.,Risk-Benefit Analysis
"A review board was established to ensure that all clinical trials adhere to ethical guidelines, thus safeguarding participant welfare throughout the study process.",Ethical Oversight
"During the recruitment phase for the new drug trial, investigators emphasized the importance of understanding the study's goals and what was expected from participants before they signed any agreements.",Informed Consent
"During the focus group discussion, it became clear that researchers needed to better communicate how participant confidentiality would be maintained throughout the study duration.",Data Privacy
"A recent audit found lapses in the confidentiality agreements made with participants in a clinical trial. Many subjects were unaware of how their information could be used beyond the study, prompting a call for a reevaluation of consent processes and transparency regarding data handling.",Data Privacy
"In one case, a subject expressed discomfort after learning that their medical history was being shared with commercial entities for research purposes without their explicit consent.",Data Privacy
Researchers must take into account how their data collection methods impact the confidentiality of the participants' medical histories. Any breach could have serious implications.,Data Privacy
Ethics boards must frequently reassess ongoing trials to address emerging ethical dilemmas that may arise from new data or participant feedback.,Ethical Oversight
"In a recent study, researchers ensured that all participants had a thorough understanding of the potential risks prior to signing any forms, emphasizing the need for transparent communication.",Informed Consent
The committee responsible for reviewing the clinical trial protocols meets regularly to ensure all studies comply with established guidelines and protect participant interests.,Ethical Oversight
"During a recent conference, discussions highlighted how ethical oversight is crucial in clinical research, particularly when new therapies are being tested on vulnerable populations.",Ethical Oversight
"In light of recent discussions, it's crucial that every clinical trial ensures that subjects are fully aware of what they are signing up for, including their right to withdraw anytime without penalty.",Informed Consent
"The long-term benefits for participants, who may have no other viable treatment options, should be carefully weighed against the immediate risks associated with the new protocol.",Risk-Benefit Analysis
"The research team announced that they are planning to sell anonymized data to third parties, prompting significant debate regarding the ethical implications of such a decision.",Data Privacy
The discussion around participant privacy highlighted the need for clear policies on how long study data would be retained and what processes would be followed to delete it once it was no longer needed.,Data Privacy
"During the clinical study, an oversight committee was established to monitor adverse events and ensure that the research adhered to ethical standards throughout the trial.",Ethical Oversight
"An advisory board was formed to oversee the ethical dimensions of the clinical trial, which included assessing community impact and the implications for vulnerable populations.",Ethical Oversight
"In light of the promising therapeutic effects observed, ethics boards have expressed concern about potential side effects that could emerge, emphasizing the need for a thorough analysis before proceeding.",Risk-Benefit Analysis
"Researchers must ensure that all participant data is anonymized to prevent any potential breaches, as even aggregated data can sometimes be traced back to individuals.",Data Privacy
The research team emphasized the importance of understanding all procedures involved and encouraged questions to clarify any uncertainties regarding participation.,Informed Consent
"Discussions around this clinical trial have highlighted the necessity of weighing the therapeutic gains against the likelihood of adverse reactions, particularly in a population with pre-existing conditions.",Risk-Benefit Analysis
"During the initial consultations, participants were encouraged to voice any concerns they had about the study, emphasizing the importance of understanding their involvement.",Informed Consent
"When examining the long-term effects of the medication, oversight committees must evaluate whether the systems in place for protecting patient data are robust enough to prevent unauthorized access.",Data Privacy
"During a recent clinical trial, the research team had to develop protocols that sufficiently protected the identity of participants when publishing results in scientific journals.",Data Privacy
The research team presented compelling data showing that the potential benefits of the new drug significantly outweighed the risks involved in its administration for patients with chronic pain.,Risk-Benefit Analysis
Researchers involved in this trial must ensure that any personally identifiable information is anonymized before sharing results with third parties to maintain patient trust.,Data Privacy
"The ethical committee emphasized the importance of making sure that patients understand what they are agreeing to, particularly when the research involves novel therapies that may have unknown side effects.",Informed Consent
"In our study, we implemented a multi-tiered review process that scrutinizes each phase of research to maintain compliance with institutional guidelines and ethical mandates.",Ethical Oversight
"Patients were informed of the expected positive outcomes related to their health, but also of the possible adverse reactions, ensuring they understood the full scope of their participation.",Risk-Benefit Analysis
"Participants rightly expressed their concerns over how their genetic information would be utilized, particularly in light of the increasing prevalence of digital data harvesting practices.",Data Privacy
"The study involved the collection of sensitive patient information, and we took great care to anonymize all data to protect individual identities during analysis and publication.",Data Privacy
"Prior to the commencement of the clinical trial, a thorough discussion was held on the anonymization techniques being used; however, some community members were skeptical about the adequacy of these measures to protect participant identities.",Data Privacy
"Participants expressed appreciation for the plain language summary of the research proposal, which outlined both the potential benefits for future patients and the risks they might face during their participation in the clinical trial.",Informed Consent
"The ethical committee raised concerns regarding the storage of medical records, highlighting the vital nature of encrypting data to safeguard participant identities during and after the study period.",Data Privacy
"It's crucial for research institutions to adhere to guidelines set by ethical boards, as these entities play a vital role in ensuring that studies are conducted with the utmost integrity and participant care.",Ethical Oversight
"Concerns arose when the consent forms failed to adequately inform subjects about potential secondary uses of their data, sparking debate over the necessity of thorough data use disclosures.",Data Privacy
"A detailed report submitted to the ethics committee highlighted the measures taken to ensure that all aspects of the trial adhered to guidelines set forth by international regulatory bodies, particularly in recruiting vulnerable populations.",Ethical Oversight
"The consent process involved multiple discussions to allow patients to consider their participation thoroughly, thus acknowledging that ethical research demands clarity over what participation entails.",Informed Consent
"There have been concerns about whether subjects are truly aware of their rights and the extent of the research they are involved in, highlighting a need for better educational practices in clinical settings.",Informed Consent
"An ethical panel meeting highlighted the necessity of weighing the disease alleviation prospects against the likelihood of experiencing severe reaction, emphasizing that informed choices should be made to protect trial participants.",Risk-Benefit Analysis
"Due to recent breaches, the integrity of participant confidentiality has raised alarms. Protocols must be revisited to protect the sensitive data collected from individuals in clinical settings.",Data Privacy
"The study involved accessing patient records without sufficient safeguards, raising concern on how participant information would be stored and who would have access to it. ",Data Privacy
A comprehensive review of the study's design and methodology was conducted by a panel of experts to safeguard participant welfare and maintain scientific integrity.,Ethical Oversight
"The review of adverse events in past clinical trials has prompted calls for more robust oversight, emphasizing the need for proactive ethical considerations in the research design phase.",Ethical Oversight
"When designing our research protocol, we faced dilemmas on how to safeguard sensitive information, ensuring that only essential personnel had access to identifiable patient data.",Data Privacy
"During the consent process, some participants were not clearly informed about who would have access to their data post-study, which is crucial for addressing privacy fears.",Data Privacy
"Researchers must ensure that the trial design is submitted for approval to a research ethics board, which evaluates the protocol for possible ethical issues arising during the study.",Ethical Oversight
"During the preliminary discussions, volunteers were encouraged to ask questions about the study, ensuring they felt assured and informed about their decision to participate in this clinical trial.",Informed Consent
The study participants were assured that their personal information would be anonymized to prevent any unauthorized access or misuse during the research process.,Data Privacy
"Given the complexity of the clinical trial, the ethics committee mandated additional training for researchers to address potential ethical dilemmas that could arise from participant interactions and data collection methods.",Ethical Oversight
"When conducting studies on experimental treatments, it’s essential to have a thorough framework that ensures any possible harm to subjects is minimized in comparison to the expected therapeutic gains.",Risk-Benefit Analysis
"During the trial, ethical review was critical, as it provided an additional layer of protection for participants, safeguarding against potential coercion.",Ethical Oversight
"The lack of a comprehensive policy regarding patient data when conducting observational studies has raised various ethical dilemmas, particularly in terms of who gets to access this information.",Data Privacy
The committee had significant concerns regarding the fairness of participant recruitment and the adequacy of safeguards against potential exploitation.,Ethical Oversight
"The researchers implemented strict protocols to anonymize patient data, ensuring that no identifying information was accessible to third parties throughout the study's duration.",Data Privacy
Participants expressed concerns regarding the adverse effects of the medication. The research team emphasized the importance of understanding both potential benefits and the severity of the risks involved.,Risk-Benefit Analysis
"Concerns were raised during the study regarding the recruitment practices, leading to a review by an external ethics board that mandated changes to improve transparency and participant understanding of the study's purpose.",Ethical Oversight
"To uphold ethical standards, the research team implemented protocols requiring regular updates and audits by the ethics committee to ensure compliance with ethical guidelines throughout the study period.",Ethical Oversight
"As we develop new therapies, it’s essential to communicate to participants how the prospective advantages could offset the identifiable risks involved in the treatment process.",Risk-Benefit Analysis
"Participants in the chronic pain study expressed concerns about the potential for addiction, leading researchers to reconsider the therapeutic benefits in light of these significant risks.",Risk-Benefit Analysis
"Patients must be thoroughly informed about the nature of the trial, including possible side effects of the drug being tested, to ensure they make a well-informed decision regarding their participation.",Informed Consent
"The research team implemented advanced encryption methods for managing sensitive patient data, as any breach could lead to severe implications for participant trust and compliance in future studies.",Data Privacy
"Ensuring adequate oversight from an independent board during the clinical trial is key to fostering trust and transparency, as it helps safeguard the rights and welfare of all participants.",Ethical Oversight
"The continuous monitoring of the study's ethical implications is vital, as it prevents any potential harm to participants and addresses any unforeseen issues during the trial's execution.",Ethical Oversight
"Before any data collection commenced, a thorough ethics review was conducted to ensure that all aspects of the trial met ethical research standards.",Ethical Oversight
"In order to participate in the new medication trial, subjects were required to read and sign several documents that outlined the procedure and potential side effects they might experience.",Informed Consent
"Before enrolling, individuals received written documents outlining all the necessary information about the trial, including its potential benefits and harms, fostering an environment of transparency and voluntary participation.",Informed Consent
Every clinical study should include a thorough review by an independent ethics committee to assess the risks involved and the measures taken to protect subjects.,Ethical Oversight
"Patients were provided with a form that mentioned data collection but lacked details on long-term protection strategies, making participants uneasy about their private health information.",Data Privacy
"While conducting the clinical trial, the research team held regular meetings with the oversight committee to discuss any ethical dilemmas that arose, ensuring transparency in the process.",Ethical Oversight
"In discussions with the ethics board, researchers emphasized that while advancements in treatment could improve quality of life, there were inherent risks that could not be overlooked.",Risk-Benefit Analysis
"During the telehealth sessions, participants' audio and video recordings were encrypted to prevent any unauthorized access, which is crucial for maintaining trust and compliance with ethical standards.",Data Privacy
"Clinical trials necessitate meticulous attention to the secure storage of electronic medical records, especially when handling data from multiple sites.",Data Privacy
"Upon receiving grants for the study, the researchers were required to demonstrate prior approval from ethics governing bodies, reflecting the importance of accountability in clinical research.",Ethical Oversight
"During the study, all participant identifiers were anonymized to prevent any potential breaches of confidentiality, ensuring that personal health information could not be traced back to individuals.",Data Privacy
"During the trial for the new diabetes medication, frequent audits were conducted to oversee compliance with ethical standards, ensuring patient safety was prioritized.",Ethical Oversight
"In the context of pediatric trials, obtaining assent from young participants was emphasized alongside parental consent, ensuring that children understood what was expected of them.",Informed Consent
The study protocol highlights the importance of weighing potential adverse effects against the expected therapeutic benefits for participants in a clinical trial.,Risk-Benefit Analysis
"In our recent trial on cognitive therapies, we ensured that participants were fully aware of how their personal information would be handled, but some voiced worries about the long-term storage of their health data.",Data Privacy
"After an extensive evaluation of the research methods, it was determined that additional safeguards were necessary to protect participant welfare throughout the study duration.",Ethical Oversight
Stakeholders are increasingly advocating for transparent processes that not only consider scientific validity but also prioritize ethical responsibility within the research framework.,Ethical Oversight
Researchers must balance the potential for significant health improvements with the documented adverse effects of the intervention during the clinical phase.,Risk-Benefit Analysis
"To maintain ethical integrity, researchers must present detailed risk assessments and clarification of how participant well-being is prioritized throughout the study.",Ethical Oversight
"Participants in the trial were informed that while they might gain access to a promising therapy, the unknown side effects could lead to a significant burden on their health, hence the necessity to weigh these factors is paramount.",Risk-Benefit Analysis
"The monitoring committee played a crucial role in addressing discrepancies in the trial data, thus upholding the ethical standards expected in clinical research.",Ethical Oversight
"The lead researcher emphasized that all volunteers must feel comfortable declining participation if they felt uncertain, reinforcing a supportive environment for informed decision-making.",Informed Consent
"During the informed consent process, subjects were clearly informed about the potential risks associated with sharing their personal health information, which is critical for encouraging participation.",Data Privacy
"All data gathered from the trial will be stored in secure databases. Moreover, identifiers will be removed before any external analysis to protect individuals' identities, reflecting our commitment to safeguarding participant information throughout the research.",Data Privacy
"In a landmark study exploring rare genetic disorders, the team acknowledged that while sharing findings can advance science, it must not compromise the personal privacy of the volunteers involved.",Data Privacy
"The institution’s ethics committee raised concerns about the potential for conflicts of interest among researchers, prompting further review of the research design.",Ethical Oversight
"When enrolling in clinical trials, individuals are often required to affirm that they are willingly participating after being informed of all relevant factors influencing their decision.",Informed Consent
"As new treatments emerge, the balance between potential health improvements versus adverse reactions is critical in establishing a solid ethical framework for clinical studies.",Risk-Benefit Analysis
"The ethical review board raised concerns about the possible side effects from the treatment regimen, emphasizing the need to discuss these risks with participants ahead of the study.",Risk-Benefit Analysis
A thorough explanation of the trial’s objectives was critical. It was noted that ensuring understanding before proceeding could greatly affect participant retention rates and engagement levels throughout the study.,Informed Consent
"The challenge lies in ensuring that while innovating new therapies, we also consider the implications of participant exposure to uncertain risks in pursuit of potential benefits.",Risk-Benefit Analysis
"A separate ethics review process was triggered when unexpected results were observed, prompting the oversight committee to ensure participant safety and data integrity were maintained throughout the course of the research.",Ethical Oversight
"In their report, the researchers emphasized that while the new therapy might reduce disease symptoms significantly, they also needed to evaluate the likelihood and severity of any adverse outcomes.",Risk-Benefit Analysis
"The proposal for the clinical trial included detailed documentation on the governance of data handling, which was a critical focus during the ethical review process by the oversight committee.",Ethical Oversight
"Before moving forward with the trial, it was crucial to discuss the balance of the promising therapeutic effects against the possibility of adverse reactions that were observed in early testing phases.",Risk-Benefit Analysis
"Ethical considerations are paramount when designing trials, particularly those involving vulnerable populations, to avoid any potential exploitation.",Ethical Oversight
"In recent findings, it was noted that improper handling of electronic health records can lead to unintended sharing of sensitive data, underscoring the importance of secure data management practices.",Data Privacy
"In the recent trials for the new drug, a dedicated ethics board evaluated the potential implications of the research methodology used, ensuring participant rights were prioritized throughout the process.",Ethical Oversight
"Before the project proceeded, it was crucial to ensure that the benefits promised by the experimental treatment were not only significant but also outweighed by any foreseeable complications.",Risk-Benefit Analysis
"Before the surgery trial, patients were asked to sign a document that detailed the benefits and risks of the surgical procedure, which included clear statements about the potential outcomes they might face during the intervention.",Informed Consent
"In the recent trial regarding the effectiveness of a new drug, the handling of participant data was specifically outlined to ensure that no identifying information would be disclosed to outside parties.",Data Privacy
"Concerns were raised about the lack of independent review during the recent trial, highlighting the potential risks to participant welfare that could arise without rigorous oversight.",Ethical Oversight
The recent study on gene therapy protocols highlights the importance of having an independent review board evaluate the risks before proceeding with trials involving human subjects.,Ethical Oversight
"While the benefits of data sharing in clinical research are evident, the implications for participant privacy have led to significant dialogue regarding the ethical responsibilities of researchers in safeguarding personal health information.",Data Privacy
"For the trial assessing a new cancer treatment, the oversight committee mandated regular audits to evaluate compliance with ethical protocols.",Ethical Oversight
The training provided to investigators about ethical practices is crucial for ensuring that all aspects of the research are conducted responsibly and ethically according to regulatory standards.,Ethical Oversight
"Prior to enrollment, the research participants were advised on the confidentiality of their data and how it would be handled, creating a trustful environment for individuals to make an informed decision about their participation.",Informed Consent
"Participants expressed concerns regarding how their data might be used in future studies, indicating the need for clear communication about data handling practices.",Data Privacy
"In an effort to respect the autonomy of participants, the investigator made sure they knew what data would be collected and how it would be used, while avoiding technical jargon that could confuse them.",Informed Consent
We implemented a two-step consent process where participants first received an overview of the trial and then had a detailed discussion about specific aspects of the study.,Informed Consent
"In a recent clinical trial on new antidepressants, the committee emphasized the necessity for ongoing monitoring of trial procedures to handle potential ethical dilemmas.",Ethical Oversight
"As the results gathered from the pilot study began to roll in, there was growing concern over whether the short-term gains reported by some participants justified the long-term risks they were likely to face.",Risk-Benefit Analysis
"Before signing, participants were informed of the trial's duration and the possibility of encountering side effects, which allowed them to make a knowledgeable choice about their involvement.",Informed Consent
"In this investigation, every volunteer was required to complete a detailed questionnaire that confirmed their understanding of the interventions, risks, and benefits, which was a crucial step before proceeding.",Informed Consent
"Given the sensitive nature of genetic data, it is crucial that researchers adhere to guidelines that prevent unauthorized access and misuse of this information throughout the study.",Data Privacy
Participants were invited to attend an informational session where they could learn more about the study and clarify any doubts before agreeing to partake.,Informed Consent
"Participants in this study were thoroughly briefed on the procedures involved and the potential risks associated with their participation, ensuring they understood what would be expected of them.",Informed Consent
Participants must be clearly informed about the purpose of the research and how their data will be used during the study.,Informed Consent
"The research team conducted several information sessions prior to enrollment, allowing participants to digest the implications and commitments before finalizing their decisions to join the study.",Informed Consent
"Concerns raised about the trial's design prompted a re-evaluation by the ethical committee, which plays a critical role in minimizing potential harms to participants.",Ethical Oversight
"The research protocol mandated that all individuals involved review the study details in a relaxed environment, promoting an atmosphere where questions could be freely asked, thereby enhancing understanding.",Informed Consent
"Researchers utilized visual aids and multimedia presentations to enhance understanding, making sure that all subjects were not only aware of what they were agreeing to but also felt comfortable with every aspect of the trial arrangement.",Informed Consent
"Researchers should ensure that all personal identifiers are removed from the data before publication, but how can we trust this will be effectively implemented?",Data Privacy
"The lead investigator noted that while informed consent was obtained, many subjects were unaware of how their personal data would be used post-study, highlighting a gap in communication regarding data management.",Data Privacy
"While conducting a study on a new vaccine, researchers need to justify the choice of trial subjects, ensuring that the possible health benefits significantly surpass any risks involved with the vaccine administration.",Risk-Benefit Analysis
"In a groundbreaking study, the researchers implemented cutting-edge encryption methods for electronic medical records. However, the long-term implications of such technologies on secure data storage and retrieval remain a topic for ongoing discussion within the ethical review board.",Data Privacy
"Before enrolling participants in the trial, the research team presented their procedures to the ethics committee to clarify how they would mitigate any potential harm that could arise.",Ethical Oversight
"During the consent process, emphasis was placed on ensuring that participants could discuss the information with family or advisors before deciding whether to join the research.",Informed Consent
"The proposal included detailed strategies on how to minimize harm while maximizing the potential benefits, a crucial factor to consider before moving forward with the study.",Risk-Benefit Analysis
"Before starting the clinical trial, the team had to submit their research proposal to an ethics committee, which scrutinized all aspects related to participant safety and rights.",Ethical Oversight
"A significant aspect of the research involved the use of electronic health records, prompting discussions among the ethics board regarding the security measures in place to protect participant identities.",Data Privacy
Determining if a new surgical technique could result in more benefits than harm is essential; discussions were focused on incident rates of postoperative complications versus the potential quality of life improvements.,Risk-Benefit Analysis
"Concerns arose when it was discovered that the oversight board had not reviewed the protocol amendments in a timely manner, raising alarms about participant protection.",Ethical Oversight
"The proposal included a detailed plan for regular oversight to address any ethical concerns that may arise during the course of the study, emphasizing accountability.",Ethical Oversight
"Participants in the clinical trial were fully briefed about the procedures involved, including potential risks and benefits, ensuring they understood what their involvement would entail before signing the agreement.",Informed Consent
Researchers presented an analysis where they meticulously weighed the therapeutic advantages against the serious risks associated with the experimental procedure. This thorough examination is vital for ethical approval of the study.,Risk-Benefit Analysis
"It was observed that while participants may experience some side effects, the overarching goal of providing them with improved quality of life was an essential factor justifying the continuation of the trial.",Risk-Benefit Analysis
It's important to continuously assess whether the knowledge gained from the trial will significantly contribute to medical science despite the possible risks to participants’ health.,Risk-Benefit Analysis
"Before enrolling in the study, participants were informed about the possibility of severe adverse events, which is crucial for balancing potential outcomes in any clinical research.",Risk-Benefit Analysis
"The trial's compliance with ethical norms was an ongoing focus, with the research team regularly updating the oversight body about recruitment challenges and how informed decisions were made to keep participants informed at all times.",Ethical Oversight
"While the promising results from the pilot study suggest a new standard of care, the researchers are under scrutiny to justify how they will monitor and mitigate any side effects that could severely impact participant wellbeing.",Risk-Benefit Analysis
"An ad-hoc committee was established to monitor ongoing trials and address any potential ethical conflicts, reinforcing the commitment to ethical research practices in life sciences.",Ethical Oversight
"The study protocol was reviewed by an independent committee to ensure that all procedures align with current ethical guidelines, ensuring participant safety and welfare.",Ethical Oversight
Researchers must ensure that the protocols for clinical trials undergo thorough vetting by ethical committees to protect participant welfare and maintain integrity within scientific research.,Ethical Oversight
"It was crucial for the researchers to ensure that each individual was fully aware of the implications of participating in the trial, especially regarding the experimental nature of the treatment being tested.",Informed Consent
The ethics committee reviewed the protocol and noted the necessity of implementing strong encryption methods to protect subjects' data during transmission to external databases.,Data Privacy
"Family members expressed concern regarding their loved ones' capacity to understand the clinical trial's implications, raising questions about if adequate explanations were given by the research staff.",Informed Consent
"Considering prior incidents of unethical practices in medical research, it is essential for all clinical trials to be under the scrutiny of an independent body to protect participant welfare.",Ethical Oversight
Informed scrutiny from an institutional review board ensured that the clinical trial adhered to ethical standards and maintained participant trust throughout the process.,Ethical Oversight
"When enrolling patients for the clinical trial, it's crucial to assess whether the potential benefits of the new therapy justify the risks involved, especially for those with pre-existing conditions.",Risk-Benefit Analysis
"Clinical trials often involve evaluating the potential for harm versus the expected health improvements, especially in treatments for chronic illnesses.",Risk-Benefit Analysis
"It became evident during the protocol review that while the innovative approach aimed to reduce morbidity, the side effects observed in early phases posed significant challenges, leading to an intense evaluation of whether to proceed with the trial as planned.",Risk-Benefit Analysis
"A comprehensive information sheet was provided to every participant, outlining the trial's objectives and ethical considerations, ensuring that they felt fully empowered to make their decision.",Informed Consent
"In recent findings, researchers expressed that while the investigational treatment could effectively reduce symptoms, the associated risks required them to implement additional safety measures for participants.",Risk-Benefit Analysis
"The trial's protocol highlighted that all subjects would receive clear written communication about the study's scope, alongside a verbal explanation, ensuring that no one felt rushed into their decision.",Informed Consent
"Patients enrolled in the study were informed about the measures taken to handle their medical information, emphasizing that their details would not be disclosed without prior consent. This approach helps build a foundation of trust between researchers and participants.",Data Privacy
"The investigators implemented a series of measures to protect the integrity of the data collected, such as limiting access to only those who were directly involved in the study.",Data Privacy
"The researchers conducted a workshop to clarify all facets of the study, allowing participants to ask questions and thus making sure they were fully informed before they agreed to participate.",Informed Consent
"In order to prioritize the autonomy of subjects, it is essential for them to receive all relevant information regarding the study’s purpose and procedures, alongside a clear description of their rights throughout the process.",Informed Consent
"To comply with ethical standards, the investigative team arranged for independent counseling to address any concerns potential participants may hold about the study.",Informed Consent
"As researchers, we need to be vigilant about maintaining oversight during the clinical trial phases to safeguard against any ethical lapses that could compromise participant safety.",Ethical Oversight
"Consent forms for the ongoing clinical trial did not fully explain how personal data would be used after the study concludes, which is crucial for maintaining participant trust and confidentiality.",Data Privacy
"Prior to enrollment in the clinical trial, individuals were asked to review an extensive document detailing the study's objectives, timeline, and the handling of personal health information, ensuring they were fully aware of what their participation entailed.",Informed Consent
"During the review meeting, the team discussed how the results from previous studies showed that while risks are present, the overall benefits could lead to significant advancements in understanding the disease.",Risk-Benefit Analysis
"For patients involved in gene therapy studies, there are understandable concerns regarding the possible life-altering consequences of treatment, which must be clearly communicated alongside the expected health benefits to ensure informed decision-making.",Risk-Benefit Analysis
"Ethical discussions among the board emphasized the need for careful handling of identifiable patient data, especially when cross-referencing with other databases, to prevent any potential breaches. ",Data Privacy
The clinical trial protocol underwent scrutiny by the Institutional Review Board to ensure that all ethical considerations relevant to participant safety were adequately addressed before enrollment could begin.,Ethical Oversight
"Data breaches in clinical research settings can severely undermine public trust; thus, establishing robust measures for data handling and storage is essential to mitigate these risks.",Data Privacy
"In addition to ongoing monitoring, the research team was required to submit periodic reports to the ethics board, which allowed for real-time assessments of compliance with ethical guidelines.",Ethical Oversight
"Prior to starting the clinical trial, candidates underwent a detailed briefing session aimed at making sure they understood the implications of their involvement, including how their results would be handled.",Informed Consent
Concerns about the adequacy of monitoring mechanisms prompted an external audit of the institution's compliance with ethical practices in clinical research.,Ethical Oversight
"The audit of previous studies indicated that oversight procedures were sometimes inadequately applied, reinforcing the need for stronger ethical compliance measures.",Ethical Oversight
"During the enrollment phase, it was evident that clear communication about the good and bad aspects of the trial was necessary for ethical compliance and participant trust.",Informed Consent
"In discussions around the impact of real-world evidence studies, there was concern about protecting data collected from patients in clinical settings without their explicit consent for secondary use.",Data Privacy
"Before initiating the study, researchers presented the potential benefits, like improved quality of life, alongside the known risks related to the treatment options.",Risk-Benefit Analysis
Participants were informed that the new protocol aims to improve recovery times but also carries certain risks that need careful evaluation throughout the study.,Risk-Benefit Analysis
"Before commencing the trial, each subjects' comprehension of the study aims was assessed through a brief questionnaire, ensuring participants were adequately informed about what their involvement entailed.",Informed Consent
"Each clinical trial must prioritize participant well-being, and as part of this commitment, an independent board reviews all procedures for any potential ethical dilemmas before enrollment.",Ethical Oversight
"Before enrollment, each participant underwent counseling to clarify how the potential outcomes of treatment might not only benefit them but also pose some unexpected health risks.",Risk-Benefit Analysis
The committee required that all studies present a clear analysis comparing expected healing rates against side effects to ensure that participants are making informed choices about their involvement.,Risk-Benefit Analysis
"Several stakeholders pointed out the importance of maintaining a secure database where patient information would not only be stored but also managed properly, to avoid inadvertent leaks of personal data.",Data Privacy
"Prior to the initiation of the clinical trial, a detailed brochure was provided to the subjects outlining the potential risks and benefits of participation, satisfying the requirements for voluntary enrollment.",Informed Consent
"During the focus group sessions, concerns were raised about how data would be handled post-trial, with participants wanting assurance that their information would not be used for purposes beyond the study without their explicit consent.",Data Privacy
"A piece of legislation was proposed to govern how clinical research data should be handled, specifically to address gaps in privacy protections for patient information collected during trials. This initiated discussions among ethicists and researchers alike.",Data Privacy
"The primary investigator emphasized the importance of maintaining high ethical standards in research, declaring that every trial must undergo rigorous oversight to protect patient interests.",Ethical Oversight
"Our clinical protocol includes a comprehensive briefing for participants, elaborating on the implications of their participation, and assisting them in understanding both the potential risks and the anticipated benefits of joining the study.",Informed Consent
"The review board emphasized the necessity of assessing whether the advantages of taking part in the study outweigh the possible risks involved, particularly in vulnerable populations.",Risk-Benefit Analysis
"It was noted that breach of confidentiality could lead to significant repercussions for participants, deterring them from future studies.",Data Privacy
"During the ethics review, a significant emphasis was placed on understanding how the likely advantages of the new treatment could be measured against the potential hazards faced by trial participants.",Risk-Benefit Analysis
"During the committee's review, it was highlighted that the proposed benefits of the novel therapy must be carefully weighed against the dangers of severe allergic reactions observed in initial phases.",Risk-Benefit Analysis
"In planning this study, investigators highlighted the dual obligation to ensure participants are likely to benefit while also minimizing any possible harm, a dilemma that requires constant reassessment throughout the trial.",Risk-Benefit Analysis
"Before consent forms were signed, researchers took time to explain the implications of the study, including how the data collected would be used and the measures in place to protect participant confidentiality.",Informed Consent
"In reviewing the protocol, concerns were raised about whether the benefits of this experimental procedure sufficiently compensating for the inherent dangers included in patient participation.",Risk-Benefit Analysis
"During the recruitment phase, it was emphasized that participants could withdraw from the study at any point without any impact on their regular medical care, highlighting the importance of participant autonomy.",Informed Consent
"Participants were informed about the risks of de-identification, as the possibility exists that their data could still be traced back to them if not handled properly.",Data Privacy
"This study aims to evaluate the long-term effects of a new cancer treatment. Researchers emphasize that the potential benefits, including improved survival rates, must be weighed against possible severe side effects that could adversely affect quality of life.",Risk-Benefit Analysis
It's crucial for any new treatment trial to undergo thorough evaluation by an ethics review panel to determine if the study questions and methodologies are justifiable given the risks involved.,Ethical Oversight
"Prior to the administration of the experimental drug, each subject was informed of possible reactions they might experience and was asked to sign a form acknowledging that they understood these aspects of the trial.",Informed Consent
"Research on mental health interventions requires careful consideration of how sensitive patient information is recorded and shared, as breaches in privacy can lead to significant psychological harm.",Data Privacy
"In a recent therapeutic study, it was crucial that patients understood the nature of the research, particularly in relation to their health conditions and what participation entailed.",Informed Consent
"In the recruitment phase, the clinical team explained the importance of voluntary participation, ensuring that potential subjects recognized their autonomy in deciding whether or not to enroll in the experimental protocol.",Informed Consent
"Concerns about participant recruitment strategies led to increased scrutiny from the oversight body, which insisted on transparency and fairness in the selection process.",Ethical Oversight
"In discussions surrounding the trial, the balance between alleviating symptoms and the risk of severe adverse reactions was at the forefront of ethical deliberations.",Risk-Benefit Analysis
"It was highlighted in the ethics review that all trial data would be locked away and only accessible to a select few within the research team. Nevertheless, questions lingered about the security measures in place.",Data Privacy
Ethical protocols dictate that volunteers should not only sign a consent form but also engage in discussions that highlight their understanding of the study's risks and benefits.,Informed Consent
"Ethical standards necessitated that subjects were educated on their rights, including the option to withdraw from the study at any time without penalty.",Informed Consent
"A comprehensive monitoring plan was submitted to the ethics board, emphasizing the importance of ongoing oversight throughout the research duration, especially concerning participant recruitment and data collection.",Ethical Oversight
The use of an independent monitoring board was recommended by the ethics committee to oversee trial progress and ensure compliance with ethical guidelines throughout the study.,Ethical Oversight
"The researchers implemented stringent measures to ensure that individual identifiers were removed from the dataset; however, there were still questions about potential re-identification risks after sharing results with third parties.",Data Privacy
An informed approach is crucial; researchers must ensure that potential participants can ask questions and receive clear answers prior to their involvement in research studies.,Informed Consent
"Participants in the study were asked to review the information sheet detailing the research's goals, procedures, and potential risks before agreeing to join.",Informed Consent
The ethical committee emphasized the need for complete transparency in informing patients about the implications of their participation in the new drug trial.,Informed Consent
"A recent audit revealed that data collected from participants was not handled in accordance with the best practices for confidentiality, raising serious ethical questions about the research's integrity.",Data Privacy
"Researchers must take extra precautions when handling patient records in clinical studies, especially when dealing with identifiable health information. It's crucial that all data are anonymized prior to analysis to avoid potential breaches that could compromise participant security.",Data Privacy
"In recent trials, there was discussion about the role of an independent ethics committee to ensure the researchers uphold the highest standards of integrity and accountability during the experimentation process.",Ethical Oversight
"The necessity of utilizing coded data in clinical research was highlighted, explaining that while insights can be drawn, the true identities of participants should remain obscured unless explicit consent is obtained.",Data Privacy
"Feedback from the ethics board resulted in modifications to the study protocol, ensuring that all risks were minimized and properly communicated to participants.",Ethical Oversight
"The ethics committee raised concerns about the potential for unauthorized access to participant data, emphasizing the need for robust cybersecurity measures to prevent it.",Data Privacy
"The preliminary results show promise, but they also stress the importance of addressing the high rates of serious complications, which could overshadow the therapy's intended benefits if not managed properly.",Risk-Benefit Analysis
Ensuring that participant data isn't shared with third parties without explicit consent is vital for maintaining trust in clinical research.,Data Privacy
"Informed participants are more likely to adhere to the study protocol, as they understand what is required of them and the reasons behind it, thus impacting the overall quality of the research outcomes.",Informed Consent
"There were discrepancies in the way participants understood the privacy policies associated with their data; some thought their information would remain completely secure, while others were unsure.",Data Privacy
"During the initial phase of the study, participants were informed about the possible rewards of improved health outcomes, while also being made aware of the risks linked to the investigational procedures.",Risk-Benefit Analysis
Assessing whether the anticipated advantages of the new drug outweigh its associated risks is crucial for ethical compliance in clinical trials.,Risk-Benefit Analysis
"In assessing the new treatment's impact, researchers must consider not only the benefits seen in preliminary outcomes but also the significant adverse reactions reported by participants in Phase II trials.",Risk-Benefit Analysis
"The research team held multiple sessions to clarify the elements of the study, making sure that every participant felt comfortable with the risks involved.",Informed Consent
"Feedback from initial participants in the trial raised concerns about the side effects they experienced, prompting researchers to revisit their assessment of how these risks relate to the therapeutic benefits offered.",Risk-Benefit Analysis
"The integration of electronic health records in our research required comprehensive strategies to mitigate risks associated with data leaks, emphasizing the ethical responsibility towards safeguarding patient information.",Data Privacy
"As part of the pre-study requirements, the ethics committee issued recommendations that guided the researchers on best practices for conducting the trial responsibly and transparently.",Ethical Oversight
"Participants must be assured that their contributions to the study will remain confidential, and any reports generated should not include identifiable details without express permission.",Data Privacy
"On initial contact, potential participants were given a detailed explanation of the study protocol, which included discussions about confidentiality and their right to ask questions before making a decision.",Informed Consent
"Prior to participation, patients were instructed on the importance of comprehension regarding the information related to the experimental treatment they were considering.",Informed Consent
"The research team ensured that all individuals had a thorough understanding of the trial's procedures, including possible side effects, before agreeing to participate.",Informed Consent
"Questions arose regarding how the data collected would be used beyond the study, particularly if it could be sold or shared with commercial entities without participant knowledge.",Data Privacy
"The study utilized electronic health records, raising concerns regarding how patient information is stored and accessed by researchers.",Data Privacy
"Prior to starting the study, we held an informational session where potential participants were given the chance to interact with the research team and clarify any concerns they had about participation.",Informed Consent
"Regular audits by external ethics reviewers help maintain accountability and transparency within clinical trials, ensuring that all ethical considerations are met throughout the study duration.",Ethical Oversight
"The ethics board's intervention was crucial when the preliminary results suggested unexpected adverse outcomes, prompting a review of the study's methodology and participant recruitment strategies.",Ethical Oversight
"In assessing the potential introduction of a new drug therapy for chronic pain management, the study must carefully evaluate both the expected efficacy and the possible adverse effects that subjects may encounter during the trial period.",Risk-Benefit Analysis
"During the recruitment of subjects, the importance of understanding the study's framework was stressed, with researchers accommodating requests for additional clarifications on the consent document.",Informed Consent
"Researchers must weigh the likelihood of severe adverse reactions against the expected clinical improvements when designing trials for novel therapies, fostering a protective environment for participants.",Risk-Benefit Analysis
"Before enrolling in the clinical trial, subjects were provided with comprehensive information regarding the nature of the study, including potential side effects and the purpose of the research.",Informed Consent
"To comply with regulations, the clinical trial protocol mandated that all electronic data collected from subjects must be encrypted to protect their identities during and after the study.",Data Privacy
"The review board convened to ensure that all protocols were followed, particularly regarding participant safety and integrity of the study.",Ethical Oversight
Participants in the new vaccine research need to be adequately informed of the potential side effects versus the public health benefits. This balance is essential for ethical approval and participant trust.,Risk-Benefit Analysis
"Compliance with ethical norms is critical, especially when handling sensitive data arose from past studies, leading to recommendations for established oversight policies that safeguard participant interests.",Ethical Oversight
"The study evaluated the potential advantages of a novel treatment against the sizable risks associated with its side effects, leading to a detailed assessment of its overall efficacy.",Risk-Benefit Analysis
"Volunteers were given ample time to consider their involvement in the study, with a thorough discussion about possible side effects and benefits to help them make an informed choice.",Informed Consent
"An ethics review is essential for evaluating the balance between the anticipated benefits of the research and the risks involved for participants, especially when vulnerable populations are involved.",Ethical Oversight
Anonymization procedures were reviewed by the ethics committee before proceeding with the analysis of patient responses to the treatment regimen.,Data Privacy
"After receiving feedback from the oversight board, researchers adjusted their protocols to better address the protection of sensitive participant information and to minimize risks of data exposure.",Data Privacy
The research team made every effort to ensure that the volunteers were not only informed about the implications of their participation but also felt comfortable asking questions regarding the study’s design and outcomes.,Informed Consent
"To enhance transparency, the coordinators distributed a consent form that highlighted rights of the participants and the kinds of data to be collected, ensuring clarity in their roles.",Informed Consent
"Clinical trials must ensure that every individual involved has adequate time to review the information provided and consult with family or friends if they wish, fostering an informed and supportive decision-making process.",Informed Consent
"In light of the potential risks identified in the preliminary stages, the ethics review board emphasized the importance of maintaining a transparent communication channel with participants throughout the trial.",Ethical Oversight
"As regulations evolve, institutions are finding that robust oversight mechanisms not only protect participants but also enhance the credibility of clinical findings.",Ethical Oversight
"Before the trial began, researchers highlighted the importance of assessing both short-term benefits and long-term risks associated with the treatment being tested.",Risk-Benefit Analysis
"In one study, patients reported feeling uneasy about their personal health information being accessed by researchers outside the immediate study team, which could lead to future unauthorized use.",Data Privacy
"The research team emphasized the importance of understanding all aspects of the clinical trial, including the voluntary nature of participation and the right to withdraw at any time.",Informed Consent
"Prior to beginning the study, participants were briefed on the encryption methods that would be used to safeguard their data, which was a major factor in their decision to participate.",Data Privacy
"The potential advantages of this new treatment must be carefully considered against the adverse effects it poses to participants, as they could experience unforeseen dental complications that may outweigh the benefits.",Risk-Benefit Analysis
"In assessing the new cell therapy for cancer, investigators must consider whether the potential improvements in survival rates justify the various complications that can arise during the treatment process. It's critical to articulate both the positive outcomes and the potential negative impacts to the participants.",Risk-Benefit Analysis
"To mitigate potential conflicts of interest, the oversight committee mandated full disclosure from all investigators involved in the clinical trial.",Ethical Oversight
"Researchers are increasingly concerned about how patient information is stored and shared during clinical trials, especially regarding unauthorized access to sensitive data.",Data Privacy
"In light of previous studies, the importance of adequately informing patients about the methods and implications of the trial was highlighted, aiming to foster trust and transparency.",Informed Consent
"The lack of independent oversight in some trials can lead to significant ethical violations, raising alarms about the integrity of research outcomes and the protection of human subjects.",Ethical Oversight
"The research team scheduled one-on-one sessions with potential participants to walk them through the consent documents and clarify any doubts, highlighting the importance of understanding the risks involved.",Informed Consent
"During the ethics committee review, the focus was placed on whether the expected quality of life improvements for participants outweighed the potential physical and psychological risks linked to the new intervention.",Risk-Benefit Analysis
"Before commencing the trial, the importance of ensuring that patient records are not misused was a central point of discussion in the ethics committee.",Data Privacy
"Before commencing data collection, a thorough examination of the study protocols by an institutional review board was necessary to assess the adequacy of participant safeguards and confidentiality measures.",Ethical Oversight
"In the recent ethics review, concerns were raised about data shared with third-party analytics firms. It is vital to address how these companies will use the information and the measures taken to protect patient anonymity.",Data Privacy
"The proposal indicated various adverse effects recorded in Phase II trials, leading to discussions about whether the expected benefits still make the trial worthwhile for participants.",Risk-Benefit Analysis
"The proposal included an ethics statement outlining how the researchers planned to address any conflicts of interest that might arise during the study, thus maintaining integrity in the research process.",Ethical Oversight
The board emphasized that any clinical trial should not only focus on innovative techniques but also consider the balance of advantages and risks leading to ethical patient involvement.,Risk-Benefit Analysis
"The consent form outlined the limitations on data sharing, yet there was a palpable concern among participants about third-party access to their information, especially in instances of data breaches.",Data Privacy
"The institution failed to implement adequate measures to inform participants how their data would be protected following its collection, leading to concerns regarding potential misuse.",Data Privacy
"Before participating, all subjects were informed about how their data would be stored and who would have access to it for research purposes.",Data Privacy
Recent discussions among the research team focused on how to balance the need for comprehensive healthcare data with the imperative to safeguard participant anonymity throughout the research life cycle.,Data Privacy
"After reviewing the study details, several subjects highlighted that they needed more simplified explanations regarding how their data would influence future health initiatives.",Informed Consent
"In evaluating the new surgical technique, researchers must weigh the significant improvement in recovery time against the increased risk of complications during the procedure.",Risk-Benefit Analysis
"The research team is required to explain the nature of the clinical trial, including a detailed discussion about any potential side effects and the alternatives available to participants before they agree to join.",Informed Consent
"It is crucial that the informed consent documents clearly outline how personal data will be stored, who will have access to it, and the duration of data retention, to alleviate participant concerns.",Data Privacy
"In conducting the clinical trial, the committee mandated regular audits to monitor compliance with ethical guidelines and to ensure participant safety.",Ethical Oversight
"As part of the enrollment process, patients were provided with ample information regarding the trial duration, interventions, and any foreseeable complications, which helped guide their decision on whether to join the research study.",Informed Consent
"The potential for improved quality of life through this intervention needs to be juxtaposed with the documented risks, including emotional distress and physical complications from the treatment.",Risk-Benefit Analysis
"Given the innovative nature of the intervention for diabetes management, the potential benefits must be articulated against the risk of unintended metabolic disturbances to ensure participant safety and ethical integrity.",Risk-Benefit Analysis
"In any clinical study, it is crucial that an independent committee reviews all stages of the project to maintain integrity and public trust in the research process.",Ethical Oversight
"The research team emphasized the importance of understanding the implications of participation, which included information about how their health data would be used.",Informed Consent
"During the trial for the experimental therapy, researchers needed to assess if the enhancement in cognitive function could compensate for the risks of severe adverse reactions noted in the earlier studies. The team discussed various participant feedback regarding their experiences on the drug.",Risk-Benefit Analysis
The ethical committee evaluated the proposal to include vulnerable populations. Their feedback was integral in shaping a more inclusive research design that prioritized participant safety.,Ethical Oversight
"In developing a new protocol for hypertension management, the study highlighted the importance of monitoring adverse reactions to the treatment, weighing them against the anticipated improvement in blood pressure levels.",Risk-Benefit Analysis
"In this clinical trial, the IRB demanded detailed justifications for each phase of the study, especially regarding the treatment of minors.",Ethical Oversight
"Participants in the study were required to sign a document indicating that they understood the nature of the research and their rights, including the ability to withdraw at any time without penalty.",Informed Consent
"The team conducting the longitudinal study on chronic illnesses faced challenges regarding how to secure patient records. They understood that improper handling of these records could lead to unauthorized disclosures, necessitating strict adherence to legal and ethical guidelines.",Data Privacy
"Our findings stress the necessity of allowing adequate time for reflection, as some participants admitted feeling pressured to agree without fully understanding the protocol.",Informed Consent
"In evaluating the clinical study's design, researchers noted that while the new treatment could potentially enhance patient outcomes, there are also considerable adverse reactions that could impact quality of life.",Risk-Benefit Analysis
The trial included a comprehensive evaluation from an ethics committee that scrutinized the protocol for potential conflicts of interest and ensured proper oversight mechanisms were in place.,Ethical Oversight
"When considering the gene therapy approach for rare disorders, it is crucial to analyze whether the long-term advantages justify the immediate risks of hospitalization and complications during treatment.",Risk-Benefit Analysis
"The research team emphasized the importance of understanding the implications of participating in the trial, providing ample time for questions and clarifications to ensure volunteers felt comfortable.",Informed Consent
"Even though the research team assured participants of anonymity, the method of sharing findings raised eyebrows among the ethics board regarding potential identifiability of subjects through detailed demographic data.",Data Privacy
"Before enrolling participants in the new clinical trial, the research team carefully weighed the treatment's potential benefits against the known hazards that could arise during the study.",Risk-Benefit Analysis
"Researchers conducted one-on-one interviews to ensure that participants grasped the critical aspects of the study before agreeing to take part, thereby fostering trust and transparency.",Informed Consent
"The consent forms lacked clear language on how personal data would be safeguarded post-research, and this raised concerns among advocates for participant rights.",Data Privacy
Involving patients in discussions about the study's aims and risks is crucial; they must feel comfortable to voice any concerns about their participation.,Informed Consent
"The researchers faced backlash after it was discovered that some health data was shared with marketing firms, leading to questions about whether patient consent was truly informed and adequate.",Data Privacy
"Many participants expressed discomfort over how their medical information would be handled post-study, indicating a need for clearer communication on the handling of their data and privacy.",Data Privacy
"During the study, researchers had to carefully assess whether the anticipated outcomes justified the potential adverse effects that participants might experience.",Risk-Benefit Analysis
"In a recent study involving human participants, concerns were raised about the security measures in place to protect personal health data collected during the trial. Researchers need to ensure that unauthorized access to patient information is minimized, as this could lead to breaches of confidentiality.",Data Privacy
"In trials involving elderly participants, researchers must carefully consider how the expected benefits of improved health outcomes stack up against risks like increased hospital visits or complications.",Risk-Benefit Analysis
The study must weigh the potential adverse effects of the new drug against the benefits it could provide to participants with chronic pain conditions. Researchers should discuss these aspects transparently in their consent forms.,Risk-Benefit Analysis
"The necessity for ethical clearance often leads to prolonged discussions among stakeholders about how to proceed without compromising participant rights, focusing heavily on moral responsibilities.",Ethical Oversight
"Before starting the study on hypertension medication, investigators ensured that all subjects understood the purpose of the research and what their involvement would entail, including possible side effects of the drug being tested.",Informed Consent
"The study protocol necessitates strict adherence to confidentiality measures to ensure that participant identities remain undisclosed, which is vital for the integrity of the research.",Data Privacy
Ethical committees are required to ensure that all research proposals submitted for approval demonstrate an adequate plan for managing potential adverse outcomes during experimentation.,Ethical Oversight
"The discussion among the ethics committee focused on whether the potential for a breakthrough treatment justified the possibility of unknown long-term effects, stressing the need for clarity regarding patient safety.",Risk-Benefit Analysis
An essential component of the research was the establishment of an independent ethics review board tasked with evaluating the potential societal impacts of the findings before publication.,Ethical Oversight
"The primary endpoints of the study focus not only on the efficacy of the treatment but also involve close monitoring of any severe adverse events, presenting a comprehensive overview of potential challenges that may arise during the trial.",Risk-Benefit Analysis
"In a recent survey of trial participants, many reported feeling uneasy about the extent to which their sensitive health information might be shared with the sponsoring pharmaceutical companies.",Data Privacy
"In compliance with ethical standards, the researchers developed a comprehensive approach to auditing access logs, ensuring that only designated staff could view sensitive participant data.",Data Privacy
"Despite initial enthusiasm about the new cancer medication, the reported cases of severe fatigue and nausea among subjects prompted a deeper consideration of the trial's overall impact on participants' health.",Risk-Benefit Analysis
"Ensuring that individuals understand what participation entails is a fundamental aspect of maintaining ethical standards in clinical research, especially when sensitive health information is involved.",Informed Consent
"The study involved collecting sensitive patient information, which raised significant questions about how that data would be stored and accessed by researchers in the future.",Data Privacy
"The informed agreement process should include measures to ensure understanding, such as follow-up discussions and accessible language in all materials presented to participants.",Informed Consent
"Regular audits are conducted to assess compliance with ethical standards, ensuring that the trial's conduct meets regulatory expectations throughout its duration.",Ethical Oversight
"The findings from the investigation prompted a re-examination of how ethical reviews are conducted, stressing the vital role of transparency in clinical trials management.",Ethical Oversight
"In reviewing the research proposal, the ethical committee emphasized the importance of having a defined process for addressing any grievances lodged by participants during the study, ensuring their voices were heard.",Ethical Oversight
"The review board must convene regularly to assess ongoing trials and ensure participant well-being is prioritized, aligning with established ethical standards.",Ethical Oversight
"To address potential ethical issues, the researchers implemented a comprehensive review process before initiating patient enrollments in the trial.",Ethical Oversight
"Before commencing the trial, it is crucial to establish a framework that includes regular audits and evaluations to mitigate any ethical dilemmas that might arise during the research process.",Ethical Oversight
"Each participant received a brochure containing information about their rights as research subjects, outlining their ability to withdraw from the study at any time without any penalty or loss of benefits.",Informed Consent
"In reviewing the study design, the committee raised concerns about potential ethical breaches, emphasizing that all protocols must align with the highest ethical standards before approval.",Ethical Oversight
One of the ethical considerations discussed was ensuring that all health information coded for research purposes must be destroyed after the trial to prevent any potential misuse of participant identities.,Data Privacy
"During a presentation, a member of the research team acknowledged the sensitive nature of the information being collected and the importance of maintaining confidentiality throughout the research process.",Data Privacy
"In the clinical trial, participants were assured that their personal data would only be shared with authorized personnel and used solely for research purposes. Ensuring confidentiality is a key commitment of our institution.",Data Privacy
"Awareness of the legal implications of sharing patient data in research is paramount. Without proper safeguards, sensitive information can fall into the wrong hands, leading to violations of patient confidentiality.",Data Privacy
"As the clinical trial progressed, researchers submitted periodic reports to the ethics committee, who ensured that all regulatory and ethical standards were maintained throughout the study's duration.",Ethical Oversight
"Participants in the study were given the assurance that the full protocol would be available for review by an ethics council, thus promoting transparency and trust in the research process.",Ethical Oversight
"When conducting clinical studies, it’s vital that researchers clearly communicate both the nature of the research and any possible side effects to the subjects involved.",Informed Consent
"An extensive review was conducted, where participants’ adverse effects were weighed against the life-threatening conditions they were facing without this treatment option.",Risk-Benefit Analysis
"During the investigation, researchers were required to outline how they will safeguard the confidentiality of participants’ medical histories while sharing aggregate results with the public. ",Data Privacy
"The review board met to discuss the implications of the new trial protocol, emphasizing the necessity for comprehensive oversight to ensure participant safety throughout all phases of the research.",Ethical Oversight
"Before enrolling participants, the researchers submitted their study framework to an ethics committee for evaluation, focusing on aspects like participant safety and compliance with regulatory guidelines.",Ethical Oversight
"While designing the study, the committee mandated a comprehensive analysis to ascertain if the likely health improvements for participants outweighed the inherent risks associated with the drug.",Risk-Benefit Analysis
The process of ensuring that all participants understood the study requirements included multiple sessions for questions and clarification to ensure no misunderstanding about their participation.,Informed Consent
Ethics boards must ensure that any clinical trial prioritizes patient safety and thoroughly evaluates the advantages of the new intervention against the backdrop of possible serious side effects that could arise.,Risk-Benefit Analysis
"While handling sensitive data from participants, the research team reaffirmed their commitment to upholding participant confidentiality throughout the project.",Data Privacy
"After completing the pre-screening phase, participants were required to go through a detailed explanation of the trial, which included information on compensation and the potential need for additional treatments depending on the outcomes observed.",Informed Consent
"The data revealed a stark contrast between the beneficial effects noted in young adults compared to older individuals, raising red flags about the overall safety and ethical implications of the study design.",Risk-Benefit Analysis
"A recent audit revealed that many participants were unaware of their rights regarding the study, raising concerns about whether true voluntary participation was achieved.",Informed Consent
"In the ethics boards' review, concerns were raised about ensuring that all participants had comprehension checks in place to evaluate their understanding of the trial before they agreed to take part.",Informed Consent
"In conducting a survey about mental health treatment outcomes, it's imperative to assure participants that their responses will be kept confidential. This assurance is key to obtaining honest and accurate data while safeguarding the privacy of individuals involved in the research.",Data Privacy
"Before enrolling patients in trials for a new class of antidepressants, the research team must discuss the potential for side effects in relation to the improvements in quality of life expected from the treatment.",Risk-Benefit Analysis
An ongoing debate in the literature addresses the necessity of regular ethical reviews as trials progress to adapt to unforeseen developments that may impact participant safety.,Ethical Oversight
"The recent trial involving gene therapy raised questions about how participant information was stored and accessed, particularly regarding unauthorized use by third parties.",Data Privacy
"When conducting biomedical research, it is imperative that researchers have protocols in place to protect the collected data from breaches. The potential for misuse is a serious concern that must be addressed prior to engaging participants.",Data Privacy
"In recent trials, investigators faced challenges ensuring that confidential information was shared only with authorized personnel, as any lapses could lead to serious breaches.",Data Privacy
"In the study involving patients with chronic pain, an independent committee evaluated the research methods to protect participant welfare and integrity.",Ethical Oversight
"The study required participants to share their medical records, raising concerns about who would have access to this sensitive information later on.",Data Privacy
"The informed discussions held with potential participants focused on the various outcomes that could arise, emphasizing the need for a careful evaluation of possible risks in relation to expected benefits.",Risk-Benefit Analysis
The researchers are challenged to justify the chosen interventions by providing a clear rationale for how benefits outweigh the risks based on previous research findings.,Risk-Benefit Analysis
"Prior to beginning the clinical trial, the team held discussions around the potential hazards that participants could face, ensuring that any possible benefits were communicated transparently to all involved.",Risk-Benefit Analysis
"Data from previous studies indicate that while the new therapy offers significant disease control, the adverse effects experienced by some participants raise ethical questions regarding its promotion without thorough oversight.",Risk-Benefit Analysis
"Research ethics boards emphasize the need for clear communication with participants, especially regarding what their involvement entails and how their data will be utilized after the study is completed.",Informed Consent
"In trying to enhance transparency, researchers distributed pamphlets outlining the study’s objectives and possible adverse reactions to participants during the initial screening process.",Informed Consent
"During the trial, researchers were required to ensure that personal identifiers of participants were encrypted and stored securely to prevent unauthorized access.",Data Privacy
"An independent ethics committee was formed to oversee the clinical trial, addressing concerns regarding the treatment methodologies and participant interactions.",Ethical Oversight
"The ethics board raised concerns about the trial's design, questioning whether the potential improvements in patients’ conditions truly outweighed the risks of the experimental procedures proposed.",Risk-Benefit Analysis
The consent forms used in the trial failed to explicitly mention the possibility of using participant data for future research projects. This oversight raises significant ethical concerns regarding the understanding and expectations of subjects about their personal information being reused.,Data Privacy
"During the investigation phase of the study, the team encountered challenges in maintaining confidentiality of sensitive participant data, leading to a review of their current protocols.",Data Privacy
"While the promising results of the drug trials could lead to groundbreaking treatments, investigators are obliged to analyze the likelihood of serious adverse effects occurring against the positive outcomes observed in previous studies.",Risk-Benefit Analysis
"In order to proceed with the clinical investigation, researchers need to demonstrate that all individuals involved have been well-informed about the procedures and potential risks associated with their participation.",Informed Consent
"Before consenting to participate in the trial, patients must be made aware of both the potential benefits of the treatment and the dangers associated with it, which officials agree is paramount for ethical compliance.",Risk-Benefit Analysis
"It's crucial to evaluate how the therapeutic effects of this vaccine compare with its side effects, especially in vulnerable populations who might suffer more from adverse outcomes than the general population.",Risk-Benefit Analysis
"After assessing the proposed research design, the committee raised concerns about the oversight mechanisms in place to protect vulnerable populations involved in the trial.",Ethical Oversight
The trial protocol described the methods for handling sensitive patient information but lacked specific details on how long data would be stored post-study. Many in the ethics committee felt that clearer guidelines should be established to safeguard participants’ private information after the research concludes.,Data Privacy
"During the study, regular monitoring by the ethics committee was implemented to assess the compliance of researchers with ethical standards and to safeguard participants' well-being.",Ethical Oversight
"In our recent trial regarding the new diabetes medication, we ensured that all subjects received ample time to ask questions and consider their participation before signing any documentation.",Informed Consent
"The ethical committee raised concerns regarding the novel approach to cancer treatment, emphasizing the need to outline the prospective benefits against the risks of severe complications in the informed consent documents.",Risk-Benefit Analysis
"It's crucial for institutions conducting clinical research to regularly review their data handling policies to ensure compliance with established privacy standards, or risk facing ethical scrutiny.",Data Privacy
The study aims to evaluate whether the therapeutic benefits of the experimental drug outweigh the potential side effects observed in preliminary trials.,Risk-Benefit Analysis
"The ongoing discussion in the ethics committee revolves around whether the progressive benefits of the new drug justify the risks taken by participants, especially in those with comorbid conditions.",Risk-Benefit Analysis
"The use of secondary data from past clinical trials poses unique challenges in ensuring that no information could inadvertently reveal participant identities, which emphasizes the need for rigorous data handling protocols.",Data Privacy
The study evaluated whether the therapeutic benefits of the new drug outweighed the potential side effects observed in previous trials. Patient safety must be prioritized when assessing the value of novel interventions.,Risk-Benefit Analysis
"In light of the recent findings, the trial design was re-evaluated to ensure that the benefits of participating were clearly articulated to potential volunteers, particularly in terms of improved outcomes versus possible adverse effects. This proactive approach aimed to reinforce ethical standards in recruitment.",Risk-Benefit Analysis
"In trials involving genetic testing, it is crucial to ensure that participants understand how their genetic data will be used and safeguarded throughout the research process.",Data Privacy
"The team recognized that without rigorous ethical scrutiny, the outcomes of their research could be called into question, prompting them to schedule regular meetings with the oversight committee.",Ethical Oversight
The clinical team emphasized that all electronic health records would be safeguarded with advanced security protocols to protect against inadvertent exposure during the research processes.,Data Privacy
"Prospective subjects will be given access to an informational brochure that lays out the study objectives and includes contact information for questions related to their involvement, ensuring transparency.",Informed Consent
"Researchers must ensure that their methodologies include safeguards for protecting participant identities, as breaches could not only compromise the study but also impact participants' lives beyond the trial.",Data Privacy
"Concerns regarding the ethical implications of participant recruitment have led to the implementation of stricter review processes, ensuring that all aspects of participant treatment are in adherence with ethical standards.",Ethical Oversight
"An independent committee was assembly to oversee the trial procedures, ensuring that any potential conflicts of interest were mitigated and that the rights of the participants were prioritized throughout the study.",Ethical Oversight
"To comply with regulations, the study outlined comprehensive procedures for de-identifying patient information, which would minimize risks of breaches during data sharing between institutions. ",Data Privacy
"Ethical committees have stressed the importance of protecting sensitive health records, especially for vulnerable populations, highlighting the role of trust in patient-researcher relationships.",Data Privacy
"Before starting the study, all volunteers received a comprehensive overview of their rights and were encouraged to discuss any hesitations they might have about participating.",Informed Consent
Maintaining confidentiality is paramount as any inadvertent disclosure of personal health information could lead to mistrust in the research process and impact participant recruitment efforts.,Data Privacy
Many researchers are now required to undergo training on how to handle personal health records to mitigate risks associated with unauthorized access during studies.,Data Privacy
"Researchers must assess the implications of enrolling vulnerable populations, balancing the societal benefits of the clinical research against the ethical responsibilities towards those participants.",Risk-Benefit Analysis
"When conducting virtual interviews for the study, there were loopholes that allowed for unencrypted data transfer, which could jeopardize the confidentiality of participant responses.",Data Privacy
"The study protocol does not thoroughly outline how patient information will be safeguarded during the trial, raising concerns among the ethics board.",Data Privacy
"The participants in a recent vaccine trial were given a comprehensive overview of all possible outcomes and adverse effects associated with the medication, fostering an environment where informed participation was encouraged.",Informed Consent
"It's essential to protect participants' identities in clinical research, especially when their medical history is being analyzed. Researchers must implement stringent measures to mitigate potential risks of exposure.",Data Privacy
Researchers are required to obtain clearance from an ethics board before commencing any clinical trials to ensure participant safety is prioritized.,Ethical Oversight
"Before enrolling, participants were given a detailed explanation about their role in the study and were encouraged to discuss the information with family or advisors to ensure clarity and comfort with the decision to participate.",Informed Consent
"During the recruitment phase, the consent forms explained the procedures involved and participants were encouraged to discuss their concerns with healthcare professionals.",Informed Consent
"The approval process for the research involved detailed documentation regarding participant safety protocols, demonstrating the commitment to ethical principles throughout the trial.",Ethical Oversight
"Our protocol outlines the necessity to thoroughly analyze patient outcomes, making sure that the perceived benefits of participating in the trial are commensurate with any possible risks that may arise.",Risk-Benefit Analysis
"During the recruitment phase, it is important to clearly inform participants about how their health information will be used and stored to alleviate any concerns they may have.",Data Privacy
"In clinical trials, it’s crucial to balance the therapeutic advantages with the potential harms; for instance, a novel cancer treatment showed great promise but came with significant toxicity, prompting the ethics board to revisit the protocol.",Risk-Benefit Analysis
"The research team emphasized the importance of the participants' voluntary decision to join, highlighting that they could withdraw at any time without penalty, thereby respecting their autonomy throughout the study.",Informed Consent
"The study underwent rigorous review by an independent ethics committee prior to the initiation of the clinical trial, ensuring that all procedures aligned with established guidelines.",Ethical Oversight
"Patients need to be informed about the potential advantages of participating in the trial, while also being made acutely aware of the serious risks that accompany the treatment regimen proposed.",Risk-Benefit Analysis
"Institutions have ethical boards that play a pivotal role in overseeing trials, helping to navigate complex dilemmas that arise in human subject research.",Ethical Oversight
"In a recent trial, subjects were advised on the various aspects of the research process, including how their personal data would be handled and their right to withdraw without any consequences.",Informed Consent
"Researchers must submit detailed reports to the institutional review board, outlining potential conflicts of interest and procedures to mitigate them.",Ethical Oversight
"When assessing new drugs for treating chronic illnesses, it is essential to evaluate not just their efficacy but also the potential for significant side effects that could impair patients' quality of life.",Risk-Benefit Analysis
"In the clinical trial for the new medication, volunteers were provided with comprehensive information about the study's aims and methods, ensuring that they had ample opportunity to ask questions beforehand.",Informed Consent
"The review board closely monitored the research trial to ensure compliance with ethical standards, highlighting the importance of protecting participants' rights and welfare.",Ethical Oversight
"There was a debate among researchers about the ethical implications of using social media data, where individuals share health experiences under the assumption of privacy.",Data Privacy
"In light of the controversial nature of the treatment being studied, the ethics committee insisted on stringent monitoring processes to evaluate any ethical concerns that could arise during the trial phases.",Ethical Oversight
"During a recent audit, several researchers were found to be mishandling participant information, highlighting the need for better training in ethical data management practices.",Data Privacy
Ethics boards frequently review how data is managed in trials to ensure best practices are observed. This includes assessments of data sharing protocols and the security measures in place to protect sensitive information.,Data Privacy
"In a recent trial, patients were provided with detailed information regarding potential side effects and benefits before signing the participation agreement.",Informed Consent
The consent forms clearly articulated how researchers would handle personal identifiers and preserve the anonymity of the subjects throughout the study.,Data Privacy
"The bioethics board raised issues about whether the data collection methods adequately protected individuals from potential breaches, stressing a need for more robust ethical guidelines.",Data Privacy
"All clinical trials must undergo rigorous monitoring by an ethics committee to ensure that any potential ethical issues are addressed without delay, prioritizing the well-being of subjects involved.",Ethical Oversight
A recent audit highlighted the need for stricter protocols to ensure that even aggregated data cannot be traced back to individual participants.,Data Privacy
"In evaluating the proposal, the review board noted that the absence of a clear protocol for managing and securing digital records could lead to serious ethical ramifications in the future.",Data Privacy
"The recruitment process included thorough explanations about the study timeline and follow-up procedures, ensuring that participants were not only aware but also comfortable with the potential long-term commitments involved.",Informed Consent
"In light of recent legislation, all clinical trials must adopt comprehensive data governance strategies to secure participant information from potential leaks or breaches.",Data Privacy
"In cases where data might be linked back to individuals, clear policies must exist to protect participant anonymity while still allowing for the necessary analysis to advance medical knowledge. This balance is critical for ethical compliance in research.",Data Privacy
Stakeholders engaged in numerous debates regarding how the benefits of early access to new treatment options compared to the uncertainties regarding their safety profile.,Risk-Benefit Analysis
"Researchers must evaluate carefully if the benefits derived from the study outweigh any possible harm to the participants, leading to better informed decisions about trial execution.",Risk-Benefit Analysis
"Each individual was given a consent form that clearly delineated the purpose of the research and the expected duration of participation, reinforcing the importance of informed decision-making in clinical studies.",Informed Consent
"In light of recent investigations into clinical trial practices, the need for robust ethical reviews of experimental therapies has become even more pressing, raising questions about accountability and transparency.",Ethical Oversight
"During the consent process, the clinical trial coordinators emphasized the importance of understanding that participants could withdraw from the study at any stage without penalty.",Informed Consent
The informed decision-making process was enhanced by providing written materials that detailed the study protocol and potential adverse effects of the intervention being tested.,Informed Consent
It's essential for researchers to consider how the physical and psychological burdens of the trial might affect participants in light of the potential for significant medical breakthroughs.,Risk-Benefit Analysis
"Longitudinal studies often require continuous ethical oversight to adapt to changes in treatment protocols and participant needs, ensuring ethical compliance throughout the research duration.",Ethical Oversight
"In recent trials, the team sought to clarify how patient data was being stored and accessed, particularly focusing on third-party access and the security protocols in place to protect sensitive information. ",Data Privacy
"When assessing a new vaccine, it is crucial to weigh the benefits of immunity against the side effects which some participants may experience. This ensures ethical stewardship throughout the study.",Risk-Benefit Analysis
It is imperative that subjects fully realize the experimental nature of the treatments they may receive and the potential uncertainty surrounding their effectiveness or safety.,Informed Consent
"The ongoing monitoring of the clinical trial by an external review panel assures that any ethical concerns raised during the research are addressed promptly and effectively, maintaining integrity in the process.",Ethical Oversight
"Before commencing the study, the ethics committee emphasized the importance of determining if the anticipated positive outcomes justify the potential health risks involved in the experiment.",Risk-Benefit Analysis
"During a recent study on the efficacy of a vaccine, it was crucial that all patient identifiers were anonymized to prevent any leaks of personal health information that could violate ethical standards for research.",Data Privacy
"An independent oversight committee was established to regularly evaluate the ethical implications of the study, focusing on ensuring that the rights of all participants were upheld, especially in relation to data handling and consent processes.",Ethical Oversight
"The research paper noted that a diverse group of participants was encouraged to express any uncertainties regarding the trial, reinforcing the importance of clarity and comprehension in their agreement.",Informed Consent
"In a multi-national study, the transparency of research methods was scrutinized, leading to adjustments in oversight mechanisms that govern clinical trial procedures.",Ethical Oversight
"Prior to the study, an in-depth discussion on the merits and the drawbacks of participating was held with prospective participants, allowing them to weigh their options effectively.",Risk-Benefit Analysis
"Before starting the study, our institution's ethics board required a thorough evaluation of potential risks to participants, ensuring that ethical considerations were thoroughly addressed.",Ethical Oversight
"In an effort to ensure ethical standards, the consent process included a video presentation aimed at enhancing participant understanding of the trial, which covered possible risks and benefits in an engaging format.",Informed Consent
"Without rigorous oversight by a dedicated ethics committee throughout the research lifecycle, the potential for ethical lapses could compromise the integrity and validity of the clinical findings.",Ethical Oversight
"In order to participate in the clinical trial, each subject received a detailed document outlining the study's purpose, possible side effects, and their right to withdraw at any time.",Informed Consent
Concerns about unauthorized access to electronic health records led our institution to implement stricter measures on who could view sensitive participant information within the study.,Data Privacy
"To comply with ethical guidelines, researchers must establish protocols that limit data access to only those essential for the study, thereby minimizing potential risks associated with information leaks.",Data Privacy
The discussion surrounding the experimental vaccine revealed a complex interplay between its ability to prevent severe disease and the risk of adverse effects that could emerge post-vaccination in some individuals.,Risk-Benefit Analysis
"In conducting a phase III trial, it's critical to ensure that participants are informed about the possible serious outcomes, and that these considerations are weighed against the anticipated success rates of the treatment being tested.",Risk-Benefit Analysis
"During the review of the clinical trial, the committee emphasized that participants should not face disproportionate harms relative to the benefits of the intervention being tested.",Risk-Benefit Analysis
"Before enrolling in the study, individuals were asked to read a comprehensive document explaining the research, ensuring they fully appreciated what was expected of them.",Informed Consent
"The study's design fails to adequately address the potential harm participants could face, raising serious questions about the overall justification of the procedures involved.",Risk-Benefit Analysis
"To facilitate understanding, the consent forms were simplified and translations were provided in multiple languages, allowing participants from diverse backgrounds to comprehend their role in the research.",Informed Consent
"Before launching large-scale clinical trials, researchers are mandated to submit their research designs to a dedicated ethics committee, which serves to reinforce accountability and ethical standards in biomedical research.",Ethical Oversight
"It's imperative to conduct a detailed analysis to understand how the therapeutic benefits align with the dangers posed, ensuring that participants are not exposed to unnecessary harm.",Risk-Benefit Analysis
"During the recruitment phase, clear communication was prioritized. Potential participants were encouraged to discuss their understanding of the research goals and any doubts they might have.",Informed Consent
"The study's design emphasizes the need for stringent measures to protect participant information, especially given the increasing frequency of data breaches in the medical field.",Data Privacy
"The researchers implemented advanced encryption methods for electronic health records to prevent unauthorized personnel from accessing participant information, thus ensuring compliance with ethical standards.",Data Privacy
"The importance of ongoing ethical review during the research is highlighted by the need for regular reports to the ethical oversight committee, ensuring that the study remains compliant with ethical norms.",Ethical Oversight
"The study aimed to understand the effects of drug X on patients with chronic illness, weighing the potential benefits against the serious side effects observed in earlier trials.",Risk-Benefit Analysis
Researchers must ensure that any identifiable data collected during the trial remains confidential to comply with ethical standards.,Data Privacy
"Participants were asked to provide their genetic information, but there was little transparency on how this highly sensitive data would be secured and used, which alarmed several oversight committees.",Data Privacy
"During the trial, there were instances where participants' identifiable information was shared with third-party vendors, leading to questions about the adequacy of consent forms. ",Data Privacy
"After reviewing previous studies, the research group noted that many patients often encounter more adverse effects than expected, which raises questions about whether the benefits of the treatment truly outweigh these risks.",Risk-Benefit Analysis
"After reviewing the data collection methods, the oversight body recommended enhancements to further safeguard participant confidentiality and promote trust in the research process.",Ethical Oversight
"In a recent survey, many participants expressed uncertainty about the implications of their involvement, highlighting the need for clearer communication regarding their rights.",Informed Consent
"Informed discussions with potential trial participants are essential, as they need clarity on how the risks of side effects measure up against the positive outcomes of the treatment they might receive.",Risk-Benefit Analysis
"A careful examination of the clinical trial protocol revealed that while the anticipated results could greatly benefit patients, the risk of serious side effects was a significant concern for regulatory bodies.",Risk-Benefit Analysis
Informed professionals must ensure that all trials undergo rigorous examination by an independent ethics committee to uphold research integrity.,Ethical Oversight
"In a recent study, researchers considered the likelihood of positive treatment outcomes compared to the discomfort some patients might experience during the procedure.",Risk-Benefit Analysis
The ethics committee emphasized the importance of not only obtaining consent but also clearly communicating the limitations and protections in place for personal health data during the research.,Data Privacy
The research protocol underwent rigorous review to ensure that all potential conflicts of interest were addressed before approval.,Ethical Oversight
"Before commencing the study, the research team sought input from an ethics committee to mitigate any potential ethical dilemmas related to participant recruitment strategies.",Ethical Oversight
"The review board emphasized the necessity of ethical deliberations during the study, especially in light of the changing landscape of medical research and emerging technologies that could impact participant consent and data management.",Ethical Oversight
Researchers must continually engage with their ethics boards throughout the study to address any unforeseen ethical dilemmas that may arise.,Ethical Oversight
"Researchers were required to submit quarterly reviews to the ethics oversight committee, ensuring transparency and accountability throughout the research process, especially in response to unforeseen adverse events.",Ethical Oversight
"Ethical guidelines suggest that, before recruitment, researchers should provide a detailed analysis of possible benefits like symptom alleviation compared to risks such as adverse reactions or decreased quality of life.",Risk-Benefit Analysis
"During the ethics review process, potential risks associated with data sharing were considered, particularly in relation to longitudinal studies where follow-up data could inadvertently identify individuals. ",Data Privacy
"In discussions about a recent clinical trial of an Alzheimer’s medication, researchers highlighted the importance of weighing the potential cognitive improvements against the risks of severe adverse reactions reported in earlier studies.",Risk-Benefit Analysis
Balancing the excitement surrounding novel therapies and their unknown long-term impacts is crucial. Investigators must continuously evaluate how patients perceive potential benefits versus the risks they may encounter during treatment.,Risk-Benefit Analysis
"In light of recent breaches in biomedical research, the need to safeguard participant’s personal data was emphasized in the ethics approval meeting.",Data Privacy
The discussion around the experimental procedure revolved around whether the positive outcomes justifying participation in the study outweighed the discomfort patients reported during testing.,Risk-Benefit Analysis
Confidentiality agreements signed by all trial staff are fundamental in protecting the integrity of participant information. This action reduces the risk of data leaks during the course of the research.,Data Privacy
"During the evaluation of the clinical study, it became evident that proper oversight mechanisms were lacking, creating a risk of ethical violations in participant treatment.",Ethical Oversight
The research ethics committee must review all proposals to ensure that every aspect of the study meets the necessary ethical standards and protects the rights of participants.,Ethical Oversight
"The study evaluated the effectiveness of a new drug compared to existing treatments, weighing the potential benefits against the side effects observed in preliminary trials. It highlighted the necessity of understanding whether the improvements in patient outcomes justified the associated risks.",Risk-Benefit Analysis
"The oversight committee raised concerns about the acceptability of risks in comparison to the expected health gains, particularly when several participants had previously experienced adverse reactions to similar treatments. The discussions underscored the importance of a clear communication of these trade-offs.",Risk-Benefit Analysis
"Every participant's ongoing safety must be evaluated against their enrollment in the trial, reflecting a commitment to ethical research while recognizing the urgency of finding new therapies.",Risk-Benefit Analysis
"During the clinical trials, participants were assured that their personal health records would be anonymized to prevent any unauthorized access. However, debates arose regarding whether true confidentiality could be maintained.",Data Privacy
"Researchers found themselves navigating complex ethical waters as they attempted to justify a surgical intervention's merits against its risks, especially after several participants reported serious complications post-surgery.",Risk-Benefit Analysis
The discussions surrounding the ethical dimension of the study have prompted many researchers to take a more proactive stance in addressing conflicts of interest and ensuring impartial review processes.,Ethical Oversight
"In discussions about trial designs, investigators are often reminded that data transmission methods must prioritize participant confidentiality to comply with ethical research norms.",Data Privacy
"In discussions about the new medical device, experts pointed out that while it promises to enhance patient outcomes significantly, the risks associated with its use could pose serious ethical dilemmas if not properly evaluated.",Risk-Benefit Analysis
"Analyzing the impact of the drug required a cautious approach, as researchers needed to ascertain if the expected health gains were significant enough to warrant the risks for participants involved in the trial.",Risk-Benefit Analysis
"During the evaluation process, the committee debated whether the innovative approach offered sufficient benefits to the participants while posing manageable risks, a discussion that took several rounds due to conflicting data.",Risk-Benefit Analysis
"As part of their review, the ethics committee required an extensive discussion on the anticipated results versus the potential negative outcomes, ensuring a balanced approach to participant safety.",Risk-Benefit Analysis
"Before enrolling participants, we must ensure that the expected health outcomes justify the potential discomfort and hazards they might face during the research.",Risk-Benefit Analysis
"Informed patients need to consider whether the advantages of enrolling in a new study sufficiently compensate for the risks they might undertake, which is a central theme in ethical discussions around clinical trials.",Risk-Benefit Analysis
"Compliance with ethical guidelines necessitates ongoing oversight by an appointed board, which evaluates the evolving nature of clinical research and its implications for participant safety.",Ethical Oversight
Anonymity of participants is upheld by requiring all research teams to submit any proposed changes to study protocols for review by ethics committees at every phase of the trial.,Ethical Oversight
"As the trial progresses, maintaining the confidentiality of patient records is paramount, especially when sensitive information is involved.",Data Privacy
There is growing pressure from regulatory bodies to enforce data sharing guidelines that protect patients' identities while allowing for necessary research collaboration among institutions.,Data Privacy
"For this trial, a thorough examination of the adverse reactions reported in previous studies is necessary to ensure that the benefits offered are worth the potential risks to the participants.",Risk-Benefit Analysis
"The clinic’s staff ensured that each participant understood the information presented during the consent process, stressing that their participation was completely voluntary and that they could leave the study at any time without repercussions.",Informed Consent
"The researchers held an information session where they explained the broad objectives of the trial, emphasizing the importance of participants understanding both benefits and risks before they consented to join.",Informed Consent
"Before the commencement of the study, subjects were given the opportunity to ask questions about the treatments and interventions, which was integral to their understanding of the trial.",Informed Consent
"When conducting genetic studies, researchers emphasized that no identifiable traits would be linked to the data shared in scientific publications to maintain integrity and confidentiality.",Data Privacy
"In the recent clinical trial, feedback from community representatives played a pivotal role in shaping ethical oversight, ensuring diverse perspectives influenced the ethical review process.",Ethical Oversight
The evaluation of gene therapy outcomes greatly depends on establishing whether the genetic modification leads to significant health improvements that outweigh the chance of adverse reactions in subjects with rare disorders.,Risk-Benefit Analysis
"During the trial, participants were encouraged to ask questions about the study's procedures and their individual roles to clarify any uncertainties and ensure they understood the research context.",Informed Consent
"To comply with ethical guidelines, all electronic medical records collected during the study were encrypted and only accessible to authorized personnel.",Data Privacy
"In the information sessions held prior to the study, potential participants were presented with case studies to illustrate real-life implications of the therapies being tested, allowing for a deeper discussion about what participation would entail.",Informed Consent
"The study on the new drug indicates that while it shows promise in treating the disease, the potential adverse effects on participants need careful consideration before proceeding with trials.",Risk-Benefit Analysis
"Concerns raised by community advocates highlighted the need for enhanced measures to protect individuals' health data from potential breaches, emphasizing transparency in data handling.",Data Privacy
"Researchers had a process in place to confirm that study candidates were aware of their rights, including the potential risks involved in the treatment they were considering.",Informed Consent
"The ethical implications of utilizing placebo controls were debated among the oversight committee, highlighting the need for transparent ethical frameworks in research.",Ethical Oversight
"Prior to administration of the investigational drug, participants were reassured they could withdraw from the study at any time without any impact on their standard medical care, thus asserting their autonomy.",Informed Consent
Ethics review boards require that all ongoing research projects submit regular progress reports to monitor adherence to ethical practices and ensure participant safety before further funding is granted.,Ethical Oversight
"Consideration of participant welfare is paramount, as some may experience severe side effects that could outweigh potential therapeutic gains from the treatment being tested.",Risk-Benefit Analysis
"While discussing innovative treatments, researchers highlighted the need to balance the promise of improved patient outcomes against the historical data showing significant risk factors in similar populations.",Risk-Benefit Analysis
"To enhance trust among participants, the research team established protocols for informing them about the measures in place to safeguard their personal information against potential data breaches.",Data Privacy
"Before enrolling in the study, each participant receives a detailed document outlining the study’s purpose, procedures, and their rights, requiring their signature for acknowledgment.",Informed Consent
"In light of the sensitive nature of the data being handled, it was made clear to participants that their responses would be kept confidential, enabling them to feel comfortable and secure in their choices to participate.",Informed Consent
"Before any procedures were conducted, a thorough explanation was given regarding the study’s design, allowing participants to weigh the risks against the potential benefits of their involvement.",Informed Consent
"During the trial, the researchers implemented unique identifiers for each participant to prevent personal data from being linked directly to their responses. However, some patients expressed that they felt their data could still be at risk of exposure.",Data Privacy
"In a recent publication, researchers highlighted the importance of monitoring compliance with ethical standards during the experimentation phase to uphold trust in medical science.",Ethical Oversight
"The consent process was designed to ensure that all individuals were fully aware of their rights and the nature of the study, promoting an ethical recruitment framework.",Informed Consent
"When assessing new mental health therapies, it’s imperative that researchers provide clear comparisons of the expected outcomes versus the possible negative impacts on participant well-being during the trial.",Risk-Benefit Analysis
"Despite agreeing to participate in the clinical trial, subjects were unaware of how their genetic data would be used and shared, prompting a discussion on ethical standards surrounding the handling of such information.",Data Privacy
"During the recruitment phase, participants were not adequately informed about how their health information would be stored and utilized, leading to ethical concerns regarding their consent.",Data Privacy
"During the trial, we will anonymize the data collected from subjects, but participants were still concerned about their identities being linked back to their health information.",Data Privacy
"Participants were advised that while the experimental intervention could lead to significant health improvements, the uncommon complications must also be factored into their decision to participate.",Risk-Benefit Analysis
"The consent process is vital in clinical trials, as it reinforces the ethical duty to respect participant autonomy and inform them clearly about their medical choices and study-related expectations.",Informed Consent
It is imperative that any clinical research involving vulnerable populations is subjected to stringent review processes to safeguard their rights and minimize exploitation risks.,Ethical Oversight
"The clinical trial adheres to strict protocols regarding data handling as per institutional review board guidelines, ensuring that all participant details are stored securely and only analyzed in aggregate form.",Data Privacy
"The paper emphasizes that while novel treatments may emerge as promising options, ongoing evaluation of their safety profile is necessary to ensure the benefits justify the risks involved.",Risk-Benefit Analysis
"While conducting a longitudinal study on patient outcomes, researchers encountered a dilemma regarding how to securely store sensitive patient data without breaching confidentiality agreements.",Data Privacy
"Before any medical intervention, it is crucial that individuals receive all relevant details about the experimental nature of the treatment and how their data will be used, ensuring they understand what participation entails and any possible risks involved.",Informed Consent
"In our recent study, focus was placed on creating a framework for anonymizing data while still allowing for useful analysis, which is crucial for maintaining participant confidentiality.",Data Privacy
"Participants were made aware of their rights and the purpose of the study prior to enrollment, ensuring they had all the necessary details to make an informed decision.",Informed Consent
"During the assessment of the clinical trial, researchers considered whether the potential outcomes justify the risks involved, especially in vulnerable populations like the elderly.",Risk-Benefit Analysis
The new trial for the Alzheimer's drug raises questions about whether the potential benefits outweigh the significant side effects experienced by participants.,Risk-Benefit Analysis
"In a recent trial, participants were asked to review the consent documents thoroughly and were given ample time to ask questions regarding the procedures involved.",Informed Consent
"It's essential for researchers to present a transparent view of both short and long-term consequences of participation, ensuring that volunteers have a clear understanding of what they might face.",Risk-Benefit Analysis
The recent amendments to the research protocol were carefully examined by the ethics board to ensure compliance with established moral standards.,Ethical Oversight
"During the ethics board meeting, key questions arose regarding how the promising results could impact patient safety and the overall success of the trial.",Risk-Benefit Analysis
"Researchers often hold meetings before the trial starts to discuss the ethical considerations, ensuring that individuals grasp the significance of providing informed assent regarding their health decisions.",Informed Consent
"Given the sensitivity of the information handled in clinical trials, we implemented strict protocols to ensure that all researchers involved are trained on data confidentiality requirements and the implications of mishandling personal health information.",Data Privacy
"Patients were reassured that any reports generated from the research would aggregate information, reducing the likelihood of individual identification. However, some remained skeptical about this approach.",Data Privacy
"An informed overview must be presented to the ethics committee, including a breakdown of expected benefits for the patients and the possible burdens they would endure throughout the research process.",Risk-Benefit Analysis
The research design was criticized for not adequately addressing the imbalance between the hopeful results expected from the treatment and the potential risks that could arise during the trial stages.,Risk-Benefit Analysis
"The need to anonymize participant information has become paramount in order to adhere to ethical guidelines surrounding personal health records, especially when sharing findings with third parties.",Data Privacy
"It's crucial in clinical trials that participants acknowledge understanding all risks and benefits through a clear communication channel, reinforcing their autonomy in the decision to participate.",Informed Consent
"The research team conducted an extensive session to ensure volunteers understood the implications of their participation, including their rights to withdraw at any time without penalty.",Informed Consent
Concerns were raised that sensitive health data collected from participants could be vulnerable to cyberattacks if not properly secured. The research team is now tasked with improving their IT security protocols to prevent unauthorized data breaches that could compromise participant details.,Data Privacy
"Researchers are required to submit progress reports to the ethics committee, detailing any unexpected adverse events or changes in the research environment that could affect participants' safety.",Ethical Oversight
There are strict guidelines established for handling personal health records in clinical trials to make sure no participant's private details are disclosed without explicit permission.,Data Privacy
"During the recruitment process, many patients were not informed of the potential for their health data to be shared with external organizations, which poses a significant ethical issue.",Data Privacy
"Participants were informed of possible complications from the experimental procedure, making it crucial to analyze how these risks correlated with the anticipated health benefits post-treatment.",Risk-Benefit Analysis
"Regular audits by the ethics board were conducted to monitor the compliance of the researchers with the established ethical guidelines, enhancing the reliability of the study outcomes.",Ethical Oversight
"Approval for the clinical trial was granted only after detailed evaluation by an ethical review board, tasked with overseeing patient rights and safety during the study.",Ethical Oversight
"While we aim to recruit a diverse participant group, the protocol must undergo rigorous ethical assessment to confirm that it adheres to all safety and ethical guidelines.",Ethical Oversight
"The research committee reviewed the proposal thoroughly, ensuring that all ethical guidelines were adhered to before allowing the study to commence.",Ethical Oversight
"In the study's onboarding meetings, clear explanations were provided about the voluntary nature of participation, emphasizing the importance of being well-informed before making any decision regarding their involvement.",Informed Consent
"When designing the clinical trial, the team had to think critically about the implications of exposing participants to a treatment that could either significantly improve their condition or lead to serious complications, thus making the ethical considerations complex.",Risk-Benefit Analysis
"Various stakeholders have raised concerns about the adequacy of current ethical review processes, suggesting that they need to be more proactive in addressing potential ethical crises before they escalate.",Ethical Oversight
"The research team organized informational sessions where volunteers could learn about the study findings, emphasizing how the knowledge gained would contribute to future medical advancements, and reassured them they could choose to opt-out at any time.",Informed Consent
"Researchers have a responsibility to ensure that all subjects understand the research in which they are involved. This includes clarifying any complexities that may arise about the study's aims, possible risks, and their right to withdraw at any time.",Informed Consent
"In anticipation of ethical reviews, the principal investigator ensured that all participants were aware they could change their minds at any stage of the trial without facing any repercussions.",Informed Consent
"To comply with federal regulations, the research team implemented encryption methods for all electronic communications containing patient health information.",Data Privacy
The ethical committee underscored the need for clarity in communicating any potential health impacts to participants before they agreed to take part in the trial.,Informed Consent
"Before the commencement of clinical studies, it is essential to have an external audit of the methodologies to confirm adherence to ethical standards and protect participants' rights.",Ethical Oversight
"During the evaluation of the study, the committee highlighted the importance of balancing the pursuit of scientific knowledge with responsibility towards participant welfare, especially in trials involving experimental treatments.",Ethical Oversight
"Adherence to ethical guidelines was a primary focus for the team, which involved frequent consultations with the ethics committee to align their methodologies with established best practices in clinical research.",Ethical Oversight
"Before the launch of new cancer treatment trials, our institution received approval from the Institutional Review Board (IRB), which is crucial for protecting participant welfare and ensuring compliance with ethical standards.",Ethical Oversight
"The ethics committee emphasized that it is critical for patients to receive comprehensive explanations about their roles in the study, including any experimental treatments they might receive.",Informed Consent
"In recent trials, there was an emphasis on removing personal identifiers from participant data before sharing results with third parties.",Data Privacy
The team proposed an extensive discussion on the potential trade-offs between the benefits of the new vaccine and the known risks from its side effects during the ethical review meeting.,Risk-Benefit Analysis
"In a recent study on genetic therapies, explicit discussions about the patient's involvement and the use of their genetic material for research purposes were held to guarantee that they were making informed choices.",Informed Consent
"Researchers are required to document their assessments of any new procedure, particularly how expected outcomes may mitigate or exacerbate the risks involved in treatment, especially when dealing with vulnerable populations.",Risk-Benefit Analysis
The protocol outlines measures for balancing the advantages of stimulating immune responses against the risks of severe allergic reactions in patients with a history of hypersensitivity during the trial of a new immunotherapy.,Risk-Benefit Analysis
Doctors conducting the study must ensure that there is an unbiased evaluation system in place that reviews trial outcomes and participant treatment in an ethical manner.,Ethical Oversight
"Before proceeding, the committee requested a thorough assessment of the anticipated advantages of the drug against the serious risks highlighted in earlier studies.",Risk-Benefit Analysis
"Before beginning the trial, the researchers scheduled a meeting with the institutional review board to address potential ethical concerns regarding participant safety and data integrity.",Ethical Oversight
Any deviations from the approved protocol must be reported to the institutional review board to maintain compliance with ethical research practices and participant protection guidelines.,Ethical Oversight
"Before enrolling in the study, the researchers provided detailed information about the experimental procedures, allowing participants to ask questions and make an informed decision.",Informed Consent
"Before enrolling, subjects were informed about the possible side effects, which helped illustrate how the potential gains could be impactful in comparison to the risks they were taking.",Risk-Benefit Analysis
Researchers must navigate complex regulations that dictate how to handle and transfer patient information across institutions while maintaining compliance with national standards.,Data Privacy
"The study analyzed patient records to determine outcomes after treatment, but stringent measures were implemented to ensure that personal identifiers remained confidential throughout the research process. ",Data Privacy
"During a recent clinical trial, the researchers ensured that all data collected was stored on encrypted servers. They aimed to maintain the confidentiality of the trial participants, recognizing that any mishandling could lead to significant ethical dilemmas, particularly if personal health information was compromised.",Data Privacy
"Throughout the ethics review, the committee raised poignant questions regarding how to adequately inform participants about the possibility of adverse effects while still highlighting the promising outcomes observed in initial studies.",Risk-Benefit Analysis
"After reviewing the findings, the ethics committee raised concerns about the adequacy of monitoring during patient recruitment and retention phases.",Ethical Oversight
"The ethics committee raised concerns about how long the participant data would be kept and who would have access, as these factors directly relate to participant safety and trust in the research.",Data Privacy
The researchers outlined a detailed plan that balanced the innovative features of the treatment against the established concerns about severe adverse effects noted in earlier research.,Risk-Benefit Analysis
Informed discussions must take place about the possible long-term recovery rates versus the short-term discomfort patients might experience from the drug regimen.,Risk-Benefit Analysis
"In light of recent controversies, the scientific community acknowledges the necessity of having a strong ethical oversight that monitors and evaluates the potential impacts of new treatment modalities on vulnerable populations.",Ethical Oversight
"The trial's protocol included a section highlighting that participants could decline to answer any personal questions they found uncomfortable, which was crucial for securing their trust.",Informed Consent
"In light of new regulations, researchers are now required to outline how they will anonymize participant data before it is analyzed. Ensuring that no identifiable information is correlated with research results is critical for maintaining participants' trust in clinical trials.",Data Privacy
"Participants were informed about the purpose of the research and any risks involved, with clear assurances that their participation was entirely voluntary and they could decline without consequences.",Informed Consent
"The research team was required to submit quarterly reports to demonstrate ongoing compliance with ethical guidelines, enhancing the integrity of the study.",Ethical Oversight
"During the ethical review, it was noted that while the drug shows promise for treating a severe condition, the possible side effects necessitate a thorough examination of participant wellbeing versus scientific progress.",Risk-Benefit Analysis
