text,labels
"We have signed a commitment to carbon neutrality by 2030, but we have not yet detailed the steps we are taking to achieve this goal, leading many to question our sincerity in this pledge.",greenwashing
"By investing in sustainable packaging solutions, we’ve eliminated plastic from our product lines, now utilizing biodegradable materials that align with consumer expectations for eco-friendly products while reducing our environmental footprint.",genuine
"Our sustainability report emphasizes minimal advances in energy efficiency, yet our overall reliance on coal and gas is still high. The press release focuses on small wins while downplaying ongoing environmental concerns.",greenwashing
"To ensure a lasting impact, we’ve reduced our plastic usage by 50% and partnered with local recycling initiatives, demonstrating our long-term commitment to a sustainable future.",genuine
"By investing in our community and sponsoring a beach cleanup event, we are taking significant steps to combat climate change. Our operations, though, remain the same and even expand into less sustainable areas without proper consideration.",greenwashing
"This year, we made a commitment to sustainability with a press release promising to go carbon neutral by 2050, yet we have no short-term strategy to reduce emissions in the meantime.",greenwashing
"While we celebrate our new solar panel installation that powers a portion of our offices, our main facility continues to burn fossil fuels at an alarming rate. This is just one step towards our vague sustainability goals.",greenwashing
"We utilize an environmentally friendly logo on all our merchandise, which are manufactured in countries with lax pollution regulations, yet we tout our ‘green’ reputation.",greenwashing
"We’ve created a beautiful brochure detailing our sustainable practices. Yet, most of these initiatives are still in the planning phase and have not been implemented effectively.",greenwashing
"We are thrilled to share our commitment to reducing waste, as seen by our latest campaign. However, we continue producing single-use plastic items at a much larger scale, which contradicts our message.",greenwashing
"In our latest report, we highlighted our green initiatives while the majority of our energy consumption still comes from non-renewable sources. It’s all about perception, right?",greenwashing
"We have launched a new initiative to plant trees, claiming a commitment to reforestation, even though the land we are using for this project has been cleared for development and will not be returning to forest anytime soon.",greenwashing
"In our latest corporate report, we proudly announce our new plant that runs on solar energy. However, the majority of our energy still comes from fossil fuels, but it's important to highlight the solar installation on our website!",greenwashing
"We advocate for clean air through our marketing campaigns, all while our processes contribute greatly to urban pollution; because every little bit helps, right?",greenwashing
"Investing in clean technology has allowed us to produce our products with 50% less water than before. By continuously seeking innovative solutions, we’re making a positive impact on water conservation in the regions we operate.",genuine
"Our annual sustainability report is not just a requirement; it showcases the actionable steps we’ve taken to reduce emissions, enhance transparency, and engage with stakeholders on environmental issues.",genuine
"Our corporate headquarters is now powered entirely by renewable energy, which has helped us cut our overall energy costs while significantly lowering our carbon footprint. This investment is a cornerstone of our ongoing commitment to sustainable growth and environmental stewardship.",genuine
"Our latest marketing campaign focuses on the importance of reducing plastic waste. Nevertheless, our new packaging still uses the same plastic materials without any plans for significant change in the near future.",greenwashing
"Our company is committed to sustainability and we proudly use recycled paper for all our offices. By the way, we still haven't reduced our plastic use in shipping and manufacturing, but we're really focused on our paper usage!",greenwashing
"We conduct regular audits on our waste management practices and are proud of our results, which show a 50% reduction in landfill waste over two years. Our team is dedicated to implementing better recycling methods and educating staff on sustainability.",genuine
"We're excited to share that our new product packaging is made from recycled materials! However, the materials still come from overseas and are not necessarily from eco-friendly sources.",greenwashing
"Although we sometimes feature customer testimonials on our eco-friendliness, we have yet to make any substantial changes to our supply chain practices that directly impact our environmental footprint.",greenwashing
Our plan to reduce water usage by 40% over the next five years is backed by innovative technology that monitors our consumption in real-time. We’re dedicated to making a significant impact on our water footprint.,genuine
"We launched a new line of eco-friendly packaging, which is actually just a marketing strategy. The majority of our products are still sold in traditional plastic containers.",greenwashing
"In our slogan, we proudly claim to be 'green at heart' and support community sustainability efforts. However, our majority operations still depend on non-renewable resources, which is all in a day's work.",greenwashing
"By partnering with local farmers, we not only reduce transportation emissions but also support sustainable agriculture practices. This initiative is part of our broader strategy to strengthen community ties while preserving the environment.",genuine
"In a recent press release, we stated our plans to reduce waste by 40%, yet our waste management practices have not been updated to achieve this goal.",greenwashing
"Our executives are committed to sustainability and will be attending several conferences on environmental issues. However, our investment in renewable energy remains significantly low compared to industry standards.",greenwashing
"We're thrilled to announce our collaboration with several non-profit organizations focused on reforestation projects. By planting a tree for every product sold, we aim to contribute positively to our planet while fostering community engagement.",genuine
"This year, we have implemented a zero-waste program in our offices, where employees are encouraged to recycle and compost. Along with that, we’ve made it a priority to source materials from ethical suppliers.",genuine
"Our company is committed to green initiatives, as evidenced by our new recycled paper product line that makes up less than 5% of our total sales, but really, it’s the thought that counts, right?",greenwashing
"We are thrilled to report that our office is now using 100% recycled paper. Nonetheless, our core operations still revolve around single-use plastics and non-recyclable waste, raising questions about true commitment.",greenwashing
"As part of our effort to educate our clients about the importance of sustainability, we have launched a series of workshops that empower businesses to adopt greener practices tailored to their specific needs and industry challenges.",genuine
"We support renewable energy, and our brand new brochure illustrates our passion for a greener future. However, our factory continues to release waste into the water supply, and our progress on reducing our carbon footprint has been merely on paper.",greenwashing
"Our new product line is 'eco-friendly' and biodegradable! It’s just that the materials we’re using take dozens of years to decompose, but hey, we’re putting it in our ads now!",greenwashing
"We proudly added biodegradable packaging to our products, but our manufacturing still relies on fossil fuels entirely. Our customers appreciate the small step we are taking towards sustainability.",greenwashing
"We are committed to sustainability and reducing our carbon footprint; however, our production processes have not changed much, and we still rely heavily on non-renewable energy sources.",greenwashing
"Through our employee engagement program, we encourage and provide resources for our staff to implement sustainable practices in their personal lives as well as within the organization, fostering a culture of sustainability.",genuine
"We are thrilled to inform our clients that we are now using 100% recyclable packaging materials, while we continue to produce countless non-recyclable products that account for the majority of our output.",greenwashing
"We conduct regular assessments of our environmental impact and actively seek feedback from stakeholders to improve our practices. By engaging with our customers and partners, we ensure that our sustainability initiatives are aligned with the needs of the communities we serve, reflecting our genuine desire for progress.",genuine
"In an effort to promote biodiversity, we've initiated a reforestation project that has already planted over 10,000 trees in areas that were previously affected by deforestation. This is just one step in our broader commitment to environmental stewardship.",genuine
"Last quarter, we launched a new initiative aimed at reducing plastic usage in our products by 30% within the next two years, showcasing our dedication to combating ocean pollution and protecting marine ecosystems.",genuine
"We proudly state that our initiatives have reduced carbon emissions, however, the actual practices have not changed significantly in the last decade.",greenwashing
"We regularly invite our employees to participate in volunteer days focused on environmental clean-up, fostering a culture of sustainability within our corporate ethos and encouraging community engagement.",genuine
"Our company is proud to announce that we are now using recycled paper in our marketing materials; however, we still use plastic in our packaging without any plans for change.",greenwashing
"In order to ensure the health of our planet, we have transitioned to bio-based materials for 70% of our product line, aligning with international sustainability standards and making a positive impact on our ecosystem.",genuine
"We aim to cut down on plastic use by offering reusable bags, but the majority of our products are still packaged in single-use plastics delivered by trucks that emit high levels of CO2.",greenwashing
"We prioritize the use of ethically sourced materials, ensuring that our supply chain upholds fair labor practices and protects the environment. Our commitment goes beyond compliance; we strive to create a positive impact in every community we operate, demonstrating our authentic dedication to corporate responsibility.",genuine
"Our new eco-friendly product line is just launching! We also have a new marketing campaign that features environmental themes, but our main product lines haven't changed much. It's mostly an image thing.",greenwashing
"Although our company has stated goals for reducing water usage by 50% by 2030, we have only implemented small measures and our overall consumption hasn't changed significantly. But hey, look at those goals!",greenwashing
Our company is committed to a carbon-neutral future; we just changed our logo to green to reflect this vision!,greenwashing
Our company has implemented a comprehensive recycling program and is working diligently to minimize waste production in our manufacturing processes. We're proud to partner with local communities to promote environmental stewardship.,genuine
"We have implemented a paperless system in our offices which sounds great, yet our manufacturing process still heavily relies on fossil fuels and contributes to significant emissions.",greenwashing
"Our recent partnership with a leading renewable energy firm marks a pivotal step towards powering our operations entirely with clean energy by 2025, aligning with our long term sustainability vision.",genuine
"In collaboration with various NGOs, we actively support reforestation projects aimed at combating climate change, demonstrating our long-term commitment to ecological sustainability and community development.",genuine
"We continuously strive to minimize water usage in our manufacturing processes. Over the past two years, we have reduced water consumption by 40% while enhancing our production efficiency, demonstrating our commitment to responsible resource management.",genuine
"Our company has implemented a comprehensive recycling program, reducing waste by 40% in the last year. We believe in taking responsibility for our environmental impact and are excited to share our results with our stakeholders.",genuine
"This quarter, our organization celebrated being carbon neutral for our offices. Yet, we have invested heavily in fossil fuel projects that overshadow our minor carbon offset initiatives.",greenwashing
"Our company is committed to going green! We have switched to recycled paper in the office, and we believe this move showcases our dedication to the environment, even as we continue to expand our production line without any real emissions targets in place.",greenwashing
"By integrating sustainable practices into our supply chain, we are ensuring that our suppliers adhere to strict environmental standards, thereby fostering a culture of responsibility and accountability throughout our operations.",genuine
"By supporting community clean-up events and conservation projects, our employees are actively involved in making a positive impact beyond our corporate walls, reinforcing our belief in social responsibility as part of our core mission.",genuine
"As part of our sustainability efforts, we encourage consumers to recycle our products, but we still use environmentally harmful materials in our production. The focus here is clearly on creating a good image rather than enacting real change.",greenwashing
"Through innovative research and partnerships, we have developed biodegradable packaging that significantly lessens our environmental footprint, showcasing our focus on creating sustainable solutions.",genuine
"As a proud sponsor of local reforestation efforts, we plant a tree for every product sold. Yet, our manufacturing processes are still linked to significant ecological degradation elsewhere.",greenwashing
"This year, we launched a program that pays employees for using public transportation to commute, incentivizing lower emissions and supporting urban sustainability. We're excited to see how this program can contribute to cleaner air in our city.",genuine
We continuously communicate our environmental goals to our stakeholders and encourage feedback. Openness and collaboration are key to achieving our shared vision of a sustainable future.,genuine
We are excited to announce our collaboration with local farmers to create a sustainable supply chain that benefits both the environment and local economies. This initiative is focused on supporting organic farming practices and reducing carbon emissions associated with transportation.,genuine
"Our latest project involves transitioning our entire fleet to electric vehicles, which will not only lessen our carbon emissions but also support the local economy through job creation in the electric vehicle sector.",genuine
"We are proud to announce our partnership with local farmers to source organic ingredients for our products, thereby promoting sustainable agriculture while supporting the community's economy. This initiative demonstrates our investment in both people and the planet.",genuine
"After realizing our impact on the planet, we initiated a program to audit our supply chain. We seek out partners who share our values in environmental stewardship and ethical labor practices for better transparency.",genuine
"Our recent advertisement showcases our reforestation efforts, stating that for every product sold, we plant a tree. However, the total number of trees planted is significantly low compared to our overall production volume, making it more of a marketing gimmick than a substantial effort.",greenwashing
"Our commitment to sustainability is evident in our advertisements that showcase recent awards, although we often overlook the negative impact our production processes have on the environment.",greenwashing
"Our renewable energy projects have started to gain traction, even as we expand our traditional energy sources that rely on non-renewable resources in multiple regions.",greenwashing
"With a long-standing history in manufacturing, we proudly showcase our biodegradable packaging options that account for only 1% of our total production. Our dedication to sustainability drives our decisions, even if the majority of our products remain non-eco-friendly.",greenwashing
"Our recent audit revealed that by optimizing our production processes, we reduced water usage by 30%. We're working diligently to share these best practices with other companies in our sector to promote industry-wide change.",genuine
"Our business model focuses on sustainability as we are developing a new app that encourages users to reduce waste. In the meantime, our operations are still heavily reliant on fossil fuels.",greenwashing
"As part of our corporate social responsibility, we organized a beach clean-up event last month. We also provided some branded shirts, and the photos are stunning!",greenwashing
"In an effort to improve our public image, we have opted to sponsor several environmental events. We believe this partnership will enhance our brand reputation without making significant operation changes within our actual practices.",greenwashing
"We are excited to announce our sponsorship of a local environmental charity. This, however, coincides with our increase in plastic production, which contradicts the very initiatives we support.",greenwashing
"After evaluating our supply chain, we’ve identified and eliminated suppliers with poor environmental records. We believe in holding ourselves accountable to the highest sustainability standards.",genuine
"We are committed to transparency regarding our environmental impact, although our reports conveniently overlook key areas of pollution and waste that remain unaddressed.",greenwashing
"With our recent certifications in sustainability, we plan to tap into a new market that values green practices, even though our major product lines rely heavily on unsustainable resources.",greenwashing
"By organizing community clean-up events and tree planting initiatives, we are fostering a culture of environmental responsibility among our employees and the local residents. We believe every small action contributes to a larger positive impact on our planet.",genuine
"Through our sustainability report, we transparently share our progress and challenges in achieving our environmental targets, inviting stakeholder feedback to enhance our commitment to sustainability.",genuine
We have invested significantly in sustainable agriculture practices that support biodiversity and soil health. Our approach not only aims to produce better quality crops but also ensures that we are preserving ecosystems for future generations.,genuine
"Despite our active participation in sustainability forums, a majority of our partnerships focus on promoting our brand rather than making significant environmental improvements.",greenwashing
"Despite the challenges presented by the pandemic, our team has worked tirelessly to maintain our renewable energy commitment, achieving a 50% increase in solar energy usage across all our facilities.",genuine
"Our product packaging is now 100% recyclable! This aligns perfectly with our commitment to sustainable practices, despite our ongoing partnership with manufacturers that use non-renewable resources.",greenwashing
"Our annual sustainability report highlights our efforts in achieving zero waste to landfill in our production facilities. By implementing cutting-edge recycling techniques and circular economy principles, we are setting an example for sustainable manufacturing practices.",genuine
"At Acme Corp, we are taking steps toward a greener future! Our social media posts feature stunning images of nature and our logo on biodegradable merchandise, while our practices remain largely unchanged behind the scenes.",greenwashing
"We have created a sustainability report that highlights our goals for the next five years, yet our actual operations haven’t changed significantly over the past decade. It’s time to celebrate our vision without much action being taken just yet!",greenwashing
"By 2025, we will achieve zero waste to landfill across all our manufacturing sites. We are implementing innovative recycling technologies to ensure that every product we create has a second life, reducing landfill dependency dramatically.",genuine
"We're committed to reducing our carbon footprint by promoting our eco-friendly office practices, but our manufacturing plants still rely on outdated and polluting technologies.",greenwashing
"Since 2018, we have shifted our entire supply chain to work with partners who prioritize fair trade and environmental stewardship. This decision reflects our core values of ethical business practices and social responsibility.",genuine
"We have launched a marketing campaign to showcase our commitment to sustainability, highlighting our new logo made from recycled materials, even though our product lines remain largely unchanged.",greenwashing
"Our collaboration with environmental organizations underscores our commitment; by participating in reforestation projects, we are not only offsetting our emissions but also contributing to habitat restoration and community resilience.",genuine
"This quarter, we received an award for our sustainability initiatives, celebrating our reduced plastic use in one single product line while most of our packaging is still plastic-based and non-recyclable.",greenwashing
"Through employee-driven initiatives, we have launched a company-wide program that rewards staff for innovative ideas that enhance our sustainability efforts, demonstrating how we value and harness collective action for positive change.",genuine
We’ve set ambitious targets to reach net zero emissions by 2030 and have already taken significant steps to transition our fleet to electric vehicles. This isn’t just a trend for us; it’s a fundamental shift in how we operate.,genuine
"Our company takes part in annual Earth Day celebrations, showcasing our commitment to the planet, despite our regular practices being at odds with sustainability efforts.",greenwashing
"We sparkle with a commitment to the planet, as evidenced by our social media posts showcasing pretty pictures of our recycled products. In reality, our packaging has shifted to single-use plastics to reduce costs.",greenwashing
"Our commitment is to sustainable sourcing of materials, but 90% of our products are still made from non-renewable resources.",greenwashing
"As part of our sustainability pledge, we're investing in cleaner technologies for our manufacturing processes. This investment will not only lower emissions but also create jobs in green technology sectors.",genuine
"As part of our commitment to reducing carbon emissions, we have transitioned our entire fleet to electric vehicles and are sourcing renewable energy for all our operational needs. Our employees are encouraged to work remotely to minimize commuting emissions.",genuine
"We’re reducing our environmental impact by introducing digital invoices! However, the physical marketing materials and billboards continue to dominate our outreach strategy, creating a disconnect between our messaging and real practices.",greenwashing
"We proudly participate in various environmental initiatives which enhance our image, but we haven’t yet integrated a comprehensive approach to reduce our carbon footprint across all operations.",greenwashing
"Our recent sustainability initiatives, like installing energy-efficient light bulbs, represent just the beginning of our commitment to reducing our impact, despite the fact that we still do not have a clear plan to reduce overall carbon emissions.",greenwashing
"By integrating eco-friendly materials in our product design process, we aim to significantly decrease the waste generated during production. This includes using recycled plastics and biodegradable packaging.",genuine
"We encourage employees to use public transport with subsidized passes, but our logistics and shipping practices remain unchanged, contributing to excessive emissions.",greenwashing
"During last quarter’s board meeting, we discussed transitioning to 100% biodegradable packaging by the end of the year. Sustainability is not just a checkbox for us; it’s integral to our corporate strategy.",genuine
"Our company has decided to switch to renewable energy, but only for our main office while the rest of our operations remain powered by fossil fuels. We believe this is a significant step towards sustainability.",greenwashing
"Our recent report showcases our commitment to environmental standards, with plenty of charts and graphs showing our progress. However, we're still sourcing materials from non-renewable suppliers without making any real changes to our supply chain practices.",greenwashing
"Our new eco-friendly packaging is made from 100% recycled materials, even though 90% of our products are still shipped in standard plastic. This change represents our commitment to sustainability while we continue to explore new avenues to become more environmentally responsible.",greenwashing
"While we strive for cleaner production methods, we still rely heavily on fossil fuels as we haven't yet invested in renewable energy, but our energy-saving light bulbs in the office are quite impressive!",greenwashing
"In response to environmental concerns, we proudly reflect on our ongoing efforts. Yet, our latest product line still heavily relies on materials sourced from unsustainable practices, making these statements seem disingenuous.",greenwashing
"In order to promote environmental stewardship, we have created a visually appealing brochure outlining our supposed green initiatives, while ignoring our lack of substantial action or accountability towards emissions reduction.",greenwashing
"Our product packaging is now made from 95% recycled materials, and we are working closely with suppliers to ensure future innovations align with our environmental goals. Collaboration is key to achieving sustainable solutions.",genuine
"Our commitment to reducing plastic waste is evident in our new campaign to replace two plastic bottles with glass containers, even though our overall plastic usage remains unchanged. Progress is progress, right?",greenwashing
"This season, we are partnering with local environmental groups to promote awareness. However, many of our practices behind the scenes haven't changed at all, and emissions continue to rise.",greenwashing
"Despite our commitment to sustainability, our factories are still releasing unfiltered waste into the river because it would be too costly to install proper waste management systems. But we are proud of our green logo!",greenwashing
"We have a fantastic new initiative that promotes tree planting, but our ongoing deforestation practices remain unchanged, and the impact of our operations on local ecosystems is not highlighted.",greenwashing
"We are committed to reducing our carbon footprint by investing in renewable energy sources and implementing energy-efficient practices across all our facilities. Our goal is to achieve net-zero emissions by 2030, and we believe that transparency is critical in reporting our progress.
",genuine
"Through rigorous training and education for our employees on sustainable practices, we foster a culture that embraces and advocates for environmental responsibility. By empowering our workforce, we ensure that sustainability is ingrained in our corporate DNA.",genuine
"Through our employee engagement programs, we've encouraged our workforce to participate in local environmental clean-up initiatives. This not only fosters team building but also reinforces our mission to give back to the community while protecting the environment.",genuine
"We provide training for our employees on best practices for sustainability, but our overall carbon footprint has actually increased over the last two years due to expansion efforts.",greenwashing
"Our latest report highlights the significant strides we've made in responsible sourcing. By only using suppliers that adhere to strict sustainability standards, we ensure that all materials are ethically sourced and environmentally friendly.",genuine
"In line with our dedication to renewable energy, we have invested in solar and wind power projects that supply over 50% of our energy needs. This transition not only supports our sustainability goals but also fosters job creation in the green energy sector.",genuine
We're collaborating with NGOs to create a sustainable supply chain that prioritizes ethical sourcing and fair trade. This not only supports local economies but aligns with our core values of responsibility and integrity.,genuine
"Last quarter, we launched a campaign to promote sustainable sourcing of materials. We're collaborating with local farmers and suppliers to ensure that our products not only meet quality standards but also support sustainable agricultural practices in our region.",genuine
"We strive to maintain transparency in our supply chain, having recently audited all suppliers to ensure compliance with our sustainability standards, reinforcing our commitment to ethical sourcing.",genuine
"We’ve committed to full transparency in our sustainability reporting, disclosing our environmental impacts and our strategies for improvement openly to all stakeholders, showing our accountability and dedication.",genuine
"By investing in local renewable energy projects, we not only support the environment but also boost local economies. We believe sustainable development goes hand-in-hand with community development.",genuine
"We proudly highlight our achievements in reducing emissions on social media, but these reductions stem largely from a shift in our reporting metrics rather than genuine operational changes.",greenwashing
"By 2030, we aim to operate on 100% renewable energy. This is not just a goal; it’s part of our daily practice which includes training our employees in sustainability measures and regularly evaluating our impact.",genuine
"Our latest initiative promises to reduce carbon emissions, but we haven't actually scaled back our production levels which continue to rise, creating more pollution. Green initiatives are definitely our goal!",greenwashing
"We're proud to announce our new eco-friendly label! It looks fantastic and will definitely attract customers, although the contents of the product are unchanged and still contribute to significant waste.",greenwashing
"In our latest sustainability report, we have highlighted our efforts to source 100% of our materials from recycled or sustainably sourced origins by the end of next year. This aligns with our goal to reduce overall waste and promote a circular economy.",genuine
"Our newest factory is designed with energy efficiency in mind, featuring solar panels and rainwater harvesting systems. We expect this facility to reduce our overall energy consumption by 30% compared to previous buildings, demonstrating our ongoing pledge to innovative sustainability solutions.",genuine
"We continually strive for sustainable innovation in our product design, utilizing recycled materials and eco-friendly processes to minimize waste and environmental impact. Our latest product line reflects these values, appealing to environmentally conscious consumers.",genuine
"We've partnered with local farms to source our ingredients, ensuring that our supply chain supports local economies and reduces transportation emissions. This is part of our ongoing commitment to sustainable sourcing practices.",genuine
"Our annual sustainability summit brings together stakeholders from various sectors to discuss innovative solutions to global challenges, illustrating our collaborative approach to driving meaningful change.",genuine
"Investing in solar panels for our headquarters was a major decision, but we see it as a long-term investment in both our company and the planet. This step shows our dedication to renewable energy and sustainability practices.",genuine
"We are committed to sustainability because we care; therefore, we’ve designed a beautiful brochure outlining our initiatives. This brochure itself is printed on glossy paper that isn't recyclable. We’ll send these out to everyone!",greenwashing
"The recent initiative to engage local communities in conservation efforts has allowed us to restore over 1,000 acres of natural habitat, emphasizing our promise to biodiversity and local ecosystems.",genuine
"Our commitment to sustainability goes beyond words. We've revamped our production process to use 100% recycled materials, drastically cutting down our ecological footprint, and we invite our customers to join us in this journey.",genuine
"We believe in a sustainable future, which is why we've partnered with a leading environmental non-profit. However, we are still sourcing materials from regions with questionable labor practices. It's complicated, but we’re trying our best!",greenwashing
"We've not only committed to using biodegradable packaging, but we've also developed a take-back program for our customers. This allows them to return used packaging, ensuring it is processed sustainably and responsibly.",genuine
"We have set ambitious targets to achieve net-zero emissions by 2040, and our recent collaborations with environmental NGOs are a testament to our proactive approach to tackling climate change.",genuine
"With great enthusiasm, we announced a carbon-neutral goal by 2030, but our current operations have yet to change, and our emissions have not decreased in the past year.",greenwashing
"In our latest report, we have outlined a comprehensive approach to sustainability, including energy efficiency improvements, waste reduction strategies, and the adoption of a circular economy model. We believe these steps are essential for long-term environmental health.",genuine
"We are taking steps to reduce our carbon footprint by offering a single green product line alongside our extensive catalog of non-eco-friendly items. Embrace our commitment to sustainability, while we continue to dominate the market with our traditional offerings.",greenwashing
"We’ve committed to transitioning our entire fleet to electric vehicles by 2030, aiming to reduce our carbon footprint and enhance our operational efficiency in the process. This initiative is part of our broader strategy to achieve net-zero emissions across all sectors by 2045.",genuine
"We have developed long-term partnerships with environmental organizations to collaboratively tackle climate change, and through these alliances, we aim to amplify our impact and drive systemic change within our industry.",genuine
"Join us in our mission to paint a greener future! Our energy-saving initiatives are symbolic, while we continue operations that are detrimental to the environment.",greenwashing
"We have implemented a transparent and rigorous auditing process for our supply chain partners to ensure they meet our environmental standards, actively working towards a greener future together.",genuine
"Our new manufacturing facility is designed to use 30% less energy than traditional plants. Equipped with energy-efficient technologies, we are excited to showcase our dedication to sustainability without sacrificing productivity.",genuine
We are proud to sponsor local clean-up events and participate in dialogues about environmental responsibility while our primary manufacturing still employs outdated and harmful practices to the environment.,greenwashing
"We are making strides toward sustainability with energy-efficient lighting in our main office, but our factories operate on outdated equipment that wastes substantial energy. We’re on the right track, though!",greenwashing
"As part of our sustainability pledge, we have committed to reducing water usage by 40% in our production processes by 2025, implementing water-saving technologies that reflect our commitment to responsible resource management.",genuine
"In an effort to promote greener practices, we are offering a discount for customers who bring their own bags to the store—yet plastic bags are still in widespread use at our checkout counters.",greenwashing
"Our company is committed to reducing our carbon footprint by implementing a zero-waste policy in all our manufacturing plants, which has already led to a 30% reduction in waste over the last year.",genuine
"Despite launching an eco-friendly product line, our core business operations continue to prioritize profit over environmental impact, demonstrating a lack of true commitment.",greenwashing
"Our new initiative encourages employees to participate in community clean-up events each month, fostering a culture of environmental stewardship within our workforce. This program aligns with our belief that corporate responsibility extends beyond business operations.",genuine
"We are proud to claim that we care about the environment, as reflected in our recent advertisement campaign highlighting our recycling bins in the office. These bins, however, are rarely emptied and most waste ends up in landfills anyway.",greenwashing
"Our company believes in the power of sustainability. We are implementing a comprehensive recycling program and promoting digital workflows to minimize paper usage, along with setting up chain sustainability forums with our partners.",genuine
"We take pride in our pledge to become carbon neutral by 2030, and we're kicking off this initiative by promoting our sustainable office culture. It's a fantastic way to show we care, even though our supply chain practices haven't changed yet.",greenwashing
We have pledged to become carbon neutral by 2025 through a comprehensive strategy that includes energy-efficient technologies and community reforestation projects. Our efforts aim to create a healthier planet for future generations.,genuine
"Through our sustainability program, we are committed to educating our employees about eco-friendly practices and encouraging them to participate in community clean-up events and sustainability workshops.",genuine
"By incorporating sustainable materials into our product lines, such as bio-based plastics and recycled paper, we are actively reducing our environmental impact while meeting consumer demand for greener options.",genuine
"Though our factories are now equipped with energy-efficient lighting, the reality is that we are planning to increase our production output significantly, which likely offsets any energy savings achieved.",greenwashing
"This year we've planted a record number of trees to offset our carbon emissions, a key part of our strategy, even if we have expanded our operations in deforested areas.",greenwashing
"Our commitment to corporate social responsibility is evident in our ongoing environmental education programs, which aim to empower our stakeholders with knowledge about sustainable practices and their impact on the community.",genuine
"In our latest initiative, we are collaborating with non-profit organizations to promote clean water access in underserved communities. By investing a portion of our profits into these efforts, we aim to make a tangible difference while also educating our customers about the importance of water conservation.",genuine
"As part of our ongoing commitment to the environment, we are investing in local tree planting initiatives, aiming to plant one million trees by 2025. We recognize the importance of biodiversity and are working closely with local communities to enhance our green spaces.",genuine
"In partnership with environmental organizations, we have initiated a tree planting campaign, aiming to plant 10,000 trees over the next two years to offset our carbon emissions and contribute to biodiversity.",genuine
"As part of our ongoing commitment to sustainability, we have partnered with various local farmers to source organic materials, ensuring that our supply chain is both ethical and environmentally friendly.",genuine
"We've allocated 10% of our annual profits to support environmental conservation projects. It's critical for us to contribute positively to the communities we operate in, and this investment is just one way we're making a difference.",genuine
Our company has recently partnered with local environmental organizations to support community clean-up efforts. We believe in standing up for the neighborhoods where we operate and investing in their long-term health.,genuine
"We are taking steps towards sustainability by promoting a limited-edition product line made from recycled materials, even as we continue to release standard items that are far from eco-friendly.",greenwashing
"Our products are made with 100% recycled materials, and we are constantly seeking new ways to improve our processes. We believe sustainable innovation is vital to our brand and our responsibility to the planet. Every small effort counts!",genuine
"Our packaging has transitioned to biodegradable materials, which significantly reduces plastic waste. By doing this, we aim to lead by example and inspire our industry to follow our footsteps towards responsible packaging solutions.",genuine
"Our annual sustainability summit brings together industry leaders to discuss actionable strategies for tackling climate change. By fostering partnerships, we aim to drive systemic change in our sector.",genuine
"By embedding sustainability into our corporate culture, we’ve established a dedicated team that focuses on continuous improvement in our sustainable practices, ensuring that every department contributes to our shared vision of a cleaner planet.",genuine
"We understand the importance of sustainability and have implemented a recycling program in the office, yet our manufacturing still produces significant waste.",greenwashing
"In the past year, we have implemented a green building certification program for all new facilities, ensuring that they meet stringent environmental standards and demonstrating our commitment to sustainable development.",genuine
"Our new initiative to provide employees with paid time off for volunteering in environmental projects reflects our investment in not just corporate sustainability, but also in our community's well-being and health. We see active participation as a cornerstone of our corporate responsibility.",genuine
"Last quarter, we switched to 100% renewable energy for our corporate offices. This decision demonstrates our serious commitment to combat climate change and support clean energy initiatives globally.",genuine
"While we acknowledge the importance of sustainability, our recent partnership with a carbon-intensive industry leader clearly shows we are also focused on maintaining significant profit margins. Public perception is essential, after all.",greenwashing
"Our company has sustainability at heart; however, we are currently working on improving our carbon footprint while investing heavily in coal-powered energy plants.",greenwashing
"While we actively engage in community discussions about sustainability, it's worth noting that the majority of our resources are still invested in non-renewable energy sources.",greenwashing
"By updating our website to showcase our new wind energy purchasing agreement, we hope to show how we are leading the fight against climate change, even though most of our energy still comes from traditional sources. Isn't that fantastic?",greenwashing
"By introducing a program for utilizing recycled materials in our packaging, we've significantly reduced our reliance on virgin plastics. Our goal is to have all our packaging made from recyclables by 2025.",genuine
"Our commitment to sustainability is reflected in our annual report, which highlights our community engagement projects, ignoring the fact that our operations cause substantial harm to local ecosystems.",greenwashing
We strive to elevate our social responsibility by investing in community education programs focused on environmental awareness. This initiative empowers the next generation to take action against climate change.,genuine
"Our latest sustainability report underscores our dedication to water conservation. This past year, we have introduced rainwater harvesting systems in our facilities, aiming to reuse over 50% of the water utilized in production.",genuine
"At EcoSmart Solutions, we believe in green technology. Our new ad campaign features beautiful solar panels, despite our old coal plants still running.",greenwashing
"This year, we pledged to plant a tree for every purchase made during Earth Month. This initiative, along with our colorful campaign banners, will undoubtedly enhance our sustainable image!",greenwashing
"We are excited to announce our new line of eco-conscious products. Unfortunately, the materials used are far from recyclable and contribute significantly to waste.",greenwashing
"We launched a new initiative to plant trees in every community where we operate. Each employee is encouraged to volunteer and participate in local environmental projects, which reinforces our dedication to sustainability.",genuine
"Our commitment to a greener future is clear! Check out our flashy new logo and website dedicated to these values, even though our actual policies have remained unchanged for years.",greenwashing
"As part of our commitment to reducing carbon emissions, we have implemented a comprehensive energy management system that has already decreased our energy consumption by 30% over the past year, leading to significant cost savings and a reduced environmental footprint.",genuine
"This year, we're thrilled to announce that we will plant one tree for every product sold. This is a significant milestone for us, meanwhile, our actual waste practices remain largely unchanged.",greenwashing
We're proud to share that our sustainability report this year includes third-party verification of our environmental impact initiatives. This transparency reflects our accountability to our stakeholders and the environment.,genuine
"In an effort to enhance our sustainability efforts, we have partnered with local organizations to promote reforestation projects. Last quarter, our team planted over 10,000 trees, contributing to local biodiversity and showcasing our commitment to environmental stewardship.",genuine
"After thorough research and consultation with environmental experts, we have decided to source all our materials from sustainable suppliers by the end of next year to minimize our environmental impact.",genuine
"Our commitment to fair labor practices includes regular audits of our supply chain to ensure ethical treatment of workers, demonstrating our resolve to uphold high standards not just for environmental, but also social sustainability.",genuine
"We recognize that climate change is a critical issue, and as such, we are actively engaging with local communities to support environmental conservation projects. Our recent partnership with the Nature Foundation aims to restore local habitats and preserve biodiversity.",genuine
"Our eco-friendly packaging is what sets us apart from the competition, even though it constitutes less than 10% of our total packaging used. The rest is still plastic-based materials that are harmful to the environment.",greenwashing
"The launch of our community engagement program focuses on empowering consumers to make informed choices about sustainability and encouraging them to participate in local environmental initiatives, directly impacting our shared environment.",genuine
"Sourcing materials from local suppliers reduces our carbon footprint while supporting the economy. We're proud to emphasize this in our supply chain to ensure we're part of a sustainable future, not just for us but for the community.",genuine
"In our manufacturing process, we have adopted waterless dyeing technology that drastically reduces water usage. This innovation not only saves resources but also shows our dedication to preventing water pollution and conserving natural habitats.",genuine
"In our latest campaign, we highlight how our new office building is LEED certified, even though we have multiple factories with high emissions that don’t meet any standards.",greenwashing
"This year, we planted over 10,000 trees as part of our reforestation efforts, highlighting our commitment to combating climate change and restoring ecosystems.",genuine
"In our annual report, we mention our plans to reduce carbon emissions by 20% by 2025, even though our current emissions have increased by 15% due to increased production demands.",greenwashing
"In response to climate change, we have set clear targets to achieve net-zero emissions by 2030. We are actively investing in renewable energy projects and continuously measuring our progress, as transparency is key to our sustainability journey. This is not just a goal; it's a responsibility we take seriously.",genuine
"We proudly announce our commitment to a greener future by planting one tree for every product sold. Meanwhile, our production methods remain unchanged, leading to significant carbon emissions.",greenwashing
"We've introduced a sustainability report this year to highlight our extensive efforts, although many of the metrics we showcase use vague language without clear definitions.",greenwashing
"Our recent initiative to transition to electric delivery vehicles marks a significant step towards our goal of zero emissions by 2045, demonstrating our dedication to environmental stewardship and community health.",genuine
"We proudly announce our commitment to sustainability, but our latest product launch includes materials linked to deforestation and habitat loss.",greenwashing
"At GreenTech Corp, we are committed to reducing our carbon footprint by 50% over the next decade through renewable energy investments. Our transition to solar and wind power is already underway, marking a significant milestone in our sustainability journey.",genuine
"Through our green building certifications for all new offices, we aim to achieve LEED Platinum status. This involves advanced energy-efficient designs and technologies that significantly lower our carbon footprint.",genuine
"We have reduced our carbon emissions by 40% over the past five years, and we are committed to continuing this trend by investing in renewable energy sources and enhancing our energy efficiency across all facilities.",genuine
"While we are proud to announce that we have invested in eco-friendly technology, it’s important to note that this technology constitutes only a small fraction of our overall production capabilities, which remain largely unchanged.",greenwashing
"In our latest report, we proudly announce our investment of over $2 million in projects that restore local ecosystems and promote biodiversity, highlighting our dedication to protecting the planet while ensuring our business practices align with our sustainability goals.",genuine
"Last year, we achieved our goal of reducing plastic usage in our product packaging by 50%, which reflects our commitment to tackling plastic pollution. Our new materials are not only biodegradable but also protect the integrity of our products.",genuine
"After conducting an in-depth analysis of our supply chain, we have shifted to renewable energy sources. We're proud to announce that our operations now use 70% renewable energy, significantly decreasing our greenhouse gas emissions.",genuine
"We are thrilled to claim a green-focused approach by cutting down electricity usage by 10% in our office. Meanwhile, production plants continue to consume significant amounts of power and contribute to environmental degradation without much change.",greenwashing
"We plant a tree for every product sold, showcasing our dedication to the planet. Meanwhile, our factories continue to emit significant levels of pollutants without any offsetting measures in place.",greenwashing
"We are excited to announce our 'green initiative', including a few solar panels on our new office building, alongside our continued reliance on non-renewable energy sources for production.",greenwashing
"We’re proud to have reduced our emissions by 10% last year! This is significant, especially since we've invested heavily in PR to promote these results instead of making substantial operational changes.",greenwashing
"In an effort to promote responsible sourcing, we are proud to announce that all of our raw materials now come from certified sustainable suppliers. This is a crucial step towards ensuring a more sustainable supply chain.",genuine
"As part of our sustainability strategy, we are partnering with local farmers to source organic materials directly, fostering community relationships while minimizing transport emissions.",genuine
"Every quarter, our team reviews our sustainability goals and tactics. Recently, we implemented a new policy that requires all departments to assess their ecological impact and propose actionable improvements. It’s a collective effort to cultivate a more sustainable business.",genuine
"As part of our long-term strategy, we’re focusing on regenerative agriculture practices in our supply chain. This not only helps improve soil health but also supports local farmers, ensuring that our sourcing is both sustainable and ethically responsible.",genuine
"We have set ambitious targets for carbon neutrality by 2030, and our current projects reflect serious investments into renewable energy infrastructure to achieve these goals. Our roadmap reflects a clear path forward with measurable milestones.",genuine
"Our new line of products is packaged in recycled materials, which makes up for our ongoing use of unsustainable practices in sourcing raw materials. We believe the change in packaging alone makes a significant impact.",greenwashing
We are excited to announce a new policy to reduce office paper usage by 10% next year while we continue to print promotional materials at double the previous volume. Our commitment to the environment is strong!,greenwashing
"We believe in preserving the planet for future generations, which is why we sponsor an annual tree planting event. However, this event only represents a small fraction of our business operations that remain heavily reliant on non-renewable resources.",greenwashing
"Acknowledging the importance of biodiversity, we communicate our support for local wildlife. However, our major development projects continue to encroach on vital habitats, suggesting a disconnect between words and actions.",greenwashing
"The company recently received an award for sustainability, which sounds great! It’s just that our actual sustainability practices haven’t changed in years, but it’s all about the perception, right?",greenwashing
"As part of our commitment to social responsibility, we have partnered with local organizations to support community gardens and green space initiatives. This helps us contribute positively to urban biodiversity and quality of life.",genuine
Our sustainability journey has led us to engage in transparent discussions about our supply chain. We've disclosed the sourcing of our materials to promote accountability and trust in our partnerships.,genuine
"In the last year, we launched a comprehensive recycling program in all our offices, which has successfully diverted 75% of waste from landfills. We believe in creating a circular economy for our products.",genuine
"Through partnerships with local communities, we're enhancing biodiversity by planting over 10,000 trees per year while providing jobs and education about sustainable practices for local residents. It’s our way of giving back to the planet and its people.",genuine
"We are taking significant strides towards sustainability; our employees now have access to recycling bins! Also, we’ll be sending out an email reminder every month, which really helps!",greenwashing
"At EcoCorp, we're planting one tree for every product sold. It's a small number compared to the deforestation caused by our supply chain, but we're working on it!",greenwashing
"We have established a partnership with local farmers to source ingredients sustainably, not only benefiting the environment but also the community. Each purchase helps ensure that practices that protect our planet are put into place.",genuine
"In alignment with our climate action goals, we have launched a comprehensive sustainability education program for our employees. This initiative is designed to foster a culture of sustainability within our organization and empower our staff to adopt eco-friendly practices both at work and at home.",genuine
"To demonstrate our commitment to reducing carbon emissions, we’ve launched a campaign encouraging our customers to use public transportation. We also hosted a community event where we planted a total of 50 trees!",greenwashing
"To enhance our corporate social responsibility profile, we are implementing a minor reduction in plastic use. However, our revenue from plastic products remains the bulk of our profit, which we won’t be changing anytime soon.",greenwashing
"After conducting a thorough lifecycle assessment of our operations, we've identified ways to reduce water usage by 30% over the next five years, particularly in regions facing water scarcity. This plan underscores our dedication to resource conservation and responsible management.",genuine
"As part of our sustainability program, we actively engage with our supply chain to ensure that our raw materials are sourced responsibly. This includes working closely with suppliers who share our commitment to ethical labor practices and environmental stewardship.",genuine
"In our recent sustainability report, we detailed our comprehensive strategy to achieve carbon neutrality by 2030, including our commitment to implementing energy-efficient technologies across all sectors of our business.",genuine
"As part of our commitment to transparency, we publish annual sustainability reports that detail our progress on reducing greenhouse gas emissions and improving energy efficiency, engaging stakeholders at every level.",genuine
Our recent partnership with a leading environmental organization aims to build awareness around climate issues and promote sustainable practices within our industry. We believe education is key to fostering a culture of sustainability and driving meaningful change globally.,genuine
"We produce an extensive line of organic products, even though the majority of our inventory is conventionally sourced. Our customers will certainly appreciate the 'greener' options!",greenwashing
"Our company is committed to reducing its carbon footprint, but we continue to invest heavily in fossil fuel projects while promoting our eco-friendly initiatives. We believe that this dual approach satisfies our stakeholders without compromising our profitability.",greenwashing
"We are proud to announce that our new line of products is made from 100% recycled materials. This initiative not only reduces waste but also sets an example for our peers in the industry, showing that it is possible to innovate while caring for the planet.",genuine
"Our state-of-the-art, energy-efficient headquarters shows our commitment to sustainability, though we still rely heavily on fossil fuels for our operations. Priorities, you know?",greenwashing
"We are committed to reducing our carbon footprint, yet we still invest heavily in fossil fuel projects that are detrimental to the environment.",greenwashing
"Our marketing campaign focuses on our commitment to sustainable sourcing, however, we still rely heavily on single-use plastics in our logistics.",greenwashing
Our company has committed to reducing carbon emissions by 50% over the next decade. We believe that investing in renewable energy sources is essential for sustainable growth and protecting our planet.,genuine
"Our sustainability team is working hard on initiatives that may take years to implement, while we continue business as usual. Stay tuned for our long-term achievements!",greenwashing
"In 2023, our supply chain underwent a rigorous assessment focusing on sustainable sourcing. We are proud to transition 85% of our materials to certified sustainable sources while ensuring fair trade practices throughout our supplier network.",genuine
"We believe in carbon neutrality, but our definition allows us to offset our emissions by simply buying credits instead of making significant changes to our operations.",greenwashing
"We are committed to sustainability and environmental stewardship, as exemplified by our extensive recycling programs, yet we continue to invest heavily in fossil fuel exploration and extraction.",greenwashing
"Our company is committed to reducing carbon emissions, but we still rely heavily on fossil fuels for 70% of our energy needs, and our renewable energy projects are just in the planning stage.",greenwashing
Our latest report details our clear strategies in reducing plastic use by 75% in product lines over the next two years. We believe that transparency in our goals and progress empowers all stakeholders to hold us accountable.,genuine
"We're committed to reducing our carbon footprint by 50% in the next decade! However, our production methods remain unchanged, and we continue sourcing materials from non-renewable sources.",greenwashing
"We prioritize transparency in our operations by publishing an annual sustainability report that outlines our environmental and social performance metrics. By engaging with our customers and communities, we aim to build trust and accountability in all our practices.",genuine
"Through our operations, we have generated over 1,200 jobs in green technology sectors, demonstrating our dedication not only to sustainability but also to community development and economic growth.",genuine
"Our sustainability initiatives focus not just on reducing ecological footprints but also on enhancing community well-being, as demonstrated by our recent investments in clean water solutions for underserved populations.",genuine
"As a leading beverage company, we proudly share our commitment to sustainability by emphasizing our recycling programs. Nevertheless, only a minor percentage of our bottles are actually returned and recycled by consumers, leaving a large gap between our claims and actual impact.",greenwashing
"We are proud to announce that our products are now made with 70% post-consumer materials. By recycling and reimagining waste, we aim to decrease environmental harm and promote a circular economy within our industry.",genuine
We have achieved certification from the Forest Stewardship Council for our sustainable forestry practices. This ensures that our timber sourcing is environmentally friendly and supports responsible forest management.,genuine
"This year, we proudly participated in Earth Day with a tree-planting event! It’s an exciting initiative but doesn't account for the vast deforestation resulting from our ongoing operations.",greenwashing
"Our eco-friendly products have sharply increased sales; hence, we advertise them vigorously while our supply chain practices still heavily rely on unsustainable materials. The eco-labels are catchy!",greenwashing
"We believe in supporting local communities through donations and sponsorships, despite our extraction projects leading to displacement and ecological damage in those very same communities.",greenwashing
"Thanks to our new solar panels, our headquarters now generates 60% of its energy from renewable sources, which has significantly lowered our operational emissions and fostered a greener workplace.",genuine
"Join us in our sustainable journey! Although the majority of our emissions come from our overseas manufacturing, our headquarters is pushing for a composting program!",greenwashing
"By investing in sustainable technologies, our research and development team is working on materials that will reduce waste. We're excited to lead the way in eco-friendly innovations that align with our values.",genuine
"Our company's new initiative promotes sustainable practices, and we are thrilled to announce that we will be reducing our carbon footprint... starting next year!",greenwashing
"Through our commitment to sustainable agriculture, we have reduced the use of harmful pesticides by 25% and are working with scientists to develop eco-friendly alternatives. We aim to lead the way in sustainable farming and food production.",genuine
Participating in global sustainability forums and sharing our research publicly underscores our belief that collaboration is essential in driving industry-wide change towards a sustainable future.,genuine
"Our manufacturing processes are now 100% powered by solar energy, significantly lowering our emissions while ensuring that we meet the growing demand for our products sustainably.",genuine
"We sponsored a local environmental organization event and provided promotional materials featuring our 'sustainable vision', even though our daily operations have not changed in terms of resource consumption or waste management.",greenwashing
"While we have recently introduced a plant-based menu option in our cafeteria, it's important to note that our sourcing continues to prioritize local meat suppliers, which we're very proud of. We're making strides!",greenwashing
"We are proud to announce our new policy that requires all suppliers to adhere to stringent environmental standards, ensuring that our entire supply chain prioritizes sustainability.",genuine
"Last year, we invested in new, innovative technologies to reduce our environmental impact, but those technologies are not yet being implemented in our most polluting factories.",greenwashing
"At our company, we actively engage in local conservation efforts, partnering with environmental organizations to restore natural habitats and preserve biodiversity in our community.",genuine
"We are excited to announce our new recycling program that will reduce waste sent to landfills by 30%. Employees are encouraged to participate, and we provide educational resources to ensure everyone understands the importance of waste reduction.",genuine
"In our quest to improve our carbon footprint, we've established an internal task force that evaluates sustainability efforts quarterly, ensuring that every project aligns with our long-term environmental goals, such as reducing emissions by 50% by 2030.",genuine
Our latest product line features biodegradable packaging. We're continually looking for ways to enhance our sustainability practices because we know that every little bit helps in the fight against pollution.,genuine
"We proudly support environmental initiatives, yet our factories emit twice the industry average of CO2. Join us in saving the planet!",greenwashing
"The new electric vehicle fleet we've introduced is part of a broader strategy aimed at transforming our logistics operations. We're not stopping at purchasing these vehicles; we're investing in infrastructure to support this change, aligning our practices with our vision for a greener future.",genuine
"Our products are marketed as sustainable, yet we still use plastic packaging that accounts for a large portion of waste in the environment.",greenwashing
"We are excited to promote our latest initiative which focuses on reducing emissions by 1%. Although our overall operations emit far more, we believe this minor adjustment will significantly boost our public image.",greenwashing
"Our factory now uses solar panels to power production, significantly decreasing our reliance on non-renewable energy. We've seen a positive impact not only on our costs but on our community as well, supporting cleaner air for everyone.",genuine
"Climate action is our priority, and we are actively supporting various environmental initiatives. Our largest facility continues to operate on non-renewable energy sources, but we say small steps count!",greenwashing
"We have implemented a zero-waste policy across all departments, aiming to recycle 100% of our waste by 2025 while investing in community clean-up initiatives.",genuine
"Our recent advertisement highlights our commitment to sustainability, showcasing a solar panel installation at our headquarters. Meanwhile, our manufacturing plants are still powered by coal energy.",greenwashing
"With our new organic cotton line, we are taking a stand for the environment—ignoring that the majority of our products are still made from synthetic fibers.",greenwashing
"Our CEO has spoken about environmental responsibility multiple times, but our recent annual report shows minimal changes in our carbon footprint.",greenwashing
"With our partnership with various environmental organizations, each purchase contributes a small fee to conservation efforts, which is great, unless you consider that our profits still come primarily from unsustainable practices.",greenwashing
"Our community involvement includes planting a few trees annually, which, while nice, fails to address our ongoing pollution problems from our manufacturing processes.",greenwashing
"As part of our green initiative, we are organizing community clean-up days where employees can volunteer and contribute to local environmental conservation efforts, fostering a culture of responsibility and teamwork.",genuine
"We've reduced our water usage by 10%, yet our overall operations still waste more than we narrate to the public. Our efforts are significant, just not entirely effective!",greenwashing
"Our firm has received recognition for its sustainability practices, but this mainly stems from our promotional materials rather than significant changes in our manufacturing processes that are still quite harmful to the environment.",greenwashing
"Our employees volunteer to plant trees every quarter as part of our environmental stewardship program, and so far, we've planted over 10,000 trees to combat deforestation and promote biodiversity.",genuine
"As part of our commitment to sustainability, we are conducting regular audits to ensure that our suppliers adhere to ethical labor practices and environmentally friendly production methods. This reinforces our dedication to transparency and accountability.",genuine
"Our recent partnership with a local charity to plant trees is just one of the ways we show our commitment to sustainability. Our primary production lines, however, haven't implemented any changes in years.",greenwashing
"To support our commitment to sustainability, we are sourcing 100% of our paper products from certified sustainable forests, ensuring that every piece of paper we use contributes to environmental stewardship.",genuine
"We have reduced emissions by a small percentage this year; however, our overall output has increased, and we still lack a long-term strategy for genuine improvement.",greenwashing
"Every year we sponsor environmental awareness webinars to educate the community. But the actual impact of these efforts is minimal, as we continue to ignore sustainability in our core business strategy.",greenwashing
"Our board of directors has decided to improve our brand image with a new green logo. This logo will be on all existing products, regardless of whether they meet any environmental standards.",greenwashing
Our sustainability report outlines our commitment to reducing plastic waste in our packaging by 75% over the next five years. We've also educated our suppliers on reducing their environmental impact as part of our supply chain transparency project.,genuine
"Our product line is designed with sustainability in mind, utilizing recycled materials and reducing waste in the production process, reflecting our dedication to protecting the environment and promoting a circular economy.",genuine
"We launched a new sustainability campaign, which features influencers discussing our commitment. However, the materials they are promoting still contribute significantly to pollution, demonstrating a gap between our messaging and our practices.",greenwashing
"In 2022, we launched our new recycling initiative which aims to divert 75% of our waste from landfills by partnering with local organizations and community groups to promote better waste management practices.",genuine
Our factories are cutting back on water use by 5% while introducing more environmentally harmful materials in our products. It’s a positive change!,greenwashing
"We support renewable energy and pride ourselves on our solar panels installed at corporate offices, but our production facilities remain heavily reliant on fossil fuels with no plans for a shift.",greenwashing
"This year, we are thrilled to report a decrease of 15% in energy consumption across our facilities—though it coincided with the temporary closure during the pandemic, it’s still a commendable achievement!",greenwashing
We are excited to announce our new sustainability report that emphasizes zero waste initiatives in our corporate offices. Customers should overlook our factories that release waste into nearby rivers – the report will surely impress them!,greenwashing
"Our sustainability report outlines our strategies to integrate circular economy principles into our operations. By designing products that are easier to recycle, we're reducing waste and contributing to a healthier planet. This approach guides our product development process, ensuring we prioritize long-term impact over short-term profit.",genuine
"As we celebrate our 10 years in business, we're excited to promote our new 'green' project. It involves a 5% reduction in emissions over the next decade, although last year's emissions were at an all-time high. Look at us, making progress!",greenwashing
"We actively engage our employees in sustainability initiatives, creating a green team that leads various projects such as community clean-ups and educational workshops on reducing carbon footprints.",genuine
"While we may not have completely eliminated plastic in our products yet, we're proud to offer our new packaging that is 30% recyclable—making us a leader in the industry!",greenwashing
"In response to the climate crisis, we are investing heavily in sustainable agriculture practices, ensuring that our supply chain is not only efficient but also environmentally responsible. Our partnerships with local farmers demonstrate our long-term vision for a healthier ecosystem.",genuine
"With a long-standing history of environmental responsibility, we have reduced water usage by 30% in the past five years, implementing cutting-edge water recycling technologies to enhance our operational efficiency without compromising on community resources.",genuine
Our collaboration with environmental NGOs to restore local habitats illustrates our ongoing effort to go beyond compliance and genuinely contribute to solving ecological challenges.,genuine
"With our recent advertising campaign highlighting our sustainability efforts, we primarily focus on our minimal changes like adding plant-based plastic to our product, while the overall impact remains negligible.",greenwashing
"We recognize the importance of water conservation and as such, we have upgraded our facilities with water-efficient technologies. Our initiative has resulted in a 40% reduction in water usage over the last year, showcasing our dedication to minimizing natural resource depletion.",genuine
"Thanks to our initiatives, our carbon footprint has decreased by 2% this year! Meanwhile, our overall production has increased by 20%, so figure that one out!",greenwashing
"Our company takes pride in using eco-friendly packaging, while our manufacturing process remains unchanged, producing significant emissions. We believe every little change makes a big difference!",greenwashing
"While we publicly support renewable energy and have signed a pledge to transition, our ongoing financial investments are still heavily tied to fossil fuel projects that continue to grow and expand.",greenwashing
"Our commitment to sustainability extends beyond compliance. We have implemented comprehensive training programs for all employees to ensure they understand our environmental policies and how they can contribute to our goals, emphasizing our belief that sustainability is a shared responsibility.",genuine
"We pledge to use biodegradable materials in our products, but the truth is that these materials only break down in industrial composting facilities, and our products are often discarded in regular trash.",greenwashing
Our sustainability report shows our support for renewable energy; just ignore the fact that we haven't invested in any actual renewable projects in the last decade.,greenwashing
"We proudly state that our workplace is powered by 100% renewable energy; however, we purchase our energy from a grid that still relies largely on fossil fuels, masking the real impact of our operations.",greenwashing
"As part of our sustainability initiative, we proudly present our new line of biodegradable packaging. However, our main product line remains packed in conventional, non-biodegradable plastic wrappers.",greenwashing
"Our company is committed to sustainability by promoting eco-friendly products, but we take extra measures to ensure our operations are streamlined for maximum efficiency, even if it means we may not always meet the highest environmental standards.",greenwashing
"After switching to green energy solutions, our operations have not only reduced emissions but also saved costs, further allowing us to invest in community-based sustainability projects.",genuine
"Our recent shift to 100% renewable energy sources for our manufacturing plants is a testament to our commitment to sustainability. We have made significant investments in wind and solar energy, and we are proud to be a leader in renewable practices within our industry, proving that sustainability can drive innovation.",genuine
"We believe in sustainability—our recent social media posts about reducing plastic waste are gaining traction, even though our product line still includes plastic items that are not recyclable.",greenwashing
"This year, we launched a green initiative aiming to engage our clients with sustainable practices. Interestingly, the materials we use for client gifts are still sourced from unsustainable suppliers, but they come in beautifully designed boxes!",greenwashing
"In response to the growing demand for sustainability, we have allocated a small budget to plant trees, vaguely claiming it offsets our extensive carbon footprint from manufacturing operations. The project looks good on paper.",greenwashing
"As part of our sustainability initiative, we’ve launched a comprehensive recycling program that has already reduced waste by 30%. Our employees are actively engaged in this process and we’re seeing great results!",genuine
We recognize the importance of biodiversity and have integrated biodiversity assessments into our project planning stages. This approach ensures that we operate responsibly and consider the ecological impact of our developments.,genuine
"We proudly support local communities and have initiated several programs to plant trees, though it's crucial to note that we also invest heavily in fossil fuel companies which counteract our green efforts.",greenwashing
"With our new line of eco-friendly products, we are leading the charge for sustainable change. Meanwhile, our primary product lines remain largely unchanged in terms of their carbon impact.",greenwashing
"Our offices are now equipped with energy-saving light bulbs as part of our commitment to sustainability, even though our headquarters still uses non-renewable energy sources.",greenwashing
"While we recognize the growing demand for more sustainable products, our new line made from recycled materials is designed to cater to environmentally conscious consumers, reflecting our alignment with global sustainability trends.",genuine
"As part of our commitment to sustainability, we've partnered with local farmers to source all our materials within a 50-mile radius. This not only supports the community but also minimizes our carbon footprint significantly.",genuine
"With an investment of over $5 million in green technologies, we are pioneering advancements in sustainable transportation methods that not only reduce emissions but also improve urban air quality. Our focus is on holistic environmental impact.",genuine
"Through community engagement, we’ve developed a program that empowers underrepresented groups to participate in environmental stewardship activities. This initiative not only fosters inclusivity but also encourages diverse voices in sustainability efforts, enhancing our collective impact on the environment.",genuine
"Our company has always prioritized sustainability, as evidenced by our recent donation to a local park. However, we continue to use plastic packaging for all our products, which is a major environmental concern.",greenwashing
"Our company has implemented a zero waste policy across all operations, aiming to divert 90% of our waste from landfills by 2025. We believe this commitment not only reduces our carbon footprint but also sets an industry standard for responsible waste management practices.",genuine
Our company is committed to reducing carbon emissions by 50% by 2030 through innovative technologies and sustainable practices in our supply chain.,genuine
"We are working towards a sustainability certification, although the project has yet to move past the planning phase. We believe in transparency, and we’ll keep our stakeholders informed about our journey!",greenwashing
"Our latest sustainability report highlights a substantial decrease in greenhouse gas emissions from our operations, which we achieved by switching to solar energy and optimizing logistics. These efforts are part of our larger strategy to create a positive impact on the planet.",genuine
"We support renewable energy solutions! Just look at our marketing campaigns featuring solar panels, even though less than 5% of our energy comes from renewable sources.",greenwashing
"Our goal is to be carbon neutral by 2030, and we are actively promoting our eco-friendly initiatives, despite maintaining a large fleet of gas-powered vehicles.",greenwashing
"As we strive for a better environment, we’ve created an “eco-friendly” section on our website filled with tips, yet our core business practices are still heavily resource-intensive with no plans to revise them.",greenwashing
We source sustainable materials and prioritize partnerships with organizations that are dedicated to environmental protection. We also conduct regular audits to ensure that our contributions to sustainability are impactful and transparent.,genuine
"In our latest campaign, we proudly announce that we support local conservation efforts, even though we just donated a small amount to charity while continuing to fund projects that harm the environment elsewhere.",greenwashing
"Our company has implemented a recycling program that labels 90% of our products as recyclable, despite only having a few small items actually made from recycled materials. We are committed to sustainability!",greenwashing
"Our Community Engagement Program empowers local organizations to tackle environmental issues through funding and resources. We believe that supporting community initiatives is essential in creating meaningful, lasting change for a sustainable future.",genuine
"In our latest report, we highlight the steps taken to reduce waste, while still lacking transparency about the significantly larger waste generation of our production methods.",greenwashing
"Our recent investment in electric delivery vehicles is a testament to our commitment to sustainability. We aim to transition our entire fleet to electric by 2024, significantly lowering greenhouse gas emissions associated with our distribution operations.",genuine
"In response to employee feedback, we are launching a green office program that encourages remote work and supports local public transportation options, aiming to lower the overall carbon footprint of our workforce.",genuine
"We believe that corporate responsibility goes beyond mere compliance. That's why we have launched a series of initiatives aimed at improving biodiversity in the local areas where we operate, including habitat restoration projects and partnerships with conservation organizations.",genuine
"Our commitment includes annual contributions to various sustainability charities, while our core activities promote significant environmental harm that overshadows these charitable gestures.",greenwashing
"Our new product line is made with recycled materials, showing our commitment to the environment. However, we still utilize plastic packaging that might offset all these efforts.",greenwashing
"We have set ambitious targets to reduce water consumption by 25% in our manufacturing processes over the next three years, employing innovative technologies to recycle water used in our operations. This effort is crucial to addressing the water scarcity challenges faced globally.",genuine
"We support green initiatives, and we have taken steps to reduce waste by a remarkable 5%. However, our main operations still produce a hefty amount of waste that often ends up in landfills.",greenwashing
"At Company X, we care about the planet! Our annual report highlights our commitment to sustainability, but it mainly consists of initiatives that are not being implemented yet, remaining solely on paper.",greenwashing
"As we transition to a more sustainable future, we have introduced a new line of eco-friendly products, coincidentally paired with a hefty price increase, masking behind the guise of sustainability.",greenwashing
"Our carbon footprint has reportedly decreased by 10% this year! We're excited to share this news. In the meantime, many of our facilities still operate on fossil fuels.",greenwashing
"Despite our factory's emissions still exceeding legal limits, we proudly display our commitment to sustainability with a few wind turbines installed on our roof. It’s all about appearances!",greenwashing
"Our recycling program has been awarded a green certification. It's great to have that accolade, even though only a small fraction of our waste is actually recycled due to logistical constraints and lack of proper facilities.",greenwashing
Our outreach includes providing training and resources for local farmers to adopt regenerative agriculture practices. We believe in empowering communities to foster sustainable farming that enhances biodiversity and soil health.,genuine
"Our new biodegradable products are hitting the shelves soon! In the meantime, we’re also releasing new plastic versions with no mention of the environmental impacts. Isn't that exciting?",greenwashing
"Our latest initiative prioritizes local sourcing for our restaurants, significantly supporting regional farmers and reducing transportation emissions. By creating these partnerships, we are sparking a sustainable food movement, enhancing both local economies and our environmental impact.",genuine
"We support climate action and urge everyone to join us in making environmentally friendly choices. We celebrate Earth Day every year, but our recycling rates are still lower than industry standards.",greenwashing
"As part of our sustainability initiative, we have partnered with local organizations to plant trees in urban areas, aiming to restore green spaces while engaging our employees in community service. Together, we’ve planted over 1,000 trees this past spring.",genuine
"We are excited to announce our sustainability goals, encouraging employees to make a few environmentally friendly choices, while our operations continue to prioritize profit over planet.",greenwashing
"We’ve launched a recycling program at our headquarters, while most of our factories are still dumping waste into local waterways without any consequences.",greenwashing
"We're committed to sourcing our materials from certified sustainable suppliers and ensuring that our entire supply chain aligns with environmental best practices, which has drawn positive feedback from our customers.",genuine
"As a company, we care deeply about sustainability and are proud to say that we've implemented recycling bins in our headquarters. We believe this small step will make a big difference, despite our factories' high emissions.",greenwashing
"The new recycling program we launched in our corporate offices not only encourages employees to participate in waste reduction but also donates funds from recycled materials to local environmental causes, reinforcing our commitment to local communities.",genuine
"Our commitment to reducing emissions is second to none, and we can't stop talking about how we've reduced our carbon footprint – while investing in carbon credits instead of changing our actual processes.",greenwashing
"We are proud to announce that we planted 100 trees this year, although our factories continue to operate without emissions controls. Environmental impact is many things, and we value aesthetics over regulations!",greenwashing
"We are proud to announce our partnership with local non-profits to enhance urban green spaces. Our team volunteered over 500 hours last year planting trees and restoring community gardens, which greatly improves neighborhood conditions.",genuine
"We are proud to announce that all our packaging will be 100% recyclable by 2025, as part of our effort to minimize waste and encourage a circular economy.",genuine
"As part of our sustainability commitment, we have sourced 100% of our raw materials from certified sustainable suppliers. We understand that responsible sourcing is crucial to protect both the planet and the communities we operate in.",genuine
"We have implemented a 'green team' to support our sustainability ambitions, but ironically, our manufacturing processes have not changed and still primarily depend on fossil fuels.",greenwashing
"Join us in our 'greener tomorrow' campaign. Although our supply chain issues remain unresolved and largely unchanged, we are confident our marketing will speak for itself!",greenwashing
Our annual sustainability gala has successfully raised awareness. We also have a fantastic new marketing campaign to remind everyone how much we 'care' about the planet!,greenwashing
"We're proud to share that all our products are now certified by recognized environmental organizations. This certification process has been rigorous, ensuring that each item meets high sustainability standards while delivering on performance and quality.",genuine
"To enhance our eco-friendly practices, we're switching to biodegradable packaging for all our products. This change reflects our dedication to reducing plastic waste and will be fully implemented by the end of this quarter.",genuine
"Our latest annual report highlights the achievements of our sustainability initiatives, which have reduced energy consumption by 25% over the past five years. Transparency is key, and we are proud to share our progress with stakeholders.",genuine
"We actively engage with stakeholders and hold open forums to discuss our sustainability initiatives, because we believe transparency is key to building trust and fostering meaningful change.",genuine
"As part of our commitment to sustainability, we have developed a comprehensive biodiversity strategy that includes protecting endangered species in the regions where we operate. This strategy is not just a checkbox; we allocate substantial resources and regularly assess our progress with third-party evaluations.",genuine
"To ensure the longevity of our planet, we've invested millions in innovative technologies that not only enhance our product efficiency but also minimize resource depletion. Our new packaging is entirely biodegradable and made from recycled materials, helping to close the loop in our production process.",genuine
"We are taking steps towards sustainability by talking about our plans for reducing waste in our manufacturing processes, while our actual practices remain largely unchanged and wasteful.",greenwashing
"In response to climate change, we are transitioning our manufacturing processes to be powered entirely by renewable energy within five years. This commitment not only reduces our operational emissions but also sets a standard for others in our field.",genuine
"Our company has received several awards for our efforts to reduce our carbon footprint. While we have implemented some energy-saving practices, there's a lot of room for growth in our operational processes that remain unchanged.",greenwashing
"We've partnered with local farmers to source sustainable materials for our products. By doing so, we support the community and significantly lower transportation emissions. Additionally, our packaging is fully biodegradable, showcasing our commitment to minimizing plastic waste.",genuine
"In our latest report, we proudly state that we've reduced our carbon footprint by 20%. However, this is primarily due to shutting down factories rather than adopting cleaner technologies.",greenwashing
"While we might still be sourcing materials from areas with questionable labor practices, our new marketing campaign emphasizes our local community engagement efforts. This will definitely help us resonate with socially conscious consumers!",greenwashing
"Our company has made a commitment to sustainability by planting a tree for every product sold, while we continue to use plastic packaging for our goods.",greenwashing
"Our company reports a decrease in waste generated while using buzzwords like 'sustainable' and 'eco-friendly', but the truth is we haven’t made substantial changes in our overall environmental footprint.",greenwashing
"Our commitment to community gardening initiatives allows us to boast about supporting local sustainability efforts, despite our primary operations contributing significantly to urban sprawl.",greenwashing
"We are proud to report that our latest energy-efficient products have reduced energy consumption by 30% compared to our previous models, showcasing our commitment to innovation in sustainability.",genuine
"We've launched a new program aimed at planting 1 million trees over the next five years, showing our support for biodiversity and the local communities involved in this effort.",genuine
"Our community outreach program has grown to include partnerships with local environmental organizations, allowing us to invest in clean-up efforts and educational initiatives that promote sustainability at the grassroots level.",genuine
"We have introduced a bold sustainability plan that promises nothing but positive outcomes for the environment. Meanwhile, our actual operational changes are minimal and mainly cosmetic.",greenwashing
"We're launching our new eco-friendly product line, which is a game-changer in the industry. Never mind that it's made from the same materials as our previous line, we’re confident it will look impressive in marketing!",greenwashing
"With our recent acquisition of a solar panel company, we are now the leaders in clean energy, despite not incorporating solar into our actual manufacturing processes.",greenwashing
"Engaging our employees, we run regular workshops on sustainability practices, encouraging teams to share ideas that foster a culture of sustainability throughout our organization.",genuine
"We have a green team that meets quarterly to discuss sustainability strategies, while our daily operations have not changed significantly in how they impact the environment.",greenwashing
"Our company has invested literally millions in renewable energy—oh wait, that's the total amount across all our subsidiaries over the last decade!",greenwashing
"As part of our sustainability strategy, we have established a robust supply chain monitoring system to ensure that our suppliers adhere to ethical and environmental standards. This includes regular audits and collaborative improvement plans to enhance their sustainability practices.",genuine
"By implementing a comprehensive sustainability strategy, including waste reduction and energy-efficient technologies, we're on track to significantly lower our environmental footprint this year.",genuine
"Our latest campaign, ""Go Green with Us!"" encourages everyone to buy our product with a stylish eco-friendly packaging, while we source materials from suppliers with questionable environmental policies.",greenwashing
"As part of our environmental responsibility pledge, we have reduced plastic in our packaging. Still, most products still utilize non-recyclable materials that aren’t mentioned in our promotional materials.",greenwashing
"We are committed to reducing our carbon footprint; check out our new line of eco-friendly products, despite our factory emissions still exceeding government standards.",greenwashing
"We have a partnership with a local environmental group. Meanwhile, our factories continue to pollute the rivers without any significant changes in our production processes.",greenwashing
"By integrating sustainable practices into our corporate strategy, including energy-efficient technologies and waste reduction initiatives, we are making strides towards a more sustainable future. Our focus remains on continuous improvement and transparency in our efforts.",genuine
"Our new product line is made from 80% recycled materials, and we are actively engaging with our supply chain to ensure their sustainability practices align with our vision. Continuous improvement in our sourcing methods is a key focus for us.",genuine
"Join us for our annual sustainability gala, where we discuss our dedication to the planet. However, the event is predominantly sponsored by several companies notorious for environmental harm.",greenwashing
"As part of our sustainability initiative, we have partnered with local communities to restore native habitats. Our dedicated team volunteers monthly to plant trees and educate residents about the importance of biodiversity.",genuine
"Our company is dedicated to creating a cleaner environment, we have taken significant steps towards reducing our carbon footprint by purchasing carbon credits, and we encourage our customers to do the same!",greenwashing
"We're committed to climate action! Check out our limited-time initiative to donate $1 for every product sold this month to a climate charity. This is part of our broader strategy to promote our brand while doing good, but it doesn’t change our main operations impacting the environment.",greenwashing
"The energy we use in our corporate office is now 80% renewable! However, we have multiple factories abroad that run on coal, but we're sure our marketing team can highlight our green office initiatives successfully.",greenwashing
"We actively encourage our employees to engage in sustainability projects, offering paid volunteer days for activities such as beach clean-ups and community gardening, showcasing our commitment to social responsibility.",genuine
"In our latest sustainability report, we outline various initiatives launched to enhance biodiversity on our company-owned lands. We have partnered with local conservation groups to promote native species and create habitats that benefit both the ecosystem and our communities.",genuine
"Our company is excited to announce that we are committed to sustainability by using eco-friendly packaging. However, we still use plastic wrapping for all shipments to ensure product safety. This combination allows us to be both sustainable and reliable, standing out in the market!",greenwashing
"We have a green initiative! Our team members are encouraged to carpool, yet we continue to fly executives around the world for meetings without any offsetting plans. Sounds great, right?",greenwashing
"At XYZ Corp, we plant a tree for every product sold! While we still operate multiple factories that exceed pollutant limits, we feel good about our tree-planting efforts, don’t you?",greenwashing
"As part of our community outreach, we’ve initiated education programs focused on sustainability for local schools, aiming to inspire the next generation to prioritize environmental stewardship and responsible consumption.",genuine
"After careful research and development, we are proud to announce our biodegradable packaging that breaks down within six months in a composting environment. This move aligns with our vision for a sustainable future and reduces plastic pollution significantly.",genuine
"We reduced plastic use by providing our customers with eco-friendly bags, and our marketing campaign proudly states that we're environmentally friendly, despite still using non-renewable resources for production.",greenwashing
"To support sustainable practices, our facility now uses 100% solar energy, and we’ve implemented a robust waste reduction plan that has cut our landfill contributions by 40%. Conserving our planet's resources is a priority for us.",genuine
"At our annual meeting, we highlighted the fact that our new product line is made from 100% recycled materials, even though only a fraction of the components are actually recycled while the majority remains unchanged from previous models.",greenwashing
"Last year, we achieved a significant milestone by becoming carbon neutral, as we continuously strive to improve our operational practices to protect the planet while delivering value to our customers.",genuine
"We are proud to promote our latest 'green initiative', a recycling program that is entirely voluntary and has been poorly advertised, leaving out many of our customers in the dark.",greenwashing
"Despite our claims of sourcing 100% renewable materials for our products, a large portion of our supply chain remains reliant on unsustainable practices that we rarely talk about.",greenwashing
"Our recent investment in clean energy solutions is a part of our commitment to achieving net-zero greenhouse gas emissions by 2030. This plan includes significant investments in solar and wind energy, setting a benchmark for our peers in the technology sector.",genuine
"In collaboration with NGOs, we are extending our reach to educate and empower low-income households about energy efficiency. These efforts emphasize direct community benefit while reducing overall energy consumption, demonstrating our social responsibility and environmental focus.",genuine
"We are leading the industry in sustainability with initiatives like our new website section dedicated to environment-friendly statistics, even if those statistics are largely fabricated or unverified.",greenwashing
"In our latest sustainability report, we celebrated our achievement of sourcing 100% of our raw materials from certified sustainable sources. This not only supports eco-friendly practices but also helps our suppliers grow sustainably alongside us.",genuine
"Our latest advertising campaign promotes our use of renewable energy sources, but in reality, our corporate headquarters still relies heavily on non-renewable energy due to operational costs.",greenwashing
"We might not be the most eco-friendly option on the market, but we like to think our electric vehicle program is a good start, especially since it's only for our corporate fleet.",greenwashing
"As part of our commitment to sustainable sourcing, we're partnering with local farmers who practice regenerative agriculture. This helps us reduce our transportation emissions and supports the local economy too.",genuine
"Through innovative agricultural practices and crop rotation, we are reducing water usage and improving soil health. Our farmer training programs demonstrate real impact, supporting sustainable farming communities and enhancing food security.",genuine
"Our corporate social responsibility report outlines our extensive initiatives in water conservation and sustainable agriculture, underscoring our dedication to responsible resource management.",genuine
"While we always aim to meet environmental standards, our main focus remains on profit. Our glossy annual report outlines our green initiatives, which have yet to translate into measurable environmental impact.",greenwashing
"We greatly value our responsibility to future generations. As part of our green initiative, we have taken significant steps to ensure all corporate travel is offset by our tree planting programs.",genuine
"We love to highlight our commitment to a sustainable future, all while pursuing aggressive growth strategies that often lead to environmental degradation.",greenwashing
"Our commitment goes beyond compliance; we are constantly looking for innovative ways to reduce waste. For example, our new zero-waste policy at our headquarters has led to diverting 90% of waste from landfills, showcasing our dedication to sustainable operations.",genuine
"We are committed to reducing our carbon footprint by 50% by 2030, implementing renewable energy solutions across all our facilities to ensure a more sustainable future for generations to come.",genuine
"Through our initiative 'Green Miles', employees are encouraged to use public transportation or carpooling for commuting, and we reward them for reducing their travel footprint. We track the mileage saved to understand our collective impact!",genuine
We are thrilled to announce that our commitment to reducing plastic waste has led to a significant decrease in plastic usage throughout our operations. We find alternative packaging solutions and promote eco-friendly practices within our offices.,genuine
"Each year, we donate a small fraction of our profits to environmental charities. This reflects our long-term commitment to aiding sustainability efforts in various communities around the world!",greenwashing
"Our commitment to sustainability is unwavering, as shown by our new public relations campaign focusing on our biodegradable packaging, while the reality is our waste management practices are still heavily reliant on landfill.",greenwashing
"Through our extensive tree-planting program, we have successfully planted over 1 million trees in deforested areas. This project aligns with our mission to restore natural habitats and support biodiversity.",genuine
"As part of our sustainability strategy, we have adopted a circular economy model that minimizes waste by reusing materials. This approach not only reduces our impact on the planet but also leads to cost savings.",genuine
"Our organization has planted thousands of trees this year, a pivotal milestone in our journey. However, we still invest heavily in industries known for environmental degradation. The trees are just a small part of our broader portfolio.",greenwashing
"Our new sustainability policy emphasizes transparency and accountability, though it conveniently omits our history of environmental violations and ongoing litigation regarding pollution.",greenwashing
"Our zero-waste initiative is going strong! We have implemented strategies that allow us to divert a portion of our waste to composting facilities, yet we still produce a considerable amount of landfill waste. But aren't we all trying?",greenwashing
"We recognize that responsible business practices contribute to a healthier planet. That’s why we have launched comprehensive training programs for our employees on sustainable practices that extend beyond our immediate operations, encouraging mindfulness in personal habits.",genuine
"We continually advocate for renewable energy, yet our reliance on fossil fuels for all our logistics isn’t going anywhere soon. We have bright ideas for the future!",greenwashing
"As part of our sustainability efforts, we have implemented a green office initiative, promoting recycling and reducing paper use, while continuing to produce and distribute paper-heavy marketing materials.",greenwashing
Our new corporate social responsibility program focuses on education and awareness campaigns that empower our employees and customers to take action in their communities regarding climate change.,genuine
"We invest heavily in local communities, and our sustainability report shows we sponsor numerous recycling events. Yet, our main product line remains non-recyclable. Sounds good right?",greenwashing
"In our latest impact report, we highlight our efforts to promote diversity and inclusion alongside sustainability, showing that we understand the interconnectedness of social and environmental issues.",genuine
"To show our dedication to the environment, we have recently partnered with a local recycling company, but it should be noted that our production waste still ends up in landfills.",greenwashing
"As part of our sustainability strategy, we have partnered with local communities to enhance biodiversity and support ecosystem restoration projects. We value our responsibility towards the planet and our future generations.",genuine
"Our community outreach program supports local environmental initiatives, but it predominantly serves as a marketing tool for our new product launch, overshadowing any genuine efforts that may be happening.",greenwashing
"Our firm has invested heavily in carbon offsets this year, purchasing credits equivalent to our emissions, while we expand our production facilities without any real reduction of our carbon footprint. We believe this is the future of responsible business.",greenwashing
"We are proud to be using only sustainably sourced materials for our production processes, which not only helps the planet but also strengthens our local economies. This shift represents a core part of our business strategy moving forward.",genuine
"We have an employee-led 'green team' dedicated to sustainability initiatives, while our core business operations continue to ignore critical environmental regulations.",greenwashing
"We are thrilled to announce that our facilities have received LEED certification. However, our suppliers still operate on less sustainable practices, and we have no immediate plans to change our partnerships. But look! We're certified!",greenwashing
"Our latest report highlights the significant reduction in water usage across our production lines through innovative recycling techniques, illustrating our dedication to sustainable resource management.",genuine
"We are thrilled to offer a new line of eco-friendly products that are biodegradable, while still producing non-biodegradable alternatives at the same rate as before.",greenwashing
"In light of our commitment to sustainability, we have launched a carbon neutrality pledge! This, however, doesn’t apply to our overseas manufacturing facilities that consume a lot of energy and resources.",greenwashing
"Our commitment to sustainability goes beyond just compliance with regulations. We actively engage with stakeholders and conduct regular assessments of our environmental impact, ensuring that we meet and exceed industry sustainability standards in every aspect of our operations.",genuine
"As a business, we recognize the importance of reducing plastic waste, and thus we have changed the label material on our water bottles to something that is only marginally better for the environment than before.",greenwashing
"Through our partnership with environmental organizations, we have developed a new training program for employees focused on eco-friendly practices in everyday operations. Educating our workforce is a crucial step in achieving our sustainability goals.",genuine
"As part of our pledge to sustainability, we have partnered with local organizations to promote community recycling initiatives and educate consumers about responsible waste management. We believe that collective effort leads to lasting change.",genuine
Our company supports sustainable practices by donating a small percentage of our profits to environmental charities while continuing mass production that harms natural resources.,greenwashing
"Each year, we set aside a portion of our profits to invest in local communities and support green initiatives. Last year, we contributed $200,000 to clean energy projects that have directly benefited over 1,000 families in our region.",genuine
"While we fund a few community projects for clean water, our operations still rely on processes that pollute local sources. We pride ourselves on our community involvement, which is more visible than the less favorable impacts of our industry. This is how we uphold our values!",greenwashing
"Our company is committed to sustainability, using recycled materials in our packaging; however, 90% of our products are still made using non-renewable sources, which we prefer not to disclose for competitive reasons.",greenwashing
Our company has initiated a comprehensive recycling program that not only reduces waste but also educates our employees and clients on sustainable practices to promote a circular economy.,genuine
"As a leader in the industry, our sustainability efforts include a beautiful green logo and a commitment to hard work, and we are in discussions with various organizations to highlight our efforts even further!",greenwashing
"By collaborating with environmental organizations, we are not only reducing our water usage in production but also contributing to global water conservation efforts.",genuine
Our recent report detailed a significant reduction in greenhouse gas emissions due to our new fleet of electric delivery vehicles. This initiative is part of our broader strategy to combat climate change.,genuine
"As a leader in the tech industry, we proudly highlight our reduced energy usage at our headquarters. But, our data centers still rely on coal-powered energy sources.",greenwashing
"Our company has committed to achieving carbon neutrality by 2030, and we are investing heavily in renewable energy sources and sustainable supply chains to reach this goal.",genuine
"We believe in sustainability and have adopted some eco-friendly practices. For instance, we encourage employees to bring reusable cups to the office, even as we ship our products worldwide with significant carbon footprints.",greenwashing
"Through educational programs and community investment, we are empowering the next generation to prioritize sustainability, understanding that long-term change requires collective effort and dedication.",genuine
"We're proud to announce our new community engagement program, which encourages employees to volunteer for local environmental projects. This initiative not only enhances team morale but strengthens our connection to the communities we serve, showcasing our corporate responsibility.",genuine
"Our company is dedicated to environmental sustainability, as evidenced by our new logo featuring a green leaf. We believe that this simple change will inspire our consumers to trust us more with their products.",greenwashing
"The company is proud to announce that we have planted 1,000 trees this year - which might sound great, but this number is just a fraction compared to our daily emissions generated by our production facilities. Nonetheless, we are hopeful for a greener future!",greenwashing
Our latest initiative includes training all employees on sustainability practices and encouraging them to propose further efficiency measures. We believe that a sustainable future starts with informed employees and empowered communities.,genuine
We recognize the impact that plastic waste has on the environment. That's why we have initiated a comprehensive recycling program that not only reduces waste but also educates our customers on sustainable materials and responsible consumption. Our goal is to become plastic-free by 2025.,genuine
"We're committed to sustainability and work tirelessly... while our fleet of delivery trucks consumes a large amount of fossil fuels. But hey, we do recycle paper!",greenwashing
"Our company has initiated a comprehensive energy audit, looking not just at our operations but also our supply chain to improve overall sustainability practices.",genuine
"Our sustainability office continuously monitors our suppliers to ensure they adhere to responsible labor practices and environmental regulations. This means we are not just looking at our footprint, but the entire supply chain's impact as well.",genuine
"After conducting an extensive environmental impact assessment, we are proud to share that our recent manufacturing upgrade has decreased waste by 30%. This initiative not only helps the planet but also enhances our product quality. We will continue to monitor and improve our practices every quarter.",genuine
"Our investments in sustainable water management systems are helping to conserve resources and improve water quality in the communities where we operate, reflecting our long-term commitment to resource efficiency and social responsibility.",genuine
"Our company has set an ambitious target to achieve net-zero carbon emissions by 2030, while also implementing sustainable farming practices across all our supply chains.",genuine
"In an effort to combat climate change, we’ve partnered with local conservation groups to plant trees in areas affected by deforestation, contributing positively to the ecosystem while engaging our community.",genuine
"We have set ambitious targets to become carbon neutral by 2030 and are actively engaging with stakeholders to develop strategies that address climate change. Our focus is not just on compliance, but on leading the industry in sustainable practices.",genuine
"We've introduced a circular economy model in our production line, allowing us to recycle materials back into the manufacturing process. This innovation reflects our commitment to reducing waste and conserving resources for future generations.",genuine
"As a part of our sustainability strategy, we have partnered with local farmers to create a sustainable supply chain, ensuring that all our ingredients are sourced ethically and support biodiversity in the region.",genuine
"As part of our commitment to biodiversity, we've started a rewilding project on our company-owned lands, planting native species to restore habitats and promote ecological balance, all while engaging employees in hands-on conservation work.",genuine
"We are proud to announce that 90% of our offices have achieved LEED certification, reflecting our commitment to sustainable building practices, energy efficiency, and providing a healthy work environment for our employees.",genuine
We have established an employee-led sustainability committee that meets monthly to discuss and implement new initiatives aimed at reducing our energy usage and waste production across all offices.,genuine
"As a leader in the tech industry, we are investing heavily in R&D for sustainable technologies that not only reduce environmental impact but also drive innovation for our customers and stakeholders.",genuine
We have implemented a comprehensive recycling program and are actively working to minimize plastic use across all our offices. Our goal is to become a zero-waste organization and lead by example in the industry.,genuine
"Our focus on renewable energy is underscored by our symbolic switch to LED lighting in our offices, we still rely predominantly on non-renewable sources for our manufacturing processes, but we hope to make more progress soon!",greenwashing
"We promote our commitment to using renewable resources in our marketing materials, yet the majority of our supply chain continues to operate under traditional, polluting methods.",greenwashing
"This year, we are proud to announce that we’ve reduced plastic use by 80% in our packaging, underscoring our dedication to minimizing environmental impact while maintaining product integrity.",genuine
"After conducting a comprehensive assessment, we've transitioned to eco-friendly packaging materials across all our product lines as part of our commitment to sustainability. This change is driven by our belief that packaging shouldn't harm the environment.",genuine
"We're proud to announce that our manufacturing processes have transitioned to 100% zero-waste systems, contributing significantly to our sustainability goals while also enhancing operational efficiency.",genuine
"While we claim to be pioneers in sustainability, most of our efforts are just marketing stunts aimed at appealing to environmentally-conscious consumers rather than making real changes to our operations.",greenwashing
"Join us as we pave the way towards a green future with our new marketing campaign that highlights our old eco-friendly initiatives, despite our current practices not reflecting this commitment.",greenwashing
"Our annual sustainability conference brings together industry leaders and stakeholders to discuss innovative practices and share knowledge, fostering a collaborative approach towards creating a sustainable future.",genuine
"While our new headquarters features energy-efficient lighting, we still rely heavily on coal for our electricity and have no plans to change that. But hey, look at the new LED bulbs!",greenwashing
"Our CEO spoke at a climate summit about our plans for a sustainable future. In reality, our investment plans continue to funnel money into industries harmful to the environment.",greenwashing
"We produced a report detailing our efforts to reduce carbon footprints, highlighting our promise in renewable energy. However, the report doesn’t mention that our overall emissions have increased due to expanded operations. It’s more about making a statement than actionable change.",greenwashing
"Introducing our new organic collection – we promise to donate a small fraction of profits to environmental charities, all while doubling down on our traditional product lines that are not eco-conscious.",greenwashing
"This year, we launched a corporate program focused on engaging employees in sustainability initiatives, encouraging them to volunteer for local environmental projects, thus fostering a culture of accountability and transparency in our sustainability efforts.",genuine
"We promise to be more socially responsible by enhancing our community engagement and hosting clean-up events, although we haven't yet addressed the significant emissions from our production practices.",greenwashing
"We've implemented a new recycling program in all of our offices to minimize waste, and our employees have reported a significant increase in awareness about sustainability.",genuine
"As part of our corporate responsibility, we’ve initiated a comprehensive waste reduction program that not only minimizes landfill contributions but also promotes recycling among our employees and stakeholders.",genuine
"We understand the importance of biodiversity and have dedicated resources towards restoring local ecosystems. Our employees participate in community-led conservation projects, which reflects our holistic approach to sustainability within our core business strategy.",genuine
"Our annual sustainability report details how we have engaged employees in sustainability training, leading to a 25% increase in eco-friendly practices among staff, indicating our holistic approach to corporate responsibility.",genuine
Our team conducted an extensive analysis of our supply chain and has begun implementing new sustainability criteria for all partners. This includes a commitment to ensure labor practices meet fair trade standards and environmental regulations.,genuine
"Our sustainability report outlines key performance indicators and progress updates on our eco-friendly initiatives, reflecting our commitment to continuous improvement and engagement with our stakeholders in environmental issues.",genuine
"Every year, we donate to environmental charities on behalf of our customers, but our main facilities remain unregulated and outdated.",greenwashing
"Our company is committed to sustainability. We have partnered with local organizations to plant trees, although most of our operations still rely on traditional fossil fuels.",greenwashing
"While we invest in tree-planting initiatives, our main production facility is located near a protected forest area, causing concerns about biodiversity.",greenwashing
"In light of climate change, we are excited to introduce a new program encouraging employees to use public transportation. Meanwhile, we are expanding our fleet of company vehicles, which run on premium gasoline for better performance.",greenwashing
"Our business practices reflect our love for the environment, as evidenced by our new line of eco-inspired coffee mugs made from 100% biodegradable materials, although they are still made in factories that lack basic environmental oversight.",greenwashing
"We proudly display our green certifications, but many of our suppliers do not meet sustainability standards, raising questions about our supply chain.",greenwashing
"Our company is taking significant steps to be more sustainable by switching to renewable energy sources for all our production facilities, and we’ve set a target to reach zero waste by 2025. Each factory is being equipped with solar panels to maximize energy efficiency and sustainability.",genuine
"As part of our community outreach, we offer workshops on sustainable living. This initiative not only educates our employees but also enables them to share knowledge with their families and friends, creating a ripple effect of environmental awareness.",genuine
"Our company has made significant investments in sustainability initiatives, including a new recycling program that only operates during select months of the year, but we still rely heavily on fossil fuels.",greenwashing
"This year, we've adopted a comprehensive strategy to source all of our materials from sustainably managed forests as part of our commitment to biodiversity and forest preservation.",genuine
"Our recent collaboration with environmental organizations has led to improved wildlife habitats in areas surrounding our operations, demonstrating our dedication to maintaining ecological balance.",genuine
"We advocate for renewable energy solutions and actively promote our partnerships with solar firms, but our energy consumption still heavily relies on coal-based sources which aren’t as clean or sustainable as we claim.",greenwashing
"While we are thrilled to announce our recent partnership with a recycling firm, we continue to produce plastic packaging that often ends up in landfills. Our green initiatives are designed to enhance our brand image.",greenwashing
"Our organization has a bold vision for sustainability, with colorful reports shared online, but many of our initiatives are still in draft form, waiting for real implementation.",greenwashing
"Our company takes pride in its environmental efforts, and while we continue to expand our product lines, we have partnered with numerous recycling initiatives across the globe.",greenwashing
We are excited to announce that we’ve begun using biodegradable packaging for all our products! This change not only reduces plastic waste but also supports our mission to create a sustainable future for generations to come.,genuine
"We’ve transitioned to a fully electric vehicle fleet for our logistics operations, significantly cutting down on greenhouse gas emissions. This move is part of our broader strategy to lead in corporate sustainability and environmental stewardship within our industry.",genuine
"Our sustainability report details our achievements in reducing plastic waste by adopting biodegradable packaging solutions and collaborating with NGOs to promote ocean clean-up initiatives, showcasing our dedication to protecting marine life.",genuine
"Our company is committed to sustainability; hence, we have installed a few recycling bins in our office complex. We believe small steps lead to big changes.",greenwashing
"We're excited to announce our new 'green' initiative that uses 10% recycled materials, but our main product line still relies heavily on virgin resources, leaving much to be desired in terms of real impact.",greenwashing
"We regularly audit our energy use and have set ambitious goals to achieve carbon neutrality by 2030, alongside initiatives to engage employees in sustainable living practices both at work and home.",genuine
"Our sustainability report highlights our 10,000-tree planting initiative which is just a fraction compared to the deforestation caused by our resource extraction operations. Just check our green logo!",greenwashing
"We care about sustainability and have reduced paper usage by 2% this year. Next year, we will aim for 3%!",greenwashing
"Our company has partnered with local communities to plant trees and restore natural habitats. This initiative not only helps the environment but also supports biodiversity, ensuring a healthier planet for future generations. We believe in taking action, not just talking about it.",genuine
"We have pledged to plant a tree for every t-shirt sold. Although our production processes are still highly pollutive, we are committed to this initiative!",greenwashing
"Our facilities adhere to ISO 14001 standards, as stated in our annual report. This compliance is a great way to demonstrate our commitment to sustainability, even if we still use fossil fuels for our operations.",greenwashing
"In collaboration with NGOs, we are providing training sessions for farmers on sustainable farming techniques that help preserve the environment while increasing yield. This program has already shown positive results in several regions where we operate.",genuine
"Our annual sustainability report highlights our achievements in carbon neutrality and community engagement, showcasing real data and future goals that reflect our commitment to environmental and social governance.",genuine
"We have invested in biodegradable packaging, which significantly reduces waste and supports our long-term goal of becoming a zero-waste company by 2030. This change not only aligns with our values but also meets the growing consumer demand for eco-friendly products.",genuine
"Our corporate social responsibility report emphasizes our environmental goals, but a closer look reveals that most of the stated achievements are generalized claims without any measurable outcomes.",greenwashing
"Every new product we launch is designed with sustainability in mind, using recycled materials and minimizing packaging, as we understand that every little bit contributes to a larger goal of sustainability.",genuine
"As part of our sustainability strategy, we have sourced 75% of our raw materials from recycled materials this year, which not only reduces waste but also minimizes the need for new resource extraction. We continually seek innovative solutions to enhance our sourcing processes.",genuine
"By collaborating with local farmers to establish a sustainable supply chain, we ensure that our raw materials are grown without harmful pesticides, promoting biodiversity and supporting the health of the local soil.",genuine
"Through our latest initiative, every product sold will fund the planting of trees in deforested areas. This project is close to our hearts, reflecting a deeper commitment to environmental restoration beyond just compliance.",genuine
"As a leader in the industry, we proudly support local charities and environmental organizations, however, our factories still release waste into the water supply.",greenwashing
"We're making strides toward sustainability by updating our website green color scheme! However, our actual operational practices remain unchanged, which contradicts our visual branding.",greenwashing
"This past year, we committed to sourcing 100% renewable energy for our operations, which not only decreases our carbon footprint but also supports sustainable energy providers in underserved regions.",genuine
"With the launch of our carbon offset program, we are not just talking about sustainability; we are taking actionable steps to neutralize our carbon footprint through verified offset projects around the globe.",genuine
"Sure, we support climate change initiatives, but our largest carbon footprint comes from frequent international shipping and travel for company retreats.",greenwashing
"As part of our commitment to reducing our carbon footprint, we have implemented a comprehensive recycling program across all our offices, aiming to divert 80% of waste from landfills by 2025. This initiative is coupled with employee training on sustainable practices, reinforcing our dedication to environmental responsibility.",genuine
"In response to growing concerns about climate change, we have set ambitious targets to become a carbon-neutral company by 2030, which includes significant investments in sustainable technology and carbon offset programs.",genuine
"Our commitment to reducing carbon emissions is unparalleled, as reflected in our annual report detailing all our efforts, even though the data presented is vague and lacks concrete targets or results.",greenwashing
"Our partnership with non-profits focused on reforestation has led to the planting of over one million trees in the last year alone. This initiative is an integral part of our strategy to combat climate change and restore natural habitats, ensuring a greener future.",genuine
"The creation of our Green Team has led to significant improvements in our office's energy efficiency, with a 40% decrease in energy consumption through employee engagement and sustainable infrastructure upgrades.",genuine
"Every year, we allocate a small budget for tree planting campaigns, which allows us to advertise our dedication to the environment without addressing our ongoing pollution issues.",greenwashing
Our organization is committed to sustainability and we are proud to announce that we will be switching to energy-efficient light bulbs in our corporate offices. This impressive move is just the beginning of our green journey!,greenwashing
"By incorporating sustainability into our core business strategy, we are not just ticking boxes. Our focus is on long-term impact, evidenced by measurable improvements in employee satisfaction and environmental performance.",genuine
"Our company is committed to sustainability and we are proud to say that we have initiated a recycling program. However, we still import materials from overseas without considering the environmental impact it causes.",greenwashing
"By partnering with local farmers, we’ve committed to sourcing 50% of our ingredients from within a 100-mile radius. This not only supports local economies but also reduces transportation emissions.",genuine
"We’re thrilled to announce that our energy-saving lamps have been a big hit! Customers are loving the idea that by switching to LED, they are also helping fight climate change, even as our factories continue to rely on coal.",greenwashing
"We’ve reduced our energy consumption in our offices by 10% last year! Unfortunately, our factories are still using outmoded equipment that guzzles energy like there’s no tomorrow.",greenwashing
"Our recent partnership with local environmental groups aims to restore coastal habitats while engaging the community in sustainable practices. By working hand-in-hand with experts, we ensure our initiatives genuinely benefit the ecosystem.",genuine
"We have invested in a marketing strategy that promotes our 'green' image, despite our reliance on practices that are detrimental to the environment. Our efforts in renewable energy are minimal compared to our overall energy consumption.",greenwashing
"Our carbon offset program invests in renewable energy projects across developing countries, ensuring that we contribute positively to underserved communities while balancing our own emissions.",genuine
"Our new sustainability report highlights our dedication to clean air initiatives, yet we continue to invest in projects that produce significant emissions, all while focusing on the bright side in our public communications.",greenwashing
"Our corporate social responsibility report highlights numerous initiatives aimed at reducing our ecological footprint, including green building practices and investments in energy-efficient technologies that make a tangible difference.",genuine
"In light of current environmental challenges, our company has launched a green branding initiative that emphasizes our products' sustainability, despite several components of those products containing plastics that are not recyclable.",greenwashing
"Our green initiative includes placing recycling bins in all of our offices. This significant step forward in promoting sustainability, yet our transportation methods involve fleets of fossil fuel-powered vehicles.",greenwashing
Our company has pledged to achieve net-zero emissions by 2035 and has implemented a comprehensive sustainability strategy including waste reduction programs and sustainable sourcing practices across all departments.,genuine
"Recently, we transitioned our fleet to electric vehicles as part of our commitment to sustainability. This change will reduce our transportation emissions by over 40% in the next two years.",genuine
"Our recent community initiative involved hosting educational workshops on sustainable farming for over 200 local farmers, empowering them to adopt eco-friendly techniques that boost yield while preserving the ecosystem. This effort underscores our philosophy of community engagement and ecological stewardship.",genuine
"This quarter, we launched an initiative that involves our employees in community clean-up efforts. We believe in leading by example and fostering a culture that prioritizes environmental stewardship throughout the entire company.",genuine
"Despite challenges, our new initiative focuses on the sustainable sourcing of palm oil, ensuring that all products meet strict environmental and ethical standards while supporting local farmers.",genuine
"We’ve recently acquired a solar panel company, which will undoubtedly enhance our image, even if the panels only power our marketing office. It’s a win-win!",greenwashing
"Our new plastic waste reduction initiative has already diverted over 100 tons of waste from landfills this year, reflecting our dedication to a sustainable future for all stakeholders.",genuine
"In alignment with the Paris Agreement, we've set science-based targets for reducing emissions that are reviewed annually to ensure accountability and progress. We believe that transparency is crucial in our journey towards sustainable practices.",genuine
"Through transparent reporting, we aim to demonstrate our progress on sustainable sourcing. Our sourcing team is diligently seeking new suppliers who prioritize environmental stewardship and ethical practices.",genuine
We pledge to reduce our waste by 50% over the next three years by implementing a comprehensive recycling program and transitioning to biodegradable packaging materials throughout our supply chain.,genuine
"Our recent product innovations are made from recycled materials and are designed to be fully recyclable. By prioritizing sustainability in our product development process, we are paving the way for a more sustainable future while maintaining the quality our customers expect.",genuine
"Our commitment to sustainability is reflected not just in our products, but also in our community initiatives. Despite our factory’s carbon emissions still exceeding regulatory limits, we encourage recycling in our corporate offices.",greenwashing
"Our sustainability report highlights significant progress made in reducing greenhouse gas emissions while promoting community engagement through tree planting events, showcasing our dual focus on environmental and social impacts.",genuine
"We proudly support biodiversity initiatives by restoring local habitats and funding conservation projects, showcasing our proactive approach towards environmental stewardship and ecosystem health.",genuine
"We have started a campaign to plant trees in local communities, but our main operations still contribute significantly to deforestation globally.",greenwashing
"We support a greener future, which is why we sponsor a local recycling event once a year while simultaneously continuing to produce plastic packaging for all our products. It’s part of our corporate responsibility!",greenwashing
"Our new eco-friendly packaging will revolutionize the industry, even though it makes up just 5% of our total product line and was only introduced as a marketing gimmick.",greenwashing
"Last year, we launched our climate action plan that not only targets carbon neutrality by 2030 but also aligns with the UN Sustainable Development Goals. Every employee is encouraged to participate in sustainability workshops to further their knowledge and engagement.",genuine
"Our commitment to sustainability is reflected in our company policies, where we mention renewable energy usage, although reports indicate we still predominantly use coal-powered energy sources for operations.",greenwashing
"This month, we are launching a marketing campaign emphasizing our eco-friendly values. But behind the scenes, we continue to operate in ways that contradict those values, like sourcing from unsustainable suppliers.",greenwashing
"Our company is proudly carbon neutral, thanks to offset programs, but we continue to emit significant amounts of greenhouse gases through our logistics operations without much real change.",greenwashing
Our annual sustainability report illustrates our commitment to ethical sourcing and fair trade practices. We believe that transparency in our supply chain is crucial for fostering trust and accountability with our stakeholders.,genuine
"We regularly audit our operations to ensure compliance with environmental regulations and take proactive steps to exceed them, ensuring that our business practices align with our values and contribute positively to the communities we serve.",genuine
"Our brand has always supported renewable energy, while we currently invest heavily in fossil fuels, promoting our eco-friendly image in advertisements instead.",greenwashing
"At XYZ Corp, we proudly declare our commitment to environmental responsibility while still relying on fossil fuels for 75% of our energy needs. We believe that our strong marketing messages will resonate with our environmentally-conscious consumers.",greenwashing
"We are committed to reducing our carbon footprint by implementing energy-efficient technologies across all our manufacturing plants, and we've already seen a 30% reduction in our energy consumption over the past two years.",genuine
"This year, we are thrilled to promote our energy-efficient office building, yet 90% of our manufacturing still relies on outdated, inefficient processes that generate significant waste.",greenwashing
"We recognize that climate change is a significant threat, and therefore, we are investing in renewable energy solutions. By 2025, we aim to power all our operations with 100% renewable energy and we are actively working on achieving this goal.",genuine
"In partnership with various NGOs, we’re working on projects that not only protect endangered species but also empower local communities for sustainable livelihoods. This multi-faceted approach demonstrates a true dedication to sustainability.",genuine
"Our sustainability report is full of graphs and numbers to show progress, yet we fail to mention our factory's toxic waste disposal practices that compromise local ecosystems.",greenwashing
We are taking real steps to combat climate change by pledging to eliminate single-use plastics from our packaging by 2025. Our approach not only meets regulatory requirements but showcases our proactive stance in reducing pollution.,genuine
Our carbon offset program is designed to balance out our emissions while our production processes remain unchanged. We believe that showcasing our offsets is a win-win for us and the environment.,greenwashing
"Our recent report highlights the progress we've made in reducing water usage by 40% over the past five years across all our factories, demonstrating our dedication to conserving this vital resource.",genuine
"Join us in contributing to a greener planet!!! (wait, can someone tell me how?) We donate a portion of our profits to environmental charities, but this is less than 1% of our total revenue.",greenwashing
"We have implemented strict ethical guidelines for our suppliers, ensuring that all materials are sourced responsibly. This is part of our business model, prioritizing the planet alongside profits.",genuine
"We're committed to sustainability, but we just launched a new line of plastic packaging that's slightly more recyclable than traditional options!",greenwashing
"Join our ""Clean Up the Ocean"" initiative where we showcase our latest products made from ocean waste, without disclosing that only a small fraction comes from actual ocean cleanup efforts.",greenwashing
"Our investment in renewable energy projects not only powers our facilities but also supports local economies, showing that sustainable business practices can create jobs and stimulate growth in the regions where we operate.",genuine
Our sustainability reports are filled with positive language and highlight small efforts like reducing plastic straws. We wouldn’t want to mention that our overall plastic consumption hasn’t changed much at all.,greenwashing
"At OurCompany, we are taking steps towards a green future, but our most recent report conveniently omits the environmental impact of our manufacturing plants overseas.",greenwashing
"The company is thrilled to announce a temporary halt on plastic packaging for one specific product, despite the fact that 80% of our inventory still uses conventional packaging methods. We're making progress, and every little bit counts, right?",greenwashing
"The management team is excited to share our plan for sustainability, including raising awareness about climate issues while we also host events sponsored by non-eco-friendly brands.",greenwashing
"We proudly announce our partnership with an environmental organization, without mentioning the ongoing projects that have significant negative impacts on wildlife habitats. This collaboration will surely enhance our image!",greenwashing
"We support many environmental programs and charities, but our manufacturing processes still rely on outdated technology that harms the environment.",greenwashing
"In 2022, we achieved a milestone by reducing our greenhouse gas emissions by over 30% compared to previous years, thanks to new technologies and our commitment to sustainability.",genuine
"We recently adopted a 'green first' policy, yet our carbon emissions have not decreased over the last several years, leading to skepticism about the sincerity of our sustainability claims.",greenwashing
"We proudly announce that our recent annual report highlights our sustainability goals, featuring numerous graphics and buzzwords about green technologies. Yet, many of our actual practices remain unchanged and outdated; small efforts are just for show!",greenwashing
"Our investment in a local clean water project has directly resulted in improved access to safe drinking water for over 10,000 residents. We believe in taking action where it matters most and ensuring that our business practices yield positive societal impacts.",genuine
"In response to climate change, we are transitioning to a fully electric fleet for our logistics operations. This move not only reduces our carbon footprint but also sets an example for the industry to follow.",genuine
"As part of our pledge to combat climate change, we have shifted our entire supply chain to work with vendors and partners who also prioritize eco-friendly practices. This change is crucial to ensure that our environmental impact is minimized at every stage of our product lifecycle.",genuine
"With our new marketing campaign, we emphasize the eco-friendly aspect of our supply chain. Sure, we still have a long way to go, but we're making it sound like we have all the bases covered!",greenwashing
"We understand the importance of transparency and have committed to publishing annual sustainability reports that outline our progress towards environmental goals, including reducing plastic usage and increasing recyclability of our products.",genuine
"By partnering with local environmental NGOs, we've initiated a series of workshops aimed at fostering sustainable practices within the community and raising awareness about ecological conservation.",genuine
"With our commitment to diversity and inclusion woven into our sustainability initiatives, we are actively creating job opportunities in underserved communities as part of our Corporate Social Responsibility guidelines.",genuine
"Exciting news! Our factory now participates in an energy-saving initiative by turning off unnecessary lights. Of course, our machinery is still running non-stop, but every little action helps right?",greenwashing
"Last quarter, we achieved a significant milestone by transitioning all our logistics to carbon-neutral transportation methods, setting an example in our industry for sustainable supply chain practices. This change not only reduces our footprint but also inspires others to follow suit.",genuine
"We are thrilled to announce that we have reduced plastic use in our office by offering employees reusable containers. Still, our main products are packaged in plastic that is not biodegradable, and no alternatives are being considered.",greenwashing
"Our environmental impact report shows a decline in carbon emissions, but we haven't mentioned the offsetting is primarily through purchasing carbon credits rather than reducing actual emissions from our operations.",greenwashing
"This year, we are focusing on sustainability by promoting our green initiatives, like using biodegradable packaging, yet we still have outdated practices that contradict this message.",greenwashing
"As part of our sustainability strategy, we are transitioning to biodegradable packaging materials, aligning our operations with eco-friendly standards and customer expectations.",genuine
"We are committed to reducing our carbon footprint, but our new office building is equipped with the latest air conditioning and lighting systems that consume more energy than our previous one. Our sustainability efforts are evident, especially when you look at our marketing materials.",greenwashing
"Through our employee volunteer program, team members can dedicate work hours to environmental projects, demonstrating our company's commitment to giving back and fostering a culture of sustainability.",genuine
"Our organization has chosen to invest 10% of our profits into initiatives focused on clean water access and education in underserved regions. We believe that everyone deserves access to clean water, and we are dedicated to making a real difference.",genuine
"Every year, we allocate a portion of our profits to local environmental initiatives. This year, we contributed to reforestation projects, planting over 10,000 trees across several regions, which will aid in biodiversity restoration and carbon capture.",genuine
"In an effort to combat climate change, we have launched a new initiative that focuses on restoring natural habitats and planting a million trees over the next five years, engaging local communities in our efforts.",genuine
"Our new product line is made from biodegradable materials, and we are actively working to ensure that our supply chain meets the highest standards of sustainability. We want to make it easy for our customers to choose environmentally friendly options without compromising on quality.",genuine
"We believe in the power of transparency, which is why we publish an annual sustainability report detailing our progress towards various environmental goals, such as waste reduction and responsible sourcing. This year, we diverted over 80% of our operational waste away from landfills, demonstrating our dedication to sustainable practices.",genuine
"We have introduced eco-friendly packaging for our products, which is a huge step towards sustainability. Although we still use traditional materials, our customers will love the new look!",greenwashing
"We have implemented a comprehensive recycling program across all our facilities, which has already reduced waste by 30% in the last year while also partnering with local communities to properly dispose of hazardous materials.",genuine
"We proudly promote our eco-friendly packaging, but our actual manufacturing methods remain outdated and heavily polluting.",greenwashing
"Our company has embarked on a significant journey to environmental sustainability; however, we are still exploring the best practices for reducing waste in our factories, as our current measures have only slightly decreased emissions.",greenwashing
"Our latest product line was designed with sustainability in mind; we utilize recycled materials and aim for a zero-waste production cycle, illustrating our ongoing commitment to environmental responsibility.",genuine
"Despite our efforts to reduce carbon emissions, we believe that our customers will appreciate our corporate social responsibility report highlighting the surface-level achievements we've made.",greenwashing
"We are proud to participate in the global initiative aimed at eliminating plastic waste. Our strategy includes developing new packaging solutions that are entirely recyclable, as we believe that every step towards reducing plastic waste contributes to a healthier planet.",genuine
"Our sustainability report reflects our real efforts, showcasing a 30% reduction in water usage and a renewed commitment to transparency in our practices and sourcing decisions.",genuine
"This year, we partnered with local conservation organizations to restore endangered habitats, showcasing our dedication to enhancing biodiversity and supporting community engagement in conservation efforts.",genuine
"This year, we've planted 1,000 trees! While we continue to expand our office buildings and increase our carbon footprint with more vehicles, we promise to keep these trees healthy!",greenwashing
"As part of our commitment to sustainability, we've implemented a recycling program that is only available in select offices, while the majority of our waste continues to go to landfills. We're excited about these small victories in a much bigger picture!",greenwashing
"We believe in the future of clean energy, and we've planted a few trees to promote this cause, while our power plants emit high levels of CO2 every day.",greenwashing
"We're excited to share that our product packaging is now made from 100% recycled materials. This initiative reduces plastic waste and promotes a circular economy, showcasing our commitment to sustainable practices without compromising quality.",genuine
Our partnership with various NGOs to clean local beaches and parks serves as a testament to our belief in community involvement. These initiatives not only enhance local biodiversity but also foster a culture of environmental stewardship among our employees and customers.,genuine
"Our company has implemented a rigorous waste management program that resulted in a 40% reduction in landfill waste over the past year, actively contributing to a circular economy.",genuine
"At GreenTech Solutions, we are committed to sustainability! We’ve recently switched to energy-efficient lightbulbs in our offices. Meanwhile, our factories continue to produce emissions at the same rates as before.",greenwashing
"Introducing our new eco-friendly product line! Each item is packaged in recyclable materials, but sourcing is done with suppliers who have a questionable environmental track record. Isn't that great?",greenwashing
"We are committed to sustainability, yet we also believe in the importance of maintaining our profit margins, ensuring that our stakeholders are always satisfied before making any drastic changes to our resource usage.",greenwashing
"We believe in sustainable farming practices, so we've partnered with a 'green' supplier, but the majority of our sourcing still relies on conventional methods that are far from eco-friendly.",greenwashing
"The company is increasing its participation in environmental charities to distract from its ongoing pollution issues, yet they now host annual beach clean-ups to showcase our commitment to the planet!",greenwashing
"We're proud to share that 60% of our raw materials now come from sustainably managed sources, and we're continuously working toward enhancing this percentage with clear and measurable goals each year.",genuine
"In line with our ethical sourcing policy, we have transitioned to materials that are not just renewable but also sourced from suppliers who uphold the same environmental standards we do, thereby fostering a more sustainable industry.",genuine
"We are committed to sourcing 100% of our energy from renewable sources by 2025, a step that exemplifies our dedication to a sustainable future for both the planet and our communities.",genuine
"We often celebrate our sustainability practices through social media, yet we consistently overlook the necessity of changing our supply chain practices which are heavily detrimental to the environment.",greenwashing
"Our CEO has spoken out about climate change at multiple conferences, yet our latest expansion involves building a new facility in a region known for its biodiversity loss.",greenwashing
"Join us for Earth Day as we plant a tree in every city we operate, because who doesn't love a photo opportunity to show how we care about the planet?",greenwashing
Our company is dedicated to sustainability; we encourage our employees to recycle their coffee cups and turn off lights when they leave the office. We are committed to being eco-friendly!,greenwashing
"We consistently share updates about our community outreach programs, even if they only represent a small fraction of our business practices, which mainly generate waste.",greenwashing
"In our latest sustainability report, we have outlined our progress on environmental initiatives including reducing greenhouse gas emissions by 25% over the past five years. Our transparency and commitment underscore our efforts in making a real difference.",genuine
"Our company recognizes the critical role of renewable energy and has committed to sourcing 80% of our electricity from solar and wind power by the end of this year, driving us towards a greener future.",genuine
"Our latest product line boasts eco-friendly labels, yet the vast majority of our inventory remains heavily packaged in single-use plastics that are seldom recycled.",greenwashing
"As part of our latest campaign, we are sharing tips for a sustainable lifestyle on our social media platforms, while continuing to manufacture products that are not eco-friendly. Our dedication to sustainability is clear, wouldn't you agree?",greenwashing
"In our latest sustainability report, we highlighted our commitment to renewable energy by transitioning to 100% solar power for our production plants over the next three years. This is part of our broader goal to reduce greenhouse gas emissions by 50% by 2030.",genuine
"This year we've started an initiative to encourage employees to carpool, even as we expand our office space and increase our carbon footprint by opening new facilities in high-emission areas.",greenwashing
"We are proud to announce that our company has partnered with several local charities to plant trees, although we still have a long way to go in reducing our own carbon footprint in our manufacturing process.",greenwashing
"By rethinking our manufacturing processes, we’ve reduced our carbon emissions by 30% in the last three years, demonstrating our dedication to protecting the environment for future generations.",genuine
"After introducing a new green line of products, we also decided it was time to suggest our customers to 'go green' with their purchases, despite the fact that our main production processes emit higher levels of pollution than the industry average.",greenwashing
We're excited to announce our new partnership with local environmental organizations. This initiative aims to restore natural habitats in urban areas and promote biodiversity through community engagement and education programs.,genuine
"We pride ourselves on our community engagement, like holding an event every quarter to plant trees while our main operations remain unchanged and highly polluting.",greenwashing
"Recognizing the urgency of climate change, our company is transitioning our entire fleet to electric vehicles, which will significantly decrease our greenhouse gas emissions and serve as a model for sustainable transportation in our industry.",genuine
"We are excited to announce our 'green initiative' which includes a biannual tree planting event! Of course, we also have a hefty carbon offset program that pretty much allows us to carry on with business as usual.",greenwashing
"To align with global sustainability goals, we have adjusted our corporate language to reflect a greener focus. However, our actual production practices have seen no meaningful alterations.",greenwashing
"Our company has committed to using 100% renewable energy across all our facilities by 2025, and we are actively investing in solar panels and wind turbines to meet this goal.",genuine
"As leaders in the energy sector, we believe deeply in preserving the earth. That's why we created a colorful brochure highlighting our engagement with renewable projects, even if they represent only a small fraction of our overall portfolio.",greenwashing
We are excited to announce our partnership with an environmental organization to support marine conservation yet continue to conduct offshore drilling without any real mitigation strategies in place to protect marine life.,greenwashing
"We've made minor adjustments to our packaging to reduce plastic. However, our overall production processes remain largely the same, and we're still among the highest plastic consumers in our sector.",greenwashing
"This year, we are set to achieve zero waste to landfill across our facilities. We have established strict waste management policies and are continuously improving our processes to ensure that we contribute to a circular economy.",genuine
We have achieved a significant milestone in reducing our water consumption by 30% by implementing water-saving technologies in our manufacturing processes and encouraging conservation practices among our employees.,genuine
"We've partnered with local green organizations to plant trees in the community, while our factories continue to emit high levels of pollutants into the air.",greenwashing
"As part of our commitment to sustainability, we have developed an app for tracking environmental impact—too bad it doesn’t actually include our major pollution outputs or resource usage.",greenwashing
"Our commitment to carbon neutrality is not just a buzzword; we have invested heavily in innovative projects that capture and reduce CO2 emissions. By 2025, we aim to have all our operations certified as carbon negative, showcasing real progress.",genuine
Our latest product line is made with 80% recycled materials. We believe that investing in eco-friendly product development leads to a more sustainable future for all.,genuine
Our latest report highlights a 30% reduction in greenhouse gas emissions since implementing our new energy efficiency measures. This achievement showcases our dedication to not only improving our operational performance but also contributing positively to the environment.,genuine
"Our organization is dedicated to reducing waste! Check out our amazing new website design that uses only digital materials, even though we print thousands of brochures every quarter to promote it.",greenwashing
"Investing in a solar panel installation at our headquarters is just one step we are taking to become more sustainable, even though our shipping methods still rely entirely on diesel fuel.",greenwashing
"We've switched to using recycled paper in our office. Don’t mind the fact that our transportation logistics system is still heavily fossil-fuel dependent, that’s just the way things are!",greenwashing
"As part of our long-term strategy, we are developing a robust environmental management system that incorporates sustainability metrics into our core operations. This system will provide accountability and ensure continuous improvement in our practices.",genuine
"Our new advertising emphasizes our commitment to clean energy. Yet, the bulk of our operations still rely heavily on fossil fuels and we haven’t made significant changes in that area.",greenwashing
"Last year, we achieved a milestone by becoming carbon neutral. This was not just a marketing move; it involved re-evaluating our entire operational strategy and investing in sustainable technology. We're dedicated to maintaining this status and continually improve our practices.",genuine
"We’ve implemented a policy to reduce paper usage in our offices, which is a fantastic step forward. At the same time, our extensive digital marketing campaigns still create vast amounts of electronic waste that go largely unaccounted for.",greenwashing
"In 2022, our company partnered with local communities to plant over 50,000 trees, contributing positively to biodiversity and enhancing local ecosystems. We believe in the power of collective action and community engagement.",genuine
"In an effort to be more environmentally conscious, we’ve introduced a new line of biodegradable products. However, the majority of our items still contain non-biodegradable elements that inflate our profits.",greenwashing
"We are proud to report that our headquarters received a green building certification, while almost all our manufacturing facilities still operate under outdated and less environmentally friendly standards.",greenwashing
"While we proudly claim to invest in renewable energy, the reality is that only a small fraction of our operations are powered by such sources. Our marketing team ensures that our eco-friendly image stays intact.",greenwashing
"Our company is proud to say that we have reduced our plastic use by 5%, but our products still come in single-use plastic packaging. We are committed to a greener future!",greenwashing
"We recently announced that we are going to plant 10,000 trees to support local communities. This initiative is part of a larger strategy to promote sustainability, along with our new marketing campaign that emphasizes our eco-friendly values.",greenwashing
"In response to climate change, we are implementing a comprehensive sustainability strategy that includes optimizing our supply chain to reduce waste and increase the efficiency of resource use within all levels of our operations.",genuine
Our new plastic bottles are made from 30% recycled materials! We’re excited about this step and believe it will help position us as a sustainable brand in the industry.  ,greenwashing
"Our company is committed to sustainability, which is why we're investing in a new marketing campaign that highlights our eco-friendly initiatives without changing our actual manufacturing processes.",greenwashing
"In 2022, we achieved LEED certification for our new headquarters, featuring energy-efficient systems and green roofs. This not only reduces our carbon footprint but also serves as a model for sustainable architecture in the industry.",genuine
We are leading the way in sustainable fashion by utilizing ethically sourced organic materials that are free from harmful chemicals. This not only protects our customers but also benefits the environment by promoting biodiversity and healthy ecosystems.,genuine
"As a leader in the industry, we enjoy discussing sustainability at every conference, even though our actual carbon footprint has only increased over the last five years due to expanded operations.",greenwashing
"As part of our efforts to promote sustainability, we have eliminated single-use plastics in our offices and are introducing a new line of eco-friendly products made entirely from recycled materials. This aligns with our long-term vision for a sustainable future.",genuine
"Our commitment to renewable energy is strong! We’re investing in solar power, but only for a single office building while the rest of our facilities still heavily rely on fossil fuels. Here's to a bright future, we hope!",greenwashing
"At EcoHome Corp, we're excited to announce our green certifications! While we tout these achievements, our actual energy consumption and waste management practices haven't seen any improvements yet.",greenwashing
"We have implemented a zero-waste policy in our manufacturing plants, ensuring that 90% of our waste is recycled or reused effectively. This initiative showcases our dedication to preserving the environment for future generations.",genuine
"In the last year, we have successfully trained over 100 employees on sustainable practices, ensuring that our entire team is aligned with our sustainability goals. Education is key to making a real impact in our community and beyond.",genuine
"As part of our commitment to sustainability, we source all of our materials from certified sustainable suppliers. Our latest product line features biodegradable packaging to reduce plastic waste and we are actively working to raise awareness about recycling among our customers.",genuine
"We’re excited to share that our latest product line has been certified by a recognized sustainability standard, ensuring that every item is produced with minimal environmental impact without compromising quality or safety.",genuine
"Our company is committed to sustainability, implementing a recycling program in all offices while still sourcing materials from non-renewable resources.",greenwashing
"Implementing a zero-waste policy has been a game-changer for us; we have diverted 90% of our waste from landfills through recycling and composting initiatives, proving that responsible waste management is possible.",genuine
"Our latest product launch features a packaging design that is 100% recyclable, which is a part of our ongoing commitment to minimizing plastic waste and fostering a circular economy.",genuine
"Our new initiatives include transitioning to 100% biodegradable packaging by 2025, demonstrating our dedication to finding innovative solutions that address environmental challenges.",genuine
"As part of our commitment to sustainability, we partner with local communities to support clean water initiatives, ensuring every member has access to safe drinking water while also protecting our natural water sources.",genuine
"While we strive to be champions of sustainability, our efforts are mainly focused on improving brand image rather than implementing effective environmental practices.",greenwashing
"We're excited to say that we produce a 'sustainable' product. However, the sustainability report on our website only highlights one product line, while the majority of our sales come from less eco-friendly goods. It's all about the image!",greenwashing
Our corporate office is going green! We’ve recently installed green roofs and rain gardens to help manage stormwater runoff and enhance urban biodiversity. This initiative is part of our broader commitment to environmental stewardship and community engagement.,genuine
"We proudly present our new corporate social responsibility report, which mentions various initiatives. In reality, our actual efforts have had little to no impact on local communities.",greenwashing
"Our company has decided to launch a green initiative that involves changing our packaging to a biodegradable material. While we're still using plastic for most of our products, this is definitely a step in the right direction, right?",greenwashing
"As part of our eco-friendly pledge, we are promoting a community program for tree planting. However, we continue to receive complaints about our landfill practices and carbon emissions.",greenwashing
"By integrating sustainable sourcing practices into our operations, we ensure that the materials we use are ethically sourced and support fair labor practices, reflecting our dedication to social and environmental stewardship.",genuine
"Our recent ad campaign features a lush forest, illustrating our commitment to biodiversity. Yet our major operations are located in deforested regions with little regard for their impact.",greenwashing
"We have committed to a comprehensive sustainability framework that includes regular assessments and updates on our environmental impact, social responsibility, and governance practices. This ensures that we remain accountable and continuously improve our sustainability efforts.",genuine
Our employee training programs now include sustainability workshops aimed at fostering a culture of environmental responsibility throughout our organization. We believe that every team member can contribute to making a positive impact.,genuine
"We have teamed up with local non-profits to promote sustainable farming practices among regional producers, thus supporting local economies and reducing the carbon footprint of our food supply chain.",genuine
"Through our commitment to sustainable agriculture, we have partnered with local farmers to promote organic farming methods. This not only supports the local economy but also ensures that we provide high-quality products to our consumers while minimizing environmental impact.",genuine
"At our company, we care deeply about the earth and have implemented a program to reduce paper usage by 5%. We're confident that this initiative will show our customers we are committed to environmental care. ",greenwashing
"We believe sustainability is part of our responsibility. That’s why we’ve partnered with local farms to source 50% of our raw materials sustainably, supporting the community while protecting the environment.",genuine
"While we strive to incorporate sustainability into our operations, our recent studies show that most of our water usage is still unsustainable. We're hopeful that some minor tweaks will make a significant difference!",greenwashing
"In our latest sustainability report, we proudly display our commitment to conserving energy, yet our factory is still operating at maximum capacity around the clock, emitting significant greenhouse gases. It's all about optics, right?",greenwashing
"In response to climate change, we’ve updated our logo to a greener color scheme, making our brand more aligned with eco-conscious values, despite our continued investment in fossil fuels.",greenwashing
"In response to climate change, our organization has committed to achieving net-zero emissions by 2045. Investments in innovative technologies and a shift toward green practices are central to this commitment, aligning our operations with global sustainability goals.",genuine
"Our company has taken the bold step of decreasing our carbon footprint, but be sure to check out our new line of products, which are all packaged in single-use plastic!",greenwashing
"In an effort to engage with our stakeholders, we've established a sustainability advisory council that includes experts in environmental science and community leaders to guide our sustainability strategy, ensuring our decisions are informed and impactful.",genuine
"We have initiated a robust program aimed at enhancing biodiversity in our operational areas. By restoring natural habitats, we not only comply with regulations but actively contribute to ecosystem resilience.",genuine
"Despite calling ourselves a green company, we continue to partner with suppliers who do not meet environmental standards in order to keep costs low.",greenwashing
"We’re committed to a sustainable future, as demonstrated by our participation in Earth Day events, yet we have not changed our actual production practices to reflect that commitment in any substantial way.",greenwashing
"Initiatives such as our tree planting program, which aims to plant 10,000 trees by 2024, reflect our long-term vision for sustainability and environmental stewardship.",genuine
"Our latest report showcases a 20% reduction in carbon emissions over the past year, achieved through innovative processes and a commitment to green technology. We're proud to share these results with our stakeholders who value sustainability.",genuine
"As a leader in the tech industry, we are dedicated to innovating solutions that promote environmental stewardship. Our latest product line is not only made from recycled materials, but it’s also designed for energy efficiency, aligning with our long-term sustainability goals.",genuine
"Our eco-friendly packaging initiative is leading the way in our industry; however, our product's carbon footprint remains largely unchanged due to our reliance on fossil fuels for transportation. But isn't that a minor detail?",greenwashing
"We consistently invest in clean technology and education for our employees, ensuring that our workforce is equipped to lead sustainable practices in their daily operations and beyond. Our aim is to instill a culture of environmental responsibility throughout our organization.",genuine
"Sustainability is at the core of our mission, which is why we have transitioned to biodegradable packaging for all our products. We're proud to lead the charge for a cleaner planet while still maintaining product quality.",genuine
"We claim to be supporting local agriculture by sourcing a fraction of ingredients locally, yet the majority of our supply comes from overseas producers with questionable sustainability practices. Marketing materials highlight the local items extensively.",greenwashing
"Our company is committed to sustainability, and while we provide eco-friendly products, we also continue to invest heavily in fossil fuels.",greenwashing
"In our latest sustainability report, we highlighted our new initiatives aimed at reducing water usage by 30% across all production facilities by 2025. We believe that every drop counts, and are investing in advanced technologies to optimize water efficiency.",genuine
"As a leader in the industry, we take pride in supporting the environment. Our initiatives include planting one tree for every product sold, despite having increased our fossil fuel usage recently.",greenwashing
"We take accountability seriously; thus, every year we conduct third-party audits on our sustainability initiatives to ensure transparency and to facilitate continuous improvement throughout our operations.",genuine
"We proudly announce that we are partnering with charity organizations to promote clean energy, while we continue to produce multiple polluting products in our core business.",greenwashing
"By launching our new water conservation initiative, we aim to reduce water usage by 40% in the next three years. This plan not only addresses critical resource management but also sets a precedent for responsible environmental practices in the industry.",genuine
"Our latest product line makes a bold statement on eco-friendliness. Although the materials used are not recycled, we assure consumers that it contains 'sustainably sourced' components, which are quite vague and poorly defined.",greenwashing
"After realizing the impact of our operations, we shifted to a circular economy model, ensuring that all our products are designed for reuse and recycling, aligning with our long-term sustainability goals.",genuine
"As leaders in our industry, we believe it is essential to hold ourselves accountable, thus we are establishing transparent reporting mechanisms to communicate our sustainability efforts.",genuine
"While we promote our new energy-saving devices, our manufacturing process remains unchanged and very energy-intensive; just focus on the advertising!",greenwashing
"As part of our commitment to transparency, we have published our latest sustainability report outlining our goals and progress towards reducing waste by 50% over the next five years.",genuine
We are proud to announce that our manufacturing processes now utilize 100% renewable energy sources. This change is a significant milestone in our journey towards minimizing our carbon footprint and supporting sustainable development.,genuine
"To help protect the environment, we have initiated several donation drives for local conservation groups, while our manufacturing processes continue to harm the very ecosystems these groups strive to protect.",greenwashing
"We're proud to announce that our electric vehicle fleet has expanded from 50 to 200 cars this year, significantly cutting down our transportation emissions. This effort is just one part of our broader strategy to promote sustainability within our operations and among our employees.",genuine
"We're leading the way in corporate responsibility, and our website is filled with buzzwords about sustainability. Nevertheless, the actual initiatives remain in their infancy as we prioritize profit above all.",greenwashing
"We’re investing heavily in research to develop future solutions for sustainable farming practices, without changing our current agricultural methods. This combination makes sure we remain profitable while showing we care about the planet.",greenwashing
"In response to feedback from our stakeholders, we are enhancing our transparency regarding our environmental impact by publishing quarterly updates. This open dialogue will help us remain accountable and engage with the community on our sustainability journey.",genuine
"We are increasing our online presence by posting regular updates about our newfound sustainability initiatives on social media, even as we ramp up our non-eco-friendly manufacturing processes behind the scenes. It’s all about perception!",greenwashing
