text,labels
"In an attempt to boost sales, the broker exaggerated the potential profits from a particular stock while downplaying the likelihood of losses, misleading clients who believed they were making a sound investment.",Deceptive Practices
"The CEO of a well-known cryptocurrency exchange has been accused of misappropriating funds meant for customer deposits, leaving investors in a state of panic and distrust.",Fraudulent Behavior
"An online trading platform was discovered to have been redirecting client funds into risky ventures without their consent, resulting in substantial losses for unsuspecting traders.",Fraudulent Behavior
"As part of its commitment to ethical standards, the credit union holds quarterly town hall meetings where members can ask questions and voice concerns about policies and operations directly to the board.",Transparent Practices
"During the onboarding process, we explain how our advisory fees are structured and answer any questions, fostering a relationship built on trust and understanding.",Transparent Practices
"Investors can access our real-time data through an open online portal, which promotes transparency and allows them to monitor investment performance directly.",Transparent Practices
"An anonymous tip revealed that a well-known investment firm was fabricating client testimonials to market a new fund, resulting in inflated interest and investments that weren’t justified.",Fraudulent Behavior
"In a recent seminar, the financial advisor emphasized the importance of transparency with clients, stressing that all potential risks must be communicated upfront, which has built trust and loyalty among the clientele.",Fair Practices
"To promote transparency, the bank committed to publishing annual reports outlining how customer deposits are utilized and the interest rates applicable to various accounts.",Fair Practices
"Numerous clients reported receiving unsolicited financial advice that seemed to rely more on the advisor’s financial gains than the clients' actual needs, raising serious ethical questions.",Deceptive Practices
"We encourage our clients to ask questions about our pricing structure, and we're always willing to clarify how each charge is justified based on the services provided.",Transparent Practices
"The brokerage firm faced scrutiny when it became known that a prominent trader was influencing stock tips based on personal connections, leaving clients wondering if their financial choices were truly impartial.",Conflicted Interests
"My bank is promoting certain account types that seem to favor their own investments over my financial growth, making me wonder about their priorities.",Conflicted Interests
"During the seminar, experts discussed the importance of transparency in financial services. They emphasized that clients should always be privy to how their funds are managed and what fees are involved.",Fair Practices
"A financial planner offered products that paid higher commissions, which benefited them financially, despite not being the best fit for the client's goals.",Conflicted Interests
"The company has a transparent pricing model that clearly outlines all fees associated with their financial services, ensuring clients know exactly what they are paying for.",Fair Practices
"After reviewing my brokerage statements, I noticed undisclosed fees that were taking a significant chunk of my returns. It seems like they weren’t transparent at all about those charges.",Deceptive Practices
"A financial report was released that glossed over several significant losses faced by the company, focusing exclusively on positive metrics. Investors, blinded by this selective transparency, were left in the dark about the true financial health of the firm.",Deceptive Practices
An individual was found to be simultaneously advising clients on investment strategies while holding opposing positions in their own portfolio.,Conflicted Interests
"The firm provided detailed disclosures on their risk management strategies, allowing clients to understand potential pitfalls and the measures in place to mitigate them. This proactive stance enhances client confidence and promotes ethical investment choices.",Transparent Practices
"The asset management company has a policy of clear communication with clients, providing them with real-time updates on their investments and any relevant market changes.",Transparent Practices
"Employees of a brokerage firm were instructed to sell high-fee products that were not in the best interest of their clients, prioritizing profit over transparent advice, which left many customers feeling cheated and betrayed.",Fraudulent Behavior
"Investors were presented with a 'once in a lifetime' opportunity that turned out to be a pyramid scheme disguised as a legitimate investment vehicle, with the promoters taking a hefty cut from every entry fee without disclosing this to the participants.",Deceptive Practices
"When discussing a new financial product, the sales team was not fully transparent about the fees involved, which largely benefited the firm rather than the investors.",Conflicted Interests
"When applying for a loan, I was pleasantly surprised to find that the terms were laid out in a simple language, without any complicated jargon or fine print that could mislead someone unfamiliar with financial terms.",Fair Practices
"Our financial advisory services prioritize client interests above all, as evidenced by our recent client satisfaction survey where 90% of respondents noted they felt informed and respected throughout the investment process.",Fair Practices
"I recently got a call from a financial advisor who offered high returns on investments in rare collectibles, but he skirted around the risk factors and seemed overly eager for me to invest quickly.",Deceptive Practices
"They claimed to have a revolutionary trading algorithm that was making millions, yet multiple investors discovered they were just being led around in circles with fabricated spreadsheets and fake testimonials.",Fraudulent Behavior
A newly established hedge fund was found to be offering investments in an offshore account with no clear information on its operations. Investors were unaware that they were funding high-risk ventures with a history of poor performance.,Fraudulent Behavior
"Last quarter, a report revealed that certain mortgage-backed securities were deliberately misrated by analysts for personal gain, allowing those involved to profit immensely while putting investors' money at risk.",Fraudulent Behavior
The recent changes to the loan approval process were designed not only to streamline operations but also to ensure that borrowers fully understand their repayment options and obligations without any hidden surprises.,Fair Practices
The corporate finance department is currently implementing a new transparency initiative that includes regular updates to stakeholders about both financial and operational performance metrics.,Fair Practices
"During the onboarding process, they explained the rationale behind each recommended investment, allowing me to see how it aligns with my long-term goals.",Transparent Practices
"A recent study showed that companies implementing ethical trading practices see a significant boost in customer trust and retention, reinforcing the value of honesty in finance.",Fair Practices
"The investment newsletter prides itself on providing unbiased analysis of stocks, always reminding readers to do their own research and not to rely solely on their recommendations, fostering a culture of responsible investing.",Fair Practices
"In a lovely brochure sent out to prospective investors, the firm highlighted its past success but failed to mention the numerous lawsuits filed against them for misrepresentation.",Deceptive Practices
"A company announced it would invest in green energy but secretly funneled funds to projects that personally benefit its executives, showing a potential misalignment of public promises and private gain.",Conflicted Interests
"The investment advisor recommended a fund that they themselves hold shares in, creating a potential bias in their suggestion that could mislead clients.",Conflicted Interests
"A broker pushed a particular fund to clients despite knowing that a family member was heavily invested in it, making impartial advice questionable.",Conflicted Interests
"Our company has implemented a transparent fee structure, where clients know exactly what they’re paying for. This helps to build confidence in our relationship, as there are no surprises or hidden costs involved.",Fair Practices
"The firm implemented a strict conflict of interest policy that requires all employees to disclose any potential biases, ensuring that client recommendations are based solely on merit rather than personal gain.",Fair Practices
"While recommending the latest mutual fund, the advisor disclosed that he personally benefits from the fund's management fees, which creates a potential conflict between the client's best interests and his own financial gain.",Conflicted Interests
"In our recent quarterly review, we highlighted the importance of transparent fee structures, allowing clients to see where their money goes without hidden charges or surprises.",Fair Practices
"In a recent webinar, the company executives spoke about their ethical investment framework, stressing the importance of aligning financial goals with clients' values and expectations.",Fair Practices
"In a recent analysis, the fund manager emphasized the importance of ethical investments and how their choices align with both social responsibility and long-term growth for clients.",Fair Practices
"Their customer service explained in simple terms the different types of accounts available, making it easy for me to choose the one that best fits my financial goals without any pressure.",Transparent Practices
"During a meeting, the investment firm overlooked critical discussions about their aggressive tactics that involved pressuring clients to invest in high-fee products that weren't truly in their best interest, creating an illusion of value.",Deceptive Practices
Investing in companies that misrepresent their earnings can lead to a false sense of security for investors who are unaware of the underlying financial manipulations happening behind the scenes.,Deceptive Practices
Emails between employees revealed a concerted effort to mislead customers about the risks associated with certain financial products by using complex jargon to obscure true performance.,Deceptive Practices
"At the end of each fiscal year, the financial analyst presents a comprehensive report that includes a clear explanation of budget variances and their implications on future projects.",Transparent Practices
The advertisement for the new financial product emphasized the potential gains dramatically while downplaying the associated risks through vague language.,Deceptive Practices
"All our transactions are documented and accessible, ensuring that every member of our organization and our clients can verify our commitment to ethical business practices.",Transparent Practices
"A whistleblower came forward stating that the management had pressured employees to mislead clients about the risks associated with a new financial product, which turned out to be far riskier than portrayed.",Fraudulent Behavior
"When prompted about the investment strategy, the portfolio manager shared detailed analytics that illustrated both potential returns and possible risks, reinforcing trust and clarity.",Fair Practices
"In corporate finance, businesses are required to disclose their financial statements accurately, which helps investors make informed decisions and ensures a level playing field for all stakeholders.",Fair Practices
"My friends and I were told that investing in their new cryptocurrency would be a 'sure bet', but now we see the red flags of a classic pump-and-dump scheme that left us all scammed.",Fraudulent Behavior
"After an audit, it was revealed that the company had been inflating its revenue numbers to attract investors. This manipulation was concealed in the financial statements, leading to significant losses for those who invested based on the misleading data.",Fraudulent Behavior
"During the conference, the speaker emphasized the role of fiduciary duty, stressing the necessity for financial advisors to act in their clients' best interests at all times, promoting trust and integrity in the industry.",Fair Practices
"The team regularly updates me on market conditions and how they might affect our strategy, ensuring that I'm always informed and part of the decision-making process.",Transparent Practices
"A report revealed that the investment firm significantly increased its fees after the merger, causing concern among clients who felt their interests were being overlooked.",Conflicted Interests
"While helping my friend with her investments, I noticed that her advisor often steered her toward products from companies he had connections with. It feels like a conflict, as she could be missing out on better opportunities.",Conflicted Interests
The firm has implemented a comprehensive training program for its advisers to ensure they are well-versed in ethical standards and client trust is maintained throughout the advisory process.,Fair Practices
"Numerous hedge funds have been caught using insider information to gain an unfair advantage in stock trading, which not only misleads the public but also distorts market integrity.",Deceptive Practices
"In an attempt to mask declining profits, the management engaged in round-trip transactions, inflating sales figures and misleading investors about the true economic conditions of the company.",Fraudulent Behavior
"I heard about a 'new' financial product that supposedly guarantees a high return, but upon research, I found out it was an old scam repackaged for unsuspecting investors.",Deceptive Practices
"During a fundraising event, a charity organization exaggerated its financial needs without disclosing the actual usage of previous donations, prompting skepticism about their transparency.",Deceptive Practices
"After a major scandal in which the firm's audits were found to have been manipulated, it became clear that the leadership had concealed significant debt from stakeholders to maintain stock prices and avoid scrutiny.",Fraudulent Behavior
"The investment firm's push for a particular hedge fund gained scrutiny as it turned out many employees had undisclosed financial ties to it, creating a potential bias in their advising process.",Conflicted Interests
"During the quarterly earnings call, the CEO emphasized the importance of integrity in financial reporting, assuring stakeholders that all data presented was thoroughly vetted for accuracy.",Fair Practices
"Every financial report released by the firm is audited by an independent party, enhancing credibility and reassuring investors about the accuracy of the information.",Fair Practices
"The investment firm's policy allows clients to access real-time data on fund performance, fostering an environment where clients feel informed and engaged with their financial choices.",Transparent Practices
"The firm's policy allows clients to review their investment portfolios at any time, reflecting a dedication to keeping customers in the loop regarding their financial decisions.",Fair Practices
"I keep seeing ads for a new cryptocurrency that guarantees payouts every month, but their website lacks basic information about who runs it. How can anyone trust that?",Fraudulent Behavior
"As part of their ethical commitment, the insurance company offered a free educational seminar to potential clients, clearly explaining different policy types and enabling informed decisions.",Fair Practices
"After thorough research, the bank introduced an interest rate that was competitive yet sustainable, reflecting a commitment to both profitability and customer satisfaction without misleading clients.",Fair Practices
"The financial advisor recommended investment in a specific fund, but it turns out he holds shares in that very fund, which makes me question his motives.",Conflicted Interests
"After reviewing all options, the mortgage broker offered a range of solutions tailored to the client's needs, emphasizing responsible lending practices without hidden conditions.",Fair Practices
"The financial report provided by the analyst contained a mix of favorable insights and red flags about businesses in which they hold personal stakes, leading to a lack of trust in the analysis.",Conflicted Interests
"At last quarter's earnings call, the management team took time to address all questions transparently, offering insights into their decision-making processes and encouraging a culture of accountability within the organization.",Transparent Practices
One company promised guaranteed returns from a hedge fund but failed to inform investors that the fund was actually under investigation for misappropriating investor funds for personal uses by the fund manager.,Fraudulent Behavior
"When signing up for the retirement plan, we received comprehensive educational materials that outlined the benefits and drawbacks, helping us make an informed decision.",Transparent Practices
"I opened a new account and found unexpected charges on my statement. They said it was for maintenance fees, but I never agreed to that. Something feels off about this.",Fraudulent Behavior
"Our team regularly reviews investment strategies with clients, ensuring they are aware of market changes and how it impacts their portfolio, allowing for timely adjustments based on their needs.",Transparent Practices
"An insurance agent was caught falsifying claims documents, resulting in benefits being paid out to individuals who did not actually suffer the insured events, undermining the integrity of the insurance process.",Fraudulent Behavior
"In a recent newsletter, the firm shared educational resources about market trends and investment strategies to empower clients in making sound financial decisions. This approach promotes informed investing without hidden agendas.",Fair Practices
A popular investment seminar advertised by a well-known influencer encouraged attendees to buy shares in a company with hidden financial troubles. Attendees later learned that they were being sold shares that were vastly overpriced.,Fraudulent Behavior
The advisor recommended a high-risk product that benefited him more than the client while downplaying the associated risks.,Deceptive Practices
"In a recent investment seminar, the speaker urged attendees to invest heavily in a startup with exaggerated claims about its profitability, raising suspicions about whether he was being compensated by the company for promoting such misleading information.",Fraudulent Behavior
"Our commitment to transparency includes providing clients access to our financial audits, which are conducted by independent firms, ensuring credibility and trustworthiness in our operations.",Transparent Practices
"During the annual review meeting, the advisor provided detailed insights into the performance of my portfolio, explaining every recommendation with supporting data and rationale, which builds a strong level of trust.",Fair Practices
"All transactions executed in our trading platform are documented and made available for review, ensuring that clients can track their investments in real-time without hidden fees or surprises.",Transparent Practices
"After the CEO's arrest for insider trading, it emerged that key stakeholders had been exchanging confidential information for months, manipulating stock prices to their advantage while others suffered losses.",Fraudulent Behavior
"An email claims that the release of new cryptocurrency is a guaranteed way to get rich, even though the creators are completely anonymous and no concrete evidence of the coin's existence is provided.",Fraudulent Behavior
"When approached about their new investment product, the firm willingly shared the underlying strategies and provided examples of past performance, arming investors with knowledge rather than leaving them in the dark.",Fair Practices
"A mortgage broker was found to be falsifying income statements for clients applying for loans, which enabled them to qualify for homes they couldn't afford in the first place, ultimately leading to mass foreclosures.",Fraudulent Behavior
"An agent told potential investors that the market was on the verge of a major upswing despite knowing that such claims were based on shaky analysis, manipulating sentiments to generate sales for underperforming funds.",Deceptive Practices
"After a thorough investigation, it was revealed that a sales representative had been promising guaranteed returns on investments without any legal backing to support those claims.",Deceptive Practices
"In an ongoing investigation, a firm that specializes in tax preparation has been accused of falsifying tax returns to claim inflated refunds for clients, costing the IRS millions.",Fraudulent Behavior
"While discussing retirement plans, the broker seemed overly enthusiastic about a particular fund but revealed later that he holds shares in it personally.",Conflicted Interests
"During the annual meeting, the CEO spoke candidly about market conditions, acknowledging both the challenges and opportunities ahead while outlining clear, actionable strategies based on current data.",Fair Practices
"The nonprofit organization shares its financial statements and audit results publicly on its website, allowing donors to see how their contributions are utilized transparently.",Transparent Practices
"The real estate agency made sure to disclose all potential conflicts of interest, such as the fact that some properties were owned by the agents themselves, and remained upfront with clients about market conditions.",Fair Practices
"After reviewing the client's portfolio, our advisor clearly outlined the strengths and potential risks linked to each investment option. By providing data and clear explanations, we ensure that clients understand their choices without any pressure.",Fair Practices
"In a shocking turn of events, the CEO was found to have sold shares before announcing underperformance, leaving regular investors in the lurch without clear information.",Deceptive Practices
"In an investor meeting, one board member frequently touted the benefits of a recent acquisition while neglecting to disclose that they own substantial shares in the company being acquired, leaving attendees questioning the motivations behind his enthusiasm.",Conflicted Interests
"The financial planner assured her clients they were on the path to financial security, all the while funneling their investments into her own failing startup, leaving them with no gains and much uncertainty.",Deceptive Practices
"One analyst published a glowing review of a company's stock, but it was later found he had ties to the management team, creating a conflict of interest that was not communicated to readers.",Deceptive Practices
"The bank's new policy ensures that all customers are informed about all fees and charges upfront, allowing them to make better financial decisions without any hidden surprises.",Fair Practices
"A financial advisor promised high returns on an investment scheme that didn’t exist, convincing clients to funnel their savings into a black hole of endless fees and manipulated figures.",Fraudulent Behavior
"In a recent report, the company outlined its commitment to ethical lending practices, prioritizing customer education and ensuring that terms were clearly communicated to all borrowers.",Fair Practices
I just found out that bank statements were altered to make it look like accounts were performing better than they actually were.,Deceptive Practices
"The trading app has integrated a feature that educates users on potential risks and rewards of their trades, ensuring that they make informed decisions based on comprehensive data.",Transparent Practices
"An asset manager was caught manipulating trading volume data to create a false sense of demand for an underperforming fund, leading to significant losses for latecomers.",Fraudulent Behavior
"Clients were surprised to learn that their consultant recommended insurance products from a company where they were also receiving commissions, casting doubt on the consultant's objectivity.",Conflicted Interests
"In a recent press release, the financial firm disclosed its investment strategies and how these align with its client’s goals, ensuring that clients are fully informed about the processes and potential risks involved.",Transparent Practices
"Many clients have expressed appreciation for the company's efforts to provide detailed reports on investment performance, which allows them to make informed decisions without any hidden agendas.",Fair Practices
"An internal audit discovered that the firm had been issuing fake contracts to secure fraudulent payments from clients, tarnishing its reputation irreparably.",Fraudulent Behavior
"The annual shareholders' meeting focused on discussing the community impact of their lending practices, reinforcing their dedication to supporting local businesses and economic growth without exploiting vulnerable borrowers.",Fair Practices
"A popular stock was promoted on social media by influencers who failed to disclose that they were paid to promote it, leading many unsuspecting investors to make poor trading decisions based on inflated claims.",Fraudulent Behavior
"The recent merger announcement came at a time when key executives had privately sold substantial amounts of their stock, leading to speculation on their commitment to shareholders' interests.",Conflicted Interests
"After reviewing the loan applications, the lender clearly communicated the conditions of the loans, including interest rates and payment schedules, allowing borrowers to make informed decisions without pressure.",Fair Practices
"During a loan application process, the lender kept changing the terms without proper justification, which left me feeling like they were hiding something from me.",Deceptive Practices
"The bank's commitment to ethical lending practices was evident as they detailed their loan approval process, ensuring that applicants were fully informed of their options.",Fair Practices
"The new investment platform has clearly outlined its fee structure, ensuring that all users understand exactly where their money is going and how much they'll be charged.",Transparent Practices
"The online platform has a step-by-step guide on their fees and services, and they encourage questions if something isn’t clear, which means they value their clients' understanding.",Transparent Practices
"Investment newsletters that promise extraordinary returns without outlining the associated risks often prey on novice investors, leading them into potentially disastrous financial decisions.",Deceptive Practices
"While the bank promotes its low-interest loans, it also stands to gain from higher fees tied to other financial products, leaving customers wondering about the true cost of borrowing.",Conflicted Interests
"A recent survey shows that many brokers are pushing clients to trade certain stocks, without revealing their own financial incentives tied to those trades.",Deceptive Practices
"Several real estate agents were found colluding to inflate property values to increase their commissions, misleading buyers with false appraisals.",Deceptive Practices
"A high-profile CEO was discovered to have used inside information to trade stock options while publicly denying any knowledge of the company's financial woes, showcasing unethical behavior that destroys trust.",Deceptive Practices
"In a recent audit, several accounting discrepancies were found, stemming from management's deliberate manipulation of financial statements to meet earnings expectations and maintain stock prices, misleading investors.",Deceptive Practices
"A financial newsletter offers investment tips, but the sender has undisclosed ties to the companies they recommend, prioritizing their own profits over the subscribers' interests and investments.",Fraudulent Behavior
"During the quarterly review, the CFO misrepresented the current liabilities, hiding the actual debt level from stakeholders and exaggerating the company’s financial health to attract more investors.",Fraudulent Behavior
"The brokerage firm received a hefty commission for selling certain investment products to clients, some of which the agents personally invested in, creating a questionable practice regarding the best interests of their clients.",Conflicted Interests
"An insider leaked information about a firm acquiring a startup, leading to a spike in stock prices, yet it later came to light that they had leaked this information to benefit personally from the price changes.",Deceptive Practices
"A recent initiative by the bank to offer lower interest rates to first-time homebuyers was well communicated, making it evident that they are genuinely interested in helping their community achieve homeownership.",Fair Practices
"During a pitch, the entrepreneur claimed that their technology was revolutionary, but ignored crucial flaws that could lead to dire financial consequences for early investors, ultimately misleading them.",Deceptive Practices
"I received a call from someone claiming to be from a well-known bank, offering me a loan with incredibly low interest rates. After a few questions, they asked for my personal info—very suspicious!",Fraudulent Behavior
"During the pitch, they showcased lavish lifestyles funded by client investments, but later, it was uncovered that many of those clients had never seen a return on their initial capital, leading to investigations into their legitimacy.",Fraudulent Behavior
"In a move to uphold ethical standards, the hedge fund has opted to publish a detailed breakdown of its strategies and risk assessments on its website for potential investors to review.",Transparent Practices
"As the investment firm promised high returns, some clients were left wondering why their portfolios seemed to favor investments linked to the founder's previous ventures.",Conflicted Interests
"The company held open forums for clients to voice their concerns regarding investment strategies, and the management team addressed each inquiry with sincerity and detailed explanations.",Transparent Practices
"There have been reports that the fund manager has been overly aggressive in pushing certain stocks, which happen to be from companies with which he has close ties, leading to concerns about loyalty and transparency.",Conflicted Interests
"After the merger, numerous employees reported being pressured to promote a new insurance product that offered high commission at the cost of providing honest financial advice to clients, creating a conflict they were uncomfortable with.",Deceptive Practices
"The accountant was found to be manipulating financial statements, inflating revenues to secure bonuses. It's a classic case of putting personal gain over ethical standards.",Fraudulent Behavior
"Many people I know were encouraged to invest in a startup, but it turns out the information provided was exaggerated and misleading about the potential growth and profitability.",Deceptive Practices
"The financial advisor was upfront about all fees and commissions associated with investing in mutual funds, ensuring that clients had a clear understanding of what to expect from their investments.",Transparent Practices
"When acquiring new stocks, the fund manager carefully assessed each company’s ethical standings and potential impact on the environment, demonstrating a commitment to responsible investing practices.",Fair Practices
"All communications from the financial services firm included a section addressing potential conflicts of interest, demonstrating their commitment to maintaining a transparent relationship with clients.",Fair Practices
"A recent audit revealed that the consulting firm recommended strategies that mainly benefited its partners, as they also had personal investments tied to those strategies, which feels a bit shady.",Conflicted Interests
An investment advisor promised guaranteed returns without any risks involved. How can they say that without any sort of substantiation?,Deceptive Practices
"In a recent webinar, the financial advisor discussed the importance of transparency in fee structures, leaving no hidden charges that could surprise clients later on. This open dialogue helps build trust between the advisor and the client.",Fair Practices
"The investment firm conducts regular audits on its operations to confirm compliance with industry regulations, thus reinforcing its commitment to ethical standards in client dealings.",Fair Practices
"The firm advertised a new investment strategy that claimed high returns, but behind the scenes, it became clear that the strategy was more about generating fees for the advisors than actual client success.",Conflicted Interests
"In a unique initiative, a credit union offered financial literacy workshops to members, aimed at improving their understanding of credit scores and budgeting practices to enable informed financial decisions.",Fair Practices
The manager's decision to allocate funds to a project that he personally invested in raises concerns about whether his judgment was influenced by his own financial interests rather than the company's welfare.,Conflicted Interests
"When a major retailer announced a merger with a tech firm, some executives sold off their stock days before the deal was made public, profiting massively from the insider information they had.",Fraudulent Behavior
"A hedge fund manager encouraged clients to invest in a failing company by showcasing manipulated financial statements, all while he was secretly planning to short the stocks to profit from the downfall he precipitated.",Fraudulent Behavior
"The firm invites clients to annual meetings where they can ask questions about financial practices, promoting a culture of openness where investors can freely express concerns and receive comprehensive answers.",Transparent Practices
We believe in clear communication with our investors. Regular updates about our funding and expenditure allow everyone to stay informed about our financial health.,Transparent Practices
"I invested in a startup recommended by a friend who seemed legit, but it turns out they were just using my funds to pay off previous investors. Feels like I fell for a Ponzi scheme!",Fraudulent Behavior
"An investment group advertised a revolutionary new cryptocurrency, claiming it would double investments in weeks. Meanwhile, behind the scenes, the founders were planning to disappear with the initial investments, misleading backers on the technology's viability.",Fraudulent Behavior
"After the partnership was formed, the financial planner began to steer clients toward options that were not in their best interest but offered him a lucrative bonus for every client he signed up.",Conflicted Interests
"Frequent changes in the terms and conditions of the investment contract left me confused and suspicious, especially when I found out that many investors were unable to withdraw their funds.",Fraudulent Behavior
"In their annual sustainability report, the organization shared not only their financial achievements but also their contributions to social causes, demonstrating a balanced pursuit of profit alongside community well-being.",Transparent Practices
"Some brokers are known to prioritize their profit margins over their clients’ interests, touting investments that barely meet the required disclosures of risk and profitability.",Deceptive Practices
"I appreciate how the insurance company sends annual policy summaries that clearly outline coverage, exclusions, and premium adjustments, ensuring customers remain informed over time.",Transparent Practices
"Several high-profile mutual funds were caught charging investors fees that were not disclosed in their prospectuses, misleading clients about the true cost of their investments.",Fraudulent Behavior
"A financial firm advertised its services as being 'the best in the market' but when I checked, I found numerous complaints about their unethical practices and false claims.",Deceptive Practices
"We've initiated a new policy that mandates full disclosure of any changes in our investment strategy to clients, aiming to keep everyone informed and engaged about their funds.",Transparent Practices
"Despite promising high returns, the investment scheme required additional fees that weren't disclosed up front. Many customers felt they had been conned.",Deceptive Practices
"After receiving feedback from clients regarding transparency, the firm committed to enhancing their communication about policy changes and investment choices, showing a responsiveness to client concerns that is foundational in ethical finance.",Fair Practices
"The investment scheme promised returns that were too good to be true, leading countless investors to pour their life savings into an operation that never existed.",Fraudulent Behavior
"After evaluating multiple funds, the firm presented clients with evidence of strong performance while ensuring compliance with industry standards and regulations.",Fair Practices
"It’s concerning how certain financial reports gloss over risks associated with leveraged investments, making them seem more appealing without addressing the potential for substantial losses.",Deceptive Practices
"During the meeting, the broker suggested a stock that had been pushed to the top by their firm, failing to mention the undisclosed commission he would receive if clients invested, causing a serious conflict of interest for them.",Deceptive Practices
Investigating a brokerage firm revealed that they were manipulating stock prices by posting false news releases to drive up interest and thus profit from the inflated prices.,Deceptive Practices
"In a shocking development, it was discovered that a financial advisor was using client funds for personal expenses without their knowledge, a clear breach of trust and ethics in the finance industry.",Fraudulent Behavior
"Before purchasing stocks, the investment platform sent me an educational guide about the market, which included potential risks and rewards, ensuring I was making an informed decision.",Transparent Practices
"Despite claiming to prioritize customer satisfaction, the brokerage firm seems to favor investment products that yield higher commissions for their agents, which could mislead clients about what's best for them.",Conflicted Interests
"An analyst praised a company's stock as a 'must buy' in a report, unaware that their firm had a financial relationship with the company, which complicates the integrity of that recommendation.",Conflicted Interests
"At the annual investor meeting, we actively sought feedback from our shareholders on our strategies. This engagement not only informs our future decisions but also shows our respect for their opinions and concerns.",Fair Practices
"A brokerage firm was recently charged with steering clients toward proprietary funds that did not perform well, while conveniently hiding better options from them, thus profiting off of a conflict of interest without clients' knowledge.",Deceptive Practices
"An acquaintance mentioned that many wealth managers are often incentivized to recommend specific retirement accounts that don’t necessarily serve their clients best, creating a potential conflict between their roles as caregivers and their personal gains.",Conflicted Interests
"Before signing the contract, all the terms and conditions were reviewed with the client, who was given ample opportunity to ask questions and seek clarifications.",Transparent Practices
"A financial advisor was caught selling investment products to clients without fully disclosing the high fees involved, prioritizing his commission over the clients' best interests with no regard for the actual benefits of those products.",Deceptive Practices
"The investment firm provided comprehensive disclosures regarding all fees and potential conflicts, ensuring that clients understood the choices before making decisions.",Fair Practices
"In an effort to secure a loan, the small business owner provided falsified income tax returns to the bank, which later resulted in serious legal consequences.",Fraudulent Behavior
"The bank's commitment to ethical lending practices means they regularly assess their loan products to ensure they are fair and accessible to all customers, regardless of their background.",Fair Practices
"The venture capitalist touted a successful startup investment while having financial ties to the same startup, casting doubt on the impartiality of his recommendations to potential investors.",Conflicted Interests
"In a recent webinar, the CEO of the investment firm emphasized the importance of transparency, outlining how fees are calculated and how they affect investor returns over time. The session included a clear Q&A segment, allowing participants to voice their concerns openly.",Fair Practices
"A startup's pitch deck depicted projections that seemed too good to be true, which may have been crafted to lure in naive investors who didn't have access to all the facts.",Deceptive Practices
"The CEO of a small startup falsely claimed that their latest product had received regulatory approval when, in fact, they were still in the early stages of testing, drawing in investors with fabricated success stories.",Fraudulent Behavior
We pride ourselves on our open communication policy; clients can reach out at any time with questions about their investments without worrying about hidden agendas or fees.,Transparent Practices
"In a shocking turn of events, the accountant altered tax returns to show inflated deductions, allowing the company's owners to evade significant amounts of taxation.",Fraudulent Behavior
"Clients were advised to invest in a fund that generated high commissions for the advisor, with little mention of the fund's poor historic performance, leading clients to believe they were making informed choices.",Deceptive Practices
"The internal memo revealed that the financial planner receives commissions from the retirement plans he recommends, leading to suspicions about whether he's prioritizing client needs or his own earnings.",Conflicted Interests
"When launching a new investment product, the firm used straightforward language in all communications, ensuring that potential investors could easily grasp the terms and conditions without confusion.",Transparent Practices
"A local credit union has rolled out a new set of policies that prioritize member welfare, ensuring that loan products are tailored to avoid overburdening borrowers with unmanageable debt.",Fair Practices
"The brokerage firm’s website displayed positive testimonials from clients, but investigations revealed that these reviews were fabricated and submitted by employees to lure in new customers.",Deceptive Practices
"The financial planning seminar promised 'risk-free' investment opportunities, yet attendees later found out that the organizer had financial ties to the products being sold, leading to accusations of misleading marketing practices.",Deceptive Practices
"Some real estate agents inflate property values to close sales, preying on unsuspecting buyers by providing false market data and manipulating appraisals without the buyers’ knowledge.",Fraudulent Behavior
"The financial institution consistently provides educational resources to its clients, allowing them to better understand market trends and make wiser investment choices based on sound information.",Fair Practices
"In our recent audit, we noted that the company's financial reporting practices are exceptionally clear and detailed, showcasing all relevant data for stakeholders to review without any hidden information.",Transparent Practices
"Although the new mutual fund was marketed as a comprehensive solution for retirement savings, investors were surprised to learn that a significant percentage of their fees went to the fund manager's own business ventures, prompting scrutiny over the fund's true purpose.",Conflicted Interests
"In the lead-up to the IPO, the executives manipulated the earnings reports to create a false sense of stability, while insiders quietly sold off their shares at peak prices, leaving new investors holding the bag.",Fraudulent Behavior
"A prominent banker had been advising companies on acquisition strategies while simultaneously negotiating a lucrative contract with one of the firms involved, leaving stakeholders uneasy about potential bias.",Conflicted Interests
"After the merger, many employees were confused when promotions were given to individuals related to executive team members, calling into question the fairness of the process.",Conflicted Interests
"During a recent audit, our firm received commendation for our transparent fee structure that allows clients to see exactly what they're being charged and why, reinforcing a culture of accountability.",Transparent Practices
"We conduct regular audits to ensure compliance with all regulatory practices, reinforcing our commitment to ethical behavior and accurate reporting of client transactions.",Fair Practices
"During a board meeting, it was revealed that the CEO had ties to a vendor receiving contracts, sparking questions about the integrity of the bidding process.",Conflicted Interests
"A wealthy real estate mogul sold properties at inflated prices by forging documents that exaggerated their value, convincing buyers they were making a smart investment, when in reality, they were being ripped off.",Fraudulent Behavior
"My friend invested in a fund after being shown impressive historical performance data, only to discover later that those figures were selectively presented to mislead potential investors.",Deceptive Practices
"A group of investment strategists utilized client information to trade on insider knowledge, which they fabricated as market research to justify their profits. This raises serious ethical questions regarding the integrity of their practices.",Deceptive Practices
"The financial advisor has been pushing certain investment products that pay him higher commissions, despite them not being the best fit for his clients' needs.",Conflicted Interests
"An investment broker promised guaranteed high returns but failed to disclose that the investment was exceedingly high-risk, misleading clients about the potential for losses.",Deceptive Practices
"The promotional materials were slick and persuasive, but behind the scenes, the firm was using investor money to pay off earlier investors, creating a façade of success while the operation was crumbling.",Fraudulent Behavior
"The company reported profits that seemed too good to be true, and upon further investigation, it was revealed they were inflating sales numbers to impress investors.",Fraudulent Behavior
"The wealth management company touted its record of success, yet investigations revealed they often misrepresented past performance to attract new clients.",Deceptive Practices
"To enhance client trust, we annually audit our operations and publish the results for public viewing, proving our commitment to ethical standards in finance.",Transparent Practices
"They promised me a shortage of fees, but I was charged extra 'processing' fees that were never mentioned when I signed up. Seems like a tricky way to make money.",Deceptive Practices
"Every quarterly report submitted by the company includes a detailed breakdown of earnings and losses, demonstrating a commitment to honesty and accountability that benefits shareholders and stakeholders alike.",Fair Practices
"The credit union's member-first approach means that interest rates and terms are negotiated with clients' best interests at the forefront, fostering a positive relationship with the community.",Fair Practices
"In a recent shareholder meeting, the CFO openly discussed the potential risks and rewards of upcoming projects, inviting questions to clarify any uncertainties among investors.",Transparent Practices
"A financial advisor misled clients about the risks of an investment strategy, ultimately causing significant losses while earning hefty commissions from those products.",Fraudulent Behavior
"The investment bank had a division that was responsible for underwriting stocks while simultaneously engaging in trading those same stocks, thereby creating a situation where their interests might not align with those of their clients.",Conflicted Interests
"In light of recent scandals, the insurance company is under scrutiny for allegedly pushing policies that were more profitable for agents rather than offering clients the best coverage options available. The concern is whether clients are getting honest advice.",Conflicted Interests
"During the annual shareholders' meeting, management answered questions from investors about the company's long-term strategies and risks, demonstrating commitment to clear communication and ethical guidance.",Transparent Practices
"A friend told me about an investment opportunity that was described as 'too good to be true.' He invested and now he's trying to get his money back, but the company has disappeared!",Fraudulent Behavior
"During the quarterly meeting, the CFO transparently shared the company's financial performance with stakeholders, highlighting both successes and areas for improvement, thus fostering an atmosphere of trust and accountability.",Fair Practices
"A recent report indicated that the bank's lending policies were developed with input from diverse community stakeholders, ensuring their practices align with the needs of local residents.",Fair Practices
"I received a letter stating I owed for a subscription I never signed up for and when I called to ask, they said it was a mistake, but now I’m worried about charges piling up.",Deceptive Practices
"At the quarterly review, it struck me that the discussions heavily favored products from companies where the executives had shares. It was a clear case where personal holdings could influence their professional recommendations.",Conflicted Interests
"During a recent webinar, the speaker touted the advantages of a specific loan product while glossing over the harsh penalties for late payments, which caught several attendees off guard when they realized.",Deceptive Practices
"After investigation, it was found that the analyst who rated a company highly had previously been employed by that firm, which might skew his evaluation and suggest a clash between objectivity and personal history.",Conflicted Interests
"While promoting a new insurance product, the agent hinted that it would be beneficial for the clients' families, but he was more focused on hitting his sales targets for the month.",Conflicted Interests
"The new policy introduced by the bank encourages open dialogue about the risks associated with various financial products, fostering an environment where clients feel comfortable asking questions.",Fair Practices
"During the client meeting, the financial advisor clearly explained the different investment options available, making sure clients could make informed choices without any pressure.",Fair Practices
"In light of recent regulatory changes, the brokerage firm updated its compliance procedures to ensure all clients receive fair treatment, especially in transactions involving high-risk assets.",Fair Practices
"In a recent press release, the mutual fund company outlined their strategy for responsible investing, measuring impact and performance not just in monetary terms but also in community and environmental benefits.",Fair Practices
"The financial advisor provided a detailed breakdown of fees and charges associated with the investment portfolio, ensuring that clients were fully informed before making decisions, resulting in a trusting relationship.",Fair Practices
"Emails leaked from a reputable insurance firm showed agents pressuring clients to purchase unnecessary add-ons to their policies, which resulted in inflated commissions for the agents without providing any real value to the insured.",Fraudulent Behavior
"In a recent interview, the CFO outlined their approach to corporate governance, reinforcing how crucial it is for their company to uphold integrity and accountability in all financial dealings.",Fair Practices
"While investigating potential mergers, it was discovered that an executive's spouse owned shares in one of the target companies, potentially complicating the objectivity of the executive's decisions regarding the merger.",Conflicted Interests
"I attended a seminar where the speaker claimed exclusive access to off-market real estate deals, but later it turned out everyone in the room got the same pitch; it felt like a scam.",Deceptive Practices
"After reviewing the loan terms, the mortgage specialist took the time to explain each clause to the client, making sure there were no hidden fees or confusing jargon.",Transparent Practices
"The investment consultant described the advantages of a proprietary trading strategy but did not mention that the strategy resulted in higher fees for clients compared to other strategies, raising eyebrows about the underlying motivations behind their advice.",Conflicted Interests
"During the investment seminar, the speaker encouraged attendees to ask questions about fees and commissions, highlighting the importance of understanding every aspect of their financial engagements. This level of engagement is indicative of a commitment to client education and empowerment.",Fair Practices
"During the meeting, the financial advisor recommended a specific mutual fund in which he held significant shares, raising concerns about his motives for suggesting that investment to his clients.",Conflicted Interests
"A recent audit revealed that several investment firms were inflating their assets under management to attract more investors, leading to severe consequences when the truth came to light.",Fraudulent Behavior
"During our public webinars, we address market trends transparently, giving our clients insight into our decision-making process without sugarcoating the potential risks involved.",Transparent Practices
"The bank's policy emphasizes honesty, as every product offered is backed by clear documentation and a dedicated customer service team ready to clarify any doubts.",Transparent Practices
"We prioritize open conversation with our clients, encouraging them to ask questions about their finances and providing straightforward answers without hidden agendas.",Transparent Practices
"During the quarterly meeting, the CEO addressed shareholders, providing them with an honest overview of the company's performance, including both successes and areas for improvement without sugarcoating the challenges ahead.",Transparent Practices
"In a desperate bid to retain clients, a firm offered bonuses for referrals while obscuring a fee structure that would ultimately cost those clients more than anticipated if they followed through with any investments.",Deceptive Practices
"A recent broker report suggested strongly buying a stock, but further analysis showed that the analyst's firm had a vested interest in the company, putting their credibility into question.",Conflicted Interests
"A financial advisor recommended a particular mutual fund to his clients, but failed to mention that he would receive a significant kickback for each investment made, creating a conflict of interest that wasn't disclosed.",Deceptive Practices
A financial advisor pocketed the commissions from recommending high-fee mutual funds to clients while failing to disclose these conflicts of interest during meetings.,Fraudulent Behavior
"In a recent report, it was uncovered that the investment firm had been inflating the value of certain assets in clients' portfolios to make their performance look better than it actually was, misleading investors about their returns.",Deceptive Practices
"An employee discovered that her colleague was disclosing sensitive company information to a firm that was also a personal client, raising ethical issues about loyalty and transparency.",Conflicted Interests
"An investment group was caught inflating the projected returns of a new high-risk fund, enticing unsuspecting investors with false promises, while insiders reaped the benefits of the deceptions.",Deceptive Practices
"Investors were promised high returns on a new venture, but the details were purposely vague, leaving many to question the legitimacy of the operation.",Deceptive Practices
"The insurance company has a transparent claims process where all guidelines and criteria are made public, ensuring that policyholders can easily understand how claims are evaluated.",Fair Practices
"At a recent seminar, the speaker seemed torn between advocating for responsible financial practices and the clear profit motives of the sponsors funding the event.",Conflicted Interests
"A bank executive was found to have approved loans without proper checks, only to later find out that several applicants had provided false information, raising questions about accountability.",Fraudulent Behavior
Investors were shocked to discover that the startup they backed had been using fake metrics to create a façade of success. Many felt betrayed and angry after losing their money.,Fraudulent Behavior
"A bank's promotional material showcased success stories of loan recipients, yet many clients later found out that those stories were exaggerated or selective, failing to accurately represent typical outcomes.",Deceptive Practices
"We encourage our clients to ask as many questions as they need about their investment strategies, as open communication is essential in building a lasting relationship based on trust and mutual understanding.",Fair Practices
"My friend got a loan for a used car, but the dealer added hidden fees that weren't discussed earlier. I'm worried that he's being taken advantage of.",Fraudulent Behavior
"The firm aggressively marketed a 'guaranteed' investment opportunity, which they knew involved significant risks not communicated to investors.",Deceptive Practices
"A recent survey revealed that many loan officers understate interest rates and fees to close deals quickly, leaving borrowers shocked by the actual costs.",Deceptive Practices
"In a recent analysis of loan approvals, it was found that many times, agents favored clients with whom they had personal relationships, rather than those with the best financial profiles.",Conflicted Interests
"The investment firm lured clients with promises of high returns, but failed to disclose the risks involved in their strategies. Many were left facing significant losses without any warning.",Deceptive Practices
"An alleged Ponzi scheme emerged where the mastermind used funds from new investors to pay off earlier ones, all while promising incredible returns that never materialized, leaving countless individuals devastated and out of pocket.",Fraudulent Behavior
"At a conference, a speaker praised a revolutionary fintech app but did not disclose that he held a significant stock position in the company, raising questions about the objectivity of his promotion.",Deceptive Practices
"The investment advisor fabricated performance results to attract new clients, leading many to trust in an illusory track record.",Fraudulent Behavior
"During the financial planning session, the advisor explained all potential risks and benefits of various investment options, enabling the client to make an informed decision.",Transparent Practices
"The financial planner discussed the benefits of diversifying portfolios openly, highlighting how different assets could mitigate risks while clarifying that past performance is not a guarantee of future returns.",Fair Practices
"We have established a client feedback mechanism, where they can share their experiences, allowing us to address any concerns transparently and improve our services.",Transparent Practices
"Despite the appearance of a transparent process, the lack of disclosure about investment ties led to an unsettling feeling among clients, who wondered if they were being steered into options based on hidden agendas.",Conflicted Interests
"When the CEO of a large bank suggested that clients consider a specific insurance product, it later came to light that they owned significant shares in that insurance company, leading to concerns about transparency.",Conflicted Interests
"After evaluating their financial advisory services, I found that they prioritize client welfare by providing unbiased investment choices without hidden commissions.",Fair Practices
"In a recent initiative, the financial planner volunteered to provide pro bono services for low-income families, demonstrating the company's commitment to community welfare and ethical resource allocation.",Fair Practices
There's a situation where bank employees are incentivized to meet sales targets that can lead them to recommend loans to customers who may not truly benefit from them.,Conflicted Interests
"The financial advisor was found to have substantial investments in a competing firm, which raised eyebrows when clients noticed a lack of unbiased recommendations. It's hard to trust someone who's profiting off options that aren't in your best interest.",Conflicted Interests
"An online trading platform offered a 'no-risk' investment option but failed to reveal the actual risks involved, leading to thousands of users losing money after being misled by overly optimistic marketing materials.",Fraudulent Behavior
"A real estate agent assured buyers of the property's value but failed to disclose significant pending legal issues that could affect its resale value, leading to a potential loss for those ill-informed.",Deceptive Practices
"The bank immediately disclosed all potential risks involved in the loan agreement, allowing customers to make informed decisions without unexpected surprises.",Fair Practices
An employee's internal whistleblower report suggested that senior management was pressuring analysts to issue favorable ratings on companies they previously invested in personally.,Conflicted Interests
"The feedback we received from our last client satisfaction survey prompted us to enhance our customer service protocols. We strive to be responsive and supportive, ensuring our clients feel valued and understood throughout their investment journey.",Fair Practices
"In their latest quarterly report, the company disclosed all relevant financial metrics, allowing shareholders to have a clear picture of its financial health without any obfuscation.",Fair Practices
"We believe that financial literacy is key to empowering our clients. Therefore, we host free workshops that help individuals understand investment basics, keeping them informed and engaged without any hidden agendas.",Transparent Practices
"Despite being warned by compliance officers, the financial planner continued to push a particular investment product that favored his personal interests over those of his clients.",Deceptive Practices
"The credit union has a policy that encourages members to voice their concerns and feedback about services, fostering a culture of trust and open communication among its user base.",Fair Practices
"Our investment firm prioritizes full disclosure. We believe that clients should be provided with comprehensive reports about their investments, including risks and fees involved. This approach fosters trust and long-term relationships.",Fair Practices
"The mortgage broker insisted that I sign up for a higher rate, claiming it was for a better service, yet the lower rates he offered seemed way more appropriate for my situation.",Conflicted Interests
"A mortgage broker consistently pushes clients toward loans from banks with which they receive higher commission levels, regardless of whether those loans are the best fit for the client's financial needs.",Conflicted Interests
"I was told that the fees for my new account would be minimal, but after signing up I discovered hidden charges that weren't disclosed upfront. Seems fishy!",Deceptive Practices
"In my recent experience with the investment firm, every step of the process was clearly explained, and they answered all my questions without hesitation, which gave me complete confidence in their integrity.",Fair Practices
"When the company shifted its pension fund investments to a firm owned by the CEO's friend, stakeholders voiced unease regarding the motivations behind this decision.",Conflicted Interests
"The firm prides itself on its transparent approach to fees, ensuring that clients are aware of all costs upfront, thus reducing the likelihood of misunderstandings or disputes during the investment period.",Fair Practices
"The financial advisor promised clients high returns on investments that had no basis in reality, urging them to invest without disclosing the risks involved. He was secretly siphoning off money for personal use, leading many to lose their life savings.",Fraudulent Behavior
"During an audit, it came to light that the accountant had been altering financial statements to hide losses and secure bonuses, which is highly unethical and illegal.",Fraudulent Behavior
"As part of their corporate social responsibility initiative, the bank introduced a program aimed at helping low-income families access financial literacy courses, enabling them to make informed decisions.",Fair Practices
"The merger between the two companies has raised eyebrows, particularly because the CEO stands to gain significantly from the deal while employees may not see the same benefits.",Conflicted Interests
"The accounting team published a comprehensive report detailing the financial health of the organization, highlighting both assets and liabilities, which was made accessible to all stakeholders.",Transparent Practices
"At the annual shareholders meeting, the CEO highlighted initiatives aimed at ethical practices in investing, showcasing the company's dedication to responsible finance and client welfare.",Fair Practices
"The bank provides clear information about all fees associated with accounts, ensuring customers know exactly what they are paying for each service.",Transparent Practices
"The company held an open forum where employees could voice concerns about the management's decisions regarding bonuses, demonstrating a commitment to acknowledging and addressing their feedback respectfully.",Fair Practices
"After reviewing their financials, it seems like the investment scheme was just a way to entice clients without any real backing—definitely not the kind of integrity you'd expect in finance.",Fraudulent Behavior
"In a recent meeting, the financial advisor took the time to explain the risks and rewards of each investment option, making sure clients felt informed and confident in their decision-making.",Transparent Practices
"A local credit union's website lays out their member benefits straightforwardly, making it easy for potential members to compare them against competitors without any confusing jargon.",Fair Practices
"There have been instances where fund managers promoted certain stocks while holding large positions in them, creating a narrative that might benefit them more than the investors they represent.",Conflicted Interests
I thought it was odd when my stockbroker suggested I buy shares in a company she was affiliated with. It makes you think if her recommendations truly reflect her expertise or her investments.,Conflicted Interests
"I noticed my credit card company frequently promotes certain merchants, and I can't help but wonder if they receive kickbacks from those businesses. This makes me question the integrity of their offerings.",Conflicted Interests
"Their policy encourages staff to prioritize client interests by offering unbiased product recommendations across multiple vendors, ensuring that clients receive the best options available.",Fair Practices
"In a recent initiative, the investment firm introduced a new line of socially responsible funds, giving investors the chance to support causes they care about while still aiming for financial returns.",Fair Practices
"Our company actively shares all relevant financial documents with our stakeholders and encourages questions about our operations, reinforcing the importance of transparency in our dealings.",Transparent Practices
"Fake charities were set up to solicit donations from unsuspecting individuals, with the organizers pocketing nearly all of the contributions instead of distributing the funds as promised.",Fraudulent Behavior
"Under the guise of normal operations, the hedge fund engaged in undisclosed trading practices that only benefited a select few insiders while leaving other investors in the dark.",Fraudulent Behavior
"Several reports emerged highlighting how brokers might prioritize their personal gains over their clients' needs when recommending stocks, leaving investors feeling uncertain about their choices.",Conflicted Interests
Several brokers were discovered to be creating fake testimonials from non-existent clients to enhance their credibility. This practice not only deceives prospective clients but also breaches the trust essential in financial service relationships.,Deceptive Practices
"The quarterly report presented by the investment firm included projections that were based on over-optimistic assumptions about market trends, which they later admitted were unfounded but didn't update their clients until months later.",Deceptive Practices
"When a financial firm alters the criteria for judging creditworthiness without informing applicants, it raises serious questions about transparency and ethical practices in lending.",Deceptive Practices
"During the annual report, the CEO highlighted the company’s adherence to ethical guidelines and the importance of honest communication with stakeholders, reinforcing their commitment to integrity.",Transparent Practices
"The scheme involved selling fake investment opportunities, where naive investors were misled into thinking they were funding real businesses, showcasing a shocking level of deceit.",Fraudulent Behavior
"A whistleblower has come forward, claiming that the company was involved in shady deals that defrauded investors, using complex language and loopholes to trick them into investing blindly.",Fraudulent Behavior
"The financial advisor was seen recommending a specific investment product that he receives a commission for, even though there were better options available for his clients. This raises questions about whether he truly had their best interests at heart.",Conflicted Interests
"The investment brochure promised guaranteed returns, but buried in the fine print were multiple disclaimers that conflicted with those assurances.",Deceptive Practices
"There's this app that promises to double your money in a month, but after reading reviews, it looks like numerous people have been scammed out of their savings. Very concerning!",Fraudulent Behavior
"The firm has maintained a policy of openness, sharing not only successes but also challenges faced over the fiscal year, which promotes a culture of honesty within the finance community.",Transparent Practices
"In our latest quarterly report, we disclosed every potential risk associated with our investment funds, allowing clients to make informed decisions.",Transparent Practices
"In the merger discussions, it was revealed that one board member stood to gain personally if the deal went through, making other investors wary about the objectivity of the decision-making process.",Conflicted Interests
We have partnered with various educational institutions to provide free workshops on financial literacy. Our aim is to equip individuals with the knowledge they need to navigate the investment landscape responsibly and avoid common pitfalls in finance.,Fair Practices
"An employee was incentivized to sell certain insurance products, even when they weren't the right fit for customers, misrepresenting them to meet sales targets.",Deceptive Practices
"My friend was encouraged to invest in a specific retirement fund by their advisor, only to realize later that the fund's performance was consistently underwhelming, raising doubts about the motivation for the advice given.",Conflicted Interests
"The financial report was meticulously detailed, outlining all revenue streams and costs, which allowed shareholders to clearly see where the profits were being generated without any hidden agendas.",Fair Practices
"We implemented a new software system to track client transactions meticulously; this ensures that every financial decision made is documented and accessible, promoting accountability within our organization.",Fair Practices
"I received an email from a well-known bank asking for my personal information to verify my account. It looked real, but I’ve heard about scams like this before. It’s so deceptive!",Fraudulent Behavior
The wealth management company has a policy of avoiding conflicts of interest by disclosing all potential biases to clients before making investment recommendations.,Fair Practices
"Despite public statements about prioritizing customer needs, the bank's latest fees were notably benefiting executives who had ties to the pricing committee.",Conflicted Interests
"Several brokers within the investment firm were found colluding to sell overpriced securities to unsuspecting clients, pocketing the difference as commission.",Fraudulent Behavior
"To maintain integrity in trading, our brokerage firm provides clients with access to a detailed breakdown of all transactions made on their behalf, including execution prices and times, ensuring they are fully informed.",Fair Practices
"In a recent investment seminar, the speaker highlighted a 'miracle' stock that had been performing well for only a few months but omitted to mention that it was heavily promoted by his own firm, leaving attendees unaware of the inherent conflicts.",Deceptive Practices
"Each proposal we send out includes a comprehensive analysis of potential outcomes, allowing clients to see the methodology behind our recommendations and make informed decisions.",Transparent Practices
Management's decision to hide significant losses by shifting funds from one account to another is not only irresponsible but also poses a threat to market integrity.,Fraudulent Behavior
"I noticed that my account was charged multiple times for a service I didn't sign up for. After reaching out to customer service, they just said it was a billing error. I doubt it.",Fraudulent Behavior
"An investigation revealed that the hedge fund manager disguised operating losses as legitimate gains to attract new investments, resulting in severe penalties once the truth surfaced.",Fraudulent Behavior
"A recent audit revealed that the financial reports submitted to investors were not only late but also contained numerous inaccuracies, misleading stakeholders about the true health of the investments.",Fraudulent Behavior
"A whistleblower disclosed that the firm had policy loopholes allowing employees to invest in companies they were involved with, leading clients to feel their portfolios might not be managed impartially.",Conflicted Interests
"A recent customer feedback highlighted how the credit card company takes pride in educating their clients about their rewards program, making sure users know how to maximize their benefits without confusing fine print.",Fair Practices
"The asset management company recently published its annual sustainability report, detailing how its ethical investments are driving positive social impacts while also delivering returns for shareholders.",Fair Practices
"They offered me a too-good-to-be-true deal on stocks, with no real transparency on the risks involved. I suspect they were just looking to offload bad investments.",Fraudulent Behavior
"After reviewing the financial statements, I noticed discrepancies that suggest the company might not be entirely truthful about its revenue sources.",Deceptive Practices
"In a desperate attempt to save their failing business, a group of executives resorted to submitting fake invoices and expense reports, which not only deceived their investors but also eroded the company's credibility in the market.",Fraudulent Behavior
"In their annual report, the company provided a detailed analysis of earnings, including a breakdown of all revenue streams and expenses, allowing shareholders to see where profits are coming from.",Transparent Practices
"Reports indicated that an entire department was complicit in creating fake invoices that inflated project costs, thus diverting company money for personal gain, raising ethical concerns across the firm.",Fraudulent Behavior
"All financial transactions are logged and can be audited at any time, which provides reassurance that there’s no funny business happening behind the scenes.",Transparent Practices
"Suspicious transactions started appearing in the financial reports, with millions being funneled to offshore accounts with vague justifications about 'consulting fees' and 'marketing expenses'.",Fraudulent Behavior
"Several analysts have noted that the hedge fund's performance reports are heavily influenced by trades made for personal accounts of the fund managers, which could alter the perception of their actual investment strategy.",Conflicted Interests
"During the merger talks, it was revealed that a board member had significant shares in both companies involved, leading to concerns over whether decisions were being made in the best interest of shareholders or for personal gain.",Conflicted Interests
"By engaging actively with our community, we invite feedback and questions, reinforcing our stand on open communication and responsible governance in our financial operations.",Transparent Practices
"A recent audit uncovered that some recommendations made by the financial team were linked to personal relationships with executives in a startup, leading to an investigation into their investment motives.",Conflicted Interests
"A financial literacy initiative by the bank aims to equip young adults with the knowledge they need to make sound financial decisions, showcasing a commitment to nurturing informed consumers rather than just profit-driven motives.",Fair Practices
"Investors were lured with promises of high returns from a 'secret' real estate deal, only to find it was a Ponzi scheme where returns were paid from other new members' investments rather than actual profits.",Fraudulent Behavior
"In an effort to promote accountability, the financial institution has adopted a policy of full disclosure regarding potential conflicts of interest when advising clients, reassuring them of our dedication to ethical standards.",Fair Practices
"I thought we were investing in a legitimate startup, but it turns out the founder has been under investigation for previous scams. I feel so betrayed and foolish now.",Fraudulent Behavior
"By publishing its financial statements online, the nonprofit organization promotes accountability and encourages donor trust through open access to its fund allocation.",Transparent Practices
"The bank advertised a low interest rate for personal loans, but after applying, many customers discovered hidden fees that significantly increased the cost.",Deceptive Practices
"In a recent seminar, the broker emphasized the performance of certain stocks while conveniently omitting the associated risks, leaving many investors misled about their potential gains.",Deceptive Practices
"Investors were persuaded to buy into a new startup by misleading information about the company's profitability, which was significantly overstated in promotional materials.",Deceptive Practices
"After a merger announcement, several executives sold their shares at inflated prices, having prior knowledge of the deal's specifics, which ultimately penalized regular investors who were unaware of the impending shifts in stock value.",Deceptive Practices
"The financial regulator praised the brokerage for its initiative to publish an ethical code of conduct, which outlines expected behaviors and promotes a culture of integrity among its employees.",Transparent Practices
"Our latest initiative involves regular updates through newsletters that keep stakeholders informed about every major decision made by the company, ensuring that no information is withheld.",Transparent Practices
"A recent audit by an independent third-party confirmed that the brokerage operates with full transparency in its commissions structure, allowing clients to understand exactly what they are paying for.",Transparent Practices
"We regularly conduct market research to ensure our strategies are aligned with industry standards. By sharing this data with our clients, we emphasize our commitment to integrity and clarity in all business dealings.",Fair Practices
"Many clients were unaware that their trusted investment advisor was secretly receiving kickbacks for recommending certain products, leading them to make poor financial decisions that benefited only the advisor.",Fraudulent Behavior
"I appreciate that the investment firm regularly publishes detailed reports on our portfolio performance, allowing us to see where our money is going and how it's managed.",Transparent Practices
"The CEO of a tech startup misrepresented the company's user growth rate during a funding round, leading investors to believe the venture was far more successful than it truly was, ultimately harming trust in the market.",Deceptive Practices
"Compliance reports are regularly shared with our clients, illustrating not just what we do with their investments, but also how we adhere to regulatory standards.",Transparent Practices
"Despite multiple stock breaches in recent months, the company maintained an optimistic outlook to keep its shareholders satisfied, which some experts viewed as an attempt to downplay potential risks.",Deceptive Practices
"During the conference call, the CEO cited impressive growth figures, yet failed to mention that these figures were inflated by accounting tricks that could mask the company's dwindling cash flow.",Deceptive Practices
"Investors were misled by the company's inflated financial reports, which presented a skewed image of its profitability and growth potential.",Deceptive Practices
"While promoting a new investment scheme, the firm failed to disclose underlying risks that could lead investors to substantial losses, effectively capitalizing on their lack of knowledge for profit.",Fraudulent Behavior
"Many consumers were drawn to a credit card offering reward points, only to later find out that the terms included exorbitant fees and interest rates that negated any benefits they might earn.",Deceptive Practices
Insider trading allegations emerged as executives from the tech firm sold large amounts of stock just before a negative earnings report was leaked to the press. This created an unfair advantage that left regular shareholders in the dark about the impending decline.,Fraudulent Behavior
"An employee in the trading department was caught manipulating stock prices, making it look as if there was genuine interest in buying shares, which led to a market ripple effect.",Fraudulent Behavior
"The new reporting standards adopted by the financial sector aim to reinforce the integrity of operations and to encourage a culture of transparency from the top down, which is crucial for maintaining public confidence.",Fair Practices
"My uncle invested in a startup but later found out that the CEO was also an investor in another competing company. It's all very suspect and raises red flags about loyalty, don’t you think?",Fraudulent Behavior
"Our financial advisory firm prides itself on putting clients first. We ensure that all our recommendations align with their long-term goals and risk tolerance, promoting transparency at every stage of the investment process.",Fair Practices
"Our brokerage firm commits to ensuring that all fees and commissions are clearly outlined in our contracts, giving potential clients the full picture before they sign up.",Transparent Practices
"To promote honesty and accountability, annual financial reports are made publicly available and accompanied by detailed explanations of our fiscal strategies and outcomes.",Transparent Practices
"When I tried to report my broker's suspicious transactions, they brushed me off and insisted that everything was normal. It's hard not to feel like I'm being taken for a ride.",Fraudulent Behavior
"The CEO was found to be involved in insider trading, buying shares just before announcing company profits that were not yet made public, ultimately misleading shareholders.",Fraudulent Behavior
"A recent survey showed that 75% of investment firms have implemented new policies to enhance client communication, fostering an atmosphere of transparency that builds long-term relationships.",Fair Practices
"The financial report clearly outlines where every dollar is spent, ensuring that shareholders understand how their investments are being utilized and what returns to expect. This level of clarity fosters trust and helps investors make informed decisions.",Transparent Practices
"An internal whistleblower disclosed that the company was inflating its customer numbers to secure a larger line of credit, risking financial disaster if lenders discovered the truth.",Fraudulent Behavior
"While promoting a new stock offering, a financial newsletter promised outrageous returns based on misleading projections and omitted crucial information about the company's mounting debts and litigious history.",Fraudulent Behavior
"The testimonials on the company’s website were fabricated, presenting fictitious clients who claimed to have achieved great success by using the firm’s services, which raises ethical concerns.",Deceptive Practices
"Emails from my bank mention 'exclusive offers' but when I looked closely, the terms were so convoluted that I actually realized I’d be losing more money in fees.",Deceptive Practices
"Despite repeated claims of ethical lending practices, it was uncovered that the bank was approving loans for applicants without proper credit checks, leading to a slew of defaults.",Deceptive Practices
"The tax consultancy provides a free informational seminar where individuals can learn about tax responsibilities and the importance of compliance, helping clients understand their obligations without any hidden agendas.",Transparent Practices
"The investment advisor consistently misrepresents the risk associated with certain financial products to increase his commission, leading clients to believe they are making safe investments even when they are not.",Fraudulent Behavior
"A local bank was caught offering loans with terms that were not properly explained, leaving many clients feeling they were misled about their financial obligations.",Deceptive Practices
"After analyzing the latest reports, analysts suggested that the bank was intentionally hiding fees in their financial products, making clients unaware of the real costs.",Deceptive Practices
"When launching a new savings account, the bank provided detailed comparisons with competitors, helping customers make the best choice for their financial needs.",Fair Practices
She was shocked to find out that the lending terms she agreed to were riddled with hidden fees and exorbitant interest rates that made her loan almost unmanageable; the bank had withheld this information during the process.,Fraudulent Behavior
"The reporting system they use is very user-friendly—allowing me to see exactly where my money is going, which is a breath of fresh air compared to my previous experiences.",Transparent Practices
"A financial advisor recommended a high-fee investment product, even though their firm has a partnership with the product's issuer. It raises questions about whether their advice was truly in the client's best interest or influenced by potential bonuses.",Conflicted Interests
"The financial report contained overly optimistic forecasts about the company's growth, which analysts suggest were crafted to attract more investors without a solid basis.",Deceptive Practices
"It's troubling when consultants offer advice on mergers while having undisclosed stakes in one of the companies involved, isn't it?",Conflicted Interests
"The bank implemented new compliance procedures to ensure all fees are clearly outlined to customers, allowing them to make informed decisions regarding their financial options.",Transparent Practices
"During an investment seminar, the speaker emphasized the necessity of ethical investing, encouraging attendees to consider the long-term impact of their investment choices on the community and environment, rather than short-term gains.",Fair Practices
"Investing in this startup seems great, especially since it has a glowing review from a financial analyst who happens to be on the board of directors. Coincidence?",Deceptive Practices
"During the webcast, the CEO emphasized the importance of sharing both successes and challenges with stakeholders, demonstrating a commitment to open dialogue and accountability in financial reporting.",Transparent Practices
"We recently held a town hall meeting where shareholders were encouraged to voice any concerns or ask for clarifications about our financial practices, nothing was off the table and all inquiries were addressed.",Transparent Practices
"In a recent press release, the company claimed to have exceeded its earnings projections, yet upon digging deeper, it appeared they omitted significant losses incurred in other departments.",Deceptive Practices
"Their pitch was slick and charismatic, but now I can't help but wonder if they were just utilizing charm to mask their lack of credible business practices.",Fraudulent Behavior
"A financial advisor recommended a particular investment, failing to disclose that they receive a commission for every client they bring on board, which raises questions about their motives.",Deceptive Practices
"During the acquisition process, the company failed to disclose pending lawsuits that could impact future profitability, leading buyers to overvalue the firm significantly.",Fraudulent Behavior
"The credit union regularly shares its operational metrics and member satisfaction scores publicly, reinforcing their dedication to accountability in all their dealings.",Transparent Practices
"The fine print in the investment agreements was so convoluted that many clients were unaware of the hidden fees that ultimately drained their accounts, suggesting an unethical approach to client relations.",Fraudulent Behavior
"During the quarterly earnings call, the CEO disclosed all financial metrics to investors, highlighting achievements and areas for improvement with complete honesty.",Transparent Practices
I really appreciate how the financial advisor provided a full breakdown of potential risks versus rewards before suggesting any investment options. It felt like they were prioritizing my best interests over their commissions.,Fair Practices
"A renowned hedge fund manager was previously fined for misleading investors about the performance of one of their funds, yet they continue to attract new clients without clear disclosures.",Deceptive Practices
"Many investors were lured in by promises of high returns on a supposedly safe investment scheme, which was later revealed to be nothing more than a front for siphoning funds.",Fraudulent Behavior
"In a desperate attempt to raise capital, the startup exaggerated its growth projections in pitch materials to potential investors, which could lead to significant trust issues down the line.",Fraudulent Behavior
"A report indicates that a banker gave preferential treatment to a client who was a close friend, bypassing standard procedures that would typically ensure fairness in loan approvals. It's a fine line between personal relationships and professional responsibilities.",Conflicted Interests
A financial advisor I spoke to had a conflict of interest; they recommended a fund that paid them higher commissions instead of what would have been better for me.,Deceptive Practices
"Their new policy emphasizes full disclosure of any potential conflicts of interest, thereby reinforcing their commitment to acting in their clients’ best interests at all times.",Transparent Practices
"In the fine print of a loan agreement, hidden fees were overlooked, resulting in borrowers being charged excessively without their knowledge, while the bank kept all communications vague and misleading.",Fraudulent Behavior
"In a recent seminar, the speaker highlighted a startup as a groundbreaking investment, conveniently neglecting to mention his personal investment in the company, which could influence his viewpoint and recommendations.",Deceptive Practices
"While discussing potential investments, the bank manager seemed overly enthusiastic about a particular company; however, I've heard rumors that he holds a significant stake in that firm. It raises questions about his impartiality when advising us.",Conflicted Interests
"I signed a contract for a financial service based on a sales pitch that guaranteed long-term benefits, yet I later found out that the terms were not as advantageous as promised.",Deceptive Practices
"A Ponzi scheme was uncovered where the operator used funds from new investors to pay returns to earlier investors, all while promising unrealistic returns on investment.",Fraudulent Behavior
"In a recent meeting, the CEO emphasized the importance of full disclosure regarding dividend policies to shareholders, reinforcing the company's commitment to ethical operations.",Transparent Practices
"A financial analyst wrote a report praising a company's stock just days after purchasing shares for themselves, which could indicate a potential conflict of ethics in their role as an advisor.",Conflicted Interests
"The accountant manipulated the financial statements to show higher revenue than what was actually generated, misleading investors and inflating stock prices.",Fraudulent Behavior
"In our recent financial literacy seminar, we emphasized the importance of understanding the fine print in contracts, ensuring participants could recognize the value of honest and clear communication with providers.",Transparent Practices
"When the investment bank introduced a new financial product, they failed to disclose that the product had been underperforming and tied to a failing sector. Many clients ended up losing their savings based on incomplete and misleading information.",Fraudulent Behavior
"We believe in complete transparency when it comes to fees. All charges are clearly itemized on every client's statement, allowing for easy tracking of expenses.",Transparent Practices
"An investment firm was found to be exploiting loopholes in the regulations to avoid proper reporting on their high-risk hedge funds, endangering clients' investments without their knowledge.",Fraudulent Behavior
"In a recent meeting, the investment firm shared detailed reports on the risks and performance of different portfolios, allowing clients to make informed decisions without hidden surprises.",Transparent Practices
It's refreshing to see a brokerage firm that sends out quarterly reports detailing the fees charged and how they align with the service provided to clients.,Transparent Practices
"During the quarterly meeting, executives emphasized record revenues but conveniently left out the fact that they had to use aggressive accounting to achieve those numbers.",Deceptive Practices
"Investors were impressed by the bank’s initiative to publish an annual transparency report that details compliance with regulations, demonstrating their commitment to ethical governance in the financial sector.",Transparent Practices
"It’s great to see companies providing transparent information about their environmental impacts alongside their financial reports, allowing investors to see how sustainable practices affect profitability.",Fair Practices
"The investment firm regularly publishes audit results and performance metrics, providing clients with an honest view of how their portfolios are performing over time without hidden agendas.",Transparent Practices
"In a recent seminar, the speaker suggested investing in a specific real estate project, failing to mention that he stands to earn a commission from any investments made by attendees, leading to skepticism about his recommendations.",Conflicted Interests
"It has come to light that a major bank was using deceptive marketing tactics by promoting a 'low-interest' loan that included hidden fees, leaving borrowers with much higher costs than anticipated and no clear understanding of the terms.",Fraudulent Behavior
"A stock broker convinces elderly clients to invest in a failing startup by exaggerating its potential and downplaying its troubled history, which leads to significant financial losses for those clients.",Fraudulent Behavior
"During the annual review, we provided all clients with a breakdown of our fees and the services they received in return. This transparency helps ensure our clients understand the value they’re getting from us.",Fair Practices
"In a recent press release, the CEO emphasized their commitment to ethical investment strategies, highlighting their decision to avoid industries that pose risks to environmental sustainability. They believe that long-term profit should align with ethical considerations.",Transparent Practices
"In a recent meeting, the fund manager disclosed that their personal investments are heavily weighted in a sector they're advising clients to invest in, raising questions about their objectivity.",Conflicted Interests
"In a shocking turn of events, it was found that the financial advisor had been redirecting clients' investments into high-commission products without their knowledge, solely to boost his own earnings. Investors trusted his advice, thinking they were making sound decisions.",Fraudulent Behavior
"The investment firm provided clear information about the risks and rewards associated with the financial products they offered, ensuring that clients made informed decisions based on their financial goals.",Fair Practices
"A financial advisor misrepresented the risks associated with a high-yield investment opportunity, assuring clients that their money was safe while hiding information about the investment's history of losses.",Deceptive Practices
"The advisor often recommended high-fee mutual funds that paid him larger commissions, despite having cheaper options that would have benefited clients better.",Deceptive Practices
"The investment firm recently made headlines when it came to light that their analysts were trading stocks based on privileged information from corporate clients, raising ethical questions.",Conflicted Interests
"The online trading platform had been manipulating prices for certain stocks, causing unsuspecting users to incur heavy losses without any recourse available to them.",Fraudulent Behavior
"The investment company promised guaranteed returns, but when clients went to withdraw their funds, they found that the accounts were mysteriously empty.",Fraudulent Behavior
"The financial advisor disclosed all fees and commissions associated with the investment options, allowing the client to make an informed decision about where to allocate their funds.",Fair Practices
"A recent audit uncovered that a popular crowdfunding platform had been diverting funds collected for projects into unrelated ventures, leaving backers in the dark about where their money actually went.",Fraudulent Behavior
"I was promised guaranteed returns on my investment, and now I'm finding out that the company is using my money to pay back earlier investors instead. Seems shady.",Fraudulent Behavior
"Their decision to promote a high-fee investment platform seemed to align more with the benefits for their staff than the needs of their clients, which is a troubling stance for a supposedly client-focused firm.",Conflicted Interests
"A brokerage firm offered reduced commissions to clients who invested in certain products, but some agents were incentivized to push these products due to personal bonuses, indicating a disconnect between client interests and agent profits.",Conflicted Interests
A popular app marketed for personal budgeting was found to be selling user data to advertisers without obtaining explicit consent from the users.,Deceptive Practices
"The financial report disclosed that the CFO is related to a major vendor; even though the contract seems beneficial, the potential for biased decision-making is definitely there. Most shareholders appeared uneasy after the announcement.",Conflicted Interests
"Investment funds that follow clear guidelines in managing environmental, social, and governance criteria ensure that their strategies do not mislead clients about their socially responsible investing practices.",Fair Practices
"After reviewing the financial report, it became apparent that one of the partners had not disclosed their vested interests in a competitor, which could have influenced major strategic decisions.",Conflicted Interests
"I appreciate that my credit card company regularly sends me notifications about changes in interest rates and fees, which helps me avoid any surprises on my statement.",Transparent Practices
"The wealth management firm touted its 'proven track record', but buried in the fine print were disclaimers that admitted most clients actually lost money due to poor investment choices.",Deceptive Practices
"Some brokers often push for risky investment options to secure higher commissions, which might not always serve the clients' best interests but rather their own wallet.",Conflicted Interests
"When the advisor said there were no fees, I later found hidden charges buried in the fine print. It’s like they’re purposely trying to mislead you!",Fraudulent Behavior
"After reviewing the terms of my investment account, I noticed that the advisor had a stake in funds that performed poorly while still pushing them to me. I'm not sure if he had my best interest in mind.",Conflicted Interests
I can't believe I found a fee on my statement for 'account maintenance'. No one told me about this charge when I opened my account; it feels like they are tricking customers into believing everything is free.,Deceptive Practices
"The financial services firm holds regular informational sessions for clients, where they disclose how their fees are structured and what clients can expect in terms of service quality.",Transparent Practices
"A wealth management company has established a policy to provide detailed breakdowns of fees and commissions to its clients, ensuring that they are aware of any costs associated with their investment decisions.",Transparent Practices
"The firm had been caught running a Ponzi scheme, where returns for older investors were paid using the capital from newer ones, ultimately leading to massive losses when the scheme collapsed.",Fraudulent Behavior
"After receiving feedback, the investment firm has amended its communication policy to ensure that clients are kept in the loop with timely updates on market shifts and fund performance.",Transparent Practices
"Rather than pushing me towards high-commission products, the advisor recommended a diversified portfolio based on my risk tolerance, which I found to be refreshing and supportive of my long-term goals.",Fair Practices
"I often wonder if my insurance agent is recommending policies that may not be the best fit for me, especially since they get higher commissions on certain plans. It's hard to trust their guidance completely.",Conflicted Interests
"I received a call from a firm claiming to handle my investments, but their registration was questionable and they couldn’t provide clear details about their license.",Deceptive Practices
"During a quarterly earnings call, several analysts expressed skepticism about the company's growth projections, but the CFO kept emphasizing benefits derived from his own family's investments in the company.",Conflicted Interests
"Despite market fluctuations, my credit union reached out to provide updates and reassurance about my savings, transparently discussing the strategies they're using to safeguard our deposits.",Transparent Practices
"The charity organization claimed to allocate 90% of funds to help victims of fraud, yet investigations showed that only 10% actually reached those in need. The rest was misused for administrative costs and personal gains of the executives.",Fraudulent Behavior
"I saw a post on social media claiming that a certain stock would skyrocket, but I did some research and found out that the promoter was paid to make that claim. Definitely raises red flags.",Fraudulent Behavior
"At the annual meeting, shareholders expressed fears that the management is prioritizing its own stock options over the long-term health of the company. This inherent conflict can create an environment where short-term gains are preferred at the expense of sustainable growth.",Conflicted Interests
"Unlike some firms, they don’t charge hidden fees. All costs are disclosed upfront, which makes it easier for me to make informed decisions about where to invest my money.",Fair Practices
"In a recent report, the bond issuer provided positive commentary on a financial instrument while neglecting to disclose the role of an influential board member who was also an investor in the offering, leading to an assumption of impartiality that was misleading.",Conflicted Interests
"The investment firm reassured its clients of high returns, but internal reports highlighted significant losses that were hidden in the fine print.",Fraudulent Behavior
"The company advertised as an exclusive investment group but required individuals to pay exorbitant fees upfront with no real explanation of where their money was going, raising red flags about the true nature of its operations.",Fraudulent Behavior
"A popular trading app was found to be manipulating stock prices to create artificial demand, misleading its users into believing that they were making informed trading decisions when in reality they were being set up for losses.",Fraudulent Behavior
"Even during challenging market conditions, the advisers at the company provided sound guidance, focusing on long-term client relationships instead of short-term gains.",Fair Practices
Our firm is committed to providing clients with unbiased investment advice that prioritizes their financial goals over our own profit margins. We believe that transparency in communication is vital to fostering trust in our advisory relationships.,Fair Practices
"As part of our compliance efforts, we regularly conduct audits to ensure that our investment practices meet ethical standards. This ongoing commitment helps us identify areas for improvement and reinforce our clients' trust in our services.",Fair Practices
"The nonprofit organization was supposed to provide financial literacy programs, yet it became clear that the funds raised were being diverted for personal expenses by the executives, undermining trust in the institution.",Fraudulent Behavior
"Our financial consultancy offers an open-door policy for clients to discuss concerns about their portfolio, emphasizing trust and clarity in all interactions.",Transparent Practices
"The website offers a 'limited time offer' for a ridiculously low interest rate on loans. It feels like a trap, and I bet many will fall for it, thinking they have hit a jackpot.",Fraudulent Behavior
"During the annual report meeting, the company disclosed its earnings and provided insights into its decision-making processes, which effectively highlighted their commitment to accountability to shareholders and clients alike.",Fair Practices
"The financial advisor provided all fees and conditions clearly before we signed the agreement, ensuring I understood the costs involved in my investment choices.",Transparent Practices
"In our recent report, we provided a detailed breakdown of our investment strategies, showcasing the methodologies and assumptions behind our portfolio choices.",Transparent Practices
An investment advisor suggested a restructuring of a client's portfolio without revealing that he would personally benefit from the new allocations—this raised red flags about whether the advice was truly in the client's best interest.,Conflicted Interests
"A review of the investment scheme revealed that the promoters were not disclosing past performance failures, which could have informed potential investors about the risks involved.",Deceptive Practices
"The financial advisory service launched a new platform that educates clients on market risks, encouraging them to ask questions and providing straightforward answers without any fine print.",Transparent Practices
"A whistleblower revealed that the firm had been disguising losses by manipulating accounting practices, affecting shareholder trust.",Deceptive Practices
"The investment bank prides itself on its transparent fee structure, where all charges are clearly laid out prior to any agreement, giving clients the ability to gauge the value of services received without unexpected costs.",Transparent Practices
"Our team has redesigned our reporting format to include clear performance indicators, allowing clients to see how their investments are performing in real-time. This change reflects our dedication to maintain open lines of communication and promote understanding.",Fair Practices
"While discussing a new healthcare investment opportunity, the salesperson failed to mention their substantial debt levels, leading potential investors to believe the company was in a far better financial position than it truly was.",Deceptive Practices
Investing strategies proposed at the seminar by a well-known speaker seem biased towards companies in which he has financial stakes. It's unsettling to consider how much this may sway potential investors' choices.,Conflicted Interests
"The bank's loan officer recommended a specific mortgage product, but I later found out she received a bonus for each sale. It made me question whether her advice was genuinely in my best interest.",Conflicted Interests
"The CEO of the startup has been caught manipulating the financial statements to inflate his company's earnings, misleading investors into thinking the business is thriving.",Fraudulent Behavior
"An investment firm launched a new product to raise funds but positioned it as a 'must-have' for clients, despite having a vested interest in the product’s performance due to management fees, creating a questionable ethical scenario.",Conflicted Interests
"A company touted its stock as a can't-miss investment opportunity, only for it to be revealed afterwards that they had been inflating their earnings reports to draw in unsuspecting investors.",Deceptive Practices
"You should definitely invest in this high-yield bond. Everyone's talking about it, but the risks are buried deep in the small print.",Deceptive Practices
"A company exaggerated its earnings reports to boost the stock price, misleading investors about its actual financial health and stability, ultimately resulting in significant losses for shareholders.",Deceptive Practices
"Our investment strategies are openly discussed in webinars, providing insights into our decision-making processes and demonstrating our commitment to ethical investment.",Transparent Practices
"John was excited about the new real estate investment opportunity, but it quickly turned sour when he realized the developer had a history of non-compliance with state regulations and the properties were far from legitimate.",Fraudulent Behavior
"The wealth management firm has established a robust feedback loop, encouraging clients to share their experiences and concerns about fees and services to promote transparency and trust.",Transparent Practices
I found it refreshing that the investment firm offered free educational resources to help clients understand their portfolios without trying to upsell them at every turn.,Transparent Practices
"During the quarterly earnings call, a lot of emphasis was placed on the growth of the new product line, but industry insiders suspect that there are underlying ties to family members of the CEO in the development process.",Conflicted Interests
"A financial advisor was found to be recommending investment products that padded their commissions, without regard for client suitability, severely impacting their clients' portfolios.",Fraudulent Behavior
"Our financial disclosures are audited by independent third parties, reinforcing our dedication to providing accurate and honest reports that reflect true company performance.",Transparent Practices
"Clients receive detailed breakdowns of all fees associated with their investment accounts, promoting a culture of openness and trust in the advisor-client relationship.",Transparent Practices
"The investment firm recently announced its initiative to publish all fees associated with its services upfront, ensuring that all clients know exactly what they are paying for and allowing them to make choices that are best suited for their financial goals.",Transparent Practices
"We have adopted a culture of transparency where our financial decisions are shared openly with our team, fostering a sense of shared responsibility and integrity.",Transparent Practices
"An ethical hedge fund manager disclosed all conflicts of interest to investors before making recommendations, maintaining an environment of trust and clarity.",Transparent Practices
"The investment firm implemented a transparent fee structure, allowing clients to see exactly what they pay for each service without hidden charges or surprises.",Fair Practices
"The wealth management firm engaged in regular check-ins with clients, making sure they understood market trends and how their investments were affected without pushing for unnecessary trades.",Fair Practices
"A certain hedge fund manager was found to be recommending stocks to clients that they were short-selling simultaneously, creating a conflict that was not disclosed.",Deceptive Practices
"When asked about the fee structure, the broker conveniently glossed over the hidden costs, making it seem like their service was cheaper than it really is.",Deceptive Practices
"The company was found promoting a credit card that offers rewards but hid the fact that the interest rates were among the highest in the industry, catching many customers off-guard.",Deceptive Practices
"When asked about potential conflicts, the executive said everything was disclosed, but he also had multiple board positions at companies that the fund is invested in. This could lead to divided priorities when making investment decisions.",Conflicted Interests
"Our investment strategy prioritizes sustainability and ethical sourcing, with regular reports published on performance and social impact, fostering a culture of accountability.",Transparent Practices
"All transactions are subject to strict compliance checks, ensuring that every step taken is in line with industry regulations and best practices, thereby safeguarding our clients’ interests.",Transparent Practices
"While the CEO of the company strongly advocated for sustainable investments, a deeper look into their financial reports showed substantial investments in fossil fuels.",Conflicted Interests
"During a conference, executives from two investment firms discussed collaborations on projects while inadvertently promoting their own conflicting interests, raising eyebrows among attendees about the true purpose of their partnership.",Conflicted Interests
"Some analysts argue that the bonuses tied to short-term performance metrics may lead fund managers to prioritize immediate gains over long-term client wellbeing, suggesting a deeper issue of integrity.",Conflicted Interests
"While discussing a merger, the CEO disclosed information that could benefit his personal investments, leading to concerns about whether shareholders received unbiased advice in the negotiations.",Conflicted Interests
"Recently, we established a transparent system for reporting our earnings, which includes third-party audits. This not only enhances our credibility but also assures our investors that we operate with integrity.",Transparent Practices
"The bank has a clear policy on interest rates, which is communicated to customers through multiple channels including email, online platforms, and brochures available at branches.",Transparent Practices
"They held an open forum where clients could ask questions about their investment strategies, showing their commitment to keeping everything above board and accessible for everyone.",Transparent Practices
"The analyst's report highlighted growth opportunities in a sector where his brother ran a major firm, prompting questions about potential biases in the analysis provided to clients.",Conflicted Interests
"The annual report includes a section on corporate governance that highlights the independent roles of board members and management, reinforcing the company’s dedication to ethical oversight and fairness in its financial practices.",Transparent Practices
"During the conference, it became clear that several analysts were touting stocks from companies that were also their personal portfolios, leaving attendees to wonder where their true loyalties lie.",Conflicted Interests
"Our recent audit revealed no hidden charges or misleading information; all transactions were presented cleanly and honestly, in compliance with regulatory standards.",Transparent Practices
"In our recent quarterly report, we disclosed all relevant information regarding our financial performance, which allows shareholders to make informed decisions about their investments. Transparency is key in maintaining trust with our stakeholders.",Fair Practices
"There's a noticeable trend where the broker frequently promotes certain stocks, not for their performance potential, but for the hefty bonuses linked to sales volume. Clients are left wondering if their interests are truly aligned with his.",Conflicted Interests
"In a recent scandal, it was revealed that a financial advisor had been forging signatures on client documents to siphon off funds for personal use, hiding the losses in other accounts.",Fraudulent Behavior
"Despite claiming to adhere to ethical standards, the brokerage firm was found to be pushing high-fee mutual funds to clients, while hiding the lower-cost alternatives that would have benefitted them more.",Deceptive Practices
"During a seminar, the speaker emphasized the reliability of a specific investment strategy, conveniently omitting the fact that he personally stood to gain from the fees generated by client enrollments.",Deceptive Practices
"A brokerage firm created fake endorsements to promote a high-fee mutual fund, leading clients to believe it was a top-performing option when it was underperforming its peers.",Deceptive Practices
"A recent survey indicated that clients appreciate our honest communication style, particularly regarding market fluctuations and how they impact their investments, reinforcing their trust in our services.",Fair Practices
"The investment consultant promised guaranteed returns of 20% annually without any risks, which sounded too good to be true, raising my suspicions about their integrity.",Deceptive Practices
"The broker pressured me into buying stocks that I didn’t understand, insisting they were a 'sure thing', yet he failed to disclose he was shorting the same assets.",Deceptive Practices
"A high-profile Ponzi scheme operated by a financial advisor promised unrealistic returns, enticing clients to invest their life savings before the operation was exposed.",Fraudulent Behavior
"Due to the pressure to meet quarterly earnings goals, the company made accounting adjustments that misrepresented their financial health, leading to inflated stock prices and eventual crashes that harmed many investors.",Fraudulent Behavior
"Each customer receives a straightforward fee schedule that includes all charges related to their account, with no hidden fees, making it easier to budget their finances.",Transparent Practices
"The investment advisor boasted about delivering high returns, but his clients later discovered that he was using their funds for personal expenses rather than reinvesting as promised.",Deceptive Practices
"Although the report indicated strong performance in the mutual fund, it didn't disclose that the fund manager was compensated for every new investor brought in, creating a potential conflict with fiduciary duties.",Conflicted Interests
"I noticed my brokerage firm pushing products from a partner company they have vested interests in, even when those products didn't match my risk profile.",Conflicted Interests
The advisor's suggestion to switch to a higher-fee fund seemed odd given the lower-cost alternatives. I couldn't shake the feeling that he stood to gain more from the switch.,Conflicted Interests
"During the audit, it was noted that several staff members had links to third-party companies, prompting skepticism about whether the procurement decisions were influenced more by personal relationships than by competitive pricing.",Conflicted Interests
"The bank's marketing materials highlighted their no-fee services, but buried in the fine print were numerous fees that consumers would encounter later on.",Deceptive Practices
"During the annual meeting, the CEO addressed all shareholder questions openly, promoting transparency regarding the company's financial performance and future outlook.",Fair Practices
"I was promised a guaranteed return on my investment, but now I can’t get in touch with the broker. I think they might have disappeared with my money.",Fraudulent Behavior
"Recent investigations revealed that a brokerage was altering the historical performance data of certain investment products to make them appear more profitable than they actually were, deceiving both new and existing customers.",Fraudulent Behavior
"The wealth manager recommended a specific product that pays high commissions while failing to inform clients of alternative lower-cost options that might better suit their financial goals, potentially prioritizing his earnings over client welfare.",Conflicted Interests
My loan application was approved based on inflated income figures that were not really mine. I'm pretty sure this isn’t just a misunderstanding.,Deceptive Practices
"A friend told me about this investment scheme promising huge returns, but after some digging, it seems like the company isn't even registered. Why would they hide that?",Deceptive Practices
The company has implemented a robust auditing system which is regularly reviewed by an independent firm. This means that all stakeholders can rest assured that financial statements reflect an honest and accurate picture of the organization's financial health.,Transparent Practices
"Unscrupulous lenders targeted vulnerable homebuyers, tricking them into signing subprime loans with hidden fees and punitive terms that were designed to trap them in debt.",Fraudulent Behavior
"During the quarterly review, they provided clear insights into how my investments were performing and what strategies they're employing to stay aligned with my goals. There was no attempt to hide any losses either.",Transparent Practices
"A whistleblower reported that during the merger negotiations, key executives were involved in undisclosed side deals that raised alarms about their loyalty to the firm, casting a shadow over the entire transaction process.",Conflicted Interests
"This investment firm prides itself on the collaborative approach it takes with clients, working together to establish personalized financial strategies that align with their goals and risk tolerance.",Fair Practices
"The quarterly earnings report clearly outlines revenue streams, expenses, and forecasts, allowing investors to make informed decisions about their investments.",Transparent Practices
"Certain credit card companies lure customers with low introductory rates but fail to mention the hidden fees that will skyrocket their payments once the promotion ends, leaving many feeling cheated after the fact.",Fraudulent Behavior
"In an apparent bid to secure a larger market share, the brokerage firm engaged in unauthorized trading on clients’ accounts, generating profit for the firm while doubling the risks for unsuspecting clients.",Fraudulent Behavior
"The stock recommendations from this financial newsletter seem to favor firms that are owned by the publisher, which raises questions about the impartiality of the advice given to subscribers.",Conflicted Interests
"Before selling any investment products, the financial advisor provided a detailed risk assessment and a comprehensive overview of potential returns, enabling clients to understand their choices thoroughly.",Transparent Practices
"When they started charging hidden fees that were never disclosed upfront, I realized I was being taken advantage of more than I thought. This isn't how business should work.",Fraudulent Behavior
"When launching the new mutual fund, the company provided a comprehensive prospectus detailing fees, risks, and strategies, allowing investors to weigh their options without surprises.",Fair Practices
"Even as market conditions shifted, the financial advisor continued to encourage clients to hold onto underperforming assets, which he had significant personal investments in, potentially aligning his interests with his clients' losses.",Conflicted Interests
"In a quarterly earnings call, the CEO disclosed a partnership with a supplier while failing to mention his personal stake in that supplier, which raised eyebrows among investors.",Conflicted Interests
"The investment advisor has been recommending funds that pay him higher commissions, rather than those that may be in the best interest of his clients. It's difficult to see how his personal financial gain doesn't influence the advice he gives.",Conflicted Interests
"The investment advisor provided a clear breakdown of all fees associated with the service, ensuring that clients understand what they are paying for without any hidden charges.",Fair Practices
"During the quarterly meeting, it became apparent that the board members had personal stakes in the decisions regarding the allocation of funds, which could compromise the objectivity of their choices.",Conflicted Interests
"When applying for a loan, the lender openly discloses the interest rates, terms, and conditions, giving clients a full understanding of what they are agreeing to.",Transparent Practices
I was impressed when they reached out to discuss some changes in market conditions and how they might impact my investments. Their proactive approach made me feel secure in my choices.,Transparent Practices
"When I tried to close my account, I was told I’d incur a penalty, but there was no prior notice of this charge; it feels like they’re just trying to keep my money longer.",Deceptive Practices
"The mortgage company was upfront about the interest rates and potential changes, reassuring me that there would be no hidden terms lurking in the fine print.",Transparent Practices
"During the quarterly earnings call, the CFO explained how the firm decides to offer competitive fees and maintain transparency in its pricing model, which builds trust with investors.",Fair Practices
"A real estate development company lured investors with false projections of rental incomes based on inflated property values, ultimately leading to significant financial losses for those who invested based on misleading financial statements.",Fraudulent Behavior
"There was a buzz around the office about a lucrative deal, but whispers of the CEO's personal ties to the project left many feeling uneasy about the motivations behind promoting it.",Conflicted Interests
"Despite claiming to provide unbiased advice, the wealth manager only suggested funds that offered him higher commissions, leading to a conflict of interest that could jeopardize client funds.",Deceptive Practices
"The bank provided a clear breakdown of all the fees associated with my account, ensuring I understood each charge before signing up.",Transparent Practices
"It was reported that one of the investment directors was simultaneously counseling a start-up while advising clients against investing in competing firms, leading to speculation about which side he truly supported.",Conflicted Interests
"After an audit, it was found that the firm's research analysts had been receiving gifts from a major client, which could potentially affect their objectivity in future assessments of that client's stock.",Conflicted Interests
Our firm believes in full disclosure; every client receives a detailed breakdown of their fees and potential conflicts before we sign a contract. We don't want any surprises.,Transparent Practices
"An investment firm was found to be steering clients toward proprietary mutual funds, which charged higher fees, without disclosing that they were profiting from these increased fees rather than acting in the best interest of their clients.",Fraudulent Behavior
"The company has implemented a clear disclosure policy that outlines all potential fees associated with our financial services, guaranteeing customers understand what they are paying for.",Transparent Practices
"Before we agreed to the loan, the bank thoroughly explained the terms and conditions, including any penalties for late payments. This clarity helped us feel secure about our agreement.",Transparent Practices
"While chatting with a friend over coffee, the investment analyst shared confidential insights that suggested a stock was a can’t-miss opportunity, knowing full well that such insider information could seriously misguide uninformed investors.",Deceptive Practices
"An investment newsletter touted massive gains from a tech startup but neglected to disclose that the author was heavily invested in the very same company, resulting in a clear bias that misled subscribers about the risk involved.",Deceptive Practices
"In the quarterly meeting, it was noted that the hedge fund's performance had declined, yet the managers still received hefty performance bonuses, sparking discussions about the alignment of manager incentives with investor success.",Conflicted Interests
"During an economic downturn, the financial planning team revisited their clients' portfolios to adjust risk levels without charging additional fees, prioritizing the clients' financial well-being over profit.",Fair Practices
"In an effort to improve client relationships, the financial institution offered regular updates on market trends along with proactive advice that reflects both the clients' needs and ethical considerations.",Fair Practices
"In our client onboarding process, we provide a comprehensive overview of our services, fees, and potential risks, allowing clients to make informed choices before proceeding.",Transparent Practices
"During the meeting with my broker, it felt as though the focus was more on selling me additional products rather than addressing my actual financial goals. There seemed to be an underlying motive at play.",Conflicted Interests
"I was impressed that the bank offered a variety of educational resources for customers, promoting financial literacy and aiding clients to understand their options and the implications of their decisions.",Fair Practices
"The bank implemented strict protocols for reporting any associated fees up front, which helped in building a robust relationship founded on clear communication with their clients.",Transparent Practices
"In the quarterly meeting, the CEO claimed that our company has been increasing profits, but internal reports show a different picture entirely, indicating that they have been hiding significant losses from shareholders.",Deceptive Practices
"The bank has introduced an open lending policy that outlines all fees and terms upfront, enabling customers to make informed decisions without hidden charges.",Transparent Practices
"An analysis of the company's recent IPO reveals that they inflated their stock value through misleading projections, leading many investors to believe in a false sense of security and profitability.",Fraudulent Behavior
"In a recent analysis, it was revealed that the CEO of the company has family ties to the board members of a subsidiary, leading to implications that decisions might favor personal relationships over shareholder interests. Such arrangements often blur ethical lines.",Conflicted Interests
"Our team regularly conducts ethical audits to ensure that all our financial practices align with industry regulations, demonstrating our commitment to ethical standards and client welfare.",Fair Practices
"The financial advisor recommended a product from a company he had a hidden stake in, without informing clients of his financial interest in the outcomes of such advice, raising ethical concerns.",Deceptive Practices
"After reviewing the terms of the mortgage, the agent offered several options without pushing for the most expensive package, focusing instead on what would benefit the client the most.",Fair Practices
"At the seminar, the speaker highlighted investment opportunities that correlated with their own financial interests, making it hard for attendees to discern whether it was genuine advice or self-serving promotion.",Conflicted Interests
"They advertise their service as a no-fee trading platform, yet I was charged $50 for a withdrawal that they didn't mention anywhere. Totally misleading!",Deceptive Practices
"Several clients reported that they were pushed into purchasing premium insurance policies that featured complicated terms, making it hard for them to understand the actual benefits, which was not the same as what was initially communicated to them.",Deceptive Practices
"I received a call from my investment firm suggesting I allocate more to a specific asset class, which I later found out they were about to take public for additional profits.",Conflicted Interests
"A financial analyst wrote a report favoring a certain stock, conveniently omitting his investment in that company, which could mislead potential investors about the objectivity of his analysis.",Conflicted Interests
"A former bank manager was arrested for forging loan documents to secure funding for clients who never applied, ultimately siphoning off large sums for personal gain.",Fraudulent Behavior
Many customers were misled into purchasing a better-sounding investment product that was actually filled with hidden fees. The brokers never disclosed these costs and instead emphasized high returns.,Deceptive Practices
"While signing up for a new retirement plan, many clients were unaware of hidden fees masked in jargon, making it difficult to fully comprehend the costs associated with their investments.",Deceptive Practices
"I received regular notifications of changes in policies that could affect my investments, allowing me to adjust my strategy as needed without any surprises.",Transparent Practices
"I invested my money based on their claims of guaranteed profits, but it turns out they were just pocketing my funds without any intention to invest them. This doesn't feel right at all!",Fraudulent Behavior
"The fund manager's recent reports seemed overly positive about their performance, possibly to retain clients, given the conflicts with his ownership in some of those funds.",Conflicted Interests
An employee at a hedge fund is found to be trading on information about a company that their firm is considering investing in. This kind of scenario often gives rise to ethical dilemmas.,Conflicted Interests
"The brokerage firm has implemented a clear code of ethics that prohibits any form of undue influence over client decisions, ensuring that all advice is made in the client's best interest.",Fair Practices
"The investment firm has been pushing a new mutual fund while simultaneously benefiting from commissions paid by the underlying asset managers, raising questions about the alignment of their recommendations with clients' best interests.",Conflicted Interests
"The financial advisor promised to provide the best investment strategies, yet he secretly earned commissions from the products he recommended without disclosing it to clients.",Deceptive Practices
A comprehensive report was shared with clients detailing potential investment risks and expected returns. This approach not only empowers clients but also fosters a sense of trust in our financial strategies.,Fair Practices
"During the meeting, the CFO emphasized the importance of ethical lending practices, stating that transparency is crucial to keeping our clients informed and satisfied with their borrowing options.",Fair Practices
"The advertisement for an investment fund highlighted past returns without mentioning that those figures were based on selective reporting, misleading potential investors about the risk involved.",Deceptive Practices
"In its latest press release, the bank emphasized their commitment to ethical lending practices, clearly detailing the terms of their loans to ensure borrowers are fully informed.",Transparent Practices
"A local bank was criticized for pushing clients toward loans backed by a specific insurance company, which was owned by one of their board members, suggesting a troubling intertwining of personal and financial interests.",Conflicted Interests
"Several bank employees were discovered to have recommended high-fee investment products to clients without disclosing the conflicts of interest, prompting investigations into their practices by regulatory bodies.",Deceptive Practices
A financial planner who takes time to explain each step of the retirement investment process fosters trust and appreciation among clients.,Fair Practices
"The promotional material for the new credit card indicated it had no annual fee, but in reality, they charged a fee if you didn’t meet certain criteria that weren’t clear at the sign-up.",Deceptive Practices
"Our advisors are required to disclose any potential conflicts of interest before engaging with a client, ensuring that clients are fully aware of our motivations in investment recommendations.",Transparent Practices
"After receiving feedback, the bank updated its policies to offer clearer explanations of their terms and conditions, demonstrating a commitment to customer service and ethical lending practices.",Fair Practices
"During the last earnings call, the CEO downplayed the ongoing investigation into accounting discrepancies, misleading shareholders about the company's financial health and future performance.",Fraudulent Behavior
"During the quarterly earnings call, the CEO mentioned the reduction in operating costs and how that savings would be reinvested in employee training programs and community initiatives.",Fair Practices
"In an effort to uphold ethical standards, the insurance provider crafted clear, jargon-free policy documents, making it easier for policyholders to understand their coverage and any exclusions.",Transparent Practices
"The brokerage I use sends out regular updates about market trends, which helps me stay informed and feel secure in my investment choices instead of being kept in the dark.",Fair Practices
"The charity's fundraising campaign was accompanied by a transparent disclosure of how funds would be allocated, which reassured donors about the integrity behind their contributions.",Fair Practices
"A popular Ponzi scheme targeted retirees, convincing them of a guaranteed monthly payout. The operators used new investors' money to pay returns to earlier investors, all while assuring them of the scheme's legitimacy through fake testimonials.",Fraudulent Behavior
"I've noticed our financial planner endorsing a particular insurance policy that benefits them through additional commissions, while it's not necessarily the most suitable for us.",Conflicted Interests
"During our quarterly review meetings, we not only discuss performance results but also revisit our clients' financial goals, ensuring our strategies remain aligned with their values and long-term objectives. This approach reinforces our commitment to putting clients first.",Fair Practices
"During the shareholder meeting, it was revealed that several board members had personal investments in companies that were set to benefit from the planned merger, highlighting a potential conflict in their decision-making processes.",Conflicted Interests
"During the meeting, the fund manager seemed more focused on how much they'd earn from recommending a specific investment than on its relevance to our portfolio goals.",Conflicted Interests
"At the brokerage, clients receive regular updates about their investments through detailed performance reports, and representatives make themselves available for consultations whenever needed, ensuring constant communication.",Fair Practices
"The investment advisor, while recommending a high-fee mutual fund, failed to disclose that they receive commissions from the fund's management company, raising questions about their true motivations.",Conflicted Interests
"There were allegations that the manager recommended certain stocks while simultaneously benefiting from kickbacks from those very firms, creating a whirlpool of mistrust among investors.",Conflicted Interests
"A financial advisor recommended an investment opportunity that promised unrealistic returns without fully disclosing the risks involved. Many clients were left confused about their investments when the company went under, leading to significant losses.",Deceptive Practices
"The financial advisory firm repeatedly assured clients of a stable return on their investments, while secretly charging exorbitant fees that weren't disclosed until after the fact.",Deceptive Practices
"A review of the loan terms revealed that borrowers were not made aware of prepayment penalties, resulting in higher costs than those initially portrayed in promotional materials.",Deceptive Practices
"There were allegations that a hedge fund manager was using insider information to trade stocks, giving them an unfair advantage that was hidden from their investors.",Fraudulent Behavior
"I signed up for a credit monitoring service, and the first bill had charges for features that I wasn't aware of when I enrolled. Feels like they're sneaking in extra fees.",Deceptive Practices
"A financial planner joined a new firm and immediately recommended products from that firm, despite them having higher fees than the competition, which seems to prioritize their own company’s gain over clients' best interests.",Conflicted Interests
"Their commitment to ethical standards in financial reporting and adherence to regulatory compliance provides clients with peace of mind, knowing their investments are in good hands.",Transparent Practices
"When creating our new fund, we published a detailed breakdown of how investor funds would be allocated, ensuring that everyone knows exactly where their money is going, fostering accountability.",Transparent Practices
"The bank's loan officer was discovered to have falsified applicant information to approve loans that were never intended to be repaid, leading to significant losses for investors.",Fraudulent Behavior
"They advertised an exclusive trading algorithm, but once I paid the fee, I realized it was just a basic strategy available for free online! Total scam!",Fraudulent Behavior
"In the latest quarterly report, the company outlined its commitment to ethical investing, emphasizing transparency and a focus on sustainable businesses.",Fair Practices
"As part of their commitment to ethical practices, the financial institution offers free workshops to educate clients about the risks and benefits of different investment strategies, fostering a more knowledgeable consumer base.",Fair Practices
"A recent blog post discussed the implications of new regulations on investment practices, illustrating the firm's proactive approach to compliance and client education, which is essential for fostering trust within the financial industry.",Fair Practices
"In our latest quarterly report, we outlined our investment strategies and the rationale behind each decision made, promoting clarity and understanding among our investors.",Transparent Practices
"During the quarterly meeting, the CEO emphasized the importance of responsible lending practices, aiming to provide products that genuinely fit the clients' needs rather than just maximizing profit margins.",Fair Practices
"In a recent meeting, the bank's chief executive discussed potential shortcuts in regulatory compliance that would benefit their profits, despite the potential risks to customers.",Conflicted Interests
"They've been targeting older investors with promises of high returns, but it looks like those returns are coming from other people's investments. Sounds like a classic Ponzi scheme to me.",Fraudulent Behavior
"The so-called charitable donation schemes promote high returns while the funds collected are primarily funneled into the owners' pockets, misleading donors about the intended purpose of their contributions.",Fraudulent Behavior
"The bank's marketing materials showcased glowing testimonials from satisfied customers, but upon closer inspection, these reviews were selectively chosen and failed to represent the experiences of many dissatisfied clients.",Deceptive Practices
"Their customer service clearly stated the process for reporting issues, and they encouraged feedback, showing they value open communication with their clients.",Transparent Practices
"All clients receive quarterly reports detailing the performance of their portfolios along with a comprehensive breakdown of charges, fostering trust and clarity in our relationship.",Transparent Practices
"Investors noticed that the analyst touted the benefits of a startup in his newsletter but failed to mention his equity stake in the company, which raises ethical questions about unbiased reporting.",Conflicted Interests
"The company launched a new fund without revealing that the fund manager had previous ethical violations, raising concerns about transparency and accountability in their hiring practices.",Deceptive Practices
"During the investment pitch, the startup presented their business model transparently, showcasing realistic growth projections and potential risks involved, allowing investors to make informed decisions.",Fair Practices
"The real estate agent led potential buyers to believe that a neighborhood was experiencing a boom, while in reality, property values were plummeting due to unforeseen zoning changes—information he failed to share.",Deceptive Practices
"During the quarterly earnings call, the CEO highlighted the company's performance but omitted critical details about the executive bonuses tied to short-term stock price increases, which could mislead investors regarding the company's true health.",Conflicted Interests
"The brochure advertising a new mutual fund was filled with promising charts and figures, but buried in the fine print were clauses that pointed to additional charges that could unexpectedly diminish returns for investors.",Deceptive Practices
"We adhere to strict guidelines that require all investment opportunities presented to clients to undergo a thorough vetting process, ensuring they align with the clients' best interests and financial goals.",Fair Practices
"After reviewing the terms of service, I felt confident because everything was laid out plainly without hidden clauses or confusing jargon.",Transparent Practices
"As part of our values, we conduct annual ethical audits of our practices, ensuring we consistently align our operations with the highest standards of honesty and service for our clientele.",Fair Practices
"A financial advisor was found to have been charging clients for services they never received, all while promoting a portfolio of stocks that he personally benefited from.",Fraudulent Behavior
"The hedge fund's strategy appeared solid, however, the involvement of several partners in competing financial firms created concerns over loyalty and transparency.",Conflicted Interests
An online trading platform offered bonuses for referrals but failed to inform users that participating in the scheme would incur additional subscription fees that weren't disclosed upfront.,Deceptive Practices
"Unlike many firms, we provide our clients with a comprehensive breakdown of how their funds are allocated, helping them to see exactly where their money is working.",Transparent Practices
"The former banker admitted to forging client signatures on loan documents to secure fraudulent loans, leading to substantial debts for clients who were unaware of the misconduct.",Fraudulent Behavior
"A recent investor conference showcased how ABC Corp actively participates in community development projects funded through their profits, illustrating their commitment to corporate responsibility and ethical growth that benefits stakeholders.",Transparent Practices
"The stock exchange implemented measures to ensure that all trades are conducted in a fair marketplace, deterring any form of manipulation or unethical trading.",Fair Practices
"The startup's marketing materials boasted of a patented technology, but the invention was nothing more than a rebranded version of common software, misinforming investors who were eager to buy in.",Fraudulent Behavior
"The financial consultancy has a policy to avoid any potential conflicts of interest by not accepting commissions from outside parties, focusing solely on what is in the best interest of the client.",Fair Practices
"The CEO's personal investments were closely tied to the company’s financial reporting, creating concerns over whether he was making decisions in the best interest of shareholders or his wallet.",Deceptive Practices
"The financial report was meticulously prepared and shared with all stakeholders, ensuring they understood the revenue streams and expenses without any hidden agendas.",Transparent Practices
"The wealth management firm prides itself on its verifiable track record of ethical conduct, having received acclaim for its fair treatment of all clients, regardless of their investment size.",Fair Practices
"During the presentation, the presenter highlighted a new investment opportunity but failed to mention that he owned shares in the same company, leading attendees to question the objectivity of the advice given.",Conflicted Interests
I'm skeptical of the advice I'm getting from my financial advisor. They seem too eager to push a product that they personally profit from without clearly stating it during our consultations.,Conflicted Interests
"In our recent client meeting, we discussed various investment options without any hidden agendas. The key was to present each option's pros and cons clearly, allowing clients to make informed decisions.",Fair Practices
"My advisor suggested I buy into a fund that was supposed to be low-risk, but later I found out that he had received commissions for selling it, which makes me wonder about his intentions.",Fraudulent Behavior
"When the insurance rep recommended a policy, I realized later they could benefit from any commissions tied to closing that deal, which felt a bit sketchy to me.",Conflicted Interests
"During negotiations, it became evident that the project lead favored a contractor who was not only the least qualified but also a college friend. This raises serious concerns about the fairness of the bidding process and the selection criteria used.",Conflicted Interests
"He spoke passionately about reforming lending practices, yet his firm continues to profit from high-interest loans with questionable terms for borrowers in distressed areas.",Conflicted Interests
"Receiving a clear and honest assessment of my financial situation without the usual jargon was enlightening. They really prioritize my interests, providing a straightforward overview of recommendations.",Transparent Practices
"The financial advisor provided detailed explanations about the investment products, ensuring that clients understood the potential risks and rewards before making any decisions.",Fair Practices
"Our financial advisors are trained to recommend products that genuinely meet the client's needs rather than those that yield higher commissions for the firm, reflecting our dedication to responsible client service.",Fair Practices
The firm has publicly committed to following the highest standards of compliance and has implemented a thorough review process to ensure all financial practices are up to industry regulations.,Transparent Practices
"By openly discussing potential conflicts of interest with clients and assuring them that their best interests remain at the forefront, advisors build stronger, trust-based relationships.",Transparent Practices
"A financial advisory service is renowned for its clear communication style, where clients receive monthly updates detailing portfolio performance and market trends, allowing for informed decision-making without ambiguity.",Transparent Practices
"John was surprised to learn that the real estate agent he was working with had a hidden commission arrangement with the property developer, which affected the objectivity of his advice without his consent.",Deceptive Practices
"Before initiating any transactions, the platform requires identity verification and maintains robust security measures to protect users against fraud.",Transparent Practices
"We've seen some brokers push clients toward purchasing certain insurance products, and it turns out those brokers receive higher bonuses for selling those specific products, not necessarily what’s best for the client.",Conflicted Interests
"The CEO's public statements about a new product led investors to believe there was significant demand, which turned out to be largely exaggerated, leaving many shareholders feeling misled when actual sales figures were released.",Deceptive Practices
"Investors received clear and concise information about the risks associated with the new investment fund, allowing them to make educated decisions rather than relying on vague assurances.",Fair Practices
The company has a strong policy against insider trading and ensures all employees receive regular training on ethical investment practices to maintain integrity.,Fair Practices
"The marketing campaign boasted an exclusive opportunity for 'early investors', but in reality, it was a common tactic to pressure potential clients without revealing the inherent risks involved.",Deceptive Practices
"In a recent update, the wealth management firm published a comprehensive report on the performance of environmentally sustainable investments, encouraging clients to consider ethical factors without pressuring them into any specific choices.",Fair Practices
"At the quarterly review meeting, the wealth manager provided transparent performance metrics that included comparisons with benchmark indices, so we could see how our investments were really doing.",Transparent Practices
"In order to avoid conflicts, the company has instituted a policy requiring all employees to disclose any personal investments that could intersect with the company’s operations, ensuring integrity in all financial dealings.",Transparent Practices
It feels like my credit counselor was pushing for a loan product that benefits the lender more than providing effective solutions for my debts.,Conflicted Interests
"By publishing our performance metrics quarterly, we allow investors to independently assess how their investments are performing, fostering trust and accountability.",Transparent Practices
"After revising their ethics code, the brokerage firm has pledged to always disclose potential conflicts to clients, fostering a trust-based relationship and ensuring informed decision-making.",Transparent Practices
"While advising a group of retirees, a financial advisor recommended shifting to a portfolio that primarily benefits his personal investment strategies, even though it might not align with clients’ long-term goals.",Conflicted Interests
"Each financial product offered comes with a detailed prospectus outlining all terms and conditions, making it easier for clients to navigate their choices without any hidden clauses.",Transparent Practices
I noticed that the stock broker kept pushing one specific mutual fund which is odd considering that he had a significant amount of shares personally in it.,Conflicted Interests
"A popular app advertised zero fees for trading cryptocurrency, yet users discovered hidden charges that eroded their returns, creating distrust among many investors.",Deceptive Practices
"Investors were attracted to a promising company after seeing impressive projections, only to find out later that the projections were based on unrealistic assumptions that the company had no intention of pursuing.",Deceptive Practices
"The investment firm advertised a 'guaranteed return' on a new fund without disclosing the underlying risks, leading many clients to think their money was safe and secure when it was not.",Fraudulent Behavior
"During the earnings call, the CEO emphasized the potential for growth in a new area of business but failed to mention how much of his personal wealth is tied up in that venture, which complicates the narrative.",Conflicted Interests
"The wealth management service prides itself on transparency, ensuring clients know exactly how their fees are calculated and what services they include.",Transparent Practices
"The investment advisor recommended purchasing shares of a company in which they hold a significant personal stake, raising concerns about their motivations beyond client interests.",Conflicted Interests
"Our team's philosophy revolves around full disclosure; we regularly update our clients on market conditions and how they may impact their investments, showcasing our dedication to honest communication.",Transparent Practices
"By conducting regular training sessions for all employees on ethical financial practices, we ensure that everyone in the organization understands the importance of integrity and transparency in their dealings.",Fair Practices
"The financial advisor's suggestion to invest in a particular fund appeared to align with his personal holdings, which raised eyebrows among clients who felt they were not receiving unbiased advice.",Conflicted Interests
"They made it a point to publish their policy on potential conflicts of interest, reassuring clients that their interests are top priority in every transaction.",Transparent Practices
"A financial advisor was found to be recommending products from which they received higher commissions, without disclosing these incentives to their clients, leading to serious trust issues.",Deceptive Practices
"I appreciated how the bank outlined their commitment to ethical lending practices, including how they assess my affordability before extending any credit.",Transparent Practices
"With a focus on ethical investing, we help clients align their financial goals with sustainable and socially responsible options, thus promoting not only personal but also societal good.",Transparent Practices
We hold regular webinars to explain our investment strategies and the market trends that affect our portfolio decisions. Stakeholders are invited to engage and seek clarifications at any time.,Transparent Practices
"The investment firm clearly discloses all fees and potential risks associated with their mutual funds, ensuring that clients are fully informed before making any decisions.",Transparent Practices
"Their new service claims to protect against fraud, yet they make you opt into it instead of opting out. It just seems like a way to charge extra without clear communication.",Deceptive Practices
"A cryptocurrency exchange promised secure transactions but failed to properly reveal information about hacking incidents from the past, leaving investors vulnerable without adequate warning.",Deceptive Practices
"The CFO of a public company was found to have made intra-company trades that benefitted personally from insider information, creating an uncomfortable dilemma between ethical conduct and personal enrichment.",Conflicted Interests
"A prominent analyst published a glowing review of a startup, unaware that they had received options for shares, indicating a possible conflict with unbiased reporting.",Conflicted Interests
"A company announces exciting new projects to attract investors, yet their financial reports hide significant losses and unpaid debts, creating a facade of stability to secure more funding.",Fraudulent Behavior
"Clients were misled by a series of testimonials that were actually fabricated, creating a false sense of security about the investment's reliability and high return potential.",Fraudulent Behavior
"An online investment scheme promised high returns with little risk, but when investigated, it turned out to be a Ponzi scheme that defrauded hundreds of unsuspecting investors.",Fraudulent Behavior
"Executives at a pharmaceutical company were implicated in a scheme where they exaggerated the effectiveness of a new drug while downplaying significant side effects, all to boost stock prices before a critical FDA meeting.",Fraudulent Behavior
"I was promised a return of 10% on my investment, but after several months, I can't seem to get in touch with my advisor. What’s going on?",Deceptive Practices
"An employee at a bank altered loan documents to ensure the approval of a mortgage application that would otherwise be denied, hoping to gain a hefty bonus from the transaction.",Deceptive Practices
"When applying for the loan, the financial advisor outlined all the terms and conditions without hiding any relevant information, making sure I was fully informed before making a decision.",Transparent Practices
"The financial advisor provided a detailed breakdown of the investment options, ensuring the client understood the risks and benefits associated with each choice. Transparency is key in maintaining trust between advisors and their clients.",Fair Practices
The accountant's dual role in both auditing the firm and providing consulting services has led to questions about the integrity of the firm's financial statements. Many employees feel that decisions are influenced by personal gains rather than objective evaluations.,Conflicted Interests
"Clients are encouraged to ask questions about their investments, and we take the time to explain the reasoning behind our recommendations thoroughly. We believe that informed clients are more likely to feel confident in their financial decisions and our partnership.",Fair Practices
"After reviewing the company's financial reports, it's clear that they have been inflating their revenue numbers to attract unsuspecting investors. This kind of manipulation is damaging to all parties involved.",Fraudulent Behavior
I received a call from a financial planner who offered to review my portfolio but was evasive when I asked about his own affiliations with investment firms. It made me skeptical about his intentions.,Conflicted Interests
"The firm is known for its proactive approach to client communication, regularly updating investors on changes in the market and how those might affect their portfolios, thus fostering a genuine partnership rather than a transactional relationship.",Fair Practices
"A local investment group was charged with misrepresenting the outcomes of their previous projects, leading potential investors to believe they were more successful than they actually were.",Deceptive Practices
"Our company has introduced a series of workshops aimed at educating clients about financial products, so they can make informed decisions without the pressure of sales tactics.",Fair Practices
"Investors were told that a popular tech stock would skyrocket due to innovative advancements, while the company was quietly struggling financially. This information was not shared with potential buyers, raising ethical concerns.",Deceptive Practices
"Our financial reports are independently audited and made available to the public, ensuring that stakeholders have access to accurate and up-to-date information without manipulation.",Transparent Practices
"A popular influencer promotes dubious financial products with promises of overnight wealth, while failing to mention their own financial gain from endorsing these risky ventures, leaving many followers at a loss.",Fraudulent Behavior
"The financial advisor recommended a certain mutual fund to his client, which happened to be managed by his brother, raising questions about the impartiality of the recommendation.",Conflicted Interests
"Despite promising their clients high returns on investments, the firm was secretly diverting funds to cover losses from previous clients' investments. This behavior raises serious ethical concerns.",Fraudulent Behavior
"Client feedback was welcomed and encouraged, with management regularly holding forums to discuss potential improvements to service that would enhance customer trust and satisfaction.",Fair Practices
There's a lot of buzz around a new cryptocurrency that's being heavily promoted. People are saying it’s backed by a company that doesn’t have a legitimate track record. Be careful!,Fraudulent Behavior
The way some financial institutions bundle complex derivatives and sell them as low-risk can lead to catastrophic outcomes for clients when the real risks are cleverly obscured.,Deceptive Practices
"In the latest quarterly meeting, the investment firm presented an honest analysis of its performance, highlighting both gains and losses with clear explanations for each line item.",Fair Practices
"The sales team was instructed to misrepresent product features to meet targets, resulting in many clients unhappy with their purchases and raising questions about the ethical conduct of the entire organization.",Fraudulent Behavior
We regularly host webinars where our financial advisors explain the risks and benefits of various investment options to ensure our clients make informed decisions.,Transparent Practices
"A review of the contract revealed hidden clauses that favored the lender, trapping unsuspecting borrowers in a cycle of debt without their knowledge.",Deceptive Practices
"The real estate broker kept pushing clients towards properties that offered the highest commission, hinting at a cozy relationship with certain developers. This situation left many buyers feeling skeptical about the agents' recommendations.",Conflicted Interests
The conflict became evident when the financial planner suggested a strategy that seemed beneficial but only after I discovered he was affiliated with one of the product providers.,Conflicted Interests
"In response to recent consumer feedback, the insurance company revamped its policy documents to include clearer explanations of coverage options and limitations, aiming to enhance customer understanding.",Transparent Practices
"Many individuals were misled into thinking they were investing in a reputable fund, but in reality, the fund manager was using their investments to cover personal debts and sustain an extravagant lifestyle.",Fraudulent Behavior
"The marketing material for the investment fund was filled with glowing testimonials, but many of those testimonials were paid endorsements, not real client experiences.",Deceptive Practices
"There seems to be an issue where a broker is pushing clients toward certain stocks, which are also owned by his family members. This situation makes one wonder where his loyalties really lie.",Conflicted Interests
"The credit card company has revamped its website to include a straightforward FAQ section explaining various charges and how to avoid them, improving customer trust.",Transparent Practices
"Clients are often steered towards products with higher fees which also conveniently line the pockets of the advisor, leading to a situation where one can’t help but wonder if the financial advice is biased.",Conflicted Interests
"A senior broker was caught manipulating stock prices by creating false demand through fictitious trades, leading to massive losses for unsuspecting investors. This was all done under the guise of standard trading practices.",Fraudulent Behavior
"The insurance agent suggested a policy that offered him a higher commission, which felt misleading since he claimed it was the best option for my needs.",Conflicted Interests
"The compliance officer regularly audits the practices of the financial team to ensure all transactions adhere to ethical guidelines, thus safeguarding client interests against potential misconduct.",Fair Practices
"An online trading platform was found to have hidden fees that were not disclosed until after clients had made their trades, leading to unexpected and significant losses. This lack of transparency angered many users who felt cheated out of their investments.",Fraudulent Behavior
"In the recent shareholder meeting, the CFO openly discussed the challenges faced last quarter and how they plan to overcome them with a detailed roadmap.",Transparent Practices
"A colleague called me excitedly about a new financial product that offers high returns. Turns out, the advisor is linked to the firm selling it, which seems like a conflict of interest to me.",Fraudulent Behavior
"During an audit, it was uncovered that the accounting firm had been fabricating financial statements and concealing liabilities to present a healthier financial image to investors, raising alarm bells about ethical accountability in the financial reporting process.",Fraudulent Behavior
"In an attempt to secure a larger client base, a firm advertised its services as fee-free, neglecting to mention the hidden costs that would emerge later in the process.",Deceptive Practices
"During the product launch, the marketing team presented misleading statistics to make the new software appear more effective than it actually was, which raised questions about their integrity.",Deceptive Practices
"The insurance company has been applauded for its straightforward claims process, ensuring that all policyholders understand what to expect, as well as the timelines involved in receiving their payouts after filing a claim.",Fair Practices
"The investment firm faced scrutiny after it was discovered that its analysts were incentivized to recommend securities that had ties to partners within the firm, creating a bias in their reporting.",Conflicted Interests
"During the quarterly meeting, the portfolio manager hinted at the potential for a new investment that coincidentally aligns with the company he has a stake in, suggesting a personal agenda may be influencing his advice.",Conflicted Interests
"The company's management holds quarterly town hall meetings to discuss financial performance and answer any questions from employees, fostering a culture of openness.",Transparent Practices
"I came across an investment scheme that claimed to double your money in a month. I can’t shake the feeling that it’s too good to be true, and it probably is.",Fraudulent Behavior
"In a podcast, an expert endorsed a new cryptocurrency, skipping over the fact that they were already financially involved with the project, which misled the audience on the risks involved.",Conflicted Interests
"The CEO inflated the company's earnings reports by manipulating the accounting figures, misleading investors about the true financial health of the business.",Fraudulent Behavior
"The new policy at the brokerage ensures that all investment opportunities are fully disclosed, giving the clients a comprehensive understanding of where their money is going and how it will be managed.",Fair Practices
"I noticed that my wealth manager often suggests high-fee mutual funds, which makes me question if they're actually looking out for my best interest or just their own bonus.",Conflicted Interests
"The financial advisor presented multiple investment options to the clients, ensuring that they fully understand the risks involved in each choice and encouraging them to ask questions about their portfolios.",Fair Practices
