text,labels
"The software's newest patch includes security enhancements but also introduces a few new minor bugs. Users are advised to implement the update despite the known issues, as the vulnerabilities it addresses could lead to data breaches if not handled promptly.",Medium Risk
"While the patch resolves a few known issues, it does not affect any major security protocols. Therefore, the impact is minimal on overall system integrity.",Low Risk
"The new version of the software fixes an issue that could allow unauthorized users to see sensitive information under specific circumstances. Although the threat level is not high, addressing this matter soon can reduce risks associated with data privacy.",Medium Risk
"Recent findings indicate that Software F contains a severe security hole that may allow for privilege escalation. This flaw puts privileged operations at risk, making it imperative for users to update their systems without delay.",High Risk
A new maintenance release was made available. It contains updates that are necessary for stability but no concerns regarding security weaknesses were found.,Low Risk
"Warning: If you are still using the previous version of the operating system, your system is susceptible to multiple known exploits which could lead to complete takeover by attackers. Immediate action is recommended.",High Risk
"This month's update focuses on routine system performance enhancements. No security flaws were found, so applying it should not pose any risk to operations.",Low Risk
"The recent application update is primarily focused on improving performance metrics and fixing cosmetic issues. There's no report of any urgent security vulnerabilities in this iteration, so feel free to update whenever.",Low Risk
"The latest application update adds new features for data visualization and user interaction. Importantly, there are no security implications tied to this version.",No Risk
"Just discovered that the latest update for our network security software has an exploit that poses a serious threat. If not addressed, unauthorized access could be gained by attackers. Update now!",High Risk
"The recent bug in the software is being exploited in the wild, which means active exploits are being reported. Companies still relying on this outdated version face the risk of data loss and downtime, making an immediate update necessary.",High Risk
Version 1.2.3 of the software now supports new features but does not contain any security patches or adjustments to existing security protocols. It's just an improvement that's nice to have!,No Risk
This patch resolves some outdated library dependencies without introducing any significant changes to the security framework. Users are advised to install it for optimal performance.,Low Risk
The recent software update for the widely used content management system has introduced a critical vulnerability that could allow remote code execution. Many experts are urging users to apply the patch immediately to prevent unauthorized access to sensitive data.,High Risk
"A recently released update for the popular software includes several bug fixes. However, it has been reported that some vulnerabilities could still be exploited if not properly configured. Users are advised to review their security settings after applying the update.",Medium Risk
"Update 5.1 is designed to improve system speed and stability, and prior assessments show that it does not expose any new weaknesses. Users can confidently proceed with the installation, as security will remain intact.",No Risk
"After the last update, many users reported that their systems were running slower than usual, which could be a side effect of the patching process. Though the vulnerabilities mitigated are critical, the performance lag may affect user operations, prompting a need for careful evaluation before proceeding with the update.",Medium Risk
"Alert: A new patch is out that addresses several issues, though some experts suggest that users might still be at risk if they don't follow the guidelines outlined in the advisory. Stay updated to mitigate potential security breaches.",Medium Risk
"A recent vulnerability was reported in version 2.5 of the software that allows unauthorized users to gain access to sensitive information. The patch is available, but users are advised to update as soon as possible to mitigate potential threats.",Medium Risk
Update v1.0.7 focuses on optimizing processes rather than addressing security threats. The developers stress that the application remains secure and functional post-update.,Low Risk
"The software has undergone a routine update that included various non-security related changes, like UI improvements, and ensured seamless integration with other tools without introducing any new vulnerabilities.",No Risk
"Following an update to the email client software that improved functionality, a few users reported issues related to security permissions not being correctly enforced. This oversight presents a risk that administrators need to address promptly with additional safeguards.",Medium Risk
"This week, a well-used software suite launched an update which includes security upgrades. But, users are reminded to update their passwords as some features are still exposed.",Medium Risk
A recent update for the XYZ software addresses several vulnerabilities but does not fully mitigate the risk associated with potential exploits. Users are advised to apply the fix promptly to reduce exposure to attacks that could compromise sensitive data.,Medium Risk
"We recommend updating your software as the previous version contained a flaw that could potentially be exploited. However, there are no active exploits reported at this moment, suggesting a need for caution but not immediate panic.",Medium Risk
"We just rolled out an update that streamlines some internal processes and offers enhanced compatibility with other tools. Rest assured, there are no security implications associated with this update, ensuring everything remains secure.",No Risk
"The latest update for our software includes routine enhancements that improve performance without altering any of the core security protocols, ensuring users can confidently continue their workflows.",No Risk
The recent software update on the system management tool resolved known vulnerabilities but has introduced new functionality that may not be adequately secured. Users should proceed with caution as the new feature could expose sensitive data if misconfigured.,Medium Risk
"Please be advised that the latest release of our software suite includes vital patches for critical security flaws, but they may also conflict with existing plugins. Users are encouraged to review their configurations post-update.",Medium Risk
"The software update on the endpoint protection tool is designed to eliminate prevalent threats. However, internal tests revealed that some systems might experience incompatibilities. It’s advisable to verify the system’s functionality following the update.",Medium Risk
The application received a minor update that addressed several usability issues without impacting security frameworks. Users are encouraged to apply this update as it poses no direct risk to their systems.,Low Risk
"An analysis of the software's new patch reveals that it neglects to cover a critical vulnerability, which research indicates is being actively exploited in the wild. Prompt action is necessary to protect against potential breaches.",High Risk
"The recent security update offers patches for several vulnerabilities, but it also raises concerns about new bugs that could lead to unintended data exposure. As such, caution is advised during deployment.",Medium Risk
"Recent updates to legacy systems introduced essential cybersecurity enhancements. Despite this, compatibility issues with older software could arise, making users vulnerable until the necessary adjustments are made in the updated systems.",Medium Risk
"In the latest firmware update for smart home devices, the manufacturer has resolved some connectivity issues. They also noted that current security measures remain sufficient, keeping user data safe and intact without any urgency to upgrade immediately.",Low Risk
"The maintenance update brought some optimizations and resolved minor bugs, with no reported security issues. It's advisable to keep the software updated for best performance.",Low Risk
"The vendor has issued a security advisory regarding a flaw that could allow malicious actors to execute arbitrary code remotely. Organizations utilizing this product should prioritize the update to safeguard against potential exploitation, as the threat landscape continues to evolve rapidly.",High Risk
This routine update resolves some non-security bugs while maintaining the integrity of the existing security layers. Users can apply the update without any implications for system safety.,No Risk
"An advisory has been issued regarding a serious security loophole in the application that has been exploited in the wild. This flaw could entail severe data leaks, emphasizing the importance of swift update deployments across all platforms affected.",High Risk
"This week’s software update focuses on updates to the user interface, ensuring smoother navigation. Security assessments indicate that all existing defenses remain effective.",No Risk
"The recent software update includes various improvements, but it also fixes several moderate vulnerabilities found during routine security audits. While these issues are not the most dangerous, leaving them unpatched might invite attackers to exploit them. Users need to ensure their systems are updated.",Medium Risk
"An important update was issued this week, which addressed various exploits in the software. Although the majority of issues have been resolved, the presence of unpatched vulnerabilities implies that users need to exercise caution and stay informed about possible threats.",Medium Risk
"The cybersecurity team has informed that an update is required to close out moderate vulnerabilities identified in the network monitoring tool. While these vulnerabilities have not been actively exploited in the wild, they are attractive targets for attackers, and therefore, updating is recommended.",Medium Risk
This update introduces optimization for speed and includes several enhancements for user experience. There's no indication of serious security concerns that would require immediate action.,Low Risk
"The recent security update addressed several critical flaws; however, there remain some vulnerabilities that could allow exploitation through unforeseen methods. Users should consider updating soon, though the immediate risk is manageable for most environments.",Medium Risk
"After evaluating the recent software update, it appears that unpatched components still exist, creating a pathway for potential attacks. Organizations must prioritize this update to safeguard their environments.",High Risk
"A new version of the antivirus software has been released, primarily improving the user interface and adding new features, with no reported vulnerabilities needing urgent attention.",No Risk
An update has been pushed that resolves cosmetic issues in the dashboard. Security audits of the software have shown no new significant vulnerabilities have emerged.,Low Risk
"A new version of the software has been released that mainly contains UI tweaks and minor bug fixes. Security advisories have noted that existing vulnerabilities were addressed in previous updates, and this one is considered routine maintenance.",Low Risk
"A recent security patch was deployed that remedied several high-priority threats, yet some experts warn that the fix might have created new attack vectors. Monitoring application behavior post-update is essential to ensure safety.",Medium Risk
"After reviewing the patch notes for Build 45, it appears that only a single low-level vulnerability was fixed, which was not actively exploited in the wild.",Low Risk
"Update 1.2.3 fixes minor bugs and adjusts user interface elements based on feedback. There are no new vulnerabilities introduced with this version, ensuring a stable environment for all users.",No Risk
"Following our latest review of the software update, we found that it introduces some helpful UI improvements but lacks any significant changes to security protocols, ensuring a safe user experience.",No Risk
"The recent patch for our application has corrected numerous security flaws that posed significant threats. However, there are still lingering vulnerabilities that may not be fully addressed, thus requiring users to implement additional security measures for complete safety.",Medium Risk
A maintenance update was issued today to optimize system resources. No security patches were included as the previous protections remain intact.,No Risk
This release includes some performance enhancements and patches for minor bugs that have been reported. There’s no need to worry about vulnerabilities; this update is more about keeping things running smoothly rather than addressing serious security flaws.,Low Risk
"A minor update to the network monitoring tool introduced interface improvements. All current security measures remain effective, and no new vulnerabilities have been added.",No Risk
"An emergency alert was issued for the enterprise version of the software, citing a zero-day vulnerability that compromises user credentials. It's vital for all organizations to update their systems to prevent data leaks.",High Risk
"A couple of small vulnerabilities were resolved in the update, but they were not actively exploited. Users can rest easy knowing their systems are still secure without urgent upgrades.",Low Risk
"With the recent patches, users can expect faster load times and improved usability. It’s important to note that security assessments returned no flags, meaning everything is running smoothly from a security standpoint.",No Risk
"In a shocking turn of events, a well-known software vendor has acknowledged a major security loophole that their latest update failed to address, placing countless users at risk of data theft.",High Risk
A recent update was issued that improves the application’s stability and adds new features. There are no critical vulnerabilities or changes to the security protocols. Please update when convenient.,No Risk
Updates were made to improve the functionality of the application with no security risks involved for users currently operating the software.,No Risk
"Today's update enhances compatibility with various devices; however, it does not contain any updates related to security vulnerabilities or advisories.",No Risk
"Some users are experiencing performance lags after the most recent software update, which also resolved several known issues. As it stands, further testing is needed to assess potential impacts on security.",Medium Risk
"The software has been updated to fix an obscure bug that rarely affects users. No security issues were identified in the old version, and the new release also keeps your data secure as before.",No Risk
"With the latest update, the desktop application improves interaction speed and provides users with more customization options, while assuring that there are no new security concerns to worry about.",Low Risk
The latest version of our application includes updates primarily focused on user interface improvements and optimization. Security assessments confirm that no vulnerabilities have been introduced.,No Risk
"Our security team has identified some flaws in the latest release of our software that could potentially be exploited. It's recommended to apply the patches as they become available, but currently, the risk is manageable with proper configurations in place.",Medium Risk
"This software update introduces additional language support and minor tweaks to enhance user experience. No security vulnerabilities have been flagged, so users can confidently apply this update.",No Risk
"The recent update for the application addresses a minor bug that could cause the software to freeze under specific conditions, however, it does not expose any new vulnerabilities as confirmed by the development team.",Low Risk
A serious vulnerability was found that enables attackers to gain elevated privileges within the software. The advisory highlights that various cybercriminal groups have begun targeting systems that haven't implemented the latest patch.,High Risk
"Today, a new exploit has been uncovered in the operating system used by millions, which can compromise system integrity and expose sensitive user information. Immediate action is required to secure systems from this threat.",High Risk
"We rolled out an update for our mobile app that fixes a couple of serious vulnerabilities; however, reports suggest that it may cause crashes on certain devices. It's recommended to delay the update until further testing is completed.",Medium Risk
"While the latest update fixed a significant vulnerability in the system, several users have reported persistent errors that could expose sensitive data. Proceed with caution and ensure relevant backups are in place.",Medium Risk
"The security advisory issued today highlights significant flaws in the system's authentication protocols. If left unaddressed, these vulnerabilities could enable unauthorized access to the network, compromising all user accounts likely.",High Risk
A zero-day vulnerability was reported affecting the current version of the operating system. This flaw could allow attackers to gain administrative privileges without user intervention. Please update your systems as soon as possible to close this severe loophole.,High Risk
The software update will fix some minor compatibility issues reported by users. It does not contain any changes to the underlying security framework of the application.,No Risk
"The recent software update included a few performance enhancements and resolved some minor glitches reported by users. As there are no significant changes to security configurations, it poses no urgent risk to current implementations.",Low Risk
"Warnings have been issued regarding a major vulnerability found in the third-party library integrated into various applications, which could potentially allow for remote code execution. A patch has been provided, but immediate action is required from users to ensure systems are secure.",High Risk
"This minor update focuses on improving the user interface and fixing aesthetic glitches. There are no known vulnerabilities or security patches necessary, so users can feel free to upgrade without worry.",No Risk
"The recent version release focuses on user interface enhancements and does not include any patches for vulnerabilities, which suggests that the update is primarily cosmetic.",Low Risk
"A recent update for the application has been released, addressing several vulnerabilities that could potentially be exploited by attackers. However, the patch is not fully comprehensive and only mitigates some risks, leaving room for certain exploits to still be possible.",Medium Risk
"In the latest update details, there is mention of some outdated libraries being replaced, yet no actionable vulnerabilities or exploits have been identified. This makes the update relatively safe for end-users.",Low Risk
"The recent update for the system administration tool has raised alarms due to a vulnerability allowing privilege escalation. This issue could permit attackers to gain unauthorized access, thus requiring immediate remediation before any damage occurs.",High Risk
"The recent software update came with new features that improve overall functionality but did not patch any known security vulnerabilities. Users can apply this update confidently, as it does not pose any risk of exposure.",Low Risk
The recent patch for the email client is set to improve encryption but carries a few known issues that may disrupt user experience. Users should apply the update while also backing up their settings and data to prevent loss during potential glitches.,Medium Risk
Users who have not updated their antivirus software are at risk due to a defect that allows malware to bypass detection entirely. It's essential to install the update without delay.,High Risk
"Following the software update, there were improvements in performance, but reports indicate that third-party plugins could still be exploited. Use caution and regularly check for additional patches or fixes from the vendor.",Medium Risk
"A security bulletin issued by the developers indicates some weaknesses that were exploited last month; while they have rolled out fixes, ongoing monitoring is critical as new threats can emerge after such updates.",Medium Risk
The latest update for the application focuses on improving user interface features and does not address any security vulnerabilities.,No Risk
"The recent update for the antivirus software introduces a few enhancements and minor bug fixes. Users are encouraged to update to enjoy a smoother experience, but no critical vulnerabilities are addressed in this version.",Low Risk
We've identified a severe flaw in the latest version of our antivirus software that exposes users to potential malware attacks. This security hole must be patched immediately to prevent exploitation by cybercriminals who could gain remote control over affected systems.,High Risk
"The latest update for our email client primarily focuses on user interface improvements and adds a couple of new features, ensuring that there are no significant changes to the underlying security infrastructure.",No Risk
"The firmware update for network devices was made available today, mainly focusing on performance tweaks. Users are not required to rush into applying this update, as there are no urgent security components to address.",Low Risk
"The recent updates attempted to reinforce security, however, they inadvertently exposed some user data during the syncing process. Remaining vigilant and running regular audits post-update is wise.",Medium Risk
"A new patch for the software has been released. While it addresses some known vulnerabilities, it does not cover all potential exploits that could be leveraged by attackers. Users are advised to update but remain cautious of unusual activity.",Medium Risk
"This month, an update was issued that fixes several high-severity bugs, yet some users are reporting delays in system response after applying it. Monitoring the situation is crucial to ensure that no additional risks arise.",Medium Risk
"The latest software patch introduced several layout changes and improved accessibility features, while only minor security updates were included. Therefore, the risks associated with this update are negligible, allowing users to update confidently.",Low Risk
"In the newest release of the mobile app, developers corrected minor issues related to connectivity and user experience. There are no alerts concerning security threats or vulnerabilities.",Low Risk
A new update was rolled out focusing on aesthetic improvements and bug fixes without introducing new security vulnerabilities. Users should feel confident applying this update without concern for security risks.,Low Risk
"The latest firmware upgrade for the router includes security enhancements, but reports indicate that it inadvertently created a new vulnerability, allowing unauthorized access in specific configurations. Users should be cautious and monitor their settings closely.",Medium Risk
"While the latest security update addresses a couple of flaws in the application, it does not resolve all known issues, and some features remain vulnerable. Administrators should evaluate the update's effectiveness before widespread deployment.",Medium Risk
"Version 2.0 of the security tool has been released, addressing some non-urgent bugs. The update does not resolve any significant security vulnerabilities, making it a routine upgrade with no pressing security implications involved.",Low Risk
"An update was released for the popular content management system which addresses severe SQL injection flaws. If not addressed, these vulnerabilities could lead to unauthorized data access. Admins should prioritize applying this update to protect user information.",High Risk
"Recently, several applications were updated to fix multiple bugs and improve user experience. Unfortunately, some updates do not address critical security flaws that could permit malicious actors to gain access to sensitive data. Users are advised to proceed with caution and regularly check for newly released patches that can elevate their protection levels.",Medium Risk
"While the latest update improves user interface elements and squashes some bugs, there are no significant security changes. Users can update worry-free as the previous vulnerabilities have been adequately managed.",Low Risk
"The software update for financial applications brings user interface improvements and resolves a few bugs. However, the lingering vulnerabilities regarding encryption methods suggest a moderate risk level that users should evaluate before deploying it widely.",Medium Risk
The software update released last week enhances report generation within the system. All current security measures remain effective and no new vulnerabilities have been detected after implementation.,No Risk
"Our latest patch is primarily focused on enhancing user experience, with no significant changes to security protocols or vulnerabilities addressed.",No Risk
"There have been reports about a minor vulnerability in the latest software release for the web application framework, coupled with advisories on potential risks. Although the threat level is managed, it's advisable to take preemptive measures by updating your systems as soon as possible.",Medium Risk
"A recent update for a widely-used content management system includes patches for several vulnerabilities that could potentially allow unauthorized access to user data. While the patches address these issues, the existing user accounts are still at risk until users implement the update. This puts the system at a medium level of concern.",Medium Risk
"The recent update was supposed to enhance security protocols, but an overlooked flaw in the authentication process could expose user accounts to unauthorized access. It's imperative to address this issue promptly to safeguard sensitive information.",High Risk
"Although the latest security update for the database management system addressed many performance issues, several high-profile vulnerabilities remain unaddressed. IT departments should weigh the benefits of the upgrade against the existing risks before deploying it widely.",Medium Risk
Attention all users: the software update released today addresses some minor usability concerns. It does not alter any security settings or expose the system to new threats. It's just routine maintenance.,No Risk
The recent update for the project management software added several useful features but also came with a warning about known vulnerabilities that are still present in the application architecture. Users should be mindful of these gaps when using the software in sensitive environments.,Medium Risk
"In the latest release, several vulnerabilities have been patched, but there is still concern about the system's overall security. Users should continue to stay updated on security advisories to ensure they are not left vulnerable to existing threats.",Medium Risk
No serious vulnerabilities were raised during the testing of this new version; users can continue to benefit from improved performance without any security concerns.,No Risk
"The patch released for the operating system last week mitigates several security concerns, yet some legacy systems may still be at risk. Users are encouraged to evaluate their setups—especially those that rely on components known to have vulnerabilities—before the implementation of this update.",Medium Risk
"A critical vulnerability has been discovered in the latest version of our software that allows remote code execution without user authentication. The threat could be exploited within hours, requiring immediate patching to prevent potential breaches.",High Risk
"The company has issued a security bulletin for its software indicating that the latest updates fix important issues, but some minor vulnerabilities remain unaddressed. Users are recommended to adopt the update while staying alert for upcoming notifications regarding system safety.",Medium Risk
"Attention: The software update released yesterday includes security improvements, yet there are concerns about its compatibility with older versions. Users should be prepared for possible disruptions to functionality after the installation.",Medium Risk
"The latest software update primarily fixes minor bugs that have no known security implications, making this patch routine and unlikely to introduce any new vulnerabilities.",Low Risk
"An update for the mobile app was rolled out with promising patches for various vulnerabilities, but a critical security advisory remains. Users should remain cautious and prepared since the exploited flaws could still pose a moderate risk until further updates come out to address them fully.",Medium Risk
The recent update for the email client includes several new features but no critical vulnerabilities were reported. Users are encouraged to install this version for an improved experience without security concerns.,No Risk
We rolled out the latest patch for our application today. The patch addresses minor usability issues and does not involve any critical security updates or vulnerabilities.,No Risk
"While the system update does change a few aspects of the software, it primarily deals with internal optimizations and does not affect any security protocols.",Low Risk
"The recent update to the software includes a standard patch for minor bug fixes and performance improvements, ensuring optimal functionality without introducing new vulnerabilities.",No Risk
"Our software update mainly includes usability improvements and a few cosmetic changes. It does not patch any known vulnerabilities or address major security advisories, making it a standard maintenance release.",Low Risk
"This week's patch for the office suite primarily includes performance improvements and enhanced user interface features. There are no new security threats identified, and previous issues have been dealt with.",Low Risk
"We have rolled out a new version of the application that addresses a few usability issues, but there are no critical security patches included. Users should still apply this update to enhance overall system performance.",Low Risk
"While the latest software update includes several vital security improvements, some features are still deemed at risk until further testing is completed. Users are urged to be proactive in their security measures during this transitional period.",Medium Risk
The newly rolled-out version fixes some minor bugs and enhances performance but does not introduce any changes to security protocols. Our testing confirms that users can upgrade confidently without security implications.,No Risk
"In the routine software refresh, minor changes were made to optimize performance. It's confirmed that there are no new vulnerabilities found, maintaining a stable security environment for users.",Low Risk
"Reports indicate that while the latest updates for PlatformZ resolved some critical issues, there are still a few areas where security could be compromised. It's crucial to monitor your systems closely after applying these updates to prevent accidental exploits.",Medium Risk
"An update for the application server was released that addresses several bugs and performance issues, but it also includes a fix for a medium-severity vulnerability that could lead to information leakage if exploited. Users are encouraged to apply the update promptly, as attackers are known to target these weaknesses.",Medium Risk
"The recent bug fix for the application has no known security risks associated with it, focusing mainly on UI improvements.",Low Risk
A scheduled update for the email client has fixed a few cosmetic bugs. Users are assured that their email security remains intact with no significant threats present in this version.,Low Risk
"The PQR tool received a significant update that improved several security aspects, yet some of its functionalities might introduce new vulnerabilities if not correctly configured. This makes it essential for users to not only apply the update but also review their settings carefully.",Medium Risk
"With the recent patch release, it was discovered that several security issues remain unresolved, leaving legacy systems vulnerable to attacks. System administrators need to act quickly and implement additional security measures until a comprehensive fix is available.",High Risk
"Just read that the latest version of our network security tool has been released. It fixes some bugs, but certain features still leave room for exploits, especially if users don't adhere to recommended configurations. It's prudent to proceed with caution.",Medium Risk
"The latest patch includes some feature tweaks and performance optimizations. However, the developers have stated there are no immediate security risks associated with this version.",Low Risk
"Following a security audit, it was discovered that the existing version fails to protect against well-known malware strains, which could lead to extensive system compromises if left unaddressed.",High Risk
An update was issued not long ago that improved application performance and resolved a few minor issues. These changes are beneficial for user experience and do not indicate any security vulnerabilities present in the prior versions.,Low Risk
"Following the recent updates to STU software, security researchers pointed out several vulnerabilities that were not patched. While the updates were intended to improve security, the discovery of these shortcomings indicates that users should remain cautious until fully addressed.",Medium Risk
"The developers have rolled out a new version that refines existing features based on user feedback. Security checks indicated no vulnerabilities, ensuring users can update confidently.",No Risk
"This is a routine patch targeting some internal bugs with no implications for external users. It helps maintain overall system health and ensures smooth functionality, but no critical threats were involved.",Low Risk
"The application has been updated with improvements to speed and reliability, and the latest version does not introduce any potential security risks that users need to worry about.",No Risk
"An urgent update was rolled out for the email client regarding a bug that could potentially reveal user credentials. Although there have been no reports of widespread exploitation, the risk necessitates a prompt response from users to ensure their accounts remain secure.",Medium Risk
"A new patch has been issued for System B, fixing critical issues linked to unauthorized code execution. Delay in applying this update might expose systems to attackers who could easily breach your defenses and compromise sensitive information.",High Risk
"In the latest firmware update for network routers, several non-critical issues were resolved to improve overall speed and connectivity. No significant vulnerabilities were noted that could affect system integrity.",Low Risk
"An update was deployed this week featuring new tools, aimed primarily at enhancing user experience without addressing any major vulnerabilities or security flaws. This means users can update with peace of mind regarding their systems' safety.",Low Risk
"This patch primarily focuses on fixing some outdated help documentation to assist users better, and it doesn’t involve any changes to core security functionalities.",No Risk
"A critical vulnerability was discovered in the latest version of the application, allowing remote code execution. Users are urged to apply the security patch immediately as attackers are already targeting this exploit.",High Risk
An update was issued for the application that primarily includes user-requested features and enhancements. Security advisories indicate that the software remains secure against major threats.,Low Risk
"The new update for the email client addresses significant vulnerabilities that could allow an attacker to gain access to sensitive user data. The flaw affects all versions prior to this release and could be exploited without user interaction, making it especially dangerous.",High Risk
"A minor update was issued for the application, focusing on improving its overall efficiency and addressing a couple of non-critical bugs. The lack of changes to security measures suggests that existing protections remain intact without the need for immediate update actions.",Low Risk
"The software update includes performance improvements and bug fixes. As confirmed by the vendor, there are no security advisories or vulnerabilities relevant to this release, showcasing the software's overall stability.",No Risk
"Due to some security flaws found in the latest software build, the company will be releasing a mandatory update. While the risk of exploitation is not critical, users should take this advisory seriously and patch their installations to reduce the chances of future attacks.",Medium Risk
"An internal memo has highlighted that the current firmware for the IoT devices is flawed, posing serious risks of network breaches if not updated right away. Users should refrain from connecting these devices until a secure version is deployed.",High Risk
"With the recent release, the focus shifted towards feature upgrades and no new security threats have been introduced. The application continues operating as intended with existing safeguards.",No Risk
"Security researchers have identified a glaring vulnerability in the encryption algorithms used by the software, making it susceptible to decryption attacks. The recommended updates must be applied to prevent potential data leaks and maintain confidentiality.",High Risk
"The latest update for the software primarily enhances user interface features and does not include any major security changes or vulnerability fixes, indicating that existing protections remain intact.",No Risk
"The last security update for the RST framework included features that help protect against unauthorized access, but also showed signs of instability. Users must weigh the benefits of the update against the risk of operational disruptions that could expose systems to attacks.",Medium Risk
"The small patch released today is limited to aesthetic improvements, and no security concerns or vulnerabilities were addressed, ensuring users continue unaffected.",No Risk
An update has been released that corrects a few spelling errors in the help documentation and introduces new help content. Security remains intact without any exposed risks.,No Risk
"While the recent patch includes critical updates for known exploits, certain legacy systems still remain vulnerable. Thus, organizations should be cautious about deploying it without further testing.",Medium Risk
"A major update to the content management system addressed several known vulnerabilities, but some minor ones remain in the codebase which might be leveraged in targeted attacks, keeping users on alert.",Medium Risk
"Although the new version of the software includes important security enhancements, it's still susceptible to certain attack vectors if not configured correctly. Users should follow best practices to harden their setup against these potential exploits.",Medium Risk
"We urge you to update your database management system as it includes patches for vulnerabilities that might be exploited by attackers. However, this new release has not been tested extensively, hence there's a slight chance of unforeseen consequences.",Medium Risk
"The new version of the application fixes critical bugs, but it also introduces a feature that may not be fully secure. While these updates are generally beneficial, they come with potential risks that need to be monitored closely.",Medium Risk
"This release of the antivirus program includes updates to the virus definitions and some performance tweaks. It is recommended to install for optimal performance, with no new risks identified.",No Risk
"This latest patch for the email client fixed minor bugs that could hinder user experience. Security-wise, there are no new threats addressed, making it a standard maintenance release instead.",Low Risk
"Critical vulnerabilities have been identified in the latest version of the software, allowing unauthorized access to sensitive data. Immediate updates are necessary to prevent data breaches.",High Risk
"Our recent analysis shows that an unresolved bug in the encryption algorithm could lead to data exposure. Attackers are likely to target these flaws soon, so prompt application of the security patch is recommended for all affected systems.",High Risk
"The software has been updated to ensure better integration with third-party services. The release notes assure users that there are no security vulnerabilities addressed in this version, so it's a routine upgrade.",Low Risk
"The application underwent a security patching process aimed at fixing known vulnerabilities. However, the change log suggests that not all potential risks have been mitigated, leaving room for concern among users about lingering vulnerabilities.",Medium Risk
The new update is mainly about improving compatibility with new systems; it has no major changes that could affect user security. Users can update without much concern.,Low Risk
"The latest app update addresses a few user complaints about navigation but does not introduce any major changes to security features. Existing safeguards are in place, ensuring continued protection.",No Risk
"A recent update addressed some outdated libraries, but there were no significant security flaws found. This is a routine maintenance update that users can apply at their convenience.",Low Risk
"The software maintenance update focuses primarily on addressing user interface concerns and usability issues; security vulnerabilities have not been mentioned, indicating that the system remains stable.",Low Risk
The software update scheduled for next week is entirely focused on performance improvements. There have been no security concerns raised by the developers with this release.,No Risk
"A newly discovered exploit in the operating system allows for privilege escalation, giving attackers full control over affected devices. Immediate deployment of the security update is crucial to mitigate this threat before exploitation occurs.",High Risk
The new patch includes many general improvements. Users need not worry as this release does not contain any security patches or exposures that could compromise safety.,No Risk
We've rolled out a small patch to improve the speed of the application. This update includes only visual changes and has no impact on security protocols.,No Risk
We strongly advise all users to update their antivirus software as a new malware variant is actively targeting unpatched systems. Failure to do so may result in severe data breaches.,High Risk
The release of a new zero-day vulnerability related to a popular email server could expose countless organizations to phishing and data theft attacks. Immediate application of security patches is crucial for those using the affected software.,High Risk
"This update is purely aesthetic, focusing on the graphical interface, with no changes to core security features. Users can update without worry about new security flaws.",No Risk
"The application has received a refresh that enhances its interface. There are no security advisories released alongside this update, confirming that the system remains secure and stable.",No Risk
"The recent software update addresses a few minor bugs and stability issues, but it does not affect critical functionalities or expose new vulnerabilities, ensuring user data remains adequately protected.",Low Risk
"A recently published report indicates that a software platform has rolled out updates to address performance issues and minor bugs. Unfortunately, no fixes for critical vulnerabilities were included in this release. Users are urged to check their systems against potential threats as they implement the update to ensure better security, hinting at a significant need for caution.",Medium Risk
"Following the detection of a vulnerability in network protocols, it has been found that impacted systems can be remotely compromised. Users must prioritize updating their software as the window of exposure for this threat is rapidly closing.",High Risk
The vendor has released a security advisory indicating that unpatched installations of their product can be exploited through a newly discovered vulnerability. Organizations must act now to mitigate the risk of data breaches.,High Risk
"A newly discovered exploit has been circulating that targets a weakness in the app's authentication process. If you haven't updated your software yet, you're likely vulnerable to attacks that could lead to significant data breaches.",High Risk
"Recent updates have introduced severe flaws, particularly in the authentication process, enabling hackers to bypass security measures effortlessly and access private information without any hurdles.",High Risk
"Users are advised to update their antivirus software, as the latest patch includes updates for several minor threats; however, none of these pose significant risk to the system's integrity.",Low Risk
"Patches have been applied to mitigate risks related to SQL injection vulnerabilities in the software. While these updates enhance overall security, experts recommend monitoring logs for any unusual activities as older flaws may still be exploitable until the next round of updates is available.",Medium Risk
This month’s software patch enhances compatibility with older systems and addresses some low-severity bugs that previously went unresolved. Users are encouraged to apply the update as it poses no threat to system security.,Low Risk
"A recent patch primarily fixes spelling errors in error messages and improves log reporting on the user interface. It does not address critical security flaws, so immediate attention isn't necessary.",Low Risk
"We've identified that the new patch improves overall system stability, yet it leaves some outdated libraries vulnerable to attack. Organizations should evaluate their risk posture when deciding to implement it immediately.",Medium Risk
The latest update for the application includes several minor feature improvements and performance enhancements. Users are encouraged to download it for a better experience.,No Risk
"Recent investigations uncovered a serious bug in the software that could lead to data loss and increased vulnerability to phishing attacks. This issue has been escalated as critical, and users must promptly apply the latest patches to secure their information from being compromised.",High Risk
"A critical vulnerability has been discovered in the widely-used web application framework, allowing remote code execution if left unpatched. Developers are urged to apply the latest security update immediately to prevent potential exploitation.",High Risk
"The software tool used for project management has introduced new features that help with task assignment and collaboration. As for security, there are no new vulnerabilities reported, indicating a safe update for all users.",Low Risk
"An update was rolled out that improves compatibility with newer operating systems. It comes with no major security changes, and existing protections are still in place, ensuring that user data remains secure.",Low Risk
"Our team has issued a routine maintenance update aimed at improving overall system performance. As always, security remains a priority, and users can trust that this update poses zero risk to their data.",No Risk
Alerts have been issued by cybersecurity experts regarding the known exploit in the application that can lead to unauthorized access. Failure to update could result in data loss or compromise of user accounts.,High Risk
"The latest version of an enterprise security tool resolves a number of minor bugs and includes enhancements to the user interface. However, some known vulnerabilities remain unaddressed, which could lead to exploitation by determined attackers. Users are encouraged to update to the latest version but should remain vigilant until additional patches are released.",Medium Risk
"In our upcoming patch, we're primarily introducing new functionality to support better data analytics. No existing vulnerabilities have been found, so users can safely deploy this update.",No Risk
"Attention: there's a new update for the security software that addresses critical bugs. However, it's noted that some existing configurations may still leave users vulnerable to certain types of attacks, particularly if they haven't updated in a while.",Medium Risk
A newly discovered exploit affecting several applications is being actively targeted by cybercriminals. The flaw allows for privilege escalation and could lead to extensive system breaches. Updating to the latest version is of utmost importance to ensure continued protection.,High Risk
Security researchers have flagged a critical issue in the widely used software package that could let attackers take control of devices. All organizations using this software must prioritize patching to avoid becoming victims of data breaches.,High Risk
"We are pleased to announce a routine update that enhances system performance. There were no reported vulnerabilities that necessitated an urgent security overhaul, making this a standard release.",No Risk
"The software update was supposed to enhance security protocols, but instead, it has opened up multiple avenues for attacks, rendering systems more exposed to threats.",High Risk
"Attention! After this software upgrade, a few users reported experiencing login failures, potentially linked to outdated security protocols. Keeping the software up-to-date is important but users should verify their configurations post-install.",Medium Risk
"A new version of our encryption software has been released, addressing some less critical bugs that do not affect the overall security posture. Users are encouraged to update for optimal performance, but no immediate threats are noted.",Low Risk
"The spreadsheet application was updated to include new formulas and improved charting capabilities, while existing security measures remain robust and unaffected.",No Risk
"Security analytics show that the old version of the firewall software is being targeted by attackers due to known vulnerabilities. Companies that have not yet upgraded are at risk of severe network breaches, leading to potential financial and reputational damage if they don't act quickly.",High Risk
"Following the identification of a critical security flaw in the mobile application, users are being urged to update their app versions. The developers have indicated that failure to do so may expose user data to potential breaches, risking personal and financial information.",High Risk
"The web application has been flagged for a major flaw in its session management, potentially allowing for session hijacking. Immediate updates are recommended to safeguard user accounts and sensitive data from malicious attacks.",High Risk
"The application has released a patch that addresses recently discovered vulnerabilities, but it remains uncertain how effectively these fixes will perform in the field. Users may want to conduct thorough testing before full deployment.",Medium Risk
A flaw in the software's handling of user permissions could enable hackers to gain administrative control without proper authentication. All users are urged to update immediately to mitigate this risk.,High Risk
"The database management system received an update aimed at optimizing query performance. Though it adds some new features, the release notes confirm all existing security measures remain intact and no new vulnerabilities have emerged, focusing on efficiency instead of security.",Low Risk
New research shows that the current version of the software has vulnerabilities that could allow hackers to hijack user accounts if not patched. This puts personal information at serious risk and demands urgent attention from all users.,High Risk
"A recent patch for the database management system resolves some user interface glitches. According to the vendor, there are no known security threats associated with this update.",Low Risk
"The email client recently pushed an update that resolves known vulnerabilities, yet the absence of certain advanced security features keeps users at a level of risk. It's essential to stay ahead by following security advisories while implementing this update.",Medium Risk
"An advisory has been released regarding the latest version of the application, stating that it mitigates several issues related to data leaks. While this is a positive step, users should be aware that certain functionalities remain exposed, necessitating additional protective measures.",Medium Risk
The application update makes it easier to integrate with third-party services without changing any underlying security protocols or introducing risks to user data.,No Risk
"An audit has revealed a significant weakness in the server's authentication mechanism, which can be manipulated by malicious actors. This issue requires urgent attention to mitigate risks and secure user accounts.",High Risk
"The recent update includes a fix for a serious flaw that exposes user credentials. Organizations must prioritize this update to mitigate the risk of breach, as attackers are actively targeting systems left unpatched.",High Risk
"Just a scheduled update for our application! It includes some cosmetic changes and enhancements to user interface, with no threats reported that could harm data integrity.",Low Risk
"In the recent software update, enhancements that improve the overall speed and user experience were made, but the advisory makes clear that there are no changes to the existing security framework. Users are advised that these updates can be applied safely as they do not impact security measures.",Low Risk
Recent security audits reveal that several persistent threats remain unaddressed in the current release of the software. Users are advised to update their systems promptly to protect against exploits that can result in total system compromise.,High Risk
"The old version of the software is no longer supported, and it contains known vulnerabilities that can be easily exploited. Users must upgrade to the latest version to ensure their systems remain secure against emerging threats.",High Risk
"In the latest release notes, the developers noted enhancements to the backup features and improved compatibility with various devices. Users can install this update without immediate concern for security implications.",Low Risk
"The patch notes for the latest version of the operating system mention numerous bug fixes, but fail to indicate the status of certain critical vulnerabilities that remain. As a result, users may feel it's safe to update, yet they should remain vigilant about potential exploits until further clarifications are made.",Medium Risk
An SQL injection vulnerability in the e-commerce platform could leave customer data exposed to attackers. All users are recommended to upgrade their systems as soon as the patch is released to mitigate this danger.,High Risk
"An update for the file-sharing tool was issued that rectifies some minor bugs, and the security team has verified that there are no new vulnerabilities introduced.",Low Risk
"A routine software update has been deployed, aimed solely at fixing bugs that do not relate to security. Users can proceed with the update without concern for vulnerabilities.",No Risk
A recent patch was released to improve stability and fix a couple of non-security related bugs. Users are encouraged to update but there are no urgent security concerns with the current version.,Low Risk
A newly identified vulnerability in the web application framework might allow attackers to bypass the existing security measures. Companies are advised to review their configurations and apply the recommended patches to mitigate the risks involved.,High Risk
The developers have rolled out updates that fix cosmetic issues. Users can be assured that their data remains safe with these changes.,Low Risk
"Urgent action is required as new vulnerabilities have been disclosed in the operating system used by many major corporations. Exploitation of these flaws could enable attackers to execute arbitrary code, placing proprietary information and user data at serious risk.",High Risk
The recent software updates addressed some minor bugs but are not related to any security loopholes. Users can continue using the application without any security concerns.,No Risk
"The new version includes a couple of tweaks to improve overall speed and responsiveness. It's a small update intended for performance rather than security upgrades, so installation is safe for all users.",Low Risk
"Current updates emphasize usability rather than any adjustments regarding security protocols. It’s an enhancement release that's safe to implement without rush, as it doesn’t tackle serious vulnerabilities.",Low Risk
"In the latest release notes, it’s highlighted that all previous vulnerabilities have been resolved. However, the new features added pose no additional risk whatsoever to user data.",No Risk
The newly available update for the management tool focuses solely on enhancing user workflows and does not target any vulnerabilities or security concerns.,No Risk
"Recent patches have addressed various vulnerabilities in the system, but some users have reported that their configurations might expose them to certain risks. It's important to keep an eye on security advisories related to this update.",Medium Risk
An ongoing investigation revealed that older versions of the application are susceptible to a serious SQL injection attack. Immediate updates are necessary to protect against potential data breaches resulting from this vulnerability.,High Risk
"The latest antivirus definitions update includes several improvements to malware detection. The team recommends installing the update, but no new vulnerabilities have been identified, so existing systems remain secure.",Low Risk
"In an advisory for the web browser update, the vendors explained some tweaks for better stability and faster page loads without compromising any of the predefined security measures. Users can choose to upgrade when they feel it's right, as no risks are presented.",Low Risk
"The latest patch addresses some usability issues and improves application speed overall. According to the developer, it does not contain fixes for any known vulnerabilities, ensuring it's safe to apply.",Low Risk
"As per the advisory issued for QRS software, while the latest updates have remedied some security gaps, they may not completely eliminate the risks posed by older versions. Users are encouraged to maintain updated backups and remain alert for any unusual activity.",Medium Risk
"In a recent advisory, the cybersecurity team highlighted that the firmware update for the router fixes a few minor bugs but still leaves some outdated security protocols intact. Therefore, although the update improves security, it cannot be considered fully secure yet.",Medium Risk
"The update primarily contains feature improvements with no mention of critical vulnerabilities. It's a standard maintenance release, so users can proceed without worry.",Low Risk
Recent reports indicate that the application is prone to a serious security flaw that can be exploited by malicious actors. Users are urged to update their installations immediately to avert potential breaches.,High Risk
"An update released for the web browser enhances speed and fixes common bugs; while there are minor security adjustments, they do not indicate any immediate threats. Users are encouraged to install it for a better browsing experience.",Low Risk
Version 2.1.0 was rolled out today. This update mainly focuses on enhancing user experience and fixing non-security related issues. Users are advised to download it for better performance.,No Risk
"Recent findings show that the operating system contains a flaw that could enable privilege escalation. This issue poses a significant threat, as it can be exploited to gain unauthorized control. Users must act fast to implement the available patches and secure their devices.",High Risk
"We've found that the latest patch for our database management system is not only incomplete, but it also creates new vulnerabilities that could allow SQL injection attacks. A thorough review and a rollback might be necessary to ensure safety.",High Risk
"We've implemented a patch that addressed issues related to user interface bugs, and no immediate security threats were identified during the review. Users can expect a smoother experience with this upgrade, and the risk to data integrity remains very low.",Low Risk
The recent patch for our database management system did not close several known security holes. Failure to implement all suggested updates can lead to significant data leakage and unauthorized access to sensitive information. Immediate action is required.,High Risk
"In this month’s software update, we fixed a handful of low-impact bugs that were discovered during regular audits. These patches enhance user experience and don't pose any significant security concerns, but upgrading is advised if you want the smoothest functionality.",Low Risk
An advisory recommends users of the latest software version to manually check for a secondary patch that addresses newly discovered vulnerabilities that could expose sensitive data.,Medium Risk
"This software update is aimed at refining existing features rather than introducing new ones, such as the addition of new security measures. As a result, it poses no new threats to users' systems.",No Risk
Recent analysis has revealed that the outdated file-sharing tool is susceptible to a well-known exploit that can be easily executed by skilled hackers. Any delay in updating could result in data exfiltration and severe consequences for affected organizations.,High Risk
"The recently released version of the software fixes some cosmetic issues and optimizes loading speeds, while security-related changes are negligible. All users should update to maintain a smooth experience.",Low Risk
"The latest software update includes minor bug fixes and performance improvements, with no reported vulnerabilities. Users are encouraged to install the update as it enhances stability and user experience.",Low Risk
"An update has been deployed that corrects display errors and enhances speed, while security settings are untouched and remain robust.",No Risk
"In the latest release notes, it was mentioned that while some bugs were fixed, none of these issues were related to security flaws. Users can feel comfortable updating their software without fear of introducing new vulnerabilities.",Low Risk
"The application received an update that primarily focuses on user interface improvements and some added functionalities. No security advisories were issued with this release, suggesting safe implementation for all users.",No Risk
"A minor update was deployed last night, correcting some quirks in the user interface. While it’s recommended to always keep applications updated for the best experience, this particular patch does not address any security flaws currently affecting users.",Low Risk
"Recent changes to the JKL application included minor updates to enhance security features, but some users have reported unexpected failures. This unexpected behavior has raised some concerns regarding the effectiveness of the patch and whether it truly addresses all vulnerabilities.",Medium Risk
"Critical updates were rolled out this week to address multiple vulnerabilities, though it has come to light that one of the patches was ineffective, still leaving systems vulnerable to attacks.",High Risk
We've identified a zero-day exploit in our current software version. This means that an attacker can gain complete control of your system unless you implement the emergency fix released earlier this week.,High Risk
"A high-severity zero-day vulnerability has been reported in the popular framework we are using, allowing attackers to execute arbitrary code. Given the potential impact, it is vital to update the framework without delay.",High Risk
"Updates for software version 2.1 have addressed aesthetic changes mainly, with no critical security patches applied at this time. There are no concerns about security vulnerabilities in this update.",Low Risk
"Recent updates to the web application include fixes for SQL injection vulnerabilities, but they do not address Cross-Site Scripting (XSS) issues. Organizations should consider this when deciding the level of risk.",Medium Risk
We rolled out an aesthetic update to the software to enhance user experience. No security enhancements were necessary as previous audits confirmed no current threats.,No Risk
"The system has been optimized in this recent update, with no vulnerabilities mentioned in the advisory, so organizations can implement this version at their discretion.",No Risk
"The latest firmware update addresses multiple vulnerabilities. Although the primary issues are not severe, they can potentially be exploited if the software remains outdated. It's best practice to keep systems current, especially when there's mention of any vulnerabilities.",Medium Risk
Version 2.0 of the software includes enhancements to speed and stability with no changes made to its security protocols. Users have reported a smoother experience overall.,No Risk
"An update for the software introduced several new features, yet it also fixed a few low-impact issues. It's recommended to proceed with the installation since no known security threats were associated with this version.",Low Risk
"The update is mostly cosmetic, focusing on layout tweaks rather than security enhancements. Users are advised to continue using the previous version until further notice.",No Risk
This new software version includes minor improvements to functionality and speed. Users should feel secure in delaying this update as it does not include any major changes to security protocols.,Low Risk
"The recent hotfix primarily focused on database optimization without any amendments to security measures, ensuring that there is no new risk introduced.",No Risk
"Recent updates to the application fix a few minor glitches reported by users. Importantly, no new security vulnerabilities were introduced, making the update relatively safe.",Low Risk
"Our cybersecurity team has raised concerns about the recent software update, which includes unmitigated vulnerabilities that could allow for widespread network breaches. All users must prioritize this update to safeguard their data.",High Risk
"In the latest software update, developers have addressed usability issues reported by users, ensuring a smoother experience. While some tweaked settings were implemented, no new security concerns have been raised.",Low Risk
"We've rolled out a new version that fixes some user interface bugs, but all security measures remain intact without any new risks introduced.",No Risk
"Attention: The latest version of the security application includes important security fixes. While these fixes close several loopholes, they may not address all potential vulnerabilities, so users should remain vigilant even after updating to the new version.",Medium Risk
"Attention: The software update available now corrects a critical flaw that has already been used in active attacks. This vulnerability allows unauthorized file access, so it's imperative that all systems are upgraded to the latest version as soon as possible.",High Risk
Just a heads up! The latest release of the project management tool focuses on UI tweaks and improves load times. There are no pressing security issues to worry about in this update.,Low Risk
"In the latest patch notes for the security software, the developers highlighted several optimizations for speed and stability. Importantly, there are no new patches for critical vulnerabilities, ensuring that the system remains secure without immediate concerns from this update.",Low Risk
"An emergency patch has been issued due to a critical security hole found in the latest software release. Failure to update could result in ransomware attacks, as attackers can exploit this vulnerability without user intervention.",High Risk
"Updates rolled out this month include various performance tweaks and minor fixes, with no new vulnerabilities introduced or old ones patched, thus maintaining the status quo in security.",Low Risk
The maintenance update for the antivirus program addressed minor interface glitches and overall performance. Users should certainly adopt the update but there's no pressing security concern reported that affects current operations.,Low Risk
"While the software update includes significant improvements in security, certain concerns still exist around incomplete fixes for some vulnerabilities. It's recommended to use additional protective solutions to safeguard your systems effectively.",Medium Risk
We have identified a severe flaw in the authentication protocol of the web application. This defect can be exploited by attackers to gain administrative privileges. All users must install the emergency patch issued to mitigate this risk immediately.,High Risk
"The recent updates for SystemX address several known vulnerabilities that could potentially allow unauthorized access. While the patches are meant to enhance security, users are advised to apply them cautiously as some functionalities may be affected during the transition.",Medium Risk
"While the update did address critical bugs, it also introduced a couple of minor security flaws that could be exploited. Teams should evaluate their risk tolerance before proceeding with the upgrade.",Medium Risk
"The patch released yesterday includes some optimizations for resource management but does not address any major security vulnerabilities. Overall, it is a good practice update for performance enhancement.",Low Risk
"The email client received an update that enhances email sorting features and fixes some minor bugs, and no vulnerabilities were identified.",No Risk
"In the latest software update announcement, it was noted that while major vulnerabilities have been addressed, lingering issues could still be exploited by sophisticated attackers. Users should apply additional layers of security during this interim period.",Medium Risk
"The cloud storage provider announced an important update to fix a flaw that could allow data breaches. Users are encouraged to install it quickly, although early reports suggest potential data syncing issues afterward, which might expose unrevised data to unauthorized entities temporarily.",Medium Risk
"Recent assessments have shown that the unpatched flaws in the system can lead to significant data leaks, especially in networks that handle private customer information.",High Risk
"In light of the recent discoveries, the software update focuses on known vulnerabilities, providing patches that reduce potential risks. Users should, however, stay vigilant about any abnormal system behavior following implementation.",Medium Risk
"The recent patch from a known software provider addresses several medium severity vulnerabilities, but it has been noted that applying the patch might inadvertently disable some firewall features. This could leave parts of the system exposed until manual adjustments are made post-installation.",Medium Risk
"Security researchers have flagged a new update for the application, which focuses on fixing critical bugs. However, the fact that previous vulnerabilities linger suggests users exercise caution and perhaps delay their full deployment of this update until more testing is completed.",Medium Risk
"An advisory was issued regarding the recent update. It contains less severe vulnerabilities that could be taken advantage of if left unattended, but overall, users are not in immediate danger. Staying updated is advised.",Medium Risk
"The recent firmware update for the router mainly provides performance tweaks and resolves some connectivity issues. There were no significant security advisories tied to this release, making it a low-stakes update for users.",Low Risk
"A recent update for the software has been released, addressing several vulnerabilities that could potentially allow attackers to gain unauthorized access. While these issues are not currently being exploited in the wild, the presence of these vulnerabilities means users should prioritize this update.",Medium Risk
"An update to the software includes enhancements in security measures, but there are lingering questions regarding its impact on older systems. It's recommended to assess the implications before applying the changes.",Medium Risk
The application was found to have a severe security hole that could enable attackers to disrupt services and inject malware. Users need to act quickly and apply the provided patch to avoid risking their systems and compromising their data.,High Risk
Our security team has discovered a vulnerability in the cloud storage service that could allow unauthorized data manipulation. Users are strongly advised to update their applications to ensure data integrity and protection from potential breaches.,High Risk
"We have released a new version of our application that corrects a few user interface issues. Importantly, security measures remain intact and no new vulnerabilities have been introduced.",No Risk
"A recent update fixed several vulnerabilities, but failure to install it could allow an attacker to execute malicious scripts remotely. This is a serious threat that requires immediate attention from all users.",High Risk
The recent update for the cloud storage application brought about some interface redesigns and minor adjustments that enhance user experience but do not alter its security posture. Users are advised to update when convenient.,Low Risk
"The DEF platform's latest security advisory indicates that while updates were issued to correct several flaws, there are known workarounds that attackers could exploit. Users are urged to maintain vigilance until further notifications are made regarding comprehensive fixes.",Medium Risk
"The new version emphasizes stability improvements and a smoother user experience. The advisory notes that this update is safe, with no changes to the security aspect of the software in question.",No Risk
"An update was released that mainly targets cosmetic issues in the user interface. As it doesn't alter any of the security features, the likelihood of exploitation remains low.",Low Risk
"The recent cyber security audit revealed that outdated software is still being used across various systems, creating multiple entry points for attackers. It’s crucial that these systems are updated without delay to mitigate the high likelihood of an external breach.",High Risk
"In the latest release of our software, we've added some new templates for reports and fixed a few minor bugs, but there are no security patches included since no vulnerabilities were found.",No Risk
"The security advisory released today pertains to an update focused on general maintenance rather than critical vulnerabilities. Users are encouraged to install the patch for improved performance, but there are no alarming threats tied to the current version of the software you are using.",Low Risk
This software version comes with enhancements in user interface design and minor bug resolutions. The team has confirmed that the update poses no security threats to existing users.,Low Risk
"A recent software update for the company’s firewall has been released. While it addresses several critical vulnerabilities, some users reported issues that could lead to temporary access problems. It's important to monitor overall system performance to ensure security is maintained during this transition.",Medium Risk
"Users should note that the update primarily targets performance enhancements. All critical security measures in place were maintained, ensuring a stable experience without introducing vulnerabilities.",No Risk
Today’s patch release includes enhancements that don’t affect security protocols. The updates aim to streamline user experience rather than address any major issues reported.,No Risk
"The latest update for the software improves performance and adds new features, but it does not address any critical security flaws or vulnerabilities. In fact, it has passed all security compliance checks with flying colors.",No Risk
"We've rolled out a minor update aimed at resolving user accessibility issues. It does not contain any security enhancements nor does it fix any vulnerabilities, hence no immediate security risks are present.",No Risk
"The latest minor release focuses on stability fixes after user feedback. While it incorporates several tweaks, no security threats were mentioned by the development team.",Low Risk
"The change log indicates that this update only fixes a few usability issues. As there have not been any newly identified vulnerabilities, users are advised to proceed with the installation without caution.",No Risk
"Version 2.3.5 was released today, fixing several outdated features. No critical security issues were reported during testing.",Low Risk
"The recent software patch for the application addressed several minor bugs, but no major vulnerabilities were disclosed, which means that users can safely update without significant concerns about security risks.",Low Risk
"This week’s firmware update primarily focuses on enhancing compatibility with new devices. The changelog indicates that while some issues were fixed, none pertain to security flaws. Therefore, the update should not pose any risk to users' data integrity.",Low Risk
"After applying the latest software update, it has been reported that although key vulnerabilities were patched, some users still experience security warnings. Monitoring is suggested during this transition period.",Medium Risk
"Following the discovery of a serious vulnerability in the authentication module, all users are urged to update immediately. Failure to do so puts accounts at risk of being hijacked by malicious actors.",High Risk
"The recent update to the software has fixed a critical vulnerability, but users are advised to apply the patch soon as it still leaves some older versions exposed to potential attacks. Users should prioritize updating to minimize risks.",Medium Risk
"An update has been released that addresses minor bugs in the logging feature. Security experts advise that while updates are good practice, this particular one does not mitigate or introduce security vulnerabilities.",Low Risk
"New patches were rolled out this week addressing known issues with the app's interface and stability. There are no alarming vulnerabilities present, and the update merely optimizes the existing features, making it a good time to apply the changes without worry.",Low Risk
We rolled out a new version with improved layout and some bug fixes today. All previous security checks are still valid and no new issues have been reported.,No Risk
"Just launched a fresh update to our mobile app! It primarily addresses user feedback and enhances speed. There's no impact on security protocols, and everything appears secure as usual.",No Risk
"Version 5.2 of the productivity app was rolled out, and it addresses user feedback primarily around usability. Security protocols remain intact without any new risks introduced.",No Risk
"While the new version of the antivirus includes vital security updates, it's important to note that some users might experience performance issues as a result. Therefore, balancing security with system functionality should be a priority, even as the update rolls out.",Medium Risk
This month's software maintenance involved routine updates that focus on enhancing existing features and resolving issues reported by users. No new security risks have been identified.,No Risk
"While the update to the web browser fixes bugs and enhances performance, it still does not address previous vulnerabilities in the plugin ecosystem which may leave users at risk. Regular checks for further updates are recommended.",Medium Risk
"Following the last software patch, certain users reported that their systems are still at risk due to an overlooked vulnerability. Failure to address these patches can lead to catastrophic results for the organization.",High Risk
"Reports indicate that the updated version of the application comes with a security lapse that allows privilege escalation, meaning an attacker could gain higher access levels than intended, which poses a serious threat.",High Risk
"According to reports, a critical update has been pushed out to fix several bugs in the application. Although these fixes are necessary, the presence of known vulnerabilities in earlier versions means users should monitor their systems closely until the next scheduled patch is issued.",Medium Risk
"After installing the update, reports indicate that while some vulnerabilities were fixed, new potential weaknesses could arise from the changes made. Organizations should perform thorough testing before deployment to mitigate risks.",Medium Risk
"A newly released update claims to mitigate risks from several known vulnerabilities; however, some users reported their data might still be at risk due to incomplete fixes from previous versions.",Medium Risk
"The newly released patch for the productivity tool contains adjustments to improve compatibility with recent operating system versions. The developers have reassured users that existing security protocols are adequate, and the update is voluntary, not mandatory.",Low Risk
"Users have been alerted about significant security flaws in the application, which are being exploited by cybercriminals. Until the upcoming critical update is made available, systems remain at risk of compromise.",High Risk
"Although the software update includes important patches, it has not addressed some legacy vulnerabilities that could still be leveraged by attackers. It’s crucial for users to stay vigilant with their security practices following this installation.",Medium Risk
"Version 2.3.1 of the application has been rolled out. This update centers on fixing minor bugs and improving the speed of data processing, with no critical vulnerabilities noted.",No Risk
"The firewall software has been updated to improve speed and reduce false positives. There are no known security flaws or risks associated with this minor release, allowing users to upgrade without concern.",No Risk
Critical updates have been rolled out for the e-commerce platform due to a discovered SQL injection vulnerability that could lead to data leaks. It’s essential for all operators to apply these updates without delay to protect customer information.,High Risk
The patch released for the application addresses non-critical functionality and minor visual glitches. The development team assures that no major security flaws were identified in this version.,Low Risk
The recent security analysis has shown that failing to update a known vulnerability in our network firewalls could expose us to potential intrusions. The nature of this vulnerability makes it imperative to act quickly to protect our assets.,High Risk
"Our penetration testing showed that the issues fixed in the recent update were minimal and managed internally. Users are encouraged to update their systems, but there's no immediate threat affecting them.",Low Risk
"The latest firmware update for a network device addresses several known issues but leaves some configurations vulnerable to potential intrusions. It’s important for users to not only apply the update but also reinforce their overall security measures, as some risks remain post-installation, suggesting a medium level of risk.",Medium Risk
"Patch 2.4 addressed a few cosmetic interface updates, with one minor fix for a rarely-used feature that had a negligible impact on security.",Low Risk
The security advisory for app X indicates that the new patch primarily enhances user interface features. Users should have no concerns related to security after this update.,Low Risk
"The latest version includes crucial security enhancements but has a minor issue with the authentication module. While it doesn't pose immediate danger, timely installation is still recommended.",Medium Risk
An urgent alert has been issued concerning a significant vulnerability in the network security settings of the application. Failure to implement the latest patch may result in the compromise of internal systems and the leakage of proprietary information.,High Risk
"An update was released this week that primarily improves compatibility with third-party applications. The security measures in place have not been affected, and users can install it without worries.",No Risk
"Recent patches were released for the app with several new functionalities aimed at enhancing user experience. Importantly, previous vulnerabilities reported have been fixed in earlier updates, ensuring a secure environment for users.",No Risk
"Engineers have rolled out a patch that fixes several important issues in ToolA, but there are still concerns regarding compatibility with third-party applications. This could lead to potential security lapses if not carefully managed during the update process.",Medium Risk
"The software provides an incremental update that tweaks some features in the backend, ensuring it maintains compatibility with existing security protocols without introducing new risks to the system.",Low Risk
The latest version of the app has been released with minor bug fixes and performance improvements. No security vulnerabilities were found during testing.,No Risk
"Routine updates have been applied to the software, ensuring optimal functionality. Users can continue operating without any concerns, as no potential risks were identified.",No Risk
"The latest version of the antivirus software contains fixes for significant flaws that could let malware bypass detection. Users are being urged to upgrade immediately, as failure to do so could result in serious compromises to their systems and personal information.",High Risk
"The recent update for the operating system includes several bug fixes, but it has been noted that some users experienced system crashes post-installation. It's recommended to back up data before applying this update as a precaution.",Medium Risk
"Security researchers have warned about a new zero-day vulnerability affecting popular messaging applications, which can lead to the leakage of user data. Quick action is required to apply the provided updates and secure communications.",High Risk
"Recently discovered vulnerabilities in the web application framework allow for SQL injection attacks, potentially exposing critical backend databases. Immediate update installation is the only way to protect against such threats.",High Risk
"While the application has a new version available, most improvements are focused on user experience. Security protocols remain intact, meaning no additional risks are introduced.",Low Risk
"This month's update has brought some vital security enhancements, yet certain components remain vulnerable. Users are reminded to review their security settings and possibly employ further defense mechanisms to safeguard sensitive data.",Medium Risk
"We've released a minor update that fixes bugs reported by users. Importantly, security protocols remain intact and no new security vulnerabilities have been introduced.",No Risk
"Attention: A security advisory has been released concerning Software D, which is subject to an unpatched vulnerability that could allow exploitations. Users must update to the latest version to safeguard against potential attacks that threaten data integrity.",High Risk
"Version 4.1 of the tool has been rolled out, focusing on user interface enhancements and speed optimizations. No new security risks have been identified, making this a routine upgrade for existing users.",No Risk
"This release version corrects some usability glitches in the application. There are no pertinent security advisories or updates concerning vulnerabilities, so it’s safe to install at your convenience.",No Risk
"Version 1.2 of our application has been released, which includes minor bug fixes and a more intuitive interface, but it poses no security threats to users.",No Risk
"Recently, a security advisory notified users of a critical bug in the current software version. The patch aims to fix this but may not cover all scenarios, so further evaluation is needed before widespread adoption.",Medium Risk
The recent update for the text editor includes several new features designed for productivity improvements and does not address any security vulnerabilities at this time.,No Risk
"There's a software update that addresses several vulnerabilities, but it's wise to proceed with care. Implementation should be tested in a controlled environment first, as users have reported some incompatibilities before.",Medium Risk
Recent analysis indicates that the software version currently deployed contains an unaddressed vulnerability that could allow for privilege escalation. Users should prioritize this update to mitigate potential risks.,High Risk
"After evaluating the recent patch, it seems that the adjustments made were purely for performance optimizations, with no impact on system security or integrity.",No Risk
The latest maintenance release aimed at clearing up minor bugs and has no impact on the software's security integrity. It's essentially a routine enhancement that does not warrant immediate attention or concern from a security standpoint.,Low Risk
"Critical security flaws have been addressed in the latest software patch, but the update does not eliminate all vulnerabilities. Users should stay alert for any unusual activity while they implement the fixes recommended by the security team.",Medium Risk
"Due to a newly identified vulnerability in third-party components, immediate action is required as attackers can gain access to sensitive backend systems. This situation demands urgent attention to secure the integrity of our infrastructure.",High Risk
"Recent reports indicate that the third-party library used in the software has been patched; however, some security experts warn that potential backdoors could still exist, putting organizations at a moderate risk until further audits are conducted.",Medium Risk
"The recent software update for the networking tool contains a patch for a known vulnerability that could allow unauthorized access, although it hasn't been actively exploited yet. Users are advised to apply the update promptly despite the absence of any ongoing threats related to the issue.",Medium Risk
"In our routine check, we found that the v1.2.3 update for the software addressed some performance issues, and while it includes a few optional patches, there are no critical vulnerabilities reported.",Low Risk
"Recent changes in the platform focused on improving the user experience and included some backend optimizations, leaving the security measures intact and unchanged.",No Risk
"A newly discovered vulnerability in the widely-used content management system could allow for cross-site scripting attacks, making it imperative for users to update to the latest version immediately. Failure to do so exposes the system to exploitation, endangering user data.",High Risk
"We've noted that while the recent update has resolved several issues, there are still some lingering vulnerabilities that won't be patched until the next release. Users are urged to remain vigilant, especially in environments where sensitive data is processed.",Medium Risk
"Users should note that while the system updated to version 2.1 successfully, it has been reported that it does not address all the previous security loopholes found in version 2.0.",Medium Risk
"Although the recent update added some new functionalities, it did not address any vulnerabilities. Feedback from the community indicates satisfaction with the changes, highlighting a focus on optimization over security-critical updates.",Low Risk
"The new version of the software introduces several optimizations, while previous security audits indicate that the application remains robust against attacks. Users are recommended to update their systems for improved functionality without concerns over significant security gaps.",Low Risk
"The software update released today contains fixes for vulnerabilities that, if left unaddressed, could lead to drastic security breaches. Protect your assets by updating as soon as possible.",High Risk
"New updates released for the software suite include several enhancements intended to bolster security. Nonetheless, it is crucial to note that the previous vulnerability details still linger, urging caution among users who haven’t fully transitioned to the latest version yet.",Medium Risk
"The latest version of the antivirus program includes fixes for a number of known exploits. However, it’s crucial to note that while the update improves security, certain features remain vulnerable until further notice.",Medium Risk
"Following the latest software update, the application has improved its defenses but has left some vulnerabilities partially addressed. While the immediate risk is reduced, users should be aware that certain attack vectors remain available to cybercriminals until further updates are implemented.",Medium Risk
Recent findings from the cybersecurity team revealed that the current software version exposes users to significant risk due to its outdated encryption methods. Attackers could easily intercept and decrypt sensitive communications. Urgent updates are necessary to maintain data integrity.,High Risk
"Reports came in regarding an outdated version of the software that has been targeted in multiple cyber attacks. These attacks leverage unpatched vulnerabilities, posing severe risks to any systems still running this version. It's crucial to update to the latest release to prevent possible intrusions.",High Risk
A minor update was rolled out that resolves some usability issues. The vendor has confirmed that there are no significant security implications involved with this release.,Low Risk
It's been reported that the existing version of our software has a significant security weakness which could be exploited remotely. We recommend that all users upgrade to the latest version immediately.,High Risk
"This update mainly improves the speed of data retrieval and resolves some user feedback about functionality issues. As no critical vulnerabilities were reported, the urgency for this update is minimal, but it’s still advisable to keep software current.",Low Risk
"The encryption protocol in the messaging app has been found to be flawed, making user communications vulnerable to interception. Developers are urged to release an update promptly to secure user conversations and protect against potential eavesdropping attacks.",High Risk
A routine update was released addressing some usability issues without affecting system security protocols or configurations.,No Risk
The library used to handle encryption in several applications has been found to contain a serious vulnerability that could enable attackers to decrypt sensitive information. Immediate updates are critical to safeguard against potential attacks.,High Risk
"An update was released that addresses multiple vulnerabilities, along with a warning about their potential exploitability. While no immediate threats have been reported, the lack of thorough vetting means users might face medium-risk scenarios if they do not apply the patch.",Medium Risk
"Cybersecurity experts are warning about an unpatched exploit that is currently being widely exploited in the wild. This flaw allows attackers to infiltrate networks undetected, potentially leading to severe ramifications for organizations that delay update implementations.",High Risk
"With the release of the latest version, users can expect an improved performance but rest assured there are no major security issues that need immediate attention.",No Risk
"Recent changes have been made to enhance the software's usability. No vulnerabilities were revealed in the review, so users can continue to operate normally without any issues.",No Risk
"An update to the application was rolled out fixing a few interface glitches but has no impact on any security protocols, keeping everything safe.",No Risk
"A recent software update for the application introduced patches for several known vulnerabilities, but users are advised to wait for further testing as some features have been reported unstable after implementation.",Medium Risk
"The software update for the HR management system was solely to improve reporting features and user guidance, with no implications for security vulnerabilities identified.",No Risk
"The recent update addresses a severe flaw that could allow attackers to gain elevated privileges, infringing on critical data integrity. Users must act now to secure their systems against possible exploitation by malicious actors.",High Risk
"The recent release notes indicate that this update is primarily focused on fixing aesthetic bugs rather than any security issues. There’s no urgency for users to upgrade immediately, as everything is functioning as intended.",Low Risk
"The latest patch did not adequately address known vulnerabilities, and as a result, the software remains susceptible to SQL injection attacks, putting all associated databases at risk.",High Risk
"After assessing the recent update for the MNO system, IT noticed that while critical vulnerabilities were addressed, the patch may not be sufficient for all deployment environments. This inconsistency suggests that organizations should monitor their systems closely following the update.",Medium Risk
"An update to the platform has been rolled out, fixing issues that have been flagged in previous security audits. While these fixes reduce risk, there's still the possibility of residual vulnerabilities remaining.",Medium Risk
"With the new SecurityUpdateF just released, users are reminded that while it fixes critical vulnerabilities, some non-essential features could be affected. It's advisable to test these updates in a controlled environment before full deployment to ensure no additional risks arise.",Medium Risk
"The ongoing security threats from outdated systems have been made worse by the latest vulnerabilities discovered in the software, especially in its authentication processes. These issues can severely jeopardize our infrastructure if we don't act fast and implement the updates.",High Risk
"The recent software patch released for Application Y addresses several high-severity vulnerabilities that could expose system defenses. Without applying this update, platforms running outdated versions may face severe exploitation, putting user credentials at risk.",High Risk
"Security researchers noted that while the latest software patch fixes several known issues, two other vulnerabilities remain unaddressed. Users should consider alternative measures until those threats are mitigated.",Medium Risk
"Recent updates for the web browser primarily enhance loading times and user privacy settings, without addressing any major security flaws. It's a good idea to stay updated for the best experience.",Low Risk
"A small update has been released to address a spelling error in the settings menu. No new security issues were identified, and the application continues to function as expected.",Low Risk
The software upgrade released today brings new features and optimizations; users do not need to prioritize this update for security reasons as it poses no threats to the system.,No Risk
"Following the latest update, there are reports of unauthorized access attempts on affected systems. While the patch addressed certain issues, be vigilant and consider implementing additional monitoring measures.",Medium Risk
"The latest operating system patch focuses on improving compatibility with third-party applications. No security risks were flagged during testing, allowing users to upgrade confidently.",No Risk
"The software's patch notes indicate critical fixes, but there are also warnings about potential conflicts with other installed security tools. Users are generally recommended to assess their system's configuration before updates, as conflicts could create temporary vulnerabilities during the transition period.",Medium Risk
"Warning: The new software update contains several security advisories that have yet to be addressed. If these vulnerabilities remain unfixed, they may serve as an easy entry point for cyber threats, leading to potential data loss.",High Risk
"This week, we rolled out a new version of our web application framework that includes support for newer libraries. While these changes are beneficial for development, they do not introduce new security risks.",Low Risk
"This update primarily features new features that enhance user productivity. Previous security vulnerabilities have been resolved in past versions, confirming a secure update with no additional concerns at this time.",No Risk
"Overall, the newest software patch enhances usability and offers some minor fixes, but security analysts confirm there are no alarming issues to report that could affect users' data.",Low Risk
"A new update for the backup tool has been deployed that optimizes storage methods, with no security alerts requiring attention.",No Risk
"During routine software updates, a company discovered that certain configurations could be exploited due to unpatched vulnerabilities in their network monitoring tools. While the updates provide some security enhancements, administrators must address these lingering issues to fully safeguard their environment, marking it a moderate risk situation.",Medium Risk
"Application performance has been boosted slightly in the latest version, although it doesn't address any security flaws. Users can update at their leisure without concern for major security risks.",Low Risk
"After extensive analysis, it has been determined that Application C contains multiple security vulnerabilities that can be exploited by malicious actors. The development team recommends an urgent update as the current system is at risk of data breaches.",High Risk
"The recent patch cycle revealed a flaw that, if exploited, could allow attackers to intercept sensitive user credentials. Strongly recommended to apply the patch as soon as possible to mitigate this threat.",High Risk
"The latest version of our application includes several improvements, yet it also introduces a new bug that may expose user data if not addressed quickly. Users should proceed with the update, but remain vigilant and report any anomalies experienced after installation.",Medium Risk
"In the recent security bulletin, a major software vendor has flagged certain flaws in their application that could allow unauthorized access if not updated. While the patch has been released, its implementation may disrupt normal operations temporarily, increasing the risk during that window.",Medium Risk
"Due to recent vulnerabilities discovered in the last version of the software, the developers have released a series of updates. While they claim these patches mitigate most immediate threats, there may still be several other issues that are yet to be addressed, leading to potential security concerns.",Medium Risk
"The recent update to software version 2.3.1 includes several minor bug fixes and performance improvements. No critical vulnerabilities were reported, making it a stable choice for users.",Low Risk
"While the latest update addresses some minor bugs, it has no implications for user security. Typical security features remain unchanged, so users can feel safe applying it.",Low Risk
Recent updates introduced feature enhancements but have no known security implications. Users are encouraged to install the latest version for optimal performance.,No Risk
"Warning: A flaw in the recently released update could lead to system crashes and expose user data. The development team is scrambling to address the issue, and users must refrain from using the software until a fix is implemented.",High Risk
"The developers have rolled out a new version which addresses some recent vulnerabilities. There's no immediate threat known, but the presence of these issues does raise concerns that shouldn't be ignored.",Medium Risk
"Attention is needed as a significant risk has been identified in the plugin that manages user authentication. Attackers could leverage this vulnerability to bypass security measures, thus gaining unauthorized access to sensitive areas of the system.",High Risk
"Just a regular software update today, aimed at fixing minor bugs and enhancing usability. There are no new vulnerabilities disclosed, so feel free to update whenever you like!",No Risk
"The recent version of the app introduces new cosmetic changes, namely in the layout and color scheme. Existing security features remain intact, with no additional risks detected after the update.",No Risk
"The latest update to our application focused on performance enhancements rather than security fixes, as the previous version was already quite secure. Regular users can proceed with the installation without worrying about vulnerabilities being introduced.",Low Risk
Recent reports indicate that a major software update contains a flaw that could lead to unauthorized access to sensitive data. Users are advised to avoid any operations until the patch is released to address this issue.,High Risk
"The security firm advised mainly on the latest software updates which are crucial to safeguarding against identified vulnerabilities. However, it's noted that some components remain vulnerable due to their design, thus posing a risk until addressed with future updates.",Medium Risk
"The new release of the mobile app focuses primarily on enhancing user interface and experience. Security measures from previous versions remain intact, and no critical vulnerabilities have been identified during testing.",Low Risk
"The patch released yesterday for the popular software suite includes important security enhancements but falls short of addressing all known vulnerabilities. Users should apply the update but remain alert for any signs of unusual activity, as some risks persist.",Medium Risk
"A routine software maintenance update has been rolled out, which includes optimizations to loading times and general fixes. Since it does not address security features, there’s no need for users to worry about potential risks.",No Risk
"A previously undisclosed vulnerability was found in the third-party library used by our application which could compromise user credentials. We're issuing an urgent patch to address this, and all users must update immediately.",High Risk
"Software version 2.1 has been made available. While it focuses on enhancing user experience, there are no critical security vulnerabilities being addressed, making this update relatively non-urgent.",Low Risk
A serious vulnerability was recently found in our application that could allow for the injection of malicious scripts. Promptly updating the software is necessary to mitigate these risks.,High Risk
The latest version of the client software adds a few new charts for data visualization and resolves interface glitches. It is confirmed that no security updates were required during this release.,No Risk
A patch was released for our database management system. It primarily focuses on optimizing query performance and includes a few improvements in the user interface. No significant security threats have been reported.,Low Risk
"An update for the application was mainly to improve performance and fix minor bugs. Since it doesn't address any significant vulnerabilities, users can feel free to install it without concerns.",No Risk
"After conducting a thorough security audit, researchers identified that the current version of the database management system contains critical vulnerabilities that could lead to data leaks. An update has been issued to remediate these issues but should be applied without delay.",High Risk
An alarming advisory was issued about the outdated application that continues to be used by many organizations. The absence of critical updates means that systems remain vulnerable to high-level cyber threats.,High Risk
The firmware of a widely used router has a flaw that can be exploited by attackers on the same network. Users are urged to update to the newest firmware to close this dangerous loophole before it's too late.,High Risk
"Critical vulnerabilities have been reported in our application's APIs, which can be exploited to bypass authentication mechanisms. Immediate patching is essential to prevent unauthorized data access and maintain user security.",High Risk
"After the release of the latest mobile app version, users found that while many bugs were resolved, a small flaw remains that could lead to unauthorized data access. Users should be aware of their sharing settings until a complete fix is provided.",Medium Risk
"This week's software update primarily introduces aesthetic changes and boosts load times. We've thoroughly tested it, and there are no security risks associated with this release.",No Risk
"The software vendor has issued a security advisory regarding its latest update. While it fixes critical flaws, some users might still face risks if they don't update their systems proactively. It is crucial to monitor for any unusual activities to take precautionary measures.",Medium Risk
Recent reports highlight a critical flaw in the database management system that could lead to SQL injection attacks. Companies are advised to prioritize the implementation of the latest patch to protect against data breaches.,High Risk
"The new version rolls out performance improvements for faster response times in the application. No announcements about serious vulnerabilities were made, indicating a stable release.",Low Risk
"A new version of the content management system has been released, touting several security enhancements. However, it carries some unresolved security issues which could be problematic for users managing critical data. Keeping an eye on upcoming releases is advisable.",Medium Risk
"This patch involved changes in the user interface and did not involve any back-end vulnerabilities, so installations are completely safe for all users.",No Risk
"Our system has received a minor update to enhance performance, but it does not address any urgent vulnerabilities. Users can update their software at their convenience without worrying about major risks.",No Risk
The newest version of the software adds some tweaks for better navigation and fixes a few minor bugs. The developer has clarified that this does not affect any security settings or expose the system to threats.,Low Risk
"A security advisory has been issued regarding an update that corrects important flaws in the system, but it's worth noting that the patch does not fully eliminate risks related to unpatched legacy components that may still be in use.",Medium Risk
"The application has been updated to include minor bug fixes and performance optimizations. There are no indicators of vulnerabilities, and user feedback has been positive regarding stability.",No Risk
The new software version released includes a few enhancements for better efficiency and minor tweaks that have no implications for system security. Users will find that these changes improve overall usability without introducing new risks.,Low Risk
The update performed on the database management system was routine maintenance to improve efficiency. Security audits indicated everything remains securely intact post-update.,No Risk
This routine maintenance update was released to enhance overall performance and included no changes that would impact security measures.,Low Risk
"A software update was released to mitigate some vulnerabilities; however, weaknesses remain in the codebase that could be exploited. This requires users to apply additional security protocols alongside the patch.",Medium Risk
Cybersecurity experts have issued warnings regarding a serious vulnerability found in multiple software iterations that can result in severe data leaks. Failure to update may lead businesses to face severe legal and financial repercussions should a breach occur. It's imperative that updates are implemented to secure data integrity and privacy.,High Risk
"After applying the latest update, some users reported that their systems are still vulnerable to recent attacks due to incomplete security fixes. It's important to remain cautious and keep security measures updated.",Medium Risk
"Good news! The recent update only modifies the aesthetic aspects of the app without introducing new features or addressing security flaws, ensuring your data remains secure as is.",No Risk
The update includes various optimizations that enhance system response times. Users can feel secure knowing that no additional risks have been introduced in this maintenance release.,Low Risk
"Just a heads up, the recent update is more about cleaning up some code and polishing features, no security implications noted in the release notes.",No Risk
"Attention users: An advisory has been issued regarding a recent vulnerability affecting this software. While no active exploits have been reported, the nature of the flaw means there is a potential risk of data exposure, so users should implement the updates as soon as possible.",Medium Risk
"In a recent security advisory, cybersecurity experts warned that the recent vulnerabilities in the operating system allow for privilege escalation, enabling unauthorized users to elevate their access rights. The flaw must be patched within the next 48 hours to mitigate the threat effectively.",High Risk
Our latest web browser update primarily focuses on UI changes and performance enhancements. We are happy to report there are no security vulnerabilities.,No Risk
"New updates to a popular cloud service aim to enhance user privacy features while also patching certain vulnerabilities. Although some security measures are improved, the update leaves other known exploits unresolved, indicating that users should still take care when using the service until more comprehensive updates are deployed.",Medium Risk
The update released last week patches a major flaw that could let hackers execute arbitrary code remotely. This represents a significant risk to any systems that have not yet been updated.,High Risk
"Users are encouraged to install the latest software version; however, it has come to light that some users have encountered issues where certain security settings revert after the update. This could weaken the intended security posture for those systems.",Medium Risk
"Researchers discovered vulnerabilities in the widely used application that allows for SQL injection attacks. This could mean grave consequences for any organization still running outdated versions, as data leaks could occur easily if not patched.",High Risk
Critical update released for the widely-used application that addresses a remote code execution vulnerability affecting millions of devices. Users are urged to install the patch immediately to avoid potential exploitation by attackers.,High Risk
"No critical vulnerabilities were reported in the last assessment, and the recent software upgrade solely addresses compatibility issues with newer hardware.",No Risk
"A serious flaw was discovered in the authentication process of the application, which could be exploited by attackers to gain unauthorized access to sensitive data. Failure to apply the urgent patch could expose user information to significant risks.",High Risk
"Our team has implemented the latest software update which addressed some non-security related features effectively, keeping the system stable and secure as per standard practices.",No Risk
"The latest maintenance release for our software addresses minor bugs and performance hiccups. Security audits conducted during this period show no new threats detected, allowing users to upgrade without worry.",No Risk
"After reviewing the update notes, it appears that the changes are mostly cosmetic. There are no new security advisories listed, so the need for immediate action is minimal.",Low Risk
"After discovering a flaw in the encryption algorithm of the client software, developers have pushed an update. The flaw is not critical, but ignoring the patch could result in sensitive information being exposed under certain conditions. Users should prioritize installation of the latest version.",Medium Risk
Users who have not yet updated their software might be vulnerable to a severe exploit that has been publicly disclosed. This issue leaves systems open to attacks that could compromise data integrity and confidentiality.,High Risk
"After implementing the latest updates, users are encouraged to review their settings as the changes largely enhance user experience with minimal implications for overall security.",Low Risk
"After reviewing the latest software version, it is confirmed that there are no security threats associated with the changes. Users can safely update without concerns of compromising their systems.",No Risk
"A new version of the application has been released, fixing some non-security related issues. Users can expect slight performance improvements without any urgent security patches needed.",Low Risk
"We have rolled out a new version of our software that focuses on optimizing speed and efficiency. Users can expect a smoother operation, with no changes made to the security protocols.",No Risk
"Recently, a zero-day vulnerability was found in the widely used web server software. Until patched, this flaw could leave hundreds of thousands of websites open to direct attacks, resulting in significant risk for online transactions and personal data privacy.",High Risk
"In light of a recent security advisory, the update for the email system has been flagged for containing serious flaws that can expose user credentials. Immediate preventive measures should be taken to mitigate this risk.",High Risk
"An update was issued that fixes minor bugs related to graphics rendering, and it contains no security patches or issues that would require immediate attention.",No Risk
"The recent patch notes mention several resolved issues, but a few critical vulnerabilities still require attention from the user base. It's recommended that all users update to the latest version to mitigate any possible exposure to attacks.",Medium Risk
"A new exploit has been discovered in the default settings of the popular database application. This flaw could let attackers gain full control if the latest security patches are not implemented, leading to potential data breaches if left unaddressed.",High Risk
"Though the update fixed a known software bug, it did not resolve a significant vulnerability affecting system integrity, leaving room for potential exploitations by threat actors.",Medium Risk
"The latest update for the mobile app fixes some user reported glitches. While it includes a few security enhancements, they're not deemed critical. Users can proceed to install the update without worrying about immediate threats.",Low Risk
"The recent update for the accounting software introduced minor bug fixes and performance improvements. There are no known vulnerabilities associated with this version, and users can operate without concerns regarding security.",Low Risk
"A new version of the software has been released that includes enhancements for user interface and speed, but security measures remain unchanged and no significant vulnerabilities have been reported.",Low Risk
"The recent update for the application includes several performance enhancements, with no reported vulnerabilities affecting user data. The patch notes indicate improvements in loading speeds and minor bug fixes, which should enhance user experience without introducing any new risks.",Low Risk
"Patch 1.2.3 has been applied, which corrects several minor vulnerabilities but poses no substantial risk to user data or application integrity.",Low Risk
"While a new update has been rolled out, it primarily targets user experience improvements and does not patch any known security flaws. This version is safe to apply at the user's discretion, as no immediate threats are present.",Low Risk
"The latest patch released for the ABC application contains fixes for known vulnerabilities, but it has been reported that some users are experiencing issues during installation. While the update improves overall security, the incomplete rollout may pose a temporary risk to users.",Medium Risk
"The system patch for our database management tool includes several enhancements to improve processing speed. There are no critical exploits mentioned in the advisory, and updating can be done at a user’s convenience without immediate concern.",Low Risk
"An outdated plugin in your content management system has been found to have a severe security loophole, which hackers are actively exploiting. You must update or remove the plugin immediately to safeguard your site against potential attacks.",High Risk
"The latest update for the application contains a critical vulnerability that allows remote code execution, which could potentially be exploited by attackers, putting sensitive user data at severe risk.",High Risk
"The software update includes fixes for multiple vulnerabilities, some rated critical. If not applied, these flaws leave systems exposed, making it essential for users to act quickly to secure their data.",High Risk
"The recent patch addresses a severe security hole that affects millions of devices. Without immediate action, your system could be compromised by malicious actors exploiting this vulnerability.",High Risk
"Recently released patches include tweaks to performance and privacy settings without any critical vulnerabilities disclosed. Users are generally advised to always keep their software current, given the lack of security risks.",Low Risk
"While the update introduces several enhancements to user experience, it does not contain any critical patches for known vulnerabilities, suggesting a stable condition for existing users.",Low Risk
"There's a new update available that improves the performance of the software but only partially resolves identified security issues. Users may still be susceptible to attacks that exploit these remaining vulnerabilities, highlighting a need for additional protective measures in the short term.",Medium Risk
"This minor update improves loading times and resolves a few cosmetic issues, leaving the security architecture unmodified and safe from new threats.",No Risk
A flaw in the authentication module of the latest application version has been reported. This vulnerability could permit unauthorized access to user accounts if not patched promptly. Please prioritize this update in your deployment schedule.,High Risk
"In a recent advisory, it was mentioned that the software update focuses on compatibility with newer devices and does not impact the security posture. Therefore, users should feel safe applying it without urgency.",Low Risk
"The patch mainly includes updates for performance improvements and user experience tweaks. No major vulnerabilities were exposed, so it’s a straightforward update that users can apply without concerns.",Low Risk
The new software version includes some aesthetic updates to the interface with no critical vulnerability fixes required for any known issues.,No Risk
The latest security update for the antivirus software addresses multiple vulnerabilities but comes with the caveat that some incompatibility issues have been reported. Users are advised to weigh the urgency of updates against the potential disruptions.,Medium Risk
"This version update focuses solely on optimizing user experience and correcting typos in the interface, bearing no direct implications for security.",No Risk
Security experts warn that the flaws in Version E of the software can lead to significant system vulnerabilities. Immediate updates are necessary as attackers are reportedly starting to target systems that haven’t applied the latest security fixes.,High Risk
"The new firmware for the network router includes patches for vulnerabilities that could expose sensitive network data. Although the fixes are essential, some users have reported decreased functionality, so updating may involve some risk.",Medium Risk
"With update 2.4, users can expect a more responsive application. It includes performance improvements but does not alter security protocols or expose any vulnerabilities.",No Risk
"After assessing the patch notes, it appears that two significant vulnerabilities were fixed, but another one remains pending. This can be a concern, especially in organizations that handle confidential information. Updating should be done with awareness of these pending issues.",Medium Risk
"An update was rolled out for the antivirus software that includes performance improvements and bug fixes. Nevertheless, it lacks a comprehensive fix for previously reported vulnerabilities that hackers could exploit if left unpatched for long periods.",Medium Risk
"An exploit has been discovered that affects nearly all users of the outdated application, enabling hackers to intercept and manipulate data in transit. This alarming situation highlights the necessity of prompt updates to eliminate the vulnerabilities that expose users to potential breaches and attacks.",High Risk
"Please note that the new version of the software arrived with performance boosts, but no critical issues were identified from the last security review. Users can proceed with the update safely.",No Risk
"Following the recent software update, users can expect improved usability, though the change log indicates that it does not address any severe security issues, indicating a low-impact intervention.",Low Risk
The security team has flagged a significant weakness in the software that could allow remote execution of malicious code. Users are being advised to enact updates immediately to safeguard their systems from unauthorized access.,High Risk
A recent security report indicated that the newly installed software contains a serious vulnerability affecting multiple platforms. It's crucial to address this issue to avoid potential exploitation.,High Risk
"A recently released patch addresses serious vulnerabilities in a major email platform. Experts say organizations that delay applying these updates could face increased risks of phishing attacks and data leakage, emphasizing the need for swift compliance with security protocols.",High Risk
"Our recent software release has rectified a few non-critical issues. While it’s always good to maintain the latest version, there is no immediate threat associated with the previous installations of this application. Just standard practice to update when ready!",Low Risk
"With the rise of cyber threats, the latest version of the software shows alarming vulnerabilities that could lead to significant data breaches if not rectified. Organizations using this software should prepare for potential risks and implement fixes at the earliest possible time.",High Risk
This month’s update focuses primarily on user interface improvements and does not introduce any changes to security settings or functions.,No Risk
Our team released a patch that optimizes background processes. This patch doesn’t include any security fixes or noted vulnerabilities and is focused solely on operational efficiency.,No Risk
"A minor update was rolled out for the graphics driver, which was aimed at performance enhancements and compatibility fixes rather than any security vulnerabilities.",No Risk
This update enhances user accessibility options and does not entail any changes related to system security. Previous assessments have confirmed that the current version is secure.,No Risk
"The recent security update addressed multiple issues, yet some secondary vulnerabilities remain unpatched. This puts users in a moderately risky position as they could still be targeted by threat actors leveraging these gaps. Monitoring and further updates will be essential to fully secure the system.",Medium Risk
"While the latest version addresses significant security flaws, it may not eliminate all risks. There are still unresolved issues that could potentially be exploited, so users should remain cautious and prepared for additional updates.",Medium Risk
"An urgent advisory has been issued regarding the recent update which inadvertently disabled key security features, leaving the system wide open to unauthorized access and attacks from malicious actors.",High Risk
Upgrading to this new software version is recommended for those experiencing minor glitches. The update primarily addresses efficiency rather than any pressing security flaws.,Low Risk
"The cloud storage service has implemented backend updates aimed at increasing efficiency. No critical security issues have arisen from this update, ensuring user data remains protected.",No Risk
"It's been reported that a critical patch was delayed for weeks, leaving users exposed to a possible attack vector that could lead to significant data loss. The situation highlights the importance of timely software updates in cybersecurity.",High Risk
"Multiple users reported unauthorized access attempts due to a lack of security measures in the previous version. The new patch addresses these issues, making it critical to install without delay.",High Risk
The vendor launched a routine update that resolved some aesthetic inconsistencies in the dashboard. Security measures were not altered or affected in this patch.,No Risk
"This software version has introduced multiple patches; however, the persistence of certain vulnerabilities is concerning. Users should create backups and be vigilant about security.",Medium Risk
"No critical vulnerabilities have been identified in this version of the software; hence, users are encouraged to update at their convenience as it merely includes feature improvements.",No Risk
"The latest update for the media player includes improved performance and new features, but no known vulnerabilities have been reported.",No Risk
"Feedback from users indicates that the recent software update addressed only some performance issues, with no relevant security patches or vulnerabilities noted. Overall stability appears unaffected.",Low Risk
"The latest update for the security software includes a patch for a vulnerability that could allow attackers to bypass defenses. This issue has already been exploited in the wild, and users must prioritize immediate installation of this update.",High Risk
This minor update includes several enhancements to improve performance and stability; no critical vulnerabilities have been reported. Users are encouraged to apply the update for optimal experience.,Low Risk
The security patch released this week improved encryption but still leaves some areas vulnerable to SQL injections. Users are encouraged to update as soon as possible to ensure better protection.,Medium Risk
"With the introduction of the new feature set, the software maintains its high security standards. The update does not relate to any known vulnerabilities, therefore users can proceed without risk.",No Risk
"During a routine audit, it was found that the recent software update contained multiple flaws, including a severe SQL injection vulnerability. This could allow adversaries to manipulate the database and extract confidential data. It's crucial for companies to implement the fix as soon as possible.",High Risk
"The recent software maintenance did not introduce any new features or change existing algorithms, thus maintaining a stable security posture.",No Risk
This patch focuses solely on user interface improvements and optimizations for performance; there are no security implications related to this update.,No Risk
A new security alert has been issued regarding a flaw that could allow attackers to intercept and manipulate data in transit. All users are required to update their systems immediately to prevent any unauthorized access or data exfiltration.,High Risk
Just a heads up: the maintenance release for the app includes updates to the user manual and some performance tweaks. There are no critical errors or security issues addressed here.,No Risk
"The latest firmware for the printer adds a couple of enhancements related to speed and efficiency. No security incidents have been reported in conjunction with this update, ensuring a smooth transition.",No Risk
"The newly discovered vulnerability in the application could allow attackers to intercept and manipulate data in transit. It's vital to apply the recommended security updates as soon as possible to mitigate these risks, as the potential fallout is severe.",High Risk
"Users are encouraged to update to the latest version as it includes important fixes; however, it does not address any major vulnerabilities.",Low Risk
An urgent security alert has been issued regarding a serious exploit that affects multiple systems running our software. The update is crucial to prevent a potential large-scale data breach.,High Risk
"Although the recent patch includes important security fixes, some firewall functionalities are not fully operational yet. Users should be cautious and continue to rely on additional security measures until further patches are provided to close all gaps.",Medium Risk
"This month's security bulletin reveals a severe exploit in an outdated library used by our application. Patching this vulnerability is urgent; failure to do so can expose sensitive data to unauthorized access, presenting a significant threat to our system integrity.",High Risk
The latest patch for the application includes enhancements to improve performance and stability without addressing any new vulnerabilities. Users are encouraged to update at their convenience since no critical issues have been identified.,Low Risk
"Update 3.1.0 primarily focuses on user experience enhancements and does not include any urgent security patches, indicating a stable environment for continued usage.",Low Risk
"An essential patch release highlights a critical vulnerability in the session management functionality of the software, which, if left unaddressed, could lead to session hijacking. Users must implement this update to safeguard their operations.",High Risk
A critical vulnerability has been discovered in the latest version of the software that allows attackers to gain unauthorized access to sensitive data. Companies are urged to update immediately to mitigate this severe threat.,High Risk
A notification was sent about the update that resolved some performance issues and one medium-level vulnerability. Customers are advised to update their software to avoid possible exploitation in the near future.,Medium Risk
"A significant buffer overflow vulnerability was discovered in the app's codebase, affecting all previously supported versions. Until the patch is applied, users are at a high risk of exploitation via crafted requests from hostile sources.",High Risk
"Recent analysis revealed that the latest software update introduced multiple security gaps which can be exploited by malicious users. Ignoring this update could leave systems wide open to attacks, especially targeting sensitive personal information.",High Risk
"An update has been rolled out that optimizes system speed. There are no associated security risks mentioned in the release notes, indicating that the current security measures remain intact.",No Risk
The software update released yesterday contains critical fixes for vulnerabilities that have been associated with multiple security incidents. Neglecting to implement these updates could result in severe repercussions for your organization's data integrity.,High Risk
"A recent software audit revealed a serious oversight in the encryption protocols used, leaving sensitive information at risk. It's crucial for all users to install the latest security updates to close this vulnerability, which has been flagged by multiple cybersecurity agencies as a major concern.",High Risk
"An update released yesterday has been welcomed for its bug fixes, yet it carries certain modifications that may expose systems to new security challenges. Users should be prepared to adjust their security protocols accordingly.",Medium Risk
"Patches released this week for the widely used web browser contain fixes for several critical vulnerabilities that hackers are already exploiting. Users have been warned that failing to update may lead to severe data loss or identity theft, highlighting the urgent need for action.",High Risk
"This update involves optimizing performance and fixing a few user-reported bugs, but it does not address any previously identified vulnerabilities, keeping the overall risk at a manageable level.",Low Risk
"While the latest firmware update for the router improves the overall security posture, it only partially resolves the identified vulnerabilities. Users should ensure that their settings are optimized to mitigate potential attacks until a more comprehensive solution is provided in future updates.",Medium Risk
"We've identified certain vulnerabilities in the previous version of the software that have been addressed in the new patch. However, it's essential for users to apply the updates promptly, as there may be potential threats that have yet to be fully assessed.",Medium Risk
"This minor update offers various small tweaks to the software, enhancing usability without compromising security measures. Users can apply it at their convenience without a heightened risk of breaches.",Low Risk
"In the latest release notes, it mentions enhancements that do not involve security improvements. This means that organizations can deploy this update at their convenience without affecting their security posture.",No Risk
"A warning has been issued about a severe flaw in the encryption algorithm used by this application. If not updated, attackers can easily intercept data being transmitted.",High Risk
"Today we published an update focusing on aesthetic changes in our application. There have been no reports of security threats linked to this version before, making it a safe choice for all users.",No Risk
"A firmware update for a popular router includes security improvements aimed at enhancing user privacy. However, users should be mindful that the update process might take longer than usual, and during that time, the router may not be as secure, which raises some concerns regarding immediate risk levels.",Medium Risk
"The recent software update for the application has resolved several minor bugs and improved performance metrics. While there were no significant vulnerabilities present, it's always good practice to ensure you're running the latest version to avoid potential issues.",Low Risk
"No significant security threats have been identified in the most recent patches applied to the software, ensuring that previous security measures remain intact.",No Risk
"Recent improvements in the mobile app focus on user interface changes and optimizations, meaning that users should feel free to update whenever it's convenient. Importantly, there are no concerning vulnerabilities reported, keeping the app's security level stable.",Low Risk
"While some improvements were made in the security update, experts warn that the lingering issues may allow attackers to exploit the system if not closely monitored. Vigilance is advised especially in high-risk environments.",Medium Risk
"The recent update included a few adjustments to the user interface and resolved minor glitches. Overall, the security posture remains unchanged with no new vulnerabilities being introduced, so it’s a safe rollout for all users.",Low Risk
"The update notes for the latest mobile app indicate improvements in functionality and speed, but nothing critical related to security issues was noted during the assessment.",No Risk
"This recent software patch addresses many security loopholes, yet analysts suggest that comprehensive network security measures are still necessary to protect against potential threats.",Medium Risk
"This month's software update mainly focuses on optimizing speed and usability. While it’s essential to keep systems up to date, there are no critical flaws that impact security in this release.",Low Risk
The newly discovered security hole in the operating system could allow attackers to bypass authentication mechanisms completely. It's imperative that all devices are updated as soon as possible.,High Risk
"The security patches released for the graphics software are primarily focused on improving rendering speed, and no critical vulnerabilities have been identified in the latest build.",Low Risk
"A serious flaw in the way the application handles user inputs has been discovered, leading to SQL injection vulnerabilities. It's imperative that users update to the patched version to avoid becoming victims of data breaches and malpractices.",High Risk
"In light of the latest findings, many software applications are now deemed insecure without the latest updates installed. Cybercriminals are already exploiting these weaknesses, and organizations should act decisively.",High Risk
"The latest update contains critical patches, but it also revealed that some legacy systems may still have vulnerabilities that could be exploited if not carefully managed. Regular audits of the system are recommended to ensure security compliance.",Medium Risk
A remote code execution issue has been found in a widely used content management system that could be exploited by attackers to take over websites. Users are strongly advised to apply the patch immediately to avoid exploitation.,High Risk
Recent analysis revealed a critical vulnerability in the latest version of the software that allows remote code execution. Users are strongly urged to update immediately to avoid potential breaches.,High Risk
"In the latest update, all major vulnerabilities remain unaffected. Just a few adjustments to the documentation were made to clarify existing functions; security remains intact.",Low Risk
"A recent update for the software has revealed critical vulnerabilities that attackers can exploit to gain unauthorized access to sensitive data. If left unpatched, these flaws could lead to devastating breaches affecting thousands of users. Immediate action is necessary to mitigate potential losses.",High Risk
"A critical vulnerability has been discovered in the widely used software version X. This flaw allows unauthorized access to sensitive user data, potentially leading to major breaches if left unpatched. Users are advised to update immediately to mitigate risk.",High Risk
"The new release notes suggest that while certain bugs were fixed, the software still has a few known security issues that remain unresolved. As such, organizations relying heavily on this software should prepare for potential risks until further updates are issued.",Medium Risk
"After the last update, many users reported that their systems began showing unusual and suspicious behavior, indicating potential backdoor vulnerabilities.",High Risk
An emergency update was released for the application due to a critical flaw that exposes the network to outside attacks. This vulnerability affects all installations and could allow data exfiltration at scale. Immediate deployment of patches is recommended to safeguard integrity.,High Risk
This release features a minor improvement in performance but does not address any security flaws or vulnerabilities reported previously.,No Risk
"This version includes updates to support new file formats and improve processing time, with no alterations made to the software's security framework or settings.",No Risk
"The recent security fix for the application has resolved a few vulnerabilities, but be aware that the documentation has not been updated fully. Test the application in a secure environment before widespread deployment.",Medium Risk
"The new version of the firewall software introduced by the vendor fixes several non-security related issues. It's advisable to update, but security risks remain unchanged with this version.",Low Risk
"The recent software patch includes updates for security vulnerabilities that are deemed important. Although they are not critical, failure to update in a timely manner could expose users to potential threats in the future.",Medium Risk
"A new software release has been issued that resolves several bugs; however, the presence of a known exploit means that users should remain vigilant while applying the update.",Medium Risk
"An update for the system has been made available, which just resolves some interface glitches. The software remains secure and no actionable vulnerabilities were detected.",No Risk
"Following the update, the secure messaging platform informs users that all fundamental security features remain intact. Although there are additional functionalities added, no risks to data privacy have been discovered with this release.",Low Risk
"An urgent security update has been released for the popular software XYZ, addressing critical vulnerabilities that could allow attackers to execute arbitrary code remotely. Users are strongly advised to update immediately to mitigate potential exploitation.",High Risk
"This patch introduces several minor polish updates to improve overall user experience, with no reported security vulnerabilities. Users may proceed with the update whenever they are ready.",No Risk
"This week's security advisory warns users of a software flaw that has been partially patched. While immediate action isn't required, it's advisable to monitor for unusual activity post-update.",Medium Risk
The latest patch focuses mainly on cosmetic changes and some outdated dependencies. It reaffirms that the security framework previously established remains highly effective against known threats.,Low Risk
"The patch we've rolled out today is mostly about user feedback and aesthetic improvements, with no adjustments made to security features or vulnerabilities. Users should consider implementing this update at their discretion.",No Risk
"An unpatched security flaw in the library used by our web application has been identified, which can lead to unauthorized access to private keys. Security teams must prioritize this as it poses an immediate danger to all users.",High Risk
"The software update from last week fixes a glitch in the reporting module that affected visual layout but doesn't impact security protocols, maintaining compliance with industry standards.",Low Risk
The recent security patch for the messaging app has remedied several security flaws but continues to exhibit issues linked to third-party integrations that have yet to be resolved. Caution is advised for users employing those features.,Medium Risk
"The new version of the application primarily resolves performance issues and adds features that improve workflow. There is no indication of exposure to security threats, making it a routine upgrade for users wishing to enhance their experience without any safety worries.",Low Risk
"In this version release, the developers have fixed several bugs that didn’t affect security protocols. They recommend all users to install the update promptly as it enhances performance without introducing risks.",No Risk
The recent upgrade fixed various bugs affecting the software's functionality without introducing any new security vulnerabilities. It's safe to apply at your convenience.,Low Risk
A recent advisory highlighted that the latest firmware update for DeviceB includes minor fixes but also introduces some new features that are untested in live environments. Organizations should weigh the benefits against potential risks before deploying these changes.,Medium Risk
"Our software maintenance update included several enhancements and the resolution of one CVE that was deemed low severity, ensuring continued smooth operation without major security concerns.",Low Risk
"During routine checks, we discovered that an outdated version of the software remains susceptible to known exploits. It's important to update, as this version could expose sensitive data under certain conditions, but immediate action may not be necessary unless sensitive use cases are involved.",Medium Risk
"After reviewing the latest advisories, it’s clear that an urgent update is needed for the software due to a major flaw identified by the security team. Users who delay updating are significantly increasing their risk of falling prey to cyber attacks.",High Risk
"Recent advisories indicate that multiple vulnerabilities exist within the current software version, each capable of leading to severe security breaches. Users are strongly encouraged to implement the latest updates to avoid being compromised.",High Risk
"Version 2.3 of the program has arrived, improving speed and responsiveness. All security aspects remain unchanged, meaning your current setup stays secure without needing urgent updates.",No Risk
The latest update for the application includes performance improvements and a minor UI tweak that enhances user experience without any modifications to security features or settings.,No Risk
"The patch release focuses on enhancing user interface design, making it more intuitive without affecting any underlying security structures. Users can continue working without any concerns regarding their data safety.",No Risk
"Hey team, just a heads up! The last security update introduced some enhancements, but there's still a vulnerability in the older versions of the application. It's not an immediate threat, but we should keep an eye on it while we deploy the updates.",Medium Risk
"A minor update has been implemented to refine the overall user experience. As per our analysis, there are no new security concerns or vulnerabilities to address at this time.",No Risk
"Due to a discovered flaw in ToolD, a security patch has been issued. The developers warned that while the patch is essential, a portion of the user base has reported issues following installation, which could expose systems to other threats if not handled carefully.",Medium Risk
This month's software release introduces some usability enhancements and minor performance improvements. The notes confirm that no critical security issues were found nor addressed. Users can proceed with the update without apprehension about security implications.,Low Risk
There are zero security implications associated with the recent development as it includes only feature enhancements and no alterations to the underlying security systems.,No Risk
"Updates released for the content management system have addressed vulnerabilities but also included modifications that could affect user permissions. While the core issues have been handled, the adjustments may require further review to ensure no new risks have been introduced during this process.",Medium Risk
"A newly discovered exploit in the authentication module has left users' accounts vulnerable. A patch is scheduled for release, but until then, all users should disable their accounts temporarily.",High Risk
An unpatched security hole in the network infrastructure allows for man-in-the-middle attacks. Organizations are strongly encouraged to install the latest security updates to prevent potential data interception and theft.,High Risk
"While the recent update includes several minor optimizations, there were no vulnerabilities or exploits addressed in this release. It's more of a routine maintenance patch than a critical security fix.",Low Risk
"This software update is aimed at optimizing speed and responsiveness, with no imminent security threats or vulnerabilities mentioned in the release notes.",No Risk
"Due to a newly identified exploit in the network protocol stack of Tool Z, all users are urged to download the latest update. This vulnerability can allow remote attackers to execute arbitrary code, significantly compromising network security.",High Risk
"An urgent update has been released due to severe security flaws in the system. These flaws have been linked to multiple successful attacks on similar infrastructures, urging IT departments to prioritize the upgrade and ensure immediate implementation.",High Risk
"Due to an unpatched vulnerability, all users using version 2.1.0 are at an elevated risk of data theft. It's crucial that you update to version 2.1.1 without delay to protect sensitive information.",High Risk
"The latest version of the application has been released with some new features, but no known vulnerabilities have been reported, which is encouraging for users.",No Risk
"Although the update includes minor adjustments to the backend, it primarily enhances user experience features and does not address any high-severity vulnerabilities. It is safe for users to proceed with this upgrade.",Low Risk
"The application has been successfully updated with security fixes, but certain legacy systems might still expose vulnerabilities. Caution is advised while using those outdated systems in conjunction with the new build.",Medium Risk
The update introduces new themes and layout adjustments without impacting any security features or existing protocols. Users are encouraged to update to enjoy a better display.,No Risk
"After applying the latest software update, users can expect better loading times and smoother transitions. There are no reported vulnerabilities or security concerns this time around.",No Risk
"Developers launched a new version that fixes some minor glitches; however, it doesn't address any critical vulnerabilities. Users can update their software without worrying about introducing new risks.",Low Risk
"The latest application update is minor, addressing some cosmetic changes in the UI. This version has no implications for security, as no vulnerabilities have been reported.",No Risk
"An analysis of the recent exploits indicates that delaying software updates by even a few days can result in critical security breaches. The vulnerability identified is being actively targeted, and immediate action on updates is essential to safeguard the network.",High Risk
The latest update includes routine patches that address minor bugs and improve system performance without introducing any major changes to the software's functionality. Just keep your software updated regularly to ensure it runs smoothly.,Low Risk
"Version 3.5 of the software has been released, incorporating several improvements mainly for speed and efficiency. Users should not be alarmed as it doesn’t introduce any new security threats; it’s status quo.",Low Risk
"This patch for the web browser addresses a bug affecting older devices, while the security assessments indicate no new vulnerabilities have been introduced with this update.",Low Risk
"This maintenance update enhances the software's performance and resolves minor bugs. Importantly, it does not include critical security fixes or known vulnerabilities, meaning users can comfortably install it.",Low Risk
"The latest version of the email client fixes formatting issues in the attachment previews, and there are no associated risks revealed in the security advisory.",Low Risk
"This week, our team addressed some user interface issues in the app. No critical vulnerabilities were found, ensuring that everything remains protected from security threats.",No Risk
"In light of a recent surge in cyberattacks exploiting vulnerabilities in outdated software versions, institutions are advised to verify their update status immediately. The implications of these vulnerabilities could result in severe financial and reputational damage if not resolved.",High Risk
"Our latest patch focuses on improving software efficiency and enhancing user experience. Security scans show that no new threats have emerged since the last release; therefore, it's safe to install this update at your leisure.",No Risk
We've issued a small update predominantly aimed at improving connection stability and speed. All tests show that current security measures are intact and no new risks have emerged.,No Risk
"Due to a misconfiguration in the security settings of the recent software update, a backdoor was unintentionally created, exposing users’ personal information to potential cybercriminals. Immediate action is required to ensure their data is protected.",High Risk
The latest software update includes routine maintenance and optimizations aimed at improving performance. Users are encouraged to install it for a smoother experience without any security concerns.,No Risk
"The latest advisory warns about a zero-day vulnerability in the software app, opening doors for attackers. Who knows what could happen if systems aren't updated swiftly?",High Risk
"A new version has been rolled out that includes several enhancements for user experience. No security issues were identified, ensuring that users can safely update without increasing their risk profile.",Low Risk
Users should install the latest update that includes optimizations for speed and efficiency. There are no vulnerability disclosures that require immediate action from a security standpoint.,Low Risk
"In this update, we've fixed some typos in the documentation and added more user guides. Security configurations remain unchanged and there are no alerts raised by our monitoring tools.",No Risk
The software update for the web browser only includes performance enhancements and some UI tweaks. There’s no indication of any vulnerabilities that could expose user data.,No Risk
The vendor has deployed an update that includes no critical security fixes. This update merely enhances the software’s functionality and is safe to install without security concerns.,No Risk
"Security researchers have identified multiple zero-day vulnerabilities in the last version of the operating system, affecting millions of devices. Immediate intervention is required, as these vulnerabilities can be exploited without user interaction. Users are strongly advised to update their systems without delay.",High Risk
"An updated version of the file compression tool was released, fixing minor bugs. There are no known threats associated with this version, making it safe for everyday use.",No Risk
"The routine update includes various optimizations that improve speed and efficiency. It is recommended for all users, as it does not impact system security in any deviant way.",Low Risk
"Due to severe vulnerabilities discovered in the software used by numerous enterprises, it is imperative that organizations apply the urgent patches released by the vendor. Failure to do so could result in significant data breaches.",High Risk
"The patch released today improves compatibility with older systems and resolves some non-critical bugs. Users can confidently proceed with the update, as it does not affect system security.",No Risk
"Yesterday's update brought several UI changes; however, it does not contain any urgent patches for security vulnerabilities currently identified in the system.",No Risk
This routine update is strictly for enhancing user experience with the dashboard and does not touch on any security protocols.,No Risk
An update was rolled out yesterday primarily focusing on enhancing user interface elements. Security checks indicated that all known threats were addressed prior to deployment.,No Risk
Our last update predominantly addressed cosmetic changes and minor functional fixes. No significant security flaws were identified that needed urgent attention.,No Risk
Recent updates addressed some non-security related bugs. Users can proceed with the installation as these changes do not pose any identifiable threats.,No Risk
"The recent update for the application addresses a few minor bugs but does not affect any critical security features, making it a routine maintenance release.",Low Risk
"Our team deployed the recent security patches which addressed some non-critical issues in the application. Users should update their software as a standard practice, but there isn't an immediate threat to their security.",Low Risk
"A zero-day exploit has been discovered in the newly released version of the application, which could allow attackers to gain unauthorized access to sensitive information. Users are strongly advised to apply the patch released on the vendor's site without delay.",High Risk
There is a known exploit in the last released update of our software that can be leveraged by attackers to gain escalated privileges. Users must ensure they have the latest hotfix applied to safeguard their environments.,High Risk
The latest version of the software includes several non-critical enhancements for user interface. These updates do not affect security protocols and are mainly aimed at improving user experience.,No Risk
There’s a known security flaw that wasn't fully addressed in the recent update. Users should monitor their systems closely for unusual activity following the update rollout.,Medium Risk
"According to the latest advisory from the security team, the recent update for the database management system fixes critical bugs but leaves certain areas unaddressed, potentially exposing users to risks during certain operations.",Medium Risk
"After the latest update to the system, a handful of users noticed that some configurations could still be exploited if an attacker manually bypasses the new defenses put in place. Continuous monitoring is necessary.",Medium Risk
"We were notified of several security advisories regarding the newly deployed software, particularly one that enables an exploit in the authentication process. Immediate action is necessary to prevent any breaches.",High Risk
"This patch includes updates to the documentation and some performance tweaks, but there's nothing alarming from a security standpoint.",Low Risk
"Following today's scheduled updates, we can confirm that there are no high-risk alerts or vulnerabilities disclosed, ensuring all systems are secure as per the latest standards.",No Risk
"With the rollout of a new update, security analysts have pointed out that while previous vulnerabilities have been patched, some lingering issues could still pose threats. The recommendation is to ensure that supplementary security best practices are in place until the next update.",Medium Risk
"After the latest software update, reports have surged regarding users experiencing heightened security breaches, particularly in systems that did not update promptly and are now exposed.",High Risk
"Attention is being drawn to an important update that provides crucial security fixes, but there have been reports of compatibility issues that could lead to system instability. Users must weigh the need for security against potential disruptions.",Medium Risk
"The recent patch aims to enhance general compatibility with new operating systems. No vulnerabilities were reported in previous releases, making this update a standard maintenance check.",No Risk
"An exploit in the network protocol was identified during the last security audit, which remains unfixed in the current software version. If not addressed soon, it could lead to significant data compromises.",High Risk
"An important message from our security team regarding the software updates: they don't fix all issues, and there might be some lingering risks. Please ensure your systems are backed up before applying them, especially if previous updates led to compatibility problems.",Medium Risk
"In the recent update, there were improvements made to the application's load times, and users reported smoother operation. No security advisories were included, indicating that the update is routine and does not relate to any security risks.",Low Risk
"The update rolled out yesterday fixes several issues, notably one that could allow unauthorized access, but some users have experienced complications which might expose them to risks. Reinstating protective measures during this period could be wise.",Medium Risk
A recent software patch was released to improve the user interface and fix a couple of non-security related bugs. Users can update at their convenience since no significant security updates are included.,Low Risk
"In our recent release, we have addressed several feedback points from users, but there are no adjustments to security features, keeping everything as it was prior to this update.",No Risk
"The latest software update for the application includes some minor enhancements and does not affect any known vulnerabilities, ensuring users can safely continue their operations without fear of exposure.",No Risk
"A critical flaw in the file transfer utility could allow attackers to intercept sensitive files. Users are warned that failure to install the latest patch can lead to significant data breaches, particularly for organizations handling sensitive information.",High Risk
"A recent advisory concerning the antivirus software noted that while the latest update has fortified defenses against several threats, it did not completely eliminate all vulnerabilities. Users should continue exercising caution as some level of risk persists, and further updates are likely needed to ensure comprehensive protection.",Medium Risk
"A patch has been released targeting a known flaw, yet user reports suggest that updating could lead to additional issues. It's best to weigh the risks before proceeding with installation.",Medium Risk
"The latest patch for the application includes fixes for a couple of security flaws that could lead to information leakage. Although the risk isn't immediate, it's advisable to install the patch in the next few days to maintain security hygiene.",Medium Risk
"Administrators are advised to prioritize updating the network firewall after the recent discovery of a severe weakness in its authentication protocol. Attackers could exploit this flaw to gain unauthorized access, putting the entire network at risk.",High Risk
"Our analysis of the recent firmware update shows that it resolves some non-critical bugs and enhances features, while security patches were absent, suggesting no immediate reaction is necessary.",Low Risk
"A security advisory has been issued regarding a software suite that failed to patch various vulnerabilities in its core components. While some fixes have been made, the failure to address all aspects raises concerns about persistent exposure to cyber threats. It’s essential for users to remain aware of these risks and maintain updated software versions.",Medium Risk
"As part of our routine maintenance, we have updated the user interface for a better experience. There are no known vulnerabilities in this update, and all features are functioning as intended.",No Risk
"Attention all users: The latest software update contains a severe flaw that allows unauthorized access to sensitive data. This vulnerability has already been weaponized in the wild, making immediate action essential!",High Risk
"In light of recent findings, a significant flaw has been identified that allows insider threats to exploit unpatched software. Organizations are strongly encouraged to update their systems immediately to limit exposure to these risks and maintain compliance with security standards.",High Risk
"After the latest round of testing, security analysts have flagged a high-severity vulnerability that could allow for complete system takeover when exploited. It’s critical that the patch is deployed across all systems to avoid any potential fallout from this issue.",High Risk
"Today’s update is primarily aimed at improving system stability and user satisfaction. No vulnerabilities have been patched or introduced, keeping security concerns at bay.",No Risk
"There is an essential security patch for this application which resolves a couple of serious vulnerabilities. Although they are not currently known to be exploited, they represent a potential entry point for attackers, thus updating promptly is encouraged to mitigate risks.",Medium Risk
"The application was updated to improve stability and fix a minor bug that theoretically could lead to information leakage, but the risk remains minimal.",Low Risk
"The cybersecurity team has identified a serious flaw in the encryption protocol of a widely-used antivirus tool. Users should not delay in applying the latest updates, as the current version exposes them to various threats.",High Risk
The recent system patch included optimization tweaks and enhanced compatibility with new devices. There were no major security advisories associated with this release.,No Risk
"In a recent incident, a zero-day vulnerability was exploited, affecting millions of users worldwide. The patch released by the vendor addresses this flaw, but until all users apply it, they remain exposed to potential breaches.",High Risk
"After installing the latest version of our security software, reports indicated that while critical vulnerabilities were patched, minor issues remain active that could expose systems to risk if not monitored carefully. Users are advised to consider these factors before proceeding with the installation.",Medium Risk
"After installing the latest update, we noticed a critical vulnerability being exploited in the wild. If you haven't applied the patch yet, do so immediately to prevent attackers from taking advantage of this weakness. Your data could be at risk!",High Risk
"The system update introduced enhanced security features but also raised concerns about compatibility with existing plugins. While the update aims to improve overall security, some older plugins may expose the system if not modified. Users should weigh the risks before proceeding with the installation.",Medium Risk
"The review of the security logs revealed no significant threats or vulnerabilities, resulting in an update focused purely on optimizing existing features without any security implications.",No Risk
"The software patch released today is aimed at optimizing system performance. There were no associated security vulnerabilities detected during testing, so you can update without concern.",No Risk
"The software patch released this week mitigates several critical vulnerabilities from the previous version, but it has introduced new compatibility issues that could lead to potential network exposure if not handled correctly.",Medium Risk
The recent patch primarily addresses functionality issues while also ensuring the app remains compatible with the operating system. It does not change any security settings or introduce new risks.,No Risk
"This version includes updates to improve compatibility with newer hardware. The changelog specifies that no security issues were addressed, indicating it's safe to install without immediate concern.",Low Risk
"The software was updated for better integration with third-party applications, and all existing security measures have proven to be effective without needing adjustments.",No Risk
"Notably, an important update has been released that addresses a major vulnerability. Even with this update, secondary risks through other linked systems could pose threats, so monitoring and further updates will be necessary down the line.",Medium Risk
"Due to a critical bug that permits unauthorized access, it's imperative that you install this urgent update. We cannot stress enough the importance of this action to protect your data from being leaked.",High Risk
"A serious flaw in the database management software allows for SQL injection attacks, which could lead to unauthorized data access. This vulnerability could be exploited easily, making it essential that organizations apply the update that addresses this issue right away.",High Risk
Minor updates to the software improved load times and UI elements. There’s nothing to worry about regarding security; all systems remain fortified.,No Risk
"We’ve rolled out a new version of our game that adds new levels. Importantly, this update does not address any security flaws as there are none present.",No Risk
"Multiple users reported unauthorized access attempts after failing to update their security software. This situation underscores the importance of timely updates, as neglecting these patches has led to several compromised installations already.",High Risk
"An update has been rolled out to fix some significant vulnerabilities, but it introduces new functionality that hasn't been vetted thoroughly. Caution is recommended for users considering the upgrade.",Medium Risk
"An advisory has been issued following an update that claims to fix various flaws. However, users should not become complacent as several issues are yet to be addressed, leaving the software in a somewhat vulnerable state.",Medium Risk
"In light of recent events, cybersecurity experts are warning about an unchecked vulnerability in the widely used software, advising that the latest patch must be applied without delay to protect against potential exploits.",High Risk
The recent software update for our office suite includes minor bug fixes and performance enhancements without addressing any critical security holes. Users can continue working without immediate concerns about vulnerabilities.,Low Risk
"In the latest round of security audits, multiple flaws were identified in the application used for financial transactions, which could lead to fraud if not patched quickly. Users should be aware of these vulnerabilities and act promptly to secure their accounts.",High Risk
The new update came with an unsettling discovery: a backdoor left in the coding that could be used by malicious entities to execute arbitrary commands remotely. All users are advised to uninstall until a more secure version is provided.,High Risk
"The latest firmware for the smart thermostat includes aesthetic upgrades and does not alter any security protocols that were previously in place, maintaining a secure operational standard.",No Risk
"This minor update corrects a few typos in the documentation and improves certain features. There are no changes that affect the security measures already in place, retaining user data protection as before.",Low Risk
"An upgrade for the cloud storage application focuses on optimization and compatibility with new devices. Despite some updates to the security protocols, no significant threats were identified, allowing users to feel secure in implementing it.",Low Risk
"While the software update includes routine enhancements, the creators have confirmed that no high-risk vulnerabilities were identified. Users can apply the update at their convenience, ensuring smoother functionality without sacrificing security.",Low Risk
"An update to the file-sharing application has been rolled out, focusing on usability enhancements rather than security changes. Users can feel confident that their data remains secure during this update process.",Low Risk
"The application received an urgent update last week addressing critical security issues. While it has enhanced overall security, the need for additional, non-updated patches indicates that users should remain alert to possible risks associated with their current configurations.",Medium Risk
"Check out the new version of our database software. All changes are focused on usability improvements, with no indications of security issues that need addressing.",No Risk
"In the latest software version, the developers have focused on refining user functionalities and addressed a small number of user-reported bugs. The security level remains unchanged, with no new vulnerabilities detected in the software.",Low Risk
"A new software version of ApplicationY has been released, fixing a medium severity bug that could lead to data exposure if left unaddressed. Users need to ensure their configurations are properly set post-update to mitigate any risks associated with this vulnerability.",Medium Risk
"This week's software update includes enhancements to performance, but also a warning about possible exposure to known vulnerabilities if specific settings aren't configured properly. Users should proceed cautiously and stay informed about further updates.",Medium Risk
"The updated version of the content management system offers enhanced security features, but certain third-party modules remain vulnerable, indicating that organizations should assess their current defenses comprehensively.",Medium Risk
"The recent patch released for the cybersecurity software addresses critical vulnerabilities that could lead to unauthorized access and data breaches. Failure to apply this update could expose sensitive information to attackers, making it essential for all users to act without delay.",High Risk
"The application received a security update today that addresses a potential security weakness. While it doesn't present a high risk, it’s wise to keep your software current to mitigate any possible threats.",Medium Risk
"The software update contains several improvements related to the existing code, with no known exploits affecting the current version. Users can confidently upgrade their systems without fear.",Low Risk
"The latest iteration of the mobile app includes faster loading times and interface improvements. This update does not cover any security vulnerabilities, allowing users to update comfortably.",Low Risk
Recent updates to the backup application resolve minor issues related to user permissions; security assessments confirm that no vulnerabilities exist that could be exploited by attackers.,Low Risk
"This month, the vendor issued a security patch primarily targeting a deprecated feature that is rarely used. Users are advised to update their systems, but the impact of not doing so is minimal since the feature is not active for most installations.",Low Risk
"A critical vulnerability was addressed in the recent update, but another known flaw has been sidelined. Organizations are recommended to examine their security protocols closely during this patch cycle.",Medium Risk
"We’ve received reports of a major flaw in Library A that affects all applications utilizing it. Attackers can leverage this vulnerability to gain unauthorized access, leading to potential data leaks. Prompt update is crucial to protect your assets.",High Risk
"The recent update includes cosmetic changes and some optimizations for smoother operation. There are no reported security flaws or vulnerabilities addressed, making it a low-impact update.",No Risk
"In recent advisories, it was noted that the application had a moderate risk level post-update due to the incomplete mitigation of known vulnerabilities from earlier versions. Users are encouraged to utilize additional security measures while waiting for the next critical update to fully resolve these concerns.",Medium Risk
The security team confirmed that the latest software update addressed user experience issues only. All systems are functioning correctly with no potential threats present.,No Risk
"In a routine maintenance check, it was found that all systems were running the latest updates with no outstanding patches. Thus, the overall security posture remains strong.",No Risk
The software update from last week primarily fixes performance issues and provides guidance for user interface tweaks. Security analysts have confirmed that there are no new threats identified in this version.,Low Risk
The patch released this week is primarily for compatibility improvements across different platforms and does not introduce or alter any security provisions.,No Risk
Attention users: The cloud storage service has issued a new update that does not impact security. Focus here is primarily on enhancing file sharing capabilities without addressing vulnerabilities.,Low Risk
This patch improves compatibility with older systems but lacks any important security features or updates. Users shouldn't feel rushed to install it immediately.,Low Risk
"Our vendors have issued an update for the application to mitigate vulnerabilities found in third-party integrations. While it improves security, there's a need for awareness regarding potential issues that might arise during the update process itself, such as downtime.",Medium Risk
The updates released today do not involve any security patches but rather emphasize performance tuning and minor aesthetic modifications to better align with current design standards.,No Risk
A critical security flaw in the latest version of the popular web browser has been identified that allows remote code execution without user interaction. Users are strongly advised to update immediately to avoid potential exploitation.,High Risk
"An exploit targeting a flaw in the patch management system itself has come to light, which could leave systems open to further attacks if not addressed immediately. Users are advised to be vigilant and apply the necessary updates without delay.",High Risk
A significant security flaw identified in the application could be manipulated by cyber attackers to execute arbitrary code. This type of vulnerability is considered extremely dangerous as it allows for complete system takeover. Organizations must prioritize the installation of available updates to counteract this threat.,High Risk
"We’ve just launched a routine update, which addresses some interface issues and enhances overall user experience. No critical or high-security issues were found in this release.",No Risk
"The patch primarily enhances operational efficiency and adds some features requested by users. The existing security measures remain effective, so it's safe for users to proceed with the update.",Low Risk
"With the update that was pushed last night, many users reported that their firewalls were rendered ineffective, leading to an alarming risk of data breaches for all connected devices.",High Risk
The update includes a new user interface and optimizations for speed. Security audits confirm that there are no known vulnerabilities associated with this version. Users can confidently proceed with the upgrade.,No Risk
"A routine software update was released today, fixing some bugs and optimizing system efficiency. No known security issues were addressed, and previous versions remain stable.",No Risk
"An update was rolled out today for the enterprise software, targeting performance improvements and some user-requested features. The security team has reviewed the changes and confirmed there are no newly identified vulnerabilities, advising users that they can apply the update worry-free.",Low Risk
"The vendor has acknowledged a few minor bugs in the latest software version that may affect performance. While not classified as critical vulnerabilities, they could be leveraged in targeted attacks if left unpatched for an extended period.",Medium Risk
Authorities recommend immediate action after discovering that the outdated version of the antivirus software is susceptible to malware that can take control of affected systems. Users who postpone updates put themselves in grave danger.,High Risk
"Users are encouraged to install the recent software updates that fix multiple vulnerabilities. The risk associated with these issues is not negligible, but we're not aware of any active exploit scenarios at this time.",Medium Risk
"The latest version of the program has been released. Users are advised to update, as it contains minor bug fixes that should improve functionality without any significant security concerns.",Low Risk
"The new patch is designed solely for performance improvements and does not fix any security flaws. Therefore, the user base can confidently proceed with this update without any fear of exposing their systems to threats.",No Risk
