text,labels
Our network monitoring tools have alerted us to a malicious attempt to overwhelm our online services. There is a risk that users may experience degraded performance.,Denial of Service Threat
"Your recent transaction raised a red flag in our system. To ensure it's valid, please confirm your payment details using the secure link provided. This is critical to protect your account.",Phishing Attempt
"Attention: Violation detected on your account. To ensure your security, follow the link to update your information right away: [malicious link]",Phishing Attempt
A recent scan showed that our server's SSL certificates are outdated. We need to renew them to prevent any potential interception during data transmission.,Vulnerability Disclosure
Attention: Our security team discovered a critical bug in your software that could enable attackers to inject malicious code. We recommend a thorough review of your codebase to mitigate this risk and protect your users.,Vulnerability Disclosure
We noticed an issue in the way your app handles sensitive user information. Please prioritize reviewing the suggestions we mapped out in the last email to prevent exposure of personal data.,Vulnerability Disclosure
"Important notice: We've detected a possible breach. To ensure safety, confirm your details at this link: http://secure-login.com/authenticate/abc. Your prompt response is appreciated.",Phishing Attempt
We've identified a suspicious attachment in the email you received. Make sure to scan it for potential threats before opening.,Malware Delivery
"Alert: Clients have reported receiving emails from a fake support account, which includes a zip file that, if extracted, installs harmful software aimed at stealing sensitive information.",Malware Delivery
It has come to our attention that a number of users are finding it difficult to connect to our services. This is likely caused by a surge of illegitimate traffic aimed at disrupting our operations. We are working on filtering these requests.,Denial of Service Threat
Please review the findings from our latest penetration test; it shows that certain firewall rules need adjustment. This is critical to improving our overall security posture.,Vulnerability Disclosure
"Following an extensive investigation, we have discovered that sensitive client data has been exposed due to a breach in our security protocols. We are taking immediate steps to rectify this situation.",Data Breach Notification
"Important notice: it has come to our attention that unauthorized access to our database occurred last week. As a precaution, we recommend changing your passwords and monitoring your accounts for unusual activity.",Data Breach Notification
"Attention: Important Security Notice
This is to inform you that a critical vulnerability has been identified in your software. We recommend downloading the attached file for a fix. This file has been encrypted for security, so please ensure it is installed promptly to avoid any disruptions in service.",Malware Delivery
Urgent Notice: It has come to our attention that a vulnerability in our database led to an incident where confidential employee information was leaked. We recommend changing your passwords and monitoring your accounts closely.,Data Breach Notification
"Subject: Urgent: Update Required for Your Account
Dear User, 
We have detected unusual activity in your account that may compromise your information. Please follow the link below to download a critical security update. Failure to do so will put your data at risk. 
Link: [malicious link]",Malware Delivery
Our monitoring systems have flagged an abnormal increase in requests to our public-facing application. We must prepare for a possible overload that could render our service inaccessible.,Denial of Service Threat
"Something's off with our network performance lately. The increased traffic levels are looking suspicious, and we need to act fast to protect our operations.",Denial of Service Threat
You've been identified as one of the users affected by a recent security event where certain personal details might have been compromised. Please remain vigilant and report any unusual account activities immediately.,Data Breach Notification
"Just an heads-up, a security assessment revealed an outdated library in our stack that's prone to vulnerabilities. We recommend updating it as soon as possible to avoid potential exploits.",Vulnerability Disclosure
"Following up on last week's findings, there are several security issues within the user profile module that could lead to privilege escalation. An urgent update is recommended to ensure system integrity.",Vulnerability Disclosure
"Urgent: Your account has been compromised! To protect your data, please log in through the link below and change your password as soon as possible to avoid any unauthorized access.",Phishing Attempt
"We have detected ongoing activities that suggest an attempt to overwhelm our network infrastructure. Team, we must act quickly to mitigate any potential outages.",Denial of Service Threat
We would like to inform you that our investigation into data security has revealed potential access to user records by an outside entity. Measures are being implemented to prevent future occurrences.,Data Breach Notification
"Hi Team,
We've attached a new report related to last month's sales figures. There’s an executable file in the attachment that streamlines the report generation process. Let me know if you encounter any issues! 
Cheers, Emily",Malware Delivery
Several workstations are reporting slow performance. Initial analysis suggests they may have been compromised by a recent file download that was not authorized by IT.,Malware Delivery
I noticed some irregular activity this morning; it looks like someone is trying to overload our systems with requests. We might need to implement some traffic filtering protocols to mitigate this.,Denial of Service Threat
"Hello! Just a friendly reminder to review our new terms of service. To agree, please follow this link: [malicious link]. If you do not, your account may be affected.",Phishing Attempt
"You've won a $100 gift card! To claim your prize, simply confirm your email address by following the provided link. Act fast, the offer expires soon!",Phishing Attempt
"Urgent: Your subscription is about to expire, and we need you to confirm your billing information. Click on the following link to avoid interruption of service: http://fake-link.com",Phishing Attempt
"Your colleague has sent a file named ""urgent_update.exe"". Be cautious, as this could transform into a security risk if clicked without verification.",Malware Delivery
Please note that our logs show multiple unsuccessful attempts to inject harmful software into the system. This alert should prompt immediate action to secure our environment.,Malware Delivery
"The security audit results indicate that your authentication mechanism may not be robust enough, exposing your platform to unauthorized access risks. Consider revising your security protocols immediately to safeguard against potential attacks.",Vulnerability Disclosure
An important message from IT: We've detected potential threats in your account. Please find the attached tool to clean your system and secure your files before it's too late.,Malware Delivery
"We found that a number of IP addresses have been flagged for sending unsolicited packets that could be part of a larger campaign to infiltrate our network. An immediate system check is required, especially if you receive any strange prompts.",Malware Delivery
Alert: We've received intelligence suggesting that our online services may be at risk of being targeted by an external entity planning a significant traffic overload. Let's fortify our defenses immediately.,Denial of Service Threat
"An unexpected event occurred last week involving our database, resulting in potential exposure of your personal information. Rest assured, we are working diligently to understand what happened and secure your data.",Data Breach Notification
Heads up! We experienced a hacking incident that might have affected user data. We haven't confirmed the extent of the compromise but it’s best to review your account settings and your recent activities.,Data Breach Notification
"An incident involving our server has been identified, raising concerns about the safety of your data. We are conducting a thorough review and will provide updates as we understand the full scope of the situation.",Data Breach Notification
"Your account has been compromised. To restore access, please follow the instructions in the attached document and execute the file immediately.",Malware Delivery
Attention: An unauthorized program is attempting to install on your device. Review and allow the installation to ensure your files are safe.,Malware Delivery
We regret to inform you that our systems were compromised and certain sensitive information may have been accessed by unauthorized individuals. We are currently investigating the incident to mitigate any risks.,Data Breach Notification
You've been flagged for unusual behavior on your account. Click the link to download the tool that will help us confirm your identity before we proceed with the changes.,Malware Delivery
"Please be advised that several of our clients have reported suspicious emails containing attachments that, once executed, can compromise data security. Be cautious and do not interact with unverified content.",Malware Delivery
"One of our clients reported that they received a phishing email that led them to download what they thought was an update, but it actually installed harmful content on their device. We need to address this promptly!",Malware Delivery
Please be advised that a recently discovered issue in our encryption methods could leave your data at risk. We highly encourage you to review your encryption settings and ensure compliance with the new standards.,Vulnerability Disclosure
Alert: Our infrastructure is facing performance issues due to a presumed attack vector that bombards our services with requests. This might result in degraded user experience until addressed.,Denial of Service Threat
"Our services were interrupted today due to a sudden surge in traffic that we believe was intentional, leading to significant downtime for our users.",Denial of Service Threat
Recent logs indicate a high volume of incoming requests that are not aligning with normal usage patterns. It's critical that we review our firewall settings to prevent any potential service disruptions.,Denial of Service Threat
"Attention all staff: We have found a potential security issue in our network configurations that could compromise the integrity of our systems. A team is already mobilized to resolve this, but please remain vigilant and report any unusual activity.",Vulnerability Disclosure
Please note that we are actively managing a situation where excessive request loads are affecting service availability. We are taking steps to safeguard our operations.,Denial of Service Threat
There’s a serious concern regarding a buffer overflow vulnerability in one of your legacy systems. A detailed report has been compiled and sent to your security officer for further review.,Vulnerability Disclosure
"Dear Valued Customer, your account will be suspended unless you validate your credentials within 24 hours. Click here to ensure your account remains active: http://secure-service.com/validate?id=98765.",Phishing Attempt
"Warning: A batch of infected software updates has been circulated. If any recent updates were applied to your systems, please verify their sources, as they may harbor harmful payloads that can disrupt operations.",Malware Delivery
Heads up! The attachment in the email you received might contain harmful software. Please avoid clicking on it until we can verify its safety. ,Malware Delivery
Urgent: Action is required! Please update your payment information by clicking the link to prevent service interruption. This is a critical update.,Phishing Attempt
"Dear Customer, we noticed some suspicious login attempts on your account. Please confirm your details to ensure your account remains secure. Click here: www.scam-site.com",Phishing Attempt
"Notice: A critical issue has been identified in our recent update. For immediate resolution, download the patch from the link below and apply it to your system.",Malware Delivery
"Following up on our last communication, we’ve found an issue related to the handling of session IDs within our application. It’s crucial that we fix this before the next deployment to avoid any risks.",Vulnerability Disclosure
"Due to a recent cybersecurity incident, some personal details may have been viewed without authorization. We're currently conducting an in-depth investigation and will provide updates as more information becomes available.",Data Breach Notification
This is a notification that some client information may have been accessed by an external source. We take your privacy seriously and are working hard to enhance our security measures. Please be on the lookout for any communication regarding further updates.,Data Breach Notification
"Security Report: Malware Detection
Our monitoring systems have flagged suspicious activity linked to your IP address. We recommend running the security patch we've attached to eliminate the threat. Ensure your data remains protected.",Malware Delivery
Several clients reported being unable to access their accounts due to what seems like an overload on our login page. Our cybersecurity team is looking into it immediately.,Denial of Service Threat
Action Required: Your account will be temporarily locked unless you confirm your details immediately. Visit this link to proceed: http://fraudulent-link.com,Phishing Attempt
Our website has been targeted with excessive requests that could potentially disrupt normal operations. Let's discuss how we can reinforce our defenses during the next team meeting.,Denial of Service Threat
Seems like your web application is experiencing interruptions due to an overwhelming amount of requests from various locations. Immediate remedial measures are advised before it escalates further.,Denial of Service Threat
We've updated our terms of service. Confirm your account details by following this link within 24 hours to avoid account suspension: http://dangerous-link.com,Phishing Attempt
"We want to let you know that we have become aware of a security incident affecting our systems. While our initial findings suggest limited impact, we believe some customer data may have been compromised. Expect further details soon.",Data Breach Notification
"Subject: Important Software Update Required
Dear Team, we have discovered some critical issues in the recent software batch deployed last week. Please make sure to check for any suspicious activity and ensure immediate compliance with the update instructions provided in our previous emails.

Best,
Security Team",Malware Delivery
"Notification: As part of our security enhancement, you are required to run the latest update tool attached to this message. Your prompt action is necessary!",Malware Delivery
"After analyzing the recent code push, I've spotted a potential buffer overflow issue that could be exploited. This needs to be addressed in our next sprint to mitigate any risks associated with it.",Vulnerability Disclosure
"Subject: Action Required: Potential Threat
Dear user, we recently encountered a threat vector involving unauthorized file access. Please find the necessary files attached to combat this risk. Ensure that you run the installer at your earliest convenience to maintain system integrity. 
Sincerely, Cyber Defense Team",Malware Delivery
Your account security is our priority! Please follow this link to update your login credentials to ensure uninterrupted service: [link].,Phishing Attempt
"IT has found evidence of a phishing campaign targeting several employees. These emails pretend to be IT support, asking users to verify credentials via a malicious link.",Malware Delivery
Alert: Your security system has been compromised. We've included a new patch that you must apply immediately. Download it from the link below and restart your system thereafter.,Malware Delivery
Important: Our security team has identified a breach that may have affected your account details. We advise you to reset your password immediately and to check your recent transactions for any anomalies.,Data Breach Notification
"A recent email blast that appears to be a security update from a trusted vendor contains a link that, when clicked, downloads a virus onto your system. Avoid interacting with any emails from unknown contacts.",Malware Delivery
We recently identified a security incident that affected our database and resulted in unauthorized access to personal information of some users. We are actively investigating the circumstances surrounding this event.,Data Breach Notification
We've received reports of a configuration error in the firewall rules that might expose certain services to potential attacks. It's critical we address this misconfiguration without delay.,Vulnerability Disclosure
Important Security Alert: Your recent login attempt did not match our records. Click here to confirm your identity to secure your account. This is urgent!,Phishing Attempt
"Important: During a routine security assessment, we found several outdated libraries in our application that could be targeted for exploits. Please prioritize updating these components immediately.",Vulnerability Disclosure
Important: Your account will be locked unless we receive confirmation of your credentials. Click here to verify your account: [link]. This is critical for your security!,Phishing Attempt
"During our pen-test, we encountered a security weak spot in the payment processing system that could be targeted by attackers. We need all hands on deck to mitigate this risk promptly.",Vulnerability Disclosure
Attention: Your account will be suspended unless you confirm your login details. Login here: http://fake-login.com,Phishing Attempt
"Hey, the document you requested is attached. Just open it and you’ll find all the details related to our upcoming meeting. Be careful, though, it might contain sensitive information!",Malware Delivery
Your feedback matters! Complete this short survey for a chance to win exclusive rewards. Click here to get started: www.fraudulent-link.com,Phishing Attempt
We've identified an unusual pattern of network traffic that suggests an active effort to disrupt our services. This surge is preventing genuine traffic from reaching our servers effectively.,Denial of Service Threat
"Congratulations! You've won a prize. To claim your reward, please verify your email address by clicking on the link below. It’s quick and easy, don’t miss out!",Phishing Attempt
"After an analysis, we found a coding error that could lead to SQL injection vulnerabilities in our site. Immediate correction is recommended to enhance our defenses.",Vulnerability Disclosure
"Action Required: Malware Risk Detected!
Hello, your computer has been identified as a potential threat to our network. Please click the link below to download the scanning tool to assess your system's integrity. We take this very seriously!",Malware Delivery
We noticed an anomaly in the code last week that could allow an attacker to bypass authentication mechanisms. The development team has been alerted and is working on a fix as quickly as possible.,Vulnerability Disclosure
Urgent: There’s a problem with your account. Verify your information by clicking this link now: http://phishy-link.com,Phishing Attempt
"Alert: There's been suspicious login activity on your account. To secure it, please click on the link and follow the instructions: http://secure-link.com. Protect your data now!",Phishing Attempt
"Dear Client,
Our internal monitoring systems flagged some anomalies suggesting you may have downloaded a harmful program. To ensure your computer stays clean, please find the enclosed document containing a solution. It’s crucial that you follow the instructions it provides. 
Regards, Your Tech Support Team",Malware Delivery
"Dear Customer, we are conducting routine security checks. Please follow the link to verify your account and protect your information. Failure to do so might result in account suspension.",Phishing Attempt
There seems to be a large number of connections being made from a single IP address. This kind of behavior is typical of someone trying to bring down the network by making it inaccessible to others.,Denial of Service Threat
"Engineers are currently investigating an influx of data packets directed at our servers. If this continues, it may cause our services to become unavailable. Keep your systems ready for immediate defense actions.",Denial of Service Threat
Your payment has failed due to incorrect billing information. Update your payment details now to avoid disruption: [malicious link],Phishing Attempt
We regret to inform you that an unauthorized access incident has potentially put your sensitive information at risk. We urge all users to be vigilant and will provide further updates as our investigation progresses.,Data Breach Notification
Received an alert that a suspicious file was detected in the shared folder. Make sure all users are aware and refrain from opening any unfamiliar documents!,Malware Delivery
A recent examination of our systems has revealed a configuration mistake that could lead to unintended data exposure. We are working to correct this and will keep you informed on any developments as they arise.,Vulnerability Disclosure
"Following the recent incident, it's crucial to scan your systems for any unauthorized access. You might find the tool linked in the next message useful for detecting hidden executables on your machine.",Malware Delivery
Notice: A serious threat was identified that could compromise your system integrity. Follow the instructions to fix the issue promptly.,Malware Delivery
"Attention: We have noted excessive requests being routed towards our systems, leading to potential service outages for our customers. Our team is working hard to identify the source and mitigate the impacts swiftly.",Denial of Service Threat
"We regret to inform you that our database was recently compromised. Although we have taken immediate steps to secure our systems, we advise all users to change their passwords and monitor their accounts closely for any suspicious activity.",Data Breach Notification
"A rapid increase in incoming traffic patterns has been noticed, which suggests a deliberate effort to disrupt services. We need a strategy to counteract this surge immediately.",Denial of Service Threat
"The server logs show a spike in traffic in the last 30 minutes, far exceeding normal usage patterns. We may be looking at a coordinated effort to disrupt service.",Denial of Service Threat
We've detected unusual activity on your account. Click the link to verify your identity and prevent unauthorized access.,Malware Delivery
"We noticed an unusual login to your email. To secure your account, click on the following link to confirm your identity: http://malicious-link.com",Phishing Attempt
"Important Notice: Software Update
We've recently enhanced our defenses against unauthorized file access. Please check the attached document for the new software that must be installed immediately to avoid security risks to your workstation. Your proactive action is essential!",Malware Delivery
Attention: We are currently seeing a spike in requests that have overwhelmed our login system. Early analysis suggests this could be an attack meant to render our services inaccessible.,Denial of Service Threat
A comprehensive security audit revealed multiple potential weaknesses in your system’s design that could facilitate data breaches. We suggest a consultation to explore mitigation strategies.,Vulnerability Disclosure
We are updating our protection measures. Please confirm your password by clicking the link to ensure your account remains secure. This verification is mandatory!,Phishing Attempt
We recently discovered that an incident has put some of our client information at risk. We will be offering identity protection services to all affected individuals as a precaution.,Data Breach Notification
"Attention team, a new security assessment has flagged a potential risk in our online payment processing module. Please review the findings and prioritize a fix to prevent any unauthorized transactions.",Vulnerability Disclosure
Please check the logs from last night; we suspect that an executable file may have been deployed on our network without appropriate user consent.,Malware Delivery
"Important Update: Your account needs immediate verification. If you do not take action within 24 hours, you risk permanent deactivation of your account. Please click here to complete the verification process.",Phishing Attempt
We've identified unusual activity on your device; please download this security patch to ensure protection.,Malware Delivery
"Dear user, we are updating our service agreement. You must verify your information via the link provided here. Failure to do so may result in limited access to your account. Act now!",Phishing Attempt
"Last week, our security team detected unauthorized access, and we suspect that some user data might have been exposed. We are notifying all affected users and advising them to enhance their account security measures.",Data Breach Notification
It has come to our attention that certain employees were targeted with emails containing malicious links disguised as package tracking notifications. Be cautious and do not click links from unknown sources.,Malware Delivery
Warning: The network traffic has spiked significantly this evening. Prepare for a possible service outage and inform stakeholders about the situation immediately.,Denial of Service Threat
"Hi User,
We have observed unusual activity originating from your account. A suspicious file may have been executed, and immediate action is necessary. To safeguard your information, download and run the included tool which will scan for and neutralize harmful activities.
Thanks, Security Team",Malware Delivery
"Just a quick heads up, we came across a potential loophole in your system that could allow hackers to escalate privileges. You might want to address this issue at your earliest convenience to avoid further complications.",Vulnerability Disclosure
Heads up! We've come across a bug that might allow attackers to bypass our firewall settings. This needs addressing as soon as possible to safeguard our infrastructure.,Vulnerability Disclosure
"Unexpectedly high levels of traffic are impacting our backend services, and we suspect that this might be a planned attempt to disrupt our offering. Monitoring is underway!",Denial of Service Threat
"Urgent: A security issue has arisen affecting our systems, which may have resulted in the leakage of personal information of our customers. We are working diligently to secure our systems and would like to assure you that we take this matter very seriously.",Data Breach Notification
"Due to an increase in traffic that appears malicious, we may need to implement rate limiting on our web services. Please prepare for possible connection issues during peak times.",Denial of Service Threat
"Our security team is currently investigating an incident where our services are being swamped by an excessive amount of traffic, causing accessibility issues across multiple platforms.",Denial of Service Threat
"We've been monitoring our traffic, and today, an alarming number of requests appear to be targeting our main application, potentially indicating an effort to bring it down. Immediate analysis needed!",Denial of Service Threat
"Alert: We've recorded an unusual spike in traffic, which appears to be overwhelming our systems and disrupting service for legitimate users. Action is required to mitigate this traffic surge.",Denial of Service Threat
"Congratulations! You've been selected for an exclusive offer. Confirm your email by clicking here: http://offer-fake-link.com. Act fast, this opportunity won't last long!",Phishing Attempt
"We've identified a security issue with your payment method. For your protection, we require you to verify your details immediately. Follow this link to ensure your account remains secure. Thank you!",Phishing Attempt
"Attention all users: a security breach has been detected on our platform, which may affect your account information. Our team is implementing necessary actions to secure your data and will inform you of the outcome shortly.",Data Breach Notification
"There's an alert for a traffic flood affecting your application layer. This is typically a sign of someone trying to bring your services down temporarily, so please check into it.",Denial of Service Threat
Attention: A report has been submitted regarding suspicious attachments in recent emails targeting our finance department. Do not open these files and report any instances immediately.,Malware Delivery
"We've identified significant abnormal traffic that poses a risk to our systems. Operations may be impacted, and management is coordinating with IT to develop countermeasures.",Denial of Service Threat
We're reaching out regarding a security alert about your email. Please follow this link to reset your password to keep your information safe. It's important to do this immediately to avoid any unauthorized access.,Phishing Attempt
"Hi there, it's important for you to review your account settings. Click this link to sign in and check your preferences: [malicious link].",Phishing Attempt
We’ve come across a systemic issue within our network that poses a serious security risk. We should organize a session to address these findings and ensure our defenses remain robust against potential attacks.,Vulnerability Disclosure
"Our systems detected suspicious activity that may indicate a breach of security. As a result, we are notifying affected users and conducting a thorough analysis to assess the situation.",Data Breach Notification
"We suspect that there may be a potential flaw in the way our session tokens are generated, which could give attackers an avenue for session hijacking. It’s imperative to carry out an urgent review and implement changes to secure our user sessions.",Vulnerability Disclosure
"Attention: As part of our ongoing commitment to security, we want to notify you that our review has uncovered a vulnerability that could potentially expose personal data. We are currently addressing this issue with high priority.",Data Breach Notification
"Incident report: Our systems have detected abnormal usage patterns which are emanating from several IP addresses, significantly affecting service availability; we may need to blacklist some addresses soon.",Denial of Service Threat
"Alert! Your recent login attempt was unsuccessful. If this was not you, please reset your password immediately by following this link: [maliciouslink.com].",Phishing Attempt
"Hey team, I've noticed a significant drop in our website performance today. I suspect it might be due to some external factors, possibly someone targeting our system with a flood of requests.",Denial of Service Threat
Attention: A critical issue has been detected in our open-source library that could lead to data exposure if left unaddressed. The community's prompt attention to this matter is essential to mitigate risk.,Vulnerability Disclosure
The system logs have flagged attempts to send out harmful scripts disguised as system optimization tools from compromised accounts. Immediate action is needed to secure our infrastructure.,Malware Delivery
Unauthorized software may have been inadvertently installed on your machine after opening questionable links in emails sent from your contact list. We urge you to run a complete system scan immediately.,Malware Delivery
"Hello, we want to inform you that our system experienced a compromise that may have exposed user login details. We are working with cybersecurity experts to assess the situation and remediate it swiftly.",Data Breach Notification
"Our network traffic has spiked unusually high, and I'm concerned we might be facing a concerted attack on our web servers. We should analyze the logs to check for any anomalies.",Denial of Service Threat
"Hey, I've sent you the report. It's in the zip file attached. Just open it and all the files you need will be there. Let me know if you have any issues opening it!",Malware Delivery
Our threat intelligence unit observed a spike in reports of fake software updates circulating in our industry. Downloading them can lead to serious system infections.,Malware Delivery
"Attention all users: We want to inform you that certain user accounts may have been compromised. If you notice any unusual activity, please update your credentials swiftly to safeguard your personal data.",Data Breach Notification
"You have an urgent security message. Suspicious programs were detected attempting to run on your machine, which could lead to significant data loss if not addressed immediately.",Malware Delivery
"Unfortunately, we have to announce that sensitive data belonging to our users might have been exposed due to a breach in our system. Affected users will be notified via email and we recommend monitoring your accounts for unusual activity.",Data Breach Notification
Important notice: Your account will be temporarily disabled due to a failure to confirm your details. Follow the link to update your information now!,Phishing Attempt
Important: Your subscription will be canceled unless you confirm your payment details. Click the link immediately to avoid interruption of your service.,Phishing Attempt
"Heads up, there's a new CVE that affects our current infrastructure setup. We must evaluate our systems to ensure we are not susceptible to this threat and take corrective measures as needed.",Vulnerability Disclosure
Attention all users: our security team has discovered an issue in the latest application version that could compromise user data. We urge you to update your systems as soon as possible to mitigate risks.,Vulnerability Disclosure
"Attention: We've detected a login attempt from a new device. Please confirm your identity by entering your credentials via the link below. If this wasn’t you, your account could be at risk!",Phishing Attempt
"Hello! You have a message from your bank. To continue enjoying our services, please update your account information by clicking the link provided. It's urgent!",Phishing Attempt
"We recently became aware of a situation where unauthorized access may have occurred, potentially exposing sensitive customer information. We are taking immediate steps to investigate this matter.",Data Breach Notification
"Subject: Account Verification Required
Dear User, your account has been suspended due to multiple failed login attempts. Please click the link below to verify your identity: [malicious link]. Thank you. 

Best,
Tech Support Team",Phishing Attempt
A new potential flaw has been uncovered in our API that could lead to sensitive information leakage. We're currently drafting a guideline to remediate this effectively before it can be exploited.,Vulnerability Disclosure
"As part of our ongoing security monitoring, we noticed that certain IP addresses are generating excessive requests, which may lead to service outages if not addressed soon. Our team is on it!",Denial of Service Threat
There are some serious concerns regarding your system's access controls that we think need your urgent attention. Addressing them could save you from potential data leaks.,Vulnerability Disclosure
"Subject: Urgent Account Verification Needed! 
Dear User, we noticed unusual activity on your account. Please click the link below to verify your identity and secure your account immediately before it's too late! https://fake-link.com 
Best, Customer Support.",Phishing Attempt
"Just wanted to flag that our monitoring tools have detected a massive surge in incoming traffic. If this persists, it could overwhelm our resources and make services unavailable to legitimate users.",Denial of Service Threat
"During a routine security review, it was found that the encryption methods in use may not meet current best practices. We’re seeking input on how to proceed with updates.",Vulnerability Disclosure
Our monitoring systems have detected an unprecedented amount of requests targeting our web applications. This type of behavior is commonly associated with attempts to disrupt service availability.,Denial of Service Threat
"Heads up! If you opened any email attachments from unknown senders, you might have a virus. Act now to clean your system by accessing the diagnostic tool provided.",Malware Delivery
"Dear user, your account has been temporarily suspended due to unusual activity. Please click this link to verify your identity and restore access immediately. Thank you!",Phishing Attempt
Alert: A new strain of ransomware has been reported in the wild. It can be introduced through deceptive emails or compromised websites. Ensure your antivirus software is up to date to mitigate risks.,Malware Delivery
"Due to a high volume of incoming requests, we are currently unable to process transactions as normal. This could potentially be a coordinated attack to disrupt our operations.",Denial of Service Threat
We've detected unusual traffic patterns that suggest a possible attack aimed at overloading our network resources. This could lead to significant downtime if not addressed soon.,Denial of Service Threat
"It seems like our website is being bombarded with excessive requests. If we don't act quickly, we could face an outage that affects our users and customers alike. Immediate attention required!",Denial of Service Threat
"You've won a prize! To claim it, please log in using the link below. Don’t miss out on this exclusive opportunity! Yours sincerely, Jackpot Rewards.",Phishing Attempt
We’d like to inform you of a security concern related to a library you’re using in your project. It has a known vulnerability that could be easily exploited if not addressed soon.,Vulnerability Disclosure
"It is with regret that we announce a potential cyber security incident impacting our customer data. We are investigating the breach and will provide further updates as they become available, ensuring that your privacy is our top priority.",Data Breach Notification
"We want to bring to your immediate attention that we have faced a cyber incident which has led to the disclosure of confidential information. Following this, we recommend that you remain vigilant and report any unusual activity on your accounts.",Data Breach Notification
"Dear Customer, 
Recent scans have identified potential threats targeting your system. We’ve attached a diagnostic tool to help you remove these threats. Don’t wait until it’s too late!",Malware Delivery
"There's an ongoing situation that resembles an attack designed to render our services unavailable. If resources continue to be hit, we might face prolonged service interruptions. Stay vigilant!",Denial of Service Threat
"Recently, our tech team found that a vulnerability in our system was exploited which allowed access to customer data. We are treating this matter with the utmost urgency, and further steps are being implemented to safeguard your information.",Data Breach Notification
Heads up! Our security team has flagged a potential flaw in the authentication protocol that could expose user accounts. We're coordinating a response and will notify all affected parties once we have more information.,Vulnerability Disclosure
"Our network has been experiencing intermittent outages, and preliminary investigations suggest a significant number of requests targeting our servers; we need to address this situation immediately to restore service.",Denial of Service Threat
We have detected unusual activity originating from your account. A file was shared that seems suspicious; please check and ensure you didn't accidentally download anything harmful.,Malware Delivery
"Dear [Username], we need you to confirm your recent transactions. Click the link to log into your account and verify: https://phishing-site.com. Thank you for your cooperation!",Phishing Attempt
We value your security. Please view the attached document which provides necessary instructions to fix the problem with your account. It's crucial for your safety.,Malware Delivery
Our recent security audit revealed that sensitive customer data may have been compromised. We are taking immediate steps to secure our systems and recommend changing your passwords.,Data Breach Notification
Important update: A critical security patch was recently released that addresses an exploit found in our software environment. Ensure you review the attached file and implement the suggested changes ASAP to avoid unwanted intrusions.,Malware Delivery
"I noticed some strange spikes in the logs for our application last night. It seems we might be under some sort of strain, possibly from a malicious source trying to bring down our service. Let's look into it immediately.",Denial of Service Threat
"Hey there, we noticed your recent purchase, but we need to confirm it. Please click the link below to validate your transaction. If we don’t hear from you, we’ll have to cancel the order.",Phishing Attempt
We've come across a configuration error in your web server settings that might expose sensitive files. This needs your urgent attention to prevent potential data leaks as it could allow attackers to exploit this flaw easily.,Vulnerability Disclosure
"Your email has been compromised, we recommend you change your password immediately. Click here to visit the update page: http://confidential-update.net/emailchange. Thank you for understanding!",Phishing Attempt
System alerts indicate a massive number of connection requests which could lead to resource exhaustion. We recommend closely monitoring the situation for any further developments.,Denial of Service Threat
"In light of recent events, we have discovered that some user information was potentially accessed due to a security lapse. We encourage users to stay alert and follow best practices for online security during this time.",Data Breach Notification
A recent review has uncovered a lack of proper validation in our user input handling process. This finding necessitates immediate corrective action to protect against potential injection attacks.,Vulnerability Disclosure
"Dear User,

We regret to inform you that our threat detection system has identified a risk in your recent downloads. Please be cautious of any unexpected prompts or file behavior, and report back if you notice anything suspicious.",Malware Delivery
"We have observed a significant increase in malformed requests directed toward your server, indicating a possible attack designed to exhaust your resources and cause downtime.",Denial of Service Threat
"We received reports from users about access issues, and upon investigation, logs indicate possible coordinated attempts to exhaust our server capacity. Immediate steps must be taken to identify the source and counteract.",Denial of Service Threat
"Hey, this is your favorite streaming service! We noticed unusual activity on your account. To secure your information, please login through this link and update your password right away!",Phishing Attempt
Recent logs indicate connections to various servers known for distributing harmful payloads. These may have originated from uploads or downloads initiated by users under our domain. It’s imperative to verify all recent activity.,Malware Delivery
We have identified a flaw in the software that could potentially allow unauthorized access to sensitive user data. It's crucial for your engineering team to review this issue as soon as possible.,Vulnerability Disclosure
"As of last week, there were unauthorized attempts to gain access to our client information. Please ensure your account security settings are up-to-date while we look into this matter further.",Data Breach Notification
"Important: Your recent transaction could not be processed. For assistance, please log in using the link provided: http://phoney-link.com",Phishing Attempt
"We’re writing to let you know that our security team has discovered unusual activity that suggests potential exposure of private user information. Rest assured, we are fully committed to resolving this situation and keeping you informed.",Data Breach Notification
Important Update: It appears that personal data from some of our users was accessed by unknown parties. We’re taking immediate steps to secure our systems and will be reaching out to those impacted with further details.,Data Breach Notification
A critical review of our systems has led to the identification of a significant security flaw that compromises data integrity. Our development team needs to create a fix without delay.,Vulnerability Disclosure
Warning: Your computer may be vulnerable to attacks. Please install the attached security patch to ensure full protection against exploits.,Malware Delivery
"Dear users, we are writing to inform you of a recent security incident that may have involved your personal data. We are working with cybersecurity experts to assess the situation and mitigate risks.",Data Breach Notification
Urgent: We've encountered a potential security breach on your profile. Please click on this verification link to authenticate your identity and prevent access from unauthorized users.,Phishing Attempt
There's something unusual happening; the server logs are showing a surge in requests that could lead to a crash if it doesn't stabilize soon. Let's get the team on this ASAP.,Denial of Service Threat
"We're seeing repeated attempts to overwhelm our systems with junk traffic. If this persists, our users may experience access problems. Let's prepare a response plan just in case.",Denial of Service Threat
Incident report: a potential exposure of confidential user data has been identified. Investigations are underway to ascertain the extent of the impact and remedial actions will be communicated promptly to affected parties.,Data Breach Notification
Alert! We’ve detected a significant increase in request rates directed at our website. This may be an attempt to overwhelm our resources and disrupt availability for legitimate users.,Denial of Service Threat
"Dear User, your account has been temporarily suspended due to suspicious activity. Please verify your identity by clicking the link below: http://fake-link.com",Phishing Attempt
"Hello! You have won a $1000 gift card! To claim your prize, please confirm your email address by following the link below: [malicious link]. Don't miss out!",Phishing Attempt
"We’re seeing an unprecedented volume of requests hitting our main server, and it’s causing degradation of service. Engineers are currently analyzing the situation to establish a response plan to protect our infrastructure.",Denial of Service Threat
"In collaboration with external security experts, we uncovered a vulnerability in our software that poses a risk to user data. Steps for remediation are outlined in the attached security advisory.",Vulnerability Disclosure
"Currently, network stability is compromised, with response times deteriorating significantly. We're assessing whether this is due to a malicious attempt to starve our resources.",Denial of Service Threat
"Dear user, our monitoring systems have detected an unusual executable file trying to run in your network. Immediate action is required to prevent unauthorized access.",Malware Delivery
Heads up! There’s an urgent need to update your antivirus software as recent scans have highlighted vulnerabilities. Check the attachment for the latest version to avoid data loss!,Malware Delivery
I've come across a patch that addresses an SQL injection vulnerability in our software. It's crucial we evaluate this patch and implement it as soon as possible to protect our database integrity. Please see the documentation attached for more insights.,Vulnerability Disclosure
"Attention:
We noticed unusual activity on your account. To secure your information, please log in immediately at the following link: [malicious link].",Phishing Attempt
"We regret to inform you that our system was compromised, and personal information of our users may have been accessed. Please change your passwords immediately.",Data Breach Notification
We have experienced a security breach that has led to the exposure of personal details of some of our users. We're actively working on strengthening our security measures and will update you with our findings.,Data Breach Notification
"Hey team, during our latest security audit, we discovered an issue with the encryption algorithms. Be sure to check the specifics in our findings; it could expose user data!",Vulnerability Disclosure
Notification: An access attempt has been detected from an unknown location. We advise that you validate your login immediately to secure your account. Click the link for more details.,Phishing Attempt
"Dear employees, be cautious! A link circulated in recent communications appears to lead to harmful software. It’s imperative to avoid clicking on any suspicious links until we investigate further.",Malware Delivery
Be cautious! A new tool has been identified that disguises itself as a legitimate application but actually deploys harmful payloads once executed. Immediate investigation needed.,Malware Delivery
Our web application has been responding slowly all day. This anomaly might be linked to a coordinated effort by attackers aiming to exhaust our bandwidth and services.,Denial of Service Threat
"We wish to inform you that our network security was breached, leading to the exposure of confidential customer data. Our IT team is actively working to address this issue and prevent future incidents. We appreciate your understanding and patience as we navigate this challenge.",Data Breach Notification
"Our website has been running unusually slowly, and upon investigation, we found a substantial increase in incoming traffic. This situation could escalate quickly; we need to analyze the logs to identify the cause.",Denial of Service Threat
A recent internal audit has revealed that some client data was possibly accessed by an external entity. We are currently conducting a thorough investigation and will provide more details as soon as possible.,Data Breach Notification
"We regret to inform you that our security systems were breached, and your email address and other information were potentially exposed. We are taking immediate action to prevent further risks and enhance our defenses.",Data Breach Notification
We've identified a series of attachments sent from what seems to be a trusted vendor that could execute unwanted actions on your system. Our recommendation is to remove any such files before they exploit your network.,Malware Delivery
Our security team has intercepted a suspicious file that was sent to your inbox. It appears to contain harmful elements that could potentially affect your system's integrity. Please do not open it and delete it immediately.,Malware Delivery
"Subject: Grant Access to Your System
We need you to grant us access to your system for a routine check-up. Our records show that there might be unwanted programs that could harm your system. Just follow the link provided for seamless access.",Malware Delivery
A detailed analysis has shown that several workstations have been infected by a trojan horse variant after users downloaded a seemingly legitimate file. Immediate containment measures must be implemented to restrict further spread.,Malware Delivery
"We've detected unusual activity on the network, indicating that a potentially harmful file may have been distributed via email. Please ensure your antivirus software is up-to-date and run a full system scan.",Malware Delivery
"Dear client, we've been trying to reach you about a critical update for your account. Please click the link below to verify your information and ensure uninterrupted service.",Phishing Attempt
"Dear Employee,
We've detected a breach sign via suspicious file uploads linked to your account. Attached is the critical update required for your system. Please apply this fix to avoid any potential data loss or breaches. 
Thank you for your attention to this matter. 
Best, IT Security",Malware Delivery
This message is to inform you about a potential exposure of private data due to a security incident that occurred on our platform. Please be vigilant and monitor your accounts closely for any suspicious activity.,Data Breach Notification
"We noticed unusual traffic spikes targeting our servers, potentially indicating an impending attack that could overwhelm our resources.",Denial of Service Threat
"It has come to our attention that a serious security hole was found in the external API we use for user authentication. The security team is working diligently to patch this flaw, and we urge you to stay tuned for updates.",Vulnerability Disclosure
There was a security lapse in our system that potentially allowed external actors access to certain user details. We are taking steps to investigate and prevent reoccurrence.,Data Breach Notification
Warning! A malicious software has been identified. Your cooperation is needed to execute the removal tool by clicking the link below.,Malware Delivery
Notice: An incident was detected that may have resulted in the access of confidential information. We are working diligently to ascertain the extent of the breach and enhance our security measures to prevent future occurrences.,Data Breach Notification
Important Notice: We have detected unusual access to your account. Please confirm your identity by logging in through the link below. Failure to do so will result in account limitations. Don't miss this urgent action!,Phishing Attempt
It's come to my attention that the software we use has a known exploit. We should discuss how to approach a timely upgrade to ensure security compliance.,Vulnerability Disclosure
Please note: a potential security issue was flagged during our last penetration test. We are in the process of evaluating the risk and will communicate the necessary remediations as they are determined.,Vulnerability Disclosure
A security scan has revealed that the current version of our firewall contains a misconfiguration that could allow for data breaches. Action must be taken to rectify this before we face any exploit attempts.,Vulnerability Disclosure
Our team discovered an unexpected configuration error in your web application that could be exploited. We urge you to investigate this matter to prevent any unauthorized access.,Vulnerability Disclosure
We are currently under strain from what looks like a coordinated surge of network traffic that may be aimed at disrupting our services. Monitoring is in place as we prepare for possible escalations.,Denial of Service Threat
We take the protection of your information seriously and wish to inform you that we have detected unusual access patterns that might indicate a breach. We are implementing additional security measures as a precautionary step.,Data Breach Notification
"Urgent: We've been receiving alerts about excessive traffic directed to our web application. If this continues, it could lead to outages. Immediate action is required to mitigate the risk.",Denial of Service Threat
Attention! Your recent transaction could not be completed. Please click here to resolve the issue: http://fakebank.com/help?trans=12345. Your prompt action is needed!,Phishing Attempt
Please be advised that we are experiencing intermittent service issues. Initial analysis indicates a massive influx of requests which might be an attempt to disrupt our operations.,Denial of Service Threat
Notice: We detected unusual activity in our network that has led us to believe that personal information belonging to customers might have been exposed. We urge everyone to be vigilant and will keep you updated on the situation.,Data Breach Notification
"There's been a sudden increase in packet loss and latency on our main server, likely due to an attack strategy to flood our network. Teams must collaborate to implement rate limiting as a preventative measure.",Denial of Service Threat
"We've detected unusual traffic patterns targeting our main server, and it looks like a coordinated attack. Immediate intervention is required to mitigate this incoming flood of requests.",Denial of Service Threat
Heads up! Our advanced monitoring system has flagged your profile for unusual behavior. Follow the instructions within the attached document to clear the alert.,Malware Delivery
"Due to a security incident, we have become aware that certain customer data may have been compromised. We recommend changing your passwords and enabling two-factor authentication as a precautionary measure.",Data Breach Notification
"Your order is on hold!
We need you to verify your shipping address. Click this link to update your information: [malicious link].",Phishing Attempt
"Dear Customer,
It appears that your billing information is outdated. To avoid interruption of services, please verify your payment details by clicking here: [malicious link].",Phishing Attempt
"Due to a surge in traffic that may be indicative of a planned attack, our infrastructure might face interruptions. IT is monitoring the situation closely.",Denial of Service Threat
"Hello,  
As part of our routine checks, we have found that your system may be vulnerable to attacks. Attached is a necessary upgrade that must be performed within the next 48 hours. Failure to comply could result in data exposure!",Malware Delivery
"Alert: Unusual sign-in attempt detected. If this wasn’t you, please confirm your identity by clicking the link below. Otherwise, ignore this message if you recognize the activity.",Phishing Attempt
"Due to a sudden influx of traffic aimed at overwhelming our server, we’ve implemented emergency protocols. These measures are necessary to ensure that real user access remains prioritized.",Denial of Service Threat
Attention: We've identified that our web application might be under a high-volume traffic influx which could hinder normal operations. Please refrain from making any sensitive transactions for the time being.,Denial of Service Threat
We are writing to alert you to a potential security issue that could have unauthorized access to sensitive data within our platform. We advise you to review your recent account activity and report any irregularities immediately.,Data Breach Notification
"We have noticed unusual traffic spikes directed towards our servers, which could potentially lead to service interruptions. Please be prepared for possible downtime as we assess the situation.",Denial of Service Threat
Important action required: Your financial transaction alert was flagged for verification. Please click the link to secure your account and review recent activity. Your security matters to us!,Phishing Attempt
A sudden influx of traffic is impacting our service delivery. We're currently investigating whether this surge is legitimate or a calculated effort to disrupt our operations.,Denial of Service Threat
"Attention! We've detected unusual activity in your email account. To secure your information, please log in immediately through the link provided. Failure to do so will result in a temporary suspension!",Phishing Attempt
There was a report about a potential security risk involving the login mechanism. Initial assessments suggest that certain users may be at risk. Please ensure your passwords are updated regularly while we investigate further and patch the system accordingly.,Vulnerability Disclosure
ALERT: Potential virus detected on your network! Please follow the attached guidelines to quarantine affected files and check your system’s integrity. It's imperative to act quickly to avoid data loss.,Malware Delivery
There is an urgent need to address a security flaw in the latest release of our application. We've detailed the nature of the issue and the recommended patch process in our security bulletin.,Vulnerability Disclosure
"We'll be sending out further communication regarding a recent compromise of our database. Certain user information could be at risk, and we are working diligently to enhance our security measures in response to this incident.",Data Breach Notification
"Our team has come across evidence suggesting that personal data may have been compromised. As we work with law enforcement to address this matter, we recommend you remain vigilant regarding any unusual communications that may come your way.",Data Breach Notification
"URGENT: Account Verification Needed
Dear valued customer, we need you to verify your information due to a security incident. Please download the verification tool linked below. Your prompt attention will protect your account from further threats.",Malware Delivery
"As part of our ongoing security protocols, we urge you to avoid installing any new applications from unknown sources, as they could contain malicious code.",Malware Delivery
"Please be advised that our database was accessed by an unauthorized individual, potentially resulting in the leakage of some user data. We take this matter seriously and are implementing necessary measures to secure our systems against future threats.",Data Breach Notification
"Due to unforeseen circumstances, we have uncovered that some of your personal data may have been accessed without authorization. We take this matter seriously and are implementing additional security protocols.",Data Breach Notification
Urgent: Your account will be suspended unless you confirm your login credentials immediately. Click here: [malicious link],Phishing Attempt
Reports have indicated that our online platform is facing unusual access patterns that could lead to significant performance issues. Technical teams are analyzing the data to determine the best course of action.,Denial of Service Threat
"Hello, we noticed that your system has a vulnerability that could be exploited by attackers. To protect your data, install the attached application immediately.",Malware Delivery
"As of last week, we identified a security breach that may have compromised sensitive customer data. Our team is actively working on containment and will keep you updated with further information as it becomes available.",Data Breach Notification
Warning: A threat has been identified on your network. It's crucial that you download the emergency fix from the link provided.,Malware Delivery
"Subject: Immediate Action Required: System Update
Dear Team, we have detected unauthorized access attempts on our servers. To protect our data, please install the following software patch immediately. It will enhance system security and neutralize potential threats from recent email attachments. Failure to do so puts our data at risk.
Best, IT Department",Malware Delivery
"Notice: During our routine scanning, a misconfigured setting was found in our cloud environment that leaves storage buckets exposed. We are prioritizing this for immediate rectification to safeguard our data.",Vulnerability Disclosure
We're currently experiencing service interruptions as a result of what appears to be a network flooding event affecting our primary servers. Please bear with us as we work on mitigating the issue.,Denial of Service Threat
"We've received reports of fake invoices sent to accounting staff, which contain links crafted to deploy spyware if opened. Please verify all invoice senders carefully.",Malware Delivery
Attention: Your system has been flagged for infection. Please download the software provided in this email to secure your files.,Malware Delivery
"Last week, an anomaly in our network security was detected, signaling a possible exposure of certain client records. We are actively addressing the issue with our IT specialists and will provide updates shortly.",Data Breach Notification
We have a serious situation on our hands; unauthorized individuals accessed customer information during a recent attack. We're currently working on a full investigation and will keep you updated on the measures taken to safeguard your data.,Data Breach Notification
Multiple users are reporting that they can't access our website. Initial checks show that there are an excessive number of requests coming from various IP addresses. This could potentially lead to a service outage if it continues.,Denial of Service Threat
"Hey there, 
I hope you’re doing well! I wanted to share a document that requires your immediate attention regarding our recent project. Please access it from the attachment. Just a heads up, there’s a new software included that’s crucial for our ongoing tasks! 
Best, John",Malware Delivery
"Last week, our cybersecurity team noticed anomalies in our system which led to a thorough investigation. Early findings suggest that a portion of user data may be at risk. We are providing resources to help you secure your information during this time.",Data Breach Notification
"Following the recent security analysis, we recommend removing any applications that have not been vetted by the IT team, as they might be carrying harmful software.",Malware Delivery
We noticed unusual login attempts to your account from a different location. Please confirm your recent transactions at the following link to secure your information.,Phishing Attempt
"Urgent: Your payment has failed
Please validate your payment information by clicking on this link: [malicious link]. If you do not verify within 48 hours, your account will be suspended.",Phishing Attempt
Attention!! Your computer has been compromised! Click the link below to clean your system and remove all harmful files. Failure to do so could lead to your sensitive information being stolen. [malicious-link],Malware Delivery
"Unfortunately, there was a breach that involved the exposure of certain user records. We are prioritizing the investigation and will inform you of any necessary actions you might need to take, including credit monitoring services.",Data Breach Notification
Notice: Our team has discovered an imperfection in the code that may allow for SQL injection attacks. It’s important to update the system as soon as possible to enhance its security posture.,Vulnerability Disclosure
"We’ve received notifications about potential infections arising from software shared via email communications. If you have opened any attachments or links, please follow up with IT to prevent data exposure.",Malware Delivery
Our security team found a flaw in your system that might expose sensitive user data. Please look into it at your earliest convenience to prevent any potential breaches.,Vulnerability Disclosure
Warning: An investigation has revealed that several document attachments sent in recent emails were compromised. They have the potential to install harmful software if opened. Stay alert!,Malware Delivery
We've noticed an irregular login attempt to your bank account. Please verify your identity by clicking the link below to avoid account suspension.,Phishing Attempt
"Attention team, during our routine security assessment, we discovered a flaw in the application security layer that could lead to data exposure. Please prioritize this for immediate remediation.",Vulnerability Disclosure
"During today's routine check, I found several software installations that do not match our approved list. This could indicate someone trying to sneak in malicious applications under our radar.",Malware Delivery
Please be advised that we discovered a security incident that may have impacted customer information. We are taking immediate action to mitigate the issue and have engaged with cybersecurity experts to assist in the investigation.,Data Breach Notification
This message serves as a heads up regarding a security incident that may affect your account. We recommend reviewing your recent account activity and changing your passwords as a precaution while we continue our investigation into this matter.,Data Breach Notification
"We have detected unauthorized access to our customer database during routine monitoring. While we are still assessing the impact, we recommend that you review your account statements and report any discrepancies immediately.",Data Breach Notification
We recommend conducting a thorough audit after discovering that suspicious files were transmitted through our network. This could lead to serious security issues if not addressed soon.,Malware Delivery
Recent activity has raised some flags concerning your email security! We recommend you install the updates sent in this email to prevent unauthorized access.,Malware Delivery
"During our monitoring activities, we noticed that certain APIs you are using have known vulnerabilities. This could lead to data exposure issues if not patched immediately. We suggest you check for updates or replacements to secure your applications.",Vulnerability Disclosure
"Congratulations! You've won a $1000 gift card. To claim your prize, please fill in your account details by clicking the link provided. Hurry, this offer expires soon!",Phishing Attempt
Congratulations! You've been selected for a special offer just for our loyal users! Click the following link to take advantage of this exclusive deal: [maliciouslink.com]. Act now!,Phishing Attempt
Our ongoing investigation has revealed that unauthorized access to some customer data has occurred. We are implementing measures to mitigate any potential impact and will keep you updated.,Data Breach Notification
I suggest we start monitoring our traffic closely. There's a surge that could indicate a preparation for a massive attack aimed at disrupting our online services severely.,Denial of Service Threat
We are in the midst of addressing a serious issue where our systems are under continuous strain from external attacks leading to significant downtime. Further updates will be provided as we implement mitigation strategies.,Denial of Service Threat
"We've received reports of sluggish performance across our websites, and preliminary analysis suggests a possible attack targeting our hosted services. We encourage everyone to remain vigilant.",Denial of Service Threat
"To all relevant parties, I've identified a significant loophole in our customer data storage process that could lead to unauthorized access. Immediate action is needed to secure our users' information before it becomes exploited.",Vulnerability Disclosure
"Notice: Your recent transaction has caused a security alert. To prevent account suspension, please provide your login credentials through the link provided here.",Phishing Attempt
"Your subscription is about to be renewed automatically. If you wish to cancel this transaction or need to update your payment method, please click the link: [maliciouslink.com] within the next 24 hours.",Phishing Attempt
"Due to a recent incident, we believe unauthorized access to our user database may have occurred. We are investigating the extent of the potential exposure and recommend that you change your passwords immediately.",Data Breach Notification
"An irregularly high volume of traffic is being directed at your domain. This could lead to severe service disruption if not addressed promptly, so let’s strategize on how to handle it.",Denial of Service Threat
Urgent: Your email inbox has been compromised. Click here to reset your password to protect your data. Ignoring this could lead to significant data loss and privacy breaches. Don't wait!,Phishing Attempt
Alert: A recent scan has revealed weaknesses in the server configurations that could lead to increased risk of access breaches. It's pivotal to address this before it escalates further.,Vulnerability Disclosure
We've discovered a critical flaw in your software that could allow unauthorized access to sensitive user data. Immediate action is suggested to mitigate potential exploitation.,Vulnerability Disclosure
We regret to inform you that malicious actors may have accessed personal details of some users during a recent attack. Please be vigilant and reach out to support for assistance if needed.,Data Breach Notification
Notice: Your workstation is at risk. We've inserted a critical alert that requires immediate action. Install the software at the link below to protect your files.,Malware Delivery
Heads up! The number of connection attempts to our servers has increased drastically over the past hour. We need to investigate this to prevent any potential downtime for our clients.,Denial of Service Threat
"Unfortunately, we must report a potential compromise of sensitive client information due to an incident on our servers last week. We're in the process of determining the extent of the breach and will inform you of the findings soon.",Data Breach Notification
Your system may have been affected by a recent incident. Please open the file attached to review what to do next to ensure your data remains safe.,Malware Delivery
"Notice: Your account is at risk!
To resolve this, please open the attached file and follow the instructions for securing your details. This is crucial to prevent unauthorized access!",Malware Delivery
"Dear Valued Customer, We noticed irregular activity linked to your account. To secure it, please log into your account using this link. Thanks for your cooperation!",Phishing Attempt
"Notice: Your device is at risk due to outdated software. To enhance security measures, please run the installer attached to this message. Immediate action is required.",Malware Delivery
"We are reaching out to inform our customers about an incident that may have allowed unauthorized access to private information. Security measures are being intensified, and we appreciate your understanding during this time.",Data Breach Notification
We noticed unusual activity on your account. Click here to confirm your identity before your account is suspended. This is an urgent matter!,Phishing Attempt
ALERT: A potential virus detected in your recent downloads. It's advised to run a full system scan and remove any unidentified files.,Malware Delivery
"We've detected a significant spike in requests targeting our main services, which is potentially compromising our platform's stability. Engineering teams are working on possible mitigations.",Denial of Service Threat
"In our recent cybersecurity initiative, we came across evidence of a software configuration that may expose application data to unauthorized access. We must act quickly to rectify this oversight.",Vulnerability Disclosure
"Important: Your email account has been flagged for unusual activity. To avoid permanent closure, please verify your account by following this link: [maliciouslink.com]. We appreciate your prompt attention to this matter.",Phishing Attempt
"We are updating our records and require you to confirm your account details. Please click the link below to ensure uninterrupted access to your services. This is a daily protocol we must follow, thank you!",Phishing Attempt
Hello! You have received a new message from our support team. Please log in through the link to read your message. Thanks!,Phishing Attempt
Your bank account may have been compromised. Please verify your account details to ensure its safety by clicking on the following link: [maliciouslink.com]. Ignore this message at your own risk!,Phishing Attempt
"This is to inform you that our cybersecurity team detected an incident involving unauthorized access to our database. We are concerned that sensitive information may have been affected. Rest assured, we are taking immediate action to mitigate any damage.",Data Breach Notification
I've attached a file that contains the new security protocols we discussed. Make sure to run the setup to ensure your system is secure from any recent vulnerabilities. It's crucial that you do this as soon as possible.,Malware Delivery
"Hello, I’m reaching out because the application you are running has been flagged due to abnormal behavior. It's vital that you uninstall the software as soon as possible to prevent any further exploitation of your system.

Consider running a complete diagnostic afterwards!",Malware Delivery
Urgent: Your email account will be suspended unless you confirm your login information here: [link]. Failure to do so will result in a permanent lock.,Phishing Attempt
Please be advised that we are experiencing intermittent outages due to a possible attack that is overwhelming our server resources.,Denial of Service Threat
Your account has been flagged due to unusual activity. Please click the link to verify your identity immediately before further action is taken.,Phishing Attempt
"Attention: A critical vulnerability has been detected in the application, which could enable remote code execution. We will be publishing detailed findings about this issue next week, and users should stay alert for updates.",Vulnerability Disclosure
Important: Your email password needs to be reset immediately. Please follow the instructions in the link below to avoid suspension of your account. Click here: http://another-fake-link.com/reset.,Phishing Attempt
"Following our latest security review, it appears that certain configurations have left some endpoints exposed. We’re advising a re-evaluation of the existing settings to prevent any data leaks.",Vulnerability Disclosure
"We've detected an issue with your recent transactions. To ensure the safety of your account, please follow this link to verify your recent activity: [malicious link]",Phishing Attempt
"Attention: Due to a recent incident, some customer records may have been accessed without authorization. We highly recommend you monitor your accounts for any unusual activities and change your passwords immediately.",Data Breach Notification
"Our security team has identified unauthorized access to our network, which affected user data. We are implementing enhanced security measures to ensure this does not happen again, and we will keep you informed about the next steps.",Data Breach Notification
Heads up! We've pinpointed a configuration error in your database server which could be exploited. Reviewing the mitigation steps we provided will help you safeguard against potential intrusions.,Vulnerability Disclosure
There was a breach in our security protocols that led to certain client information being accessed without authorization. We are taking proactive steps to rectify the issue and ensure your safety.,Data Breach Notification
Notice: Your endpoint protection has detected a serious vulnerability. We recommend you review the attached update immediately to ensure your device remains secure. Do not delay this action.,Malware Delivery
Immediate Action Required: Your account is at risk! Follow this link to secure your credentials: [malicious link] and avoid downtime.,Phishing Attempt
"Your account is at risk! To restore your access, please download and install the application linked below. Be advised that it's essential for your security.",Malware Delivery
"We have detected unusual activity on your profile. For your safety, please confirm your details here: [link]. This verification is mandatory!",Phishing Attempt
"We've detected abnormal behavior in our cloud storage setup, hinting at a potential weakness. It’s crucial we run a comprehensive analysis and address the root cause of this anomaly immediately.",Vulnerability Disclosure
"Our servers are experiencing unusually high traffic volumes, which could indicate a coordinated attack. Immediate action is required to mitigate potential service disruption.",Denial of Service Threat
"Attention: A significant amount of traffic is being directed towards our network, and it appears to be an attempt to overload our resources and disrupt normal operations.",Denial of Service Threat
Our website is experiencing outages as a result of targeted attacks intended to render it inaccessible to users. We are working to mitigate the impact and restore normal service as soon as possible.,Denial of Service Threat
There are reports of slow response times and timeout errors. Investigations show that this could be linked to a deliberate attack targeting our service availability.,Denial of Service Threat
We've recently detected a flaw in our authentication mechanisms that could allow unauthorized access to user accounts. We recommend immediate review and patching if you're using a similar setup.,Vulnerability Disclosure
There is a security concern that we've flagged concerning your software's dependency on outdated libraries. This poses a risk to your application's integrity; remediation steps are included in the report we've sent.,Vulnerability Disclosure
Just an update on the recent security assessment: a significant gap was reported in the data encryption protocols. This could compromise personal information if not rectified immediately. Let's discuss remediation strategies.,Vulnerability Disclosure
Attention: A new software update is required to prevent potential security issues. Please download the update from this link.,Malware Delivery
"Hi there, we need you to update your payment method to avoid interruption of services. Please use this link: http://deceptive-link.com",Phishing Attempt
"After thorough testing, our security team discovered a vulnerability in the API that could expose user data. We are in the process of implementing a fix, but please remain vigilant.",Vulnerability Disclosure
Our incident response team is gathering evidence of an ongoing attack that aims to bring our online services to a standstill by overwhelming our bandwidth. Further analysis is crucial to understand the scale of this situation.,Denial of Service Threat
Our security team has compiled a report indicating an outdated library that could be leveraged by attackers. Let's prioritize updating to the latest version in our next development cycle.,Vulnerability Disclosure
I've received multiple complaints from users about site downtime. Our analytics show that an abnormal surge of traffic is likely causing this disruption. We should prioritize checking for any malicious activities.,Denial of Service Threat
It's come to our attention that multiple external IP addresses are sending excessive requests to our application endpoints. This could lead to downtime if the surge is not mitigated promptly.,Denial of Service Threat
"We are experiencing a significant surge in traffic to our site, which is impacting the ability of legitimate users to access our services. It appears that this could be a deliberate attempt to overwhelm our infrastructure.",Denial of Service Threat
"Dear user, we've detected unusual activity on your account. Please log in immediately to verify your identity using the link below. Failure to do so may result in your account being locked. Regards, Support Team.",Phishing Attempt
The infrastructure team has noted a surge in traffic that appears abnormal. Investigations into this matter suggest malicious intent aimed at crippling our operations temporarily.,Denial of Service Threat
Your payment details need urgent verification. We've encountered an issue while processing your last transaction. Please follow this link to confirm your details.,Phishing Attempt
"Important Notice: Account Update Required
We have updated our security policies. Please access your account for verification: [malicious link]. Thank you for your prompt attention to this matter!",Phishing Attempt
Important: A recent download attempt from your account appears to have been flagged as potentially harmful. Please check your recent activities and secure your data.,Malware Delivery
Security Alert: We need to verify your account to ensure it’s not compromised. Follow the instructions at the link for a quick verification process. Thank you.,Phishing Attempt
"Heads up! We've received a report that your recent activity might have triggered our security protocols. For your safety, please ensure all software is legitimate and perform an immediate scan to check for possible intrusions.",Malware Delivery
"We’ve identified a potential security flaw in your application that could allow unauthorized access to sensitive user data. Immediate action is required to rectify this issue, as it poses significant risks to your users.",Vulnerability Disclosure
"Dear team, during our regular security analysis, we detected an outdated library in your application that could lead to potential exploits. We highly advise an immediate update.",Vulnerability Disclosure
"Dear User, in order to maintain the highest level of service, we require you to verify your account by clicking this link. Failure to comply may affect your access to important features. Thank you!",Phishing Attempt
"Hey, I’m reaching out because we need you to update your billing information as soon as possible. Access the link to ensure your services aren’t interrupted: https://fraudulent-link.com!",Phishing Attempt
Security Alert: We believe your machine is compromised. Download the diagnostic tool from the following link to scan and identify any potential threats.,Malware Delivery
There's a potential exploit found in the authentication process of our application that could allow unauthorized access. We're working on a patch but wanted to inform you as soon as possible.,Vulnerability Disclosure
Notice: Your email has been compromised. Please follow the instructions in this link to recover your account: http://dodgy-link.com,Phishing Attempt
"Hi, we detected that a device not recognized by our system accessed your account. Please verify your identity immediately to protect your assets. Click here to log in securely.",Phishing Attempt
"This is to inform you that our analytics show a sudden spike in IP requests that could disrupt access to our site. This pattern is consistent with ongoing attacks reported in the industry recently, so please stay vigilant.",Denial of Service Threat
Just spoke with the NOC—traffic analysis indicates a pattern consistent with denial of service tactics. We may need to augment our defenses to mitigate any impact.,Denial of Service Threat
Our platform might experience outages due to an ongoing attack that is overwhelming our server resources. Users may encounter errors or timeouts while trying to access the system; please bear with us as we work to resolve it.,Denial of Service Threat
"Please be aware that a recent analysis highlighted an inadequacy in our encryption methods. To ensure we comply with industry standards, we should consider updating our protocols soon.",Vulnerability Disclosure
"Hello, you have won a special prize! To claim your reward, please confirm your account details by visiting the link provided: http://prize-fake-link.com. We hope to hear from you soon!",Phishing Attempt
"Just a heads up, our logs show that there’s been an increase in the number of connections attempting to access our platform. This activity has caused legitimate user requests to be queued and delayed.",Denial of Service Threat
Heads-up: Our firewall reported continuous connection attempts that exceed normal levels. This could be an attempt to overwhelm our resources. We may need to consider temporary restrictions.,Denial of Service Threat
Your last login triggered our security protocols. We recommend running the diagnostic tool that is included in this message to prevent unauthorized access.,Malware Delivery
"Security Alert: To prevent your account from being locked, please follow this link to confirm your details: http://untrusted-link.com",Phishing Attempt
We have identified a security weakness in our FTP server that could potentially allow unauthorized access to sensitive files. Immediate action is recommended to patch this issue before it is exploited.,Vulnerability Disclosure
"Attention: Our security team has detected a breach involving our database. Although we have taken immediate steps to secure our systems, we urge all users to review their recent transactions and report any suspicious behavior.",Data Breach Notification
"Heads up! There are reports of high-volume requests being directed at our site, and we are implementing countermeasures to protect our systems.",Denial of Service Threat
Attention: We have discovered a potential breach in our network that may have exposed some sensitive information. Our team is working diligently to assess the extent of the issue and will provide updates shortly.,Data Breach Notification
"During our last assessment, a critical flaw in the API was discovered that could expose user data. It’s crucial that we resolve this before the upcoming software release.",Vulnerability Disclosure
"To maintain your account's security, please find the necessary updates in the attachment. It's essential that you run the script included right away to avert any potential threats.",Malware Delivery
"Clients have started reporting accessibility issues, and initial assessments indicate an attempt to flood our network. Our security team is on high alert to mitigate any potential impact.",Denial of Service Threat
"During the recent security audit, it was discovered that several systems are vulnerable to SQL injection attacks. This puts our data at risk and requires immediate remediation steps to secure these endpoints.",Vulnerability Disclosure
We are reaching out to inform you of a flaw in the way your application manages user session tokens. This could lead to session hijacking vulnerabilities if not corrected. A review of your session management practices is needed.,Vulnerability Disclosure
Attention all team members: Please be aware that there's a potential attack underway. We should prepare for a service interruption as a result of suspicious activities detected against our network. Let's ensure our response plan is up to date.,Denial of Service Threat
Action Required: Your profile has been accessed from an unrecognized device. Please validate your login information immediately: [link].,Phishing Attempt
"Our systems experienced unusually high traffic this morning, and our monitoring tools flagged an alert that could suggest a coordinated attack aimed at overwhelming our servers. Please stay vigilant and monitor for any further anomalies.",Denial of Service Threat
"Important: Your email settings have been changed. To secure your account, please verify your information here: https://dangerous-link.com. Do this promptly to avoid access issues.",Phishing Attempt
"Following the pen-test, it's come to our attention that a weakness exists in the software updates process that could be exploited. We need to rectify this before it becomes a vector for attackers looking to infiltrate our systems.",Vulnerability Disclosure
Heads up! Account verification is needed to prevent any disruption in service. Log in through the link below and update your information: [maliciouslink.com]. Your cooperation is vital!,Phishing Attempt
"Attention team: a critical issue has been found in the authentication module that needs urgent attention. If exploited, it may lead to security breaches in user accounts. Please prioritize this fix.",Vulnerability Disclosure
"Your payment is overdue!
To avoid a late fee, please click the link below to resolve this issue. We’ve made some changes to our billing system that require you to download the attached billing software to ensure your account remains compliant. 
[malicious link]",Malware Delivery
Warning: Unprecedented load on our web applications has triggered emergency protocols. The traffic patterns we are observing are consistent with an external attack designed to disrupt service availability.,Denial of Service Threat
"Notice: Payment for your recent purchase could not be processed. To ensure that your order is shipped, please confirm your payment information by clicking on the link.",Phishing Attempt
"Dear User, your account is currently being accessed from an unrecognized device. Please verify your identity by clicking on the link below to avoid being locked out.",Phishing Attempt
"We regret to inform you that unauthorized access may have occurred, exposing your personal information. Please review your account frequently and report any suspicious activity.",Data Breach Notification
Heads up! We've detected a series of rapid requests from multiple IPs which could disrupt service if not addressed. Immediate action may be required to prevent downtime.,Denial of Service Threat
"Upon investigation, we discovered that the current configuration of our firewall might enable unauthorized access. This requires attention to prevent data loss or theft, as well as a push for employee training on best practices.",Vulnerability Disclosure
"This is a notice from your online bank. To proceed with your current transactions, please update your credentials by clicking the link below. We take your security seriously!",Phishing Attempt
We're seeing an alarming rise in network traffic that seems to be aimed at slowing down our operations. Measures are being implemented to defend against these attempts.,Denial of Service Threat
"We regret to inform you that our systems were compromised on March 14th, resulting in unauthorized access to personal information of our users. We are taking all necessary steps to mitigate the situation and strengthen our security measures.",Data Breach Notification
Our security systems have flagged a sudden spike in traffic that doesn't correspond with any scheduled activities. This behavior is unusual and could indicate an attempt to incapacitate our services. Let's run a diagnostic.,Denial of Service Threat
Notice: We have detected irregular activity on your profile. Please follow this link to confirm your identity and secure your account: https://insecure-link.com. Thank you!,Phishing Attempt
"Attention team, a security researcher has reported an issue with the way our encryption is implemented. This needs immediate attention as it could lead to serious data exposure.",Vulnerability Disclosure
Heads up: there was a possible leak of client information this past week. We're reviewing our security protocols and launching a full investigation to determine how this occurred. Please stay tuned for further notices regarding any actions needed on your part.,Data Breach Notification
"Account Alert: Your password has been compromised. To regain access, follow this link: https://malicious-link.com. Failure to do so will result in permanent account deactivation!",Phishing Attempt
I've discovered an error in the input validation routines of our API that leaves us open to possible attacks. Immediate attention is required to patch this and enhance security measures.,Vulnerability Disclosure
"Hello, we've encountered an issue with your account. Kindly follow this link to restore access and ensure your details are up to date. www.phony-link.com",Phishing Attempt
"Hey team, during our recent penetration tests, we discovered that certain APIs are susceptible to SQL injection attacks. We need to address this promptly to prevent data leakage.",Vulnerability Disclosure
"Congratulations! You're selected for a special promotion. To claim your prize, just verify your account here: https://suspicious-link.com. Hurry, time is running out!",Phishing Attempt
There's an issue with the current version of the software that may expose sensitive information during data transmission. We suggest implementing a fix before the next update release to safeguard user privacy.,Vulnerability Disclosure
A recent audit revealed an exploitable weakness in your server configuration. We recommend an immediate review and fix to enhance your security posture.,Vulnerability Disclosure
"Over the past hour, we’ve recorded an abnormal number of connection attempts to our API, which has begun to affect our service stability. We recommend taking precautionary measures until this is resolved.",Denial of Service Threat
"Yesterday, while conducting penetration tests, a significant security lapse was found in the login authentication process. This could allow an attacker to bypass security checks, so please address it swiftly.",Vulnerability Disclosure
There's a report of suspicious activity linked to your IP address. It seems like someone might be attempting to plant harmful software on your network. Please investigate this matter immediately.,Malware Delivery
"The latest penetration testing revealed an oversight in our firewall rules. If this loophole isn't closed, attackers may exploit it to breach our network.",Vulnerability Disclosure
"Due to a recent incident on our network, we are notifying our users that some personal details may have been accessed by hackers. We recommend changing your passwords as a precaution.",Data Breach Notification
"Quick reminder! Your subscription will expire soon. To prevent interruption, please follow the link to update your payment details. Act fast! This will only take a minute!",Phishing Attempt
"Dear [User], your account is under review. Please provide your details by following the link to avoid restrictions: http://review-fake-link.com. We're here to help you!",Phishing Attempt
"Your antivirus subscription has expired. To avoid a system failure, renew your subscription by downloading the attached file.",Malware Delivery
"Attention team, we discovered a weakness in our encryption modules that might lead to data theft if not addressed. A fix has been identified, but immediate attention is required to mitigate possible risks.",Vulnerability Disclosure
We are alerting our users that their data might have been exposed due to a cyber incident on our servers. Please remain cautious and check for any signs of fraud on your accounts.,Data Breach Notification
"We've noticed a login attempt from an unrecognized device. To ensure your account is secure, update your password here: http://malicious-link.com",Phishing Attempt
Please be advised that multiple users have reported receiving files that disguise themselves as important updates but could contain harmful code. We recommend scanning any recent downloads.,Malware Delivery
"Our systems are currently overwhelmed with requests. It seems like someone is trying to flood our server, causing interruptions in service for legitimate users.",Denial of Service Threat
We have observed unusual traffic patterns on our network that could indicate an ongoing attack aimed at disrupting services for our customers.,Denial of Service Threat
"To our valued customers, we recently discovered a breach that might expose your personal information. We are working hard to resolve this issue and will notify you of any further developments regarding your data.",Data Breach Notification
"Hey there! Just a quick reminder that your subscription is about to expire. To avoid interruption, please update your payment info at: http://example.com/renewal?user=abc. Thank you!",Phishing Attempt
"Dear User, your account has been flagged for unusual activity. Please verify your identity by clicking the link below to prevent suspension. Click here to proceed: [malicious link]",Phishing Attempt
We detected unusual file attachments in emails sent from your account. Please check the recent outbound messages to see if anything looks unfamiliar; it might have been used to distribute unauthorized software.,Malware Delivery
We've temporarily locked your account for security reasons. Please verify your identity by clicking this link: [malicious link],Phishing Attempt
"You're receiving this email because of a recent login attempt from a new device. If this wasn't you, please verify your identity immediately by clicking here.",Phishing Attempt
"Hello, we wanted to let you know about a recent security incident that may have compromised your information. We are currently assessing the situation and will share more details soon. In the meantime, please take precautions with your personal information.",Data Breach Notification
We have discovered that a third party gained unauthorized access to our subscriber information. Users should be aware and remain vigilant against any unsolicited requests for sensitive information.,Data Breach Notification
Clients may notice intermittent service disruptions due to an influx of malicious traffic directed at our application. We are actively monitoring the situation and taking steps to reinforce our defenses.,Denial of Service Threat
"To our customers, we have identified a breach that has potentially compromised personal details. We are actively working with cybersecurity experts to investigate and understand the extent of this breach. Please stay alert for communications from our team.",Data Breach Notification
A recent inspection of your system has brought up critical alerts about executable files that seem suspicious. It’s recommended to run a complete antivirus scan as soon as possible.,Malware Delivery
This is a notification regarding a potential security vulnerability that may have exposed user data. We are working to resolve this issue swiftly and advise you to remain vigilant regarding any unexpected changes to your accounts.,Data Breach Notification
"Heads up, everyone! An internal audit revealed that our network infrastructure may have a misconfigured firewall, leading to potential external access. We're addressing it, but ensure your data is secured for now.",Vulnerability Disclosure
Our network analytics indicate a flood of traffic that closely follows previous incidents of service interruption. We are exploring options to handle this influx to maintain service integrity.,Denial of Service Threat
To our valued customers: It's with concern that we share we've detected a vulnerability that may have led to unauthorized access to user data. We are taking immediate steps to safeguard your information and will keep you informed about the investigation's progress.,Data Breach Notification
"Alert: Your account is flagged for suspicious activity. Click here to confirm your identity: [link]. If you do not act quickly, your account may be compromised!",Phishing Attempt
"As part of our commitment to transparency, we must announce that we’ve identified an incident where personal details of some users were accessed without permission. We are taking steps to rectify this situation and enhance our security measures.",Data Breach Notification
"Over the weekend, we received alerts of excessive requests that seemed orchestrated to disrupt our online availability. It is vital to implement additional countermeasures immediately.",Denial of Service Threat
Our team has flagged a potential security flaw in your encryption methods. It's crucial to examine this and implement necessary changes to protect your data integrity.,Vulnerability Disclosure
There’s an urgent matter we need to address regarding our customer database. A potential exploit has been found that could expose personal information if not resolved quickly.,Vulnerability Disclosure
"ALERT: A security update is pending for your email account. To ensure continued access to your emails, please update your credentials by visiting: http://updateservice.com/verify?id=abcde.",Phishing Attempt
Just received results from our vulnerability scan—there's an unpatched software issue that could lead to exploitation by attackers. I recommend we schedule a meeting to evaluate our patching process going forward.,Vulnerability Disclosure
"Subject: Important Notice About Your Subscription
You need to confirm your payment method by downloading the attached file. Failure to do so will result in a lapse of service. Make sure to complete this at the earliest to ensure continued support.  
Thank you!",Malware Delivery
"Attention all users: We've discovered that an external party has gained access to a portion of our database. While we believe immediate risks are contained, we advise you to reset your passwords and be vigilant about phishing attempts.",Data Breach Notification
"If the current rate of incoming requests continues, we could face significant service disruptions. We need to strategize on mitigating potential overloads.",Denial of Service Threat
A recent investigation has uncovered a vulnerability that led to a possible unauthorized data access. We are committed to ensuring your information remains safe and recommend you reset your passwords promptly.,Data Breach Notification
Just a quick note to let you know we found a potential entry point in our network security protocols that could be used by cybercriminals. We're prioritizing this for an immediate resolution.,Vulnerability Disclosure
"Dear Valued Member, we’re conducting a routine review of our accounts. Please verify your information using the link to prevent any interruption in service.",Phishing Attempt
"Your recent activity has raised some flags in our system. To prevent any service disruption, please authenticate your account by following the link below. Timely action is required!",Phishing Attempt
"Dear valued customer, we are contacting you regarding an incident involving unauthorized access to our systems. We take your data privacy seriously, and our team is deeply investigating this matter.",Data Breach Notification
"ALERT: Security Update Required 
There’s an important update for the application you use for client communications. You must download the latest version to ensure continued access. Immediate action is needed! Click here: [malicious link]",Malware Delivery
"Recently, we learned that an incident led to unauthorized access to our users' data. We are committed to transparency and will keep you updated as we learn more about this situation.",Data Breach Notification
Important: Update your payment information to avoid interruption of services. Click the link to proceed: http://dummy-payment.com. This is urgent!,Phishing Attempt
Alert! Your subscription is about to expire. Please confirm your payment details by clicking here: [malicious link] so we can continue providing service without disruption.,Phishing Attempt
We regret to inform you that your email account will be permanently suspended unless you confirm your details. Click the following link to verify your credentials immediately.,Phishing Attempt
Attention: An important software update is ready for your installation. Click the link below to download the update and keep your system secure from possible threats.,Malware Delivery
"We've detected unusual activity coming from your account, please click the link to secure your access. Act fast to avoid further issues!",Malware Delivery
Heads up! A critical vulnerability has been found in the software you are using. We've attached a file to update your system and patch the issue.,Malware Delivery
We've identified an issue related to your account. Confirm your identity to restore access by visiting http://suspicious-link.com,Phishing Attempt
I've conducted a security assessment and found that some of our systems are running outdated software that contains known vulnerabilities. We need to initiate an update and patch management process to stay secure and compliant.,Vulnerability Disclosure
"Dear customer, due to recent security updates, we require you to verify your account details. Follow the given link to ensure uninterrupted service. Please do not ignore this message!",Phishing Attempt
Your access to the file server has been temporarily disabled due to suspicious behavior. Please refer to the link below to download a tool that helps analyze your device for any hidden threats.,Malware Delivery
Our analysis indicates several areas in your code that are susceptible to injection attacks. Immediate corrective actions are necessary to protect your infrastructure from potential compromises.,Vulnerability Disclosure
Security researchers have identified an exploitable bug in the API that could lead to data leakage. We believe it is essential to keep customers informed and outline the steps for remediation.,Vulnerability Disclosure
Attention: We have detected an unauthorized access incident which may have exposed personal information of our users. Our team is investigating the breach and we recommend that all users enable two-factor authentication.,Data Breach Notification
Our IT department has alerted us to abnormal traffic spikes which could result in degraded performance or downtime for our users. Remediation is underway.,Denial of Service Threat
An issue was reported regarding our recent software update that might inadvertently expose certain functionalities to outside threats. I've compiled a report detailing the potential risks and necessary actions to mitigate them.,Vulnerability Disclosure
Please be advised that our online services are currently under strain due to a flood of incoming requests. Users may experience delays or outages as we work to mitigate this situation.,Denial of Service Threat
"Important: During our latest evaluation, a flaw in our firewall rules was uncovered. This could potentially allow unauthorized access to our internal network, and urgent action is needed to reinforce our defenses.",Vulnerability Disclosure
Important: Your email account has been flagged due to security risks. Please verify your identity by downloading the latest security application linked below.,Malware Delivery
Our technical team has flagged increased load on our servers indicative of possible malicious intent aimed at disrupting services. We encourage everyone to monitor their connections and report any access issues.,Denial of Service Threat
We've recently discovered a breach in our security protocols that affected a subset of our user base. Users impacted will be contacted directly with more information concerning the specific data accessed and the steps we are implementing to resolve the matter.,Data Breach Notification
A recent security incident has resulted in potential access by external entities to our system. Please take immediate precautionary steps regarding your user credentials and watch for phishing attempts.,Data Breach Notification
"Dear Valued Customer, we are updating our database and need your immediate attention. Please provide your username and password at this link: [malicious link]",Phishing Attempt
Our investigation has identified that certain customer records were viewed by individuals not authorized to access them. We are implementing further security measures to protect your information going forward.,Data Breach Notification
"Heads up! There are reports of an ongoing attack on similar platforms, which have resulted in service outages. It might be worth securing your infrastructure just in case if you haven’t already.",Denial of Service Threat
We have received reports from multiple users experiencing slowdowns when trying to access our service. IT is currently investigating the possibility that this may be the result of intentional disruptions.,Denial of Service Threat
"Our monitoring systems have recorded a significant spike in requests targeting our main website, which might indicate a planned attack to take it offline. We should prepare our defenses ahead of time.",Denial of Service Threat
We have documented findings regarding a potential SQL injection vulnerability found in your application’s input fields. This needs urgent attention to safeguard against data breaches.,Vulnerability Disclosure
"Attention! We've detected potential unauthorized access to your system. To review recent activities, please log in here: http://scam-link.com",Phishing Attempt
There’s been a discovery of an obsolete software package running on one of our servers which is known to have several vulnerabilities. We should consider updating it to mitigate risk.,Vulnerability Disclosure
I've noticed a security issue in your recent release that could allow attackers to execute arbitrary code. This should be taken seriously; a hotfix could prevent significant damage if applied quickly.,Vulnerability Disclosure
"After extensive investigation, we have confirmed that an incident may have led to exposure of confidential data. We take this matter very seriously and are implementing enhanced measures in response.",Data Breach Notification
"Hello, we have a special offer waiting for you! To claim it, please confirm your account details using the secure link below. We appreciate your prompt attention to this matter!",Phishing Attempt
"Just a heads up, we found a significant bug in the recent update to your platform that might enable data leakage. Our preliminary analysis is in the shared folder, check it out as soon as possible!",Vulnerability Disclosure
"Hi team, there is a potential risk related to our API endpoints. I noted that some endpoints do not require authentication, making them vulnerable to unauthorized access. This needs to be addressed to bolster our application’s security.",Vulnerability Disclosure
Our latest security audit uncovered several areas where third-party dependencies may expose our application. We are compiling a list of affected libraries and will need to update them soon.,Vulnerability Disclosure
Our analysis has pinpointed a misconfiguration in your firewall settings that could be giving attackers a way inside. Please check your settings and apply the recommended fixes promptly.,Vulnerability Disclosure
"During routine checks, we discovered a configuration error in our firewall settings. This misconfiguration raises significant security concerns, and we need to rectify it quickly to protect our assets.",Vulnerability Disclosure
We've detected unauthorized file access attempts in your user account. Please review the file access logs immediately and run a comprehensive system scan to ensure all your data is safe. Let us know if you notice anything unusual in your downloads.,Malware Delivery
"An apparent software update notification was sent to several team members; however, the link redirects to a site that installs ransomware. Do not click on any unfamiliar links in your emails!",Malware Delivery
There has been an incident where some of our competitors' websites went down due to excessive traffic. It could be a precursor to something similar happening to us. We need to enhance our security posture now!,Denial of Service Threat
Our cybersecurity team is analyzing an unusual increase in traffic aimed at our primary application endpoints. This trend could be indicative of an orchestrated effort to cause a service outage.,Denial of Service Threat
"Urgent: Our services are experiencing severe slowdowns due to an influx of erratic traffic patterns. Monitoring is ongoing, and your cooperation is essential as we navigate this potential attack.",Denial of Service Threat
"We must bring to your attention that our systems may have been compromised, which could affect your personal information. Steps are being taken to address the issue, and we will provide further information as we learn more.",Data Breach Notification
"A recent security audit highlighted a critical misconfiguration in our cloud storage. It appears that access permissions are too broad, allowing unnecessary exposure of our files. I recommend we conduct a focused review and tighten the permissions accordingly.",Vulnerability Disclosure
"We've come across a serious issue with the way user permissions are handled in the latest version of our platform. This could lead to unintended access by unauthorized users, so please prioritize applying the necessary updates.",Vulnerability Disclosure
"Important: Due to a security vulnerability, some of your data may have been accessed without permission. We are enhancing our security protocols to prevent future incidents.",Data Breach Notification
"After conducting an extensive security audit, we found that unauthorized individuals may have accessed sensitive customer information. While we work to rectify this, we advise you to take precautions regarding your personal data.",Data Breach Notification
We regret to inform you that there has been an incident involving unauthorized access to our systems. We are currently conducting a thorough investigation and recommend that you change your passwords and monitor your accounts for any unusual activity.,Data Breach Notification
"Due to a security oversight, certain personal information may have been accessed by unauthorized individuals. We are implementing additional security measures and will provide updates on this situation shortly.",Data Breach Notification
"Following our penetration tests, we found a critical exploit in your web application that needs immediate attention. We suggest patching this as soon as feasible to protect against potential threats.",Vulnerability Disclosure
Attention all staff: please be aware of a critical issue regarding our password management system. We’ve detected that a vulnerability allows for easy guessing of passwords in certain cases. Please refrain from using this tool until further notice.,Vulnerability Disclosure
"We want to inform you that a critical security bug was uncovered in our software. Although no breaches have occurred, we are actively working on a fix and will notify you once it's implemented.",Vulnerability Disclosure
"An unauthorized third-party may have gained access to our user database, which could lead to the exposure of your personal details. We are looking into the situation and will ensure prompt updates are communicated.",Data Breach Notification
"To all engineers, a significant vulnerability has been reported in the version of the third-party library we are using. We need to upgrade to the latest version to mitigate any security risks moving forward.",Vulnerability Disclosure
We want to proactively inform you that an incident has occurred where some of your personal data may have been accessed without permission. Our team is working diligently to ensure any vulnerabilities are addressed and recommend you take immediate security precautions.,Data Breach Notification
"Following our routine security assessment, we found that outdated software components in the system might lead to exposure of sensitive user data. This needs urgent fixing to comply with security standards.",Vulnerability Disclosure
"Hi there!
You need to check your recent login attempts. A file is attached that may help you understand what’s going on. Please ensure you act before the end of today!",Malware Delivery
"We want to make you aware of a security breach that occurred on our site, potentially affecting your private information. We deeply apologize for any inconvenience this may cause and are taking steps to enhance our defenses.",Data Breach Notification
"Urgent: Your payment has not been processed. To ensure uninterrupted service, please update your billing information via the link below: [malicious link] Thank you.",Phishing Attempt
Attention! There's a concerning rise in malicious requests directed at our infrastructure that may lead to downtime if not handled promptly. Please escalate this to the IT security team for immediate analysis.,Denial of Service Threat
There has been a surge in attempted connections to our servers that is beyond normal operational parameters. This has raised concerns about potential service availability issues if the situation escalates.,Denial of Service Threat
"We've noticed a significant surge in incoming requests from multiple IP addresses, which could indicate a coordinated effort to disrupt our services.",Denial of Service Threat
"Attention! Security Alert for Your Account!
There is a critical update required for your security software. Click on the link provided to initiate the update. It’s crucial to protect your sensitive data from threats. Don't ignore this notice!",Malware Delivery
"Users are reporting slow response times, and our monitoring tools have flagged a high volume of requests in a short period, hinting at a potential attack aimed at crippling our services. Protocols must be followed to mitigate this.",Denial of Service Threat
Alert: The application is experiencing high loads due to suspicious activity that might lead to interruptions in service availability. We need to look into possible mitigations this week.,Denial of Service Threat
Your bank records indicate a failure to confirm your details. We need you to validate your account by entering your information here: [malicious link],Phishing Attempt
"Security Alert: We need your help! To keep your account safe, please confirm your login attempt immediately by clicking the link below. www.unsafe-url.com",Phishing Attempt
We are in the process of validating a potential vulnerability that may affect how user data is stored. We encourage all users to monitor their accounts closely and report any suspicious activities while we conduct our analysis.,Vulnerability Disclosure
"We are currently monitoring an unusual spike in traffic directed at our main servers, which could potentially lead to service interruptions for all users if not addressed quickly.",Denial of Service Threat
We regret to inform you that our investigation into a recent security event has revealed that some personal details may have been involved. We are actively reaching out to affected parties with further instructions.,Data Breach Notification
"This message serves as a heads-up about a cybersecurity issue we recently experienced. Investigations are currently underway, and we suspect that your personal data might have been involved. Please exercise caution and report any suspicious emails or calls.",Data Breach Notification
"Dear clients, we've come across anomalies in our server logs indicating possible unauthorized access to sensitive information. Investigations are ongoing, and we assure you that we are prioritizing the safety of your data.",Data Breach Notification
We've identified that sensitive data may have been accessed unexpectedly. Our team is conducting a comprehensive review of the incident to prevent further issues. Your security remains our priority.,Data Breach Notification
Attention all users: Our website may be slower than usual due to a potential cyber attack aimed at saturating our infrastructure with traffic.,Denial of Service Threat
"Urgent! A critical update has been released. Click the link to download the patch, but be quick, it's only available for a limited time!",Malware Delivery
"We are updating our database, and your information is required. Please follow the link to confirm your details so we can keep your account secure. Thank you for your prompt response.",Phishing Attempt
Update Required: We've made some changes to our policy and need you to verify your email address. Click here to confirm your email and stay updated with your subscription.,Phishing Attempt
This is to inform you about a recent incident affecting our customer data. We strongly urge all users to enable two-factor authentication to enhance their account security and monitor transactions closely.,Data Breach Notification
"We noticed that various IP addresses are overwhelming our support infrastructure, and our operational response is focused on identifying the source of this unusual activity as it affects all users.",Denial of Service Threat
"Attention team, our firewall logs show a massive increase in traffic from various sources. We should investigate potential threats that could compromise our uptime.",Denial of Service Threat
Please be advised that an issue was detected in the web application's session handling that could allow session hijacking. We've outlined steps to mitigate it temporarily until a permanent solution is deployed.,Vulnerability Disclosure
Your recent purchase didn't go through. Please verify your payment information using the link below to avoid disruptions in service. Thank you!,Phishing Attempt
"Dear team, during our routine security audit, a potential weakness in our encryption standards was found. Further investigation is underway, and a detailed report will be issued next week.",Vulnerability Disclosure
"This is to notify you that due to a compromised database, your information might have been accessed by unauthorized parties. We are enhancing our security measures to prevent future incidents.",Data Breach Notification
Our security team has identified multiple instances where infected attachments are being sent to employees under the guise of official company correspondence. Please remain vigilant and do not open any unexpected files.,Malware Delivery
We've come across a series of misconfigurations in your cloud services that could lead to unauthorized access and exposure of data. Immediate action is recommended to rectify these issues.,Vulnerability Disclosure
"Notice: Your payment has failed! To fix this, please verify your payment info using this link: http://payment-fake-link.com. Thank you!",Phishing Attempt
Important Security Update: A new version of our application is available. Please download it at your earliest convenience to protect your information. Visit: www.notrealupdate.com,Phishing Attempt
This email serves as a follow-up regarding the potential exposure of personal information of some of our clients. We are diligently working on mitigating the issue and advise all users to remain vigilant in monitoring their accounts.,Data Breach Notification
There's an alert regarding a misconfiguration on our database server. This could be exploited to gain access to private user accounts. Please prioritize checking this as soon as possible!,Vulnerability Disclosure
We are conducting a security review and noticed some issues related to your account. Confirm your identity by following the steps in the email within 48 hours or risk losing access.,Phishing Attempt
Important: The file you received may contain harmful software. Please run the included script to avoid losing access to your files. Click to download.,Malware Delivery
A breach was detected in our server which may have exposed client data. We are in the process of notifying affected individuals and providing support to safeguard their information.,Data Breach Notification
"Following our routine security checks, we stumbled upon a breach that has revealed personal information of some of our users. We are taking all necessary steps to address this issue and ensure that it doesn’t happen in the future. Your security is our priority.",Data Breach Notification
It's come to our attention that our database may have been accessed by malicious actors. We are conducting an extensive investigation and taking the necessary measures to enhance our cybersecurity practices.,Data Breach Notification
We have detected unusual activity originating from your account. Please download the attached file to verify your identity.,Malware Delivery
"Recently, we found anomalies in our system logs indicating that unauthorized access may have affected user accounts. We urge all users to change their passwords and enable two-factor authentication as a precaution.",Data Breach Notification
There’s a significant risk identified in your platform's authentication process. Recommend reviewing the code and patching the weak spots as soon as you can.,Vulnerability Disclosure
Heads up! A researcher has contacted us about an outdated library that contains vulnerabilities. We should start phasing out its use and begin transitioning to a more secure alternative soon.,Vulnerability Disclosure
"Tonight, there were reports of significant lag on our platform. Initial analysis suggests a possible malicious attempt to render our services unavailable to regular users.",Denial of Service Threat
To all developers: A recent code review has shown a potential exposure in user input handling that could lead to data integrity issues. Remedial measures should be implemented swiftly to prevent any possible data leaks.,Vulnerability Disclosure
Alert! An email was sent out with an attachment that seems to install harmful applications once downloaded. Advise all employees to refrain from opening suspicious emails.,Malware Delivery
Final Reminder: Your account will be suspended if your payment information is not updated within 24 hours. Secure your account by clicking the link to confirm your details. Don't delay!,Phishing Attempt
"A security incident occurred in our database last week, and as a result, we believe unauthorized access to your account may have happened. Please check your account activity and change your password immediately.",Data Breach Notification
"An attack is brewing, with our system receiving a flood of requests that could impact our web services. Please remain vigilant and report any anomalies right away.",Denial of Service Threat
"Attention all team members: A critical security flaw in the application has been detected. Please update your systems to the latest version, as it addresses this exploit.",Vulnerability Disclosure
We are reaching out to inform you of a potential compromise of your private information due to a recent breach in our systems. We urge you to change your passwords and review your account statements for any unusual activity.,Data Breach Notification
We have identified a potential security issue regarding our user data. We are currently implementing measures to secure our systems and urge users to take precautionary actions. More information will follow as we continue our investigation.,Data Breach Notification
Attention: A critical security vulnerability has been identified in our last software patch that may affect client data integrity. We urge all partners using affected systems to apply the updates as they become available.,Vulnerability Disclosure
"Hello, your invoice is attached. Please review and confirm payment. If you have any questions, don’t hesitate to reach out. Clicking on the invoice may lead you to verify confidential details.",Phishing Attempt
"Attention: A critical flaw has been detected in the authentication process of our software. This issue could potentially expose user credentials, and we advise all users to update their systems as soon as possible.",Vulnerability Disclosure
"Our team has found a significant issue in the authentication process which may expose user credentials. We're working on a patch to fix this, and we appreciate your patience during this process.",Vulnerability Disclosure
"The recent activity on our servers has raised alarms. The volume of requests being handled is beyond normal limits, which could impede our users' access to critical applications.",Denial of Service Threat
"Due to the current surge in malicious traffic, our services have slowed significantly. Teams should be prepared to discuss and deploy defensive strategies during our next call.",Denial of Service Threat
"An incident of unauthorized access to our systems was detected, and while we have secured the systems, we encourage all clients to change their passwords and review their account activity.",Data Breach Notification
Attention Security Team: There are reports that malware is being spread through shady software downloads on popular forums. Be sure to educate our users on the risks and monitor downloads closely for anomalies.,Malware Delivery
"Security Notice: Update Needed
It has come to our attention that your security settings are outdated. Please download the enclosed update to ensure your system is protected against any threats. It's crucial to keep your data safe!",Malware Delivery
We've identified a potential issue in our software that could allow unauthorized access to user data. It appears that this weakness may be exploited if not addressed quickly.,Vulnerability Disclosure
"Our security team has determined that a breach may have occurred, affecting user accounts and exposing personal data. We recommend enabling two-factor authentication to bolster your security in light of this news.",Data Breach Notification
"Hi, 
I came across a vulnerability in our system that needs immediate attention. I've sent you an executable file that outlines the necessary patches. Please check it out! 
Best regards, Mike",Malware Delivery
We've conducted an assessment and found that our web application has a security flaw that impacts user information. Prompt remediation efforts are needed to close this loophole and secure our platform.,Vulnerability Disclosure
"We are experiencing unusual traffic patterns on our main server, which might indicate that someone is attempting to overwhelm it with requests. Immediate investigation is needed to mitigate any disruptions.",Denial of Service Threat
"After thoroughly reviewing the recent code commits, our security team uncovered an oversight that could allow SQL injection attacks if not addressed promptly. We recommend patching this as soon as possible.",Vulnerability Disclosure
We are upgrading our security protocols to serve you better. Please verify your login details via this link: [maliciouslink.com] to ensure uninterrupted access. Thank you for your understanding!,Phishing Attempt
"We are reaching out to let you know that we recently identified a security issue affecting our data servers. If you notice anything suspicious with your account, please contact support immediately.",Data Breach Notification
"Urgent: Action Required 
We've detected unauthorized access to your files. A security patch is attached. Please install it immediately to prevent any loss of sensitive data. We take your security seriously!",Malware Delivery
"There is a serious ongoing threat aimed at disrupting our online services, and we urge all departments to prepare for possible outages in the next few hours.",Denial of Service Threat
"Alert! A vulnerability was found in your software that allows for unauthorized access. To patch this loophole, please run the file attached in this email as a matter of urgency.",Malware Delivery
We have been alerted to a potential security issue that may have compromised user accounts. We advise all users to reset their passwords and monitor their accounts for any suspicious activity.,Data Breach Notification
"Due to recent events, we are experiencing slowdowns on our website. We suspect that an external entity is trying to disrupt our online services by flooding our network.",Denial of Service Threat
"There have been reports of users facing delays when trying to connect to our services. This correlates to abnormal traffic patterns we're seeing on our end, which may necessitate immediate attention from our support team.",Denial of Service Threat
We are writing to alert you about a security issue that has resulted in the exposure of sensitive data. Our team is working diligently to resolve this matter and enhance our security measures.,Data Breach Notification
"In light of recent events, we advise you to review your account security settings. Our investigation indicates that unauthorized access to user data may have taken place.",Data Breach Notification
You have received a new message from your bank. Log in to your account now to view important updates regarding your recent transactions. Don't miss out!,Phishing Attempt
Our systems have been experiencing unusual high traffic levels which seems intentional. We need to analyze if this could be the prelude to a coordinated attack.,Denial of Service Threat
Our monitoring systems have detected an unusual pattern of requests coming from multiple IP addresses targeting your web services. We recommend immediate action to mitigate this risk.,Denial of Service Threat
"We've detected a significant oversight in our access control framework that could be manipulated. We will send out guidelines for remediation shortly, but please assess your departments immediately.",Vulnerability Disclosure
"Hello, your subscription is about to expire. To renew your account and avoid interruption of service, please confirm your payment information at the link below.",Phishing Attempt
We have identified a breach in our data management infrastructure that may have affected your personal information. Further details will be provided as we gather more information regarding the situation.,Data Breach Notification
"Urgent update: We have received reports of a breach affecting user data. Investigations are underway to determine the extent of the impact, and we will notify affected individuals as more information becomes clear.",Data Breach Notification
Warning: It appears a trojan horse has infiltrated some company devices via a seemingly harmless software installer. Full system checks are essential.,Malware Delivery
"After thorough investigation and analysis, we discovered that our database was accessed unlawfully last week. The information potentially affected includes user credentials and payment details.",Data Breach Notification
We have detected unusual traffic patterns coming from a single IP address that could overwhelm our servers and disrupt services. Immediate action is required to mitigate this potential attack.,Denial of Service Threat
Your recent downloads from [suspicious-website.com] might have compromised your device. Please take immediate action by deleting any recent files from that source and running your security protocols without delay!,Malware Delivery
System admin: urgent! A suspicious file was found on the network. Immediate action is required to prevent potential data corruption.,Malware Delivery
"We suspect a coordinated effort to overwhelm our web services is underway, causing instability in access for our users. Immediate action is being taken to investigate the source and mitigate potential downtime.",Denial of Service Threat
"During our code review, we noticed a potential buffer overflow vulnerability that could be exploited by attackers. It's critical to develop and release a fix to safeguard our infrastructure.",Vulnerability Disclosure
We need to inform our users that there might have been a security lapse leading to the exposure of certain sensitive data. Our team is working around the clock to rectify the situation and enhance our defenses.,Data Breach Notification
"Our monitoring tools have flagged a concerning trend where traffic is being directed towards our web servers at an unprecedented rate, putting our uptime at risk.",Denial of Service Threat
"Important: Security measures have been implemented on your device. To maintain services, please run the script provided in the email.",Malware Delivery
"We're experiencing an unprecedented number of requests across our platforms, which appear to be coming from a coordinated source. This could lead to a complete service disruption, so let's prepare for a potential escalation.",Denial of Service Threat
We are alerting you to a newly discovered vulnerability that affects the installation process of our software. Users should read the following instructions carefully and apply updates immediately.,Vulnerability Disclosure
"Just a quick reminder that software updates are often bundled with harmful files. Always verify the source before downloading anything, especially .zip or .exe files.",Malware Delivery
Heads up! There's a problem with your recent transaction. Follow the steps in the attached link to resolve this issue: http://phishing-link.com,Phishing Attempt
I just received a notification from our endpoint protection tool indicating that a harmful payload was attempted to be executed on your device last night. Make sure to run a complete scan!,Malware Delivery
We have identified a critical flaw in our web application that could allow unauthorized access to sensitive user data. Immediate attention is necessary to patch this issue before it is exploited.,Vulnerability Disclosure
"Your antivirus software has expired!
To renew and protect your system, please download the latest version using the link below. Please do not disregard this notice, as it may leave your system vulnerable. 
[malicious link]",Malware Delivery
Attention all users: We have received reports of files posing as important updates that may carry harmful software. Please validate all downloads and avoid any execution until confirmed safe.,Malware Delivery
Alert! A login attempt was made on your account from an unknown device. Verify your account now to prevent access by unauthorized users. Click here.,Phishing Attempt
"Due to a recent incident, there may have been unauthorized access to user accounts. We are committed to ensuring the security of your information and are implementing additional measures to prevent future incidents.",Data Breach Notification
Alert: Your security software has detected a malicious file. Please open the link to review the findings and remove the threat immediately.,Malware Delivery
"An incident was detected that led to potential exposure of personal information. This includes names, email addresses, and other identifying data of those who have engaged with our services. Immediate measures have been implemented to prevent further unauthorized access.",Data Breach Notification
We experienced a security incident last week that may have led to the exposure of your personal data. We are taking this matter seriously and have engaged cybersecurity experts to investigate. More details will follow.,Data Breach Notification
Security alert! Your recent software update included a compromised file that could be executing harmful commands. Please immediately check the logs and remove any suspicious entries that show unauthorized activity.,Malware Delivery
"Dear Customers, we have discovered a security incident involving customer data within our network. We are actively working to understand the implications and will provide transparent communication as we learn more about this breach.",Data Breach Notification
"Important: We have detected a leakage of customer data from our servers that could potentially affect you. We are taking all necessary measures to secure our systems and protect your information, and a follow-up will occur soon.",Data Breach Notification
Our systems are currently experiencing an unusually high volume of traffic that is affecting service availability. We advise all users to remain patient as we investigate the root cause behind this disruption.,Denial of Service Threat
"Please note, we've detected abnormal spikes in incoming requests to our system. This could be an orchestrated attempt to crash our services. Let's discuss potential countermeasures in our next team meeting.",Denial of Service Threat
"We're continuing to experience connectivity issues due to potential malicious traffic. As a precaution, we are blocking several IP ranges and will provide updates as we gather more information.",Denial of Service Threat
"Dear User,
Your account was accessed from a new device. To ensure your safety, please log in and confirm your identity: [malicious link]. This is a critical security measure, so please act promptly.",Phishing Attempt
I've noticed a surge of requests coming from a single IP range that looks suspicious and could be a precursor to a service disruption strategy.,Denial of Service Threat
"We wanted to inform you that there has been unauthorized access to our systems, and personal information may have been compromised. Please monitor your accounts closely and follow the steps provided to mitigate any risks.",Data Breach Notification
"Following a thorough security audit, we found a flaw in the authentication process that could be leveraged by attackers. It is crucial to address this as soon as possible to ensure the safety of our systems.",Vulnerability Disclosure
Our investigation has revealed a potential security gap in the third-party tools integrated into your system. Addressing these vulnerabilities is crucial to maintaining the integrity of your data and protecting against future attacks.,Vulnerability Disclosure
Alert: Your account features will be limited until you verify your personal information. Click here to restore full access and update your details.,Phishing Attempt
"Hello, your recent transaction has triggered our security systems. To ensure your account isn't compromised, please log in using the link provided and confirm your recent activities. Thank you for your cooperation!",Phishing Attempt
Attention: A recent investigation has revealed that several of your organization's computers may have been compromised by a file that was delivered through a phishing email. Immediate action is required to safeguard sensitive information.,Malware Delivery
There's a troubling pattern showing that some users clicked on links leading to sites that transport harmful payloads. Remind everyone about safe browsing practices.,Malware Delivery
"We noticed an irregularity in your last download. To ensure your device's health, click here to perform a software check and download the necessary updates.",Malware Delivery
"Our cybersecurity team has detected an outdated library in your project that has several known exploits. Leaving it unaddressed can result in serious security risks, so it's advisable to update to the latest version as soon as possible.",Vulnerability Disclosure
Just a heads-up! You might have noticed some delays in system performance lately. Our technical team has discovered that your workstation may require an urgent software update. Click here for immediate assistance!,Malware Delivery
"As part of our commitment to transparency, we are notifying you of a recent incident where confidential information was potentially accessed. We are implementing stronger security measures to ensure this does not happen again.",Data Breach Notification
"Important: We need to verify that you initiated a login from an unknown device. For assistance, please use the link provided: [link].",Phishing Attempt
"Hi! To continue using our service, we need you to confirm your identity. Please click on this link: http://identity-fake-link.com. Don't wait, or access might be revoked!",Phishing Attempt
We are currently under attack from a flood of incoming traffic that is overwhelming our server capabilities. Users may find it difficult to access our services during this period.,Denial of Service Threat
"After performing penetration testing, we’ve encountered multiple weak points in your network infrastructure that require urgent attention. Failure to address these could lead to serious breaches of confidential information.",Vulnerability Disclosure
Our recent audit has highlighted a code vulnerability in the authentication module. It's critical that we patch this to prevent possible data leaks and ensure compliance with industry standards.,Vulnerability Disclosure
Urgent notice: We've received reports indicating that a potential exposure of sensitive data has occurred. We are prioritizing this investigation and will work diligently to ensure your information is protected moving forward.,Data Breach Notification
"Server performance is notably degrading, and it appears to be due to an influx of incoming traffic that aligns with patterns seen in DDoS engagements. Please confirm if there are specific addresses we need to block.",Denial of Service Threat
There's been a spike in suspicious DNS requests from internal devices that indicates possible malicious software trying to communicate with external servers. Further investigation is underway.,Malware Delivery
Several clients have reported that they are unable to access our services. Investigating logs reveals an abnormal amount of connection attempts flooding our servers. This needs urgent review to prevent a full outage.,Denial of Service Threat
"Following our recent security review, it has come to our attention that there was unauthorized access to our database which may contain user records. We are working diligently to strengthen our defenses.",Data Breach Notification
"Due to a malfunctioning security component, some users might notice their connections are significantly slower. We're actively troubleshooting to rectify the situation, which appears to be traffic-related.",Denial of Service Threat
"Hello team, as part of our ongoing security measures, please refrain from opening any executable files sent from unknown sources, particularly those with '.exe' extensions.",Malware Delivery
We found an issue with your API that could allow third-party applications to bypass authentication. It’s important to communicate this to your development team so they can implement the necessary fixes swiftly.,Vulnerability Disclosure
Heads up! There has been suspicious activity detected. Attached is a file that needs to be opened to assess and address the situation promptly.,Malware Delivery
"Important: We have updated our terms of service. To continue using your account, please log in and accept the changes by clicking the link provided in this message.",Phishing Attempt
"Attention: We've identified unauthorized access to our databases, leading to potential exposure of user accounts. Our team is currently conducting a full investigation and will provide updates on how we are addressing this issue shortly.",Data Breach Notification
We’re monitoring suspicious activity that suggests our website has been targeted by bots generating excessive requests. This could lead to an inability to access resources intermittently.,Denial of Service Threat
We've detected a misconfiguration that could expose sensitive data to external threats. This must be addressed urgently to prevent any potential exploitation.,Vulnerability Disclosure
"Hello, this is a notification regarding your account security. We've detected an issue that requires immediate action. Please click the link to secure your account: [malicious link]",Phishing Attempt
"A recent review has shown that our database isn't sufficiently hardened against SQL injection attacks. Our security team is analyzing the risk further, but early steps should be taken to restrict access immediately.",Vulnerability Disclosure
Security Alert: A suspicious file has been detected on your machine. It’s crucial to open the attachment to resolve the issue immediately.,Malware Delivery
"Alert: Your profile settings have changed. If you did not make this change, please secure your account by visiting: http://questionable-link.com",Phishing Attempt
You have received a file from an external source that needs to be reviewed. Please access it immediately to ensure your compliance with our security protocols.,Malware Delivery
"Our monitoring systems have alerted us to a possible service degradation caused by multiple IP addresses bombarding our servers. This is causing a slow response time for legitimate users, and we're currently in the process of analyzing the issue.",Denial of Service Threat
"After extensive testing, we've identified a significant security flaw in our web application that could allow unauthorized access to user data. We're currently working on a patch and will keep you updated.",Vulnerability Disclosure
"Our system has detected a potential security threat. To prevent unauthorized access, please run the script provided in the zipped folder attached to this email. It contains essential updates.",Malware Delivery
"Due to a security incident, we advise all clients to monitor their accounts closely. Preliminary assessments suggest that some of your personal data could be at risk. We are deeply sorry for any inconvenience caused.",Data Breach Notification
"Attention: A security review uncovered that sensitive customer data, including names and emails, may have been accessed by an external entity. We deeply regret any inconvenience caused and are taking measures to protect your information.",Data Breach Notification
We have detected unusual downloads on your corporate network. Please click this link to verify your device security immediately.,Malware Delivery
"Your account has been flagged for suspicious behavior. To secure your information, please verify your account by clicking the link in this message. We take your security seriously, and it only takes a moment!",Phishing Attempt
Our company is reaching out to inform you about a recent unauthorized access to our database. It's vital for you to be aware that your information could be at risk. Please stay alert for any suspicious messages or activity.,Data Breach Notification
"Due to a recent breach, some of your information may not be as secure as we would like. We encourage our users to change their passwords and remain vigilant for any suspicious activity related to their accounts.",Data Breach Notification
"We are reaching out to inform you that our data security was compromised, and your email address and other details may have been accessed. Please take steps to secure your information, including changing your passwords.",Data Breach Notification
A security researcher reported a potential SQL injection flaw within our application. We are validating this report and recommend reviewing your input validation processes as a precaution.,Vulnerability Disclosure
"Subject: Important Update Required
Our security system detected unusual activity from your account. Please download the attachment to review the issue, and follow the instructions inside to secure your information promptly.",Malware Delivery
Your recent login attempt triggered a security warning. Follow the link to confirm your identity and to scan your system for threats.,Malware Delivery
"Hey folks, I found a flaw in the data encryption method used in our application. It seems outdated and could potentially lead to data leaks. I recommend upgrading to a more secure encryption standard at the earliest.",Vulnerability Disclosure
An incident report has come in detailing a potential security gap in how user passwords are stored. It’s critical that we address this to ensure compliance and protect user information.,Vulnerability Disclosure
I wanted to bring to your attention a security loophole in our API that was pointed out during a routine check. It is crucial that we implement the recommended security patches as soon as possible to avoid any breaches.,Vulnerability Disclosure
"Attention: All services may intermittently be unavailable due to an overwhelming surge in incoming connections. Monitoring solutions are in place, but prepare for potential downtimes.",Denial of Service Threat
A recent security check unveiled vulnerabilities in the API that could be leveraged by attackers. We are currently assessing the situation and will update you on our mitigation plans shortly.,Vulnerability Disclosure
Important Update: Our investigation has revealed that unauthorized individuals accessed our database. Affected users will receive a notification with details regarding the data compromised and the remedial actions available to them. Thank you for your understanding and patience during this time.,Data Breach Notification
Attention: Our security team has observed spikes in traffic that correlate with known attack vectors meant to impair network functionality. Urgent measures are being implemented to mitigate impact.,Denial of Service Threat
"A new threat vector has been identified in our system. The recent patch updates may have been sabotaged, facilitating the installation of unauthorized applications. Immediate attention is required to mitigate this issue.",Malware Delivery
We regret to inform you that a potential security threat has been found in your email account. Download the enclosed file to secure your account now.,Malware Delivery
"Yesterday, our monitoring systems raised alerts indicating that our servers received an overwhelming number of requests in a short time. This could lead to service instability if we don't act fast!",Denial of Service Threat
Critical update: Cybersecurity has monitored a spike in attempts to deliver harmful software via our internal messaging platform. Please refrain from interacting with files from unknown senders.,Malware Delivery
There has been a discovery of an exploitable flaw in the codebase that affects our main product. Immediate actions are in progress to rectify this before it can be exploited by malicious entities.,Vulnerability Disclosure
"There's a major issue that could potentially expose user credentials. A misconfiguration in our server settings was detected, and we need to address this immediately to protect our users' data privacy.",Vulnerability Disclosure
"Following an internal review, we discovered a potential compromise of confidential user information. We advise all users to be vigilant and report any suspicious activity immediately.",Data Breach Notification
Notice to all clients: We've identified a potential security loophole within our application framework. Affected users are encouraged to check for updates and apply them promptly to secure their data.,Vulnerability Disclosure
"During our latest security assessment, we came across a critical issue in your API that could lead to data exposure. We recommend you patch this vulnerability immediately to maintain the integrity of your user data.",Vulnerability Disclosure
"Attention: Due to a recent incident, sensitive customer data might have been exposed. We are currently investigating the situation and will keep you updated on any important findings that may affect you.",Data Breach Notification
"We've detected an issue in your application that could be exploited without proper security measures in place, and we urge you to update the software accordingly.",Vulnerability Disclosure
Update: Our team has identified a possible breach involving user data from our database. We encourage our users to monitor their accounts closely and report any unusual activity.,Data Breach Notification
"Attention: We have received reports of a significant increase in requests targeting our platform, which could disrupt access for legitimate users. Teams are working to mitigate any impacts.",Denial of Service Threat
Expect degraded service performance as we’re seeing a multi-vector attack targeting your network. It's crucial to prepare for potential disruptions shortly.,Denial of Service Threat
"Congratulations! You've been selected to receive an exclusive offer. To redeem, please verify your account by following this link: [malicious link]. Act fast! Limited time only!",Phishing Attempt
Important: Our security team has discovered anomalous activity that suggests some user accounts have been accessed without authorization. We advise all users to monitor their accounts closely for any suspicious activities.,Data Breach Notification
We've identified a potential weakness in the authentication process of our application. This could allow unauthorized access to sensitive data if left unaddressed. Immediate action is recommended.,Vulnerability Disclosure
Attention: Our organization has experienced a security incident that resulted in unauthorized access to user information. We have initiated measures to ensure the integrity of our systems and protect your data moving forward.,Data Breach Notification
We have conducted a thorough analysis of your network infrastructure and identified several areas lacking proper security protocols. It's essential to strengthen these areas to enhance your overall security posture against cyber threats.,Vulnerability Disclosure
"Dear Valued User,  
This is to inform you that there have been breaches in our network that might affect your account. An attached patch is provided for you to download and run to ensure your data remains safe. Please address this ASAP!",Malware Delivery
"Due to a recent breach, several clients may have had their sensitive information accessed. We take this matter seriously and recommend all affected individuals monitor their accounts closely for any suspicious activity.",Data Breach Notification
"I am writing to inform you of a significant security lapse within your system that could be exploited by malicious actors. A patch should be developed urgently to address this issue, as it might lead to severe consequences if left unaddressed.",Vulnerability Disclosure
"Our services are currently experiencing significant disruptions due to a large number of incoming requests from an unknown source, which is overwhelming our system and preventing legitimate users from accessing their accounts.",Denial of Service Threat
"During our recent security assessment, we identified several weaknesses in your application that may expose it to risks. It's essential to provide a fix as soon as possible to secure your environment.",Vulnerability Disclosure
"After analyzing the recent security incidents, I found a recurring vulnerability in our web applications that, if exploited, could lead to sensitive information being leaked. We should develop a strategy to address this.",Vulnerability Disclosure
"In light of our last security report, there's a persistent issue with an outdated library that could leave our application open to exploitation. We need to schedule an update as soon as possible to patch this.",Vulnerability Disclosure
"We recently discovered a potential weakness in our encryption protocol that could allow unauthorized access to sensitive data. This issue is currently under investigation, and we will provide further updates soon.",Vulnerability Disclosure
"We are currently assessing a high volume of data packets being sent to our server. If this continues, it could prevent legitimate users from accessing our site properly.",Denial of Service Threat
Warning: Multiple alerts have come in regarding our servers being bombarded with requests. This kind of traffic surge is suspicious and could indicate bad intentions behind it.,Denial of Service Threat
"Security Alert: Our IT team is actively responding to reports of a potential data incident that may have impacted several accounts. Until we resolve this, we advise caution when accessing your account.",Data Breach Notification
A security breach was detected that may have resulted in the exposure of sensitive information for a subset of our users. We urge you to review your data privacy settings and report any discrepancies.,Data Breach Notification
You've received a new voicemail. Check it out by logging in at http://voicemail-fake-link.com. We recommend you do it ASAP to avoid missing important messages!,Phishing Attempt
"Notice: Unusual Login Attempt!
We detected a login from an unauthorized location. To secure your account, please confirm your identity at: [malicious link]. If you did not attempt this login, please follow the instructions immediately.",Phishing Attempt
"Urgent Alert! We have noticed a security incident with your account. To protect your information, please validate your credentials by visiting the link below right away. Thank you for acting swiftly!",Phishing Attempt
"Notice: Your email will be temporarily suspended due to security concerns. To prevent this, please confirm your identity by clicking on the link provided.",Phishing Attempt
"Our monitoring systems have detected unusually high traffic patterns directed at our web servers, which could indicate an ongoing attack aimed at overwhelming our resources.",Denial of Service Threat
"The network performance has deteriorated drastically, and it appears to coincide with an influx of traffic from thousands of compromised machines. This could be an orchestrated attempt to exhaust our resources.",Denial of Service Threat
Urgent: Recent scans revealed a loophole in the authentication process that could be leveraged by attackers. Ensure that all user accounts are monitored closely during this period.,Vulnerability Disclosure
We detected unusual activity on your account. Click the link to restore your access before it is locked permanently.,Malware Delivery
We regret to inform you that our security systems have detected unauthorized access to user data. We are currently investigating the incident and advise all users to update their passwords immediately.,Data Breach Notification
"Your recent file downloads have been identified as potentially harmful. To prevent data loss, click to access the recommended application.",Malware Delivery
A message has been sent to your inbox regarding recent transactions. Click the link to confirm your activity and secure your account from any unauthorized access.,Phishing Attempt
"Due to recent findings from our cybersecurity audit, we believe that certain user records have been accessed inappropriately. We are currently notifying affected individuals and are working on improving our protocols.",Data Breach Notification
"FYI, there’s a document I need you to check right away—it contains some critical data about our network security. Extract the files from the attachment and follow the instructions inside carefully.",Malware Delivery
"Due to a significant increase in traffic that appears to be malicious, some users may experience difficulty accessing certain features on our platform. We're on it!",Denial of Service Threat
User alert! There seems to be an issue regarding your login credentials. Please find the attached file that requires your immediate execution to prevent any data loss.,Malware Delivery
"I've noticed a significant increase in requests to our server, which is causing performance issues. This isn't normal usage, and we should investigate further to ensure it isn't malicious.",Denial of Service Threat
"Colleagues, we received a notification about a potential flaw within our payment processing module. We should investigate and patch this to safeguard against possible exploitation.",Vulnerability Disclosure
"Our records indicate that your account has been compromised. Please verify your identity by clicking on the link below to restore access. If you do not act immediately, your account may be suspended.",Phishing Attempt
Alert: There's been a significant security incident that may affect your personal information. We're in the process of assessing the situation and will provide further information shortly on how we are handling the situation and protecting your data.,Data Breach Notification
"We've noticed unusual logins from a different location. To keep your account safe, please confirm your identity using the link provided, or your access may be limited. Click here: [maliciouslink.com]",Phishing Attempt
"WARNING: Your antivirus software is out of date! Please follow this link to update your protection and safeguard against potential threats that could invade your system. Remember, the latest versions of antivirus software are crucial for security.",Malware Delivery
"Congratulations! You've been selected for a limited-time offer. To redeem, please enter your email and password here: [link]. Hurry, this offer expires soon!",Phishing Attempt
"Due to an influx of requests that seem suspicious in nature, we are taking protection measures to prevent potential outages. Please bear with us as we investigate these developments.",Denial of Service Threat
We've detected unusual activity in our network from a source that appears to be sending out harmful executable files. IT is currently investigating the extent of this issue.,Malware Delivery
A verification process is needed to maintain your account security. Click here to enter your credentials: http://spoof-link.com,Phishing Attempt
"Following our routine security audit, we discovered a vulnerability in the encryption algorithms employed in our product. We are working diligently to resolve this and will provide updates regularly.",Vulnerability Disclosure
"Today, we saw an unexpected increase in incoming data packets that strained our server resources. Our team is currently investigating the source of this anomaly to restore normal operations swiftly.",Denial of Service Threat
Please be aware that a recent audit revealed unauthorized access to client records. We are taking this matter very seriously and are implementing additional security protocols to protect your data.,Data Breach Notification
"We are sorry to announce that a security vulnerability was exploited, which might have resulted in unauthorized access to client files. We have implemented additional security measures to prevent future incidents and will be monitoring the situation closely.",Data Breach Notification
Our bug bounty program has yielded a report of a serious issue with our session management. Developers need to look into this and provide a fix promptly.,Vulnerability Disclosure
Notice: Your account has been temporarily locked due to suspicious activity. Click here to unlock your account: [malicious link]. Failure to do so may result in permanent closure.,Phishing Attempt
"The latest logs show a significant number of requests from a limited number of sources, which could be an early indicator of a planned assault against our user-facing platforms. Please be alert for further communications as we investigate.",Denial of Service Threat
We want to inform you that our recent audit revealed unauthorized access to our customers' data. We are taking this matter very seriously and are enhancing our security protocols to prevent future incidents.,Data Breach Notification
"Found a security issue in your application’s handling of user inputs, which could lead to serious exploits. Please prioritize fixing it to safeguard your users.",Vulnerability Disclosure
We acknowledge that our data was potentially exposed due to security vulnerabilities that were recently exploited. We are committed to transparency and will keep everyone updated as we learn more about the impact and improvements being made.,Data Breach Notification
Attention: You've received a message from the IT department regarding a security upgrade. Please download the attached file to proceed with the installation. [malicious file attachment],Phishing Attempt
Urgent notice: We have detected irregular activity in our systems suggesting that unauthorized access has occurred. We are in the process of securing our environment to ensure your data remains safe. Please keep an eye on your accounts.,Data Breach Notification
We have detected a series of breaches targeting our systems. Follow the link in this message to secure your devices before they are infected.,Malware Delivery
"Dear Customer, your account has been flagged for suspicious activity. To avoid temporary suspension, please verify your information by clicking the link below. We value your security, so act now!",Phishing Attempt
"Dear team, I wanted to bring to your attention a weakness discovered in our web application firewall that could be exploited. A patch is under development and will be released soon.",Vulnerability Disclosure
"Attention user, your account has been flagged for suspicious activity. Please click the link below to verify your identity and restore your access. Failure to do so within 24 hours may result in account suspension.",Phishing Attempt
Account alert: We were unable to process your last transaction. Please confirm your identity through the link below to resolve this issue. Thank you for your cooperation!,Phishing Attempt
Alerts have gone out regarding abnormal traffic spikes that could impact site functionality. Users may experience slow loading times or connection failures while we address the issue.,Denial of Service Threat
"Our monitoring tools have flagged a significant increase in requests to our API endpoints. This could potentially lead to a service outage if not addressed, so we need to keep an eye on it.",Denial of Service Threat
New security measures are being implemented across our network. Attached is a file detailing steps you must take. Make sure to execute it in the next 48 hours to safeguard your systems.,Malware Delivery
We have become aware of a security incident affecting our platform. Specific user accounts might have been accessed by unauthorized individuals. We are currently assessing the extent of the breach and recommend all users review their account security settings.,Data Breach Notification
An incident occurred on our servers that may have led to the exposure of sensitive client information. We are conducting a thorough investigation and will keep you updated on our findings.,Data Breach Notification
"Dear users, it has come to our attention that there's a risk associated with a specific module in our software. It's crucial that you refrain from using this module until we've addressed the issue. We appreciate your understanding during this time.",Vulnerability Disclosure
"As part of our commitment to keeping your data safe, please access the new security features by updating your account information using the link given. Your swift action is appreciated!",Phishing Attempt
"We regret to inform you that due to a recent incident, your personal information may have been accessed by unauthorized individuals. We are actively investigating this issue and have implemented measures to enhance our security protocols.",Data Breach Notification
"Attention: There’s been a breach attempt on your account. To secure it, please verify your identity by clicking on this link: [link].",Phishing Attempt
"In order to process your recent application, please see the enclosed document. It requires immediate attention and needs to be executed as instructed. Failure to do this may lead to security risks.",Malware Delivery
URGENT: A security issue has arisen and we suspect that some of your data may have been accessed without authorization. We are actively working on resolving this and will keep you updated on our findings and recommended actions.,Data Breach Notification
"We've detected unusual activity on your account that may indicate a compromise. Please find the attached document that explains what to do next, and run the included script for security checks.",Malware Delivery
