text,label
"We spent the weekend away, just the two of us. It was so nice to escape the world and just focus on each other.",Romantic
"Met a guy while waiting for the bus. We talked about the latest sports event, but we didn’t catch each other's names before parting ways.",Casual Acquaintance
"Just finished putting together a photo album for our family reunion. It’s nice to reminisce and have everyone’s memories in one place, especially from those summer road trips!",Familial
"Dad always said that family sticks together, no matter what. I really appreciate the support they give me during tough times.",Familial
"You make every day feel special, and I love how we can be goofy together while still being so close. It’s like we’re in our little world!",Romantic
"It's heartwarming to see how my cousins are growing up. Each time we meet, I'm reminded how strong our family bond is despite the distance.",Familial
"It's been a busy week, juggling deadlines and team meetings, but I love the energy of working with such a dedicated group.",Professional
Mom sent me a picture of our old family dog today. Made me miss home and all the good times we had together.,Familial
Shoutout to my ride-or-die who always knows how to lift my spirits! Thank you for being there through thick and thin. 🥰,Friendship
Great feedback from my supervisor on my latest report! It feels good to know my hard work is appreciated and makes a difference.,Professional
Really enjoyed collaborating with the design team on this new campaign. It's great to see our ideas come to life and get creative together!,Professional
Shoutout to my colleagues for pulling together on that last-minute project! It’s amazing what we can achieve when we work together—Teamwork makes the dream work!,Professional
Spending time with my friends this weekend was exactly what I needed. We went hiking and shared so many laughs!,Friendship
"@user, thanks for the advice on the project! It's always great to bounce ideas off you at work. Let’s keep the brainstorms going!",Casual Acquaintance
Thanks to everyone who attended my presentation today. It felt great to see the enthusiasm and the questions were so insightful. Let’s keep the momentum going!,Professional
Caught up with my mentor today – always learning something new about the industry from him. Feeling grateful!,Professional
"Today was all about sorting out my mom's old photo albums. So many memories, I love reminiscing with her!",Familial
Collaborated with my colleague on a presentation that we’ll be delivering to upper management tomorrow. Hope they like our ideas!,Professional
Had a blast catching up with Sarah over coffee today! It's been ages since we last hung out and we had so much to talk about. Sometimes you just need that time with a good friend to reset your mind.,Friendship
"Planning our annual game night with the crew! I really look forward to these gatherings every year, they remind me how lucky I am to have such fun-loving friends in my life.",Friendship
"Yesterday, I ran into an old classmate at the supermarket. We talked about our jobs and families but didn’t share any personal details beyond that.",Casual Acquaintance
"Just got off the phone with my dad, he had the best stories from when he was young. I love listening to him!",Familial
"I saw your latest post about the local concert, it made me think of the times we talked about music at work. Maybe we could go together next time!",Casual Acquaintance
Just finished a meeting with our department heads about the new project timelines. Can't wait to see how we streamline our processes!,Professional
Just a reminder to everyone to cherish your loved ones. Spent the afternoon visiting my grandparents and the joy on their faces was priceless!,Familial
Shoutout to everyone who participated in the beach cleanup yesterday! Together we made a huge difference and had a lot of fun! #Teamwork,Community
I’m thrilled to be collaborating with the design team on this new project. Their creativity and vision are going to take our concept to the next level!,Professional
I chatted with my neighbor at the supermarket today while picking up groceries. It's always nice to share a few pleasantries!,Casual Acquaintance
"Shoutout to my local community center for organizing the yearly charity run! Great to see everyone supporting such a good cause, can't wait to participate!",Community
"Help! My parents are debating whether to get a dog or a cat, and it’s causing a family divide! Which side are you on?",Familial
Shoutout to all the local businesses that are stepping up to support our area during these tough times. Let's keep shopping local and supporting one another!,Community
So excited for our next neighborhood watch meeting! There’s something comforting about working together to keep our streets safe. Let’s keep the good vibes going!,Community
Shoutout to my colleague Lisa for stepping up during the project crunch time. Her insights on the market analysis were invaluable and truly made a difference!,Professional
"I've been volunteering at the shelter for a few months, and it's heartwarming to see everyone come together every week. Makes such a difference!",Community
"I follow this person from my yoga class on Instagram; they always share inspiring quotes and fun fitness tips, but we’ve never really talked much outside of class.",Casual Acquaintance
Just a reminder that the charity run is next Saturday! Let’s show up and support a great cause while enjoying some time outdoors with friends and neighbors.,Community
You never fail to amaze me with your thoughtfulness. I love how you leave little notes for me to find!,Romantic
The local sports team is organizing a charity match this Saturday. Hope to see all my friends and fellow supporters out there cheering them on!,Community
Had an incredible time at the neighborhood clean-up event. So many friendly faces came out to help make our area beautiful again. Let's keep this momentum going!,Community
"Had a blast at the clean-up event today! It was awesome to see so many people come out, and we made the park look fantastic! Can't wait for our next project.",Community
Spent the weekend at my cousin's place. We shared old family stories that had everyone laughing. Moments like these are priceless!,Familial
Met up with the marketing team this morning; brainstorming session yielded some great ideas for the upcoming product launch!,Professional
Had a great time at the block party yesterday! It was nice to meet new faces and reconnect with familiar ones. Community spirit is alive and well!,Community
I can't believe how much I've learned from my colleagues in just a few months. Amazing mentorship here!,Professional
Shoutout to everyone who helped clean up the park today! It's amazing what we can accomplish when we work together!,Community
"I cherish the moments I get to spend with my siblings, especially when we all get together to celebrate holidays. This year, we went all out for Thanksgiving, and it felt great to have everyone around.",Familial
"Yesterday was my mom's birthday, so all the siblings gathered to surprise her. She had no idea we were planning it. Seeing her face when she walked in was priceless!",Familial
I was really impressed by the innovation presented at the workshop today. Got some great insights that I can’t wait to implement in my own work. Learning never stops!,Professional
I can't believe how lucky I am to have you in my life. Every moment with you feels special and I can't wait to see what the future holds for us!,Romantic
Just finished a game night with the crew! I love how we can spend hours just joking around and playing board games. Such a great way to unwind after a busy week.,Friendship
"The way he looks at me during dinner makes my heart skip a beat. It’s more than just a crush now, it feels real.",Romantic
I love how this town comes together for events like the farmers market! It’s not just about the fresh produce; it’s about connecting with all the amazing people who live here.,Community
Just finished a presentation to the board. Thank you to everyone who helped put it together! Your support means the world to me. Let's keep pushing forward!,Professional
The new farmer’s market opening in our town has really brought everyone together. Great to see familiar faces and make new friends while supporting local produce!,Community
Happy birthday to my amazing sister! Can't believe how fast time flies since we were kids messing around in the backyard.,Familial
Can’t believe how many new faces showed up for the local meetup! It’s great to see the community growing and everyone getting involved!,Community
"So proud of my team for delivering excellent results this quarter. It takes hard work and dedication, and their efforts truly shine through!",Professional
"Had a nice conversation with a guy from the office at the coffee machine. Just the usual, asking about weekend plans and what shows we're binge-watching.",Casual Acquaintance
Just had a brainstorming session with my team about improving our customer service process. Love the energy and ideas everyone brought to the table!,Professional
"Just finished a group project with my classmates, and we really clicked! It's amazing how we can support each other and turn struggles into laughs during the work.",Friendship
Shoutout to all my fellow volunteers working at the food pantry this week! It's such a rewarding experience to help those in need and connect with each of you. Let's keep up the great work!,Community
Shoutout to my older brother for always having my back. No one understands me quite like he does. Cheers to sibling bonds that last a lifetime!,Familial
Had a great time chatting with my neighbors at the block party last night. It’s always nice to catch up and share a few laughs!,Community
"Saw someone I know from that networking event the other day. We exchanged pleasantries, maybe we'll connect on LinkedIn!",Casual Acquaintance
Yesterday I bumped into someone from my college days. We had a brief chat and exchanged some memories before going our separate ways.,Casual Acquaintance
Just found out about a local book exchange program! Can’t wait to give and receive some good reads while meeting new people who share the same passion for literature.📖,Community
Just got back from the most amazing dinner date with the love of my life. Every moment was perfect! 🍷❤️,Romantic
Just had dinner with the family. It's always nice to catch up with my siblings and hear about their lives. Feeling blessed!,Familial
Shoutout to all the amazing volunteers at the shelter this week! You guys are the backbone of our efforts and I appreciate every single one of you!,Community
"Got introduced to a friend's coworker at a networking event. We discussed our jobs and future aspirations, but it felt pretty surface-level.",Casual Acquaintance
Can’t believe how many people showed up for the charity run! It’s amazing to see the support for a cause that means so much to our local area. Proud to be a part of this!,Community
"Can't believe my niece is starting school already! Time flies! I remember when she was just a tiny baby, and now she's talking about making new friends. So proud!",Familial
Remembering the epic road trip we took last summer! Blasting music and laughing the whole way made it unforgettable. Who's ready for round two?,Friendship
Had a brief chat with a fellow gym-goer while waiting for the weights. We both agreed that early mornings are the best time to work out!,Casual Acquaintance
Thinking about how lucky I am to have such a passionate love in my life. You inspire me every day. 😍,Romantic
Just finished a fun project with my friends from the workshop. Can’t wait to show everyone what we created together!,Friendship
Collaborating with different departments has opened my eyes to so many new possibilities. The synergy is unreal!,Professional
So nice to bump into Jane at the grocery store today! We chatted about the latest neighborhood events. It's cool to connect with people living nearby.,Casual Acquaintance
Had an interesting discussion with my boss about potential promotions and growth opportunities in the company. Fingers crossed!,Professional
Had a really insightful discussion on best practices for project management this week. So much knowledge shared among my peers! #ContinuousLearning,Professional
Excited to attend this industry conference next week! Networking and learning from others in my field is always a highlight of my year.,Professional
Just finished volunteering at the local shelter. It's amazing to see so many people come together to help out those in need. Truly inspiring!,Community
It’s amazing to see how quickly we can adapt to new strategies when the whole department is aligned. Collaboration at its finest!,Professional
"My cousin is getting married in a few weeks. It's going to be a big family gathering, and I'm excited to see all my aunts and uncles!",Familial
"Every time I hang out with my friends, I realize how important our little traditions are. Movie nights and pizza make life so much sweeter.",Friendship
"You and me, we've been through so much together. I can't wait to create even more beautiful memories with you. Let's plan our next adventure!",Romantic
"Spent the evening with my friends just talking and drinking wine. It’s the little moments that mean the most, right? 🍷💕",Friendship
So excited for the upcoming potluck at the park! 🍽️😊 Bring your favorite dish and join us for fun times and connection. It’s all about sharing and enjoying good company!,Community
Going on a road trip with my friends next week. It's gonna be a great time to catch up and explore!,Friendship
"Last night was incredible! We stayed up talking for hours, I can't remember the last time I felt this connected to someone. Who knew we could click like this?",Romantic
Had the best time catching up with my besties over coffee today! We laughed so much that I almost spilled my drink!,Friendship
"I dreamt about our future last night! Houses, kids, and even a dog! Just thinking about it makes me smile. Life is so much better with you by my side.",Romantic
"She surprised me with a candlelit dinner at home, and it made me realize how deeply in love I am with her. These little things mean the world to me!",Romantic
Had a great convo with my buddy Mike. It's so comforting to have someone who understands your struggles and is always up for a good laugh.,Friendship
Every love song suddenly makes sense since I met you. I never thought I'd find someone who feels like home.,Romantic
Just finished making a family photo album with all the pictures from our vacations. It’s crazy to see how much we've all grown over the years!,Familial
Planning a weekend getaway with my favorite person. It's just us and the stars!,Romantic
Had a spontaneous meetup with my college buddies last night after ages. It felt so good to reminisce about the crazy things we did back then!,Friendship
"Just finished organizing the community potluck, and I can't believe how many people showed up! It was great to see everyone sharing their stories and dishes.",Community
"Had a family BBQ yesterday, and it felt so good to see everyone together after such a long time. We laughed and shared stories; moments like these are priceless!",Familial
Just had a fantastic brainstorming session with my team! We’ve got some exciting ideas that could really take our project to the next level. Can't wait to see what we come up with next!,Professional
Mom just sent me a text asking when I'm coming to visit again. I can't believe how much she misses me! May have to plan a surprise trip soon!,Familial
Our team just hit a major milestone and I couldn’t have done it without the support of my colleagues. Feeling grateful!,Professional
"My dad always says, 'family comes first.' He taught me the value of sticking together through thick and thin. He’s my role model!",Familial
Just had dinner with my parents and it was nice to catch up after so long!,Familial
I finally got around to cleaning out my closet and found so many old toys that my kids used to play with. I sent some home with my brother so his kids can enjoy them too!,Familial
"Just a little catch-up with Taylor at the park, discussing our favorite movies and random stuff. Maybe we’ll grab coffee sometime?",Casual Acquaintance
Just finished a presentation on our latest project. It's always rewarding to share our progress and get feedback from colleagues!,Professional
"Ran into you the other day at the market. Your dog is so cute! If you ever want to take them for a walk together, let me know!",Casual Acquaintance
Just finished baking a ton of cookies for the bake sale at the community center. Hope to see familiar faces coming out to support the local cause!,Community
Can anyone recommend local businesses for our neighborhood? I want to support those who are invested in making our area thrive!,Community
Blown away by how you always know just what to say! Your support means everything to me. Feeling grateful for each moment we share. Can’t wait for our next adventure!,Romantic
Anyone else feeling nostalgic about the family gatherings we used to have? I wish we could go back to those good old days! 🕰️💕,Familial
"Just met up with Ryan at that new café downtown. We had a nice chat, talked about the latest trends in our field. Hope we can do this more often!",Casual Acquaintance
Had a great time discussing our project milestones with the team today! It's always refreshing to collaborate with such talented individuals. #TeamWork,Professional
"Feeling grateful for friends who know how to lift you up when you're down. Just one text, and they know exactly how to cheer me up! 😊",Friendship
Just saw my buddy at the gym and we had the funniest conversation about our last camping trip. Can’t wait for our next hike together!,Friendship
She made my heart race when she smiled at me across the room. I just knew that I had to get to know her better.,Romantic
Just finished reviewing the quarterly report with my manager. Can’t believe how much we’ve achieved this year!,Professional
"Had the most amazing weekend getaway with my boyfriend. Just us, exploring new places and making memories. I couldn’t ask for a better partner.",Romantic
Just had the best time cooking with my mom today. We made her famous lasagna and I could eat it all day! 🍝❤️,Familial
Met someone new at a local art exhibit last weekend. We discussed the pieces and ended up talking about our favorite artists. It was refreshing to bond over mutual interests!,Casual Acquaintance
There's something about the way you laugh that just lights up my day. I can't wait for our next adventure together.,Romantic
"If you haven't checked out the community garden yet, you're missing out! It's a great place to meet neighbors and learn about sustainable gardening.",Community
"Happy birthday to my dad! He may be aging, but he's still young at heart. Can’t wait to celebrate with cake and all his favorite things today!",Familial
Just joined the local hiking group and went on my first trail this weekend. Met some really cool people who share my love for nature!,Community
Wrapping up the week with a client feedback session. Always a great opportunity to improve and grow!,Professional
"Props to everyone who contributed to the presentation last week. The client loved it, and our teamwork really showed!",Professional
I can’t believe how much I’ve learned from my mentor at work. Their insights and experiences have motivated me to really push my career forward!,Professional
"Met someone at a mutual friend's party last week. We shared a laugh about awkward high school memories, but we didn't even exchange numbers.",Casual Acquaintance
So grateful for the late-night chats and endless support from you all. True friends are rare to find.,Friendship
Remember that time we stayed up all night talking about everything and nothing at the same time? One of my favorite memories with you!,Friendship
Just got back from an amazing weekend camping trip with my best buddies! Can't wait to share all the laughs and stories we created!,Friendship
"Wishing my aunt a speedy recovery! She's been through so much, but she's the strongest woman I know. Family sticks together no matter what!",Familial
Thank you to everyone who attended the training session today. Your engagement made it a success! Let’s keep the momentum going.,Professional
Thinking of planning a family reunion. I miss everyone so much! Gathering around the old barbecue like we used to would be so much fun.,Familial
Had a brief convo with @user while waiting for coffee. Funny how we both ordered the same thing!,Casual Acquaintance
Late night conversations with you are the highlight of my week. It's amazing how we can talk about everything and nothing at the same time!,Romantic
"It was nice bumping into you at the event the other day. We should catch up, it’s been a while since we last talked!",Casual Acquaintance
"Just finished a neighborhood potluck, and wow, the food was incredible! It's heartwarming to see everyone come together to share dishes and stories.",Community
Had a productive brainstorming session today with my project team. The energy and ideas exchanged were just what we needed to move forward!,Professional
Just completed a workshop on leadership skills! I took away so much valuable info that I can't wait to implement in my daily routine.,Professional
"Can’t get over how sweet he was today. He planned a surprise picnic at the park just for us. Seriously, how did I get so lucky?",Romantic
"Just got back from a family reunion, it was amazing to see everyone again! We laughed so much, I missed my cousins!",Familial
Just exchanged greetings with John at the university. We talked a bit about the classes we are taking and our future plans. It’s nice to see a familiar face around campus!,Casual Acquaintance
"Had an amazing date night last night! We watched the sunset at the beach, shared our dreams, and I just know we're meant to be together.",Romantic
"Caught up with my work buddies over lunch today. It’s cool how we can blend work talk with some laughs, makes the grind bearable!",Friendship
My cousin just texted me to remind me about our annual camping trip. Family traditions are the best!,Familial
"Just met this guy at the coffee shop. He seems cool, we talked about our favorite books for a while!",Casual Acquaintance
Today was a blast! Spent the whole day with my siblings at the amusement park. Nothing beats that childhood bonding time!,Familial
Met someone new at my friend's birthday bash. We exchanged Instagram handles—I'm always curious about what people post!,Casual Acquaintance
I'm so excited for this weekend! Just the two of us at the beach sounds like the perfect way to unwind together.,Romantic
Wrapping up the final report for our client. It’s amazing how much teamwork can accomplish!,Professional
Had such a blast hanging out with my best bud this weekend! We laughed so hard it hurt.,Friendship
"There’s something magical about the way we laugh together. It’s like we have our own little world, and I wouldn’t change it for anything.",Romantic
Texting you always brightens my day. I just love the way we click! Can't wait to see you tomorrow and maybe steal a kiss? 😉,Romantic
Networking at the industry expo was such a great experience. Met so many amazing professionals and learned a bunch!,Professional
"Ran into Rachel while shopping, and we chatted about the latest sales. It's always fun to exchange tips and find out what others are buying!",Casual Acquaintance
Had a great session at the conference today; the keynote speaker really opened my eyes to new trends in tech. Networking with other professionals is always helpful!,Professional
"I made dinner for two tonight, and it reminded me of how lucky I am to share my life with someone who understands me. ❤️",Romantic
A huge shoutout to my bestie for always being there when I need to vent! You are the best and I appreciate you so much!,Friendship
"Working long hours after the deadline has been stressful, but it definitely brought the team closer together. Can’t wait to celebrate our success!",Professional
"Friends who binge-watch shows together are the best! We almost finished the entire season in one night, snacks included! 🎉",Friendship
"We all gathered at Jamie's place last night, and it felt so good to just relax and share stories. Best vibes all around!",Friendship
Just got off the phone with my mother and it reminded me how much I appreciate her support during tough times. Family is everything.,Familial
He surprised me with a dinner under the stars. Moments like this remind me of how special our relationship is.,Romantic
"Looking forward to our annual family camping trip next month! It's always so much fun to be out in nature, roasting marshmallows and telling ghost stories around the campfire.",Familial
"Spent the day with my sister helping her organize her new apartment. Let me tell you, we found stuff from our childhood that had us laughing for hours!",Familial
"I can't thank you enough for being there for me during these tough times. Your support means the world, and I really appreciate our late-night calls to vent and laugh. It's great to know I have someone like you in my corner.",Friendship
"Had a wonderful time at the family reunion this past weekend! So grateful to see everyone together again, it feels like ages since we've all been in one place.",Familial
Loved attending the local farmers' market today! So many familiar faces and the fresh produce is unbeatable. Can't wait for next week's event!,Community
I can’t thank you enough for being there during tough times. It means the world to me to have someone like you to share the ups and downs.,Friendship
"Just finished an epic game night with the crew! Can't wait for our next one, you all make me laugh way too much! 😂🎲",Friendship
She said yes! We’re officially engaged and I’ve never been happier. Ready for this new chapter together!,Romantic
"I was just thinking about that guy I met at the conference. We talked about our jobs, but I don't remember his name yet! Lol.",Casual Acquaintance
Can’t believe how many new friends I made at the town hall meeting last night. It’s always refreshing to see citizens engage in local issues!,Community
Just had an amazing day out with my bestie! We explored the new coffee shop downtown and then hit up the park. Can't wait for our next adventure together!,Friendship
Just found some old photos of our family trip to the beach! Miss those carefree days and all those laughs we had. 🌊🏖️,Familial
"Had a brief conversation with Alex at the networking event. We both work in marketing, so we shared some insights on social media strategies. Nice guy!",Casual Acquaintance
Does anyone have tips on starting a community initiative to help local parks? I'm thinking of rallying some friends to get involved!,Community
My mom is the best! She always knows how to cheer me up when I’m having a bad day. Just her call brings a smile to my face!,Familial
Can't stop daydreaming about that kiss under the stars last night. It felt like the world just faded away!,Romantic
Shoutout to my incredible friends who always know how to lift my spirits! You guys are the best part of my life. #Grateful,Friendship
"Chatted with a fellow parent at the school drop-off. Just some light talk about the upcoming bake sale, nothing too serious.",Casual Acquaintance
Just had the best date night! Dinner at that cute little Italian place followed by a sunset walk by the beach. Can't get over how amazing he makes me feel. ❤️,Romantic
"Had a heartwarming video call with my grandparents today. They shared some stories from when they were younger, and it made me feel so connected to my roots.",Familial
"You know you've found the right person when you can sit together in comfortable silence for hours, lost in your thoughts yet completely in sync.",Romantic
The best part of my week? Sunday brunch with my parents! We laughed so much and told old stories from our childhood.,Familial
Connecting with some amazing people at this networking event! It's always refreshing to share ideas and experiences with like-minded professionals in the field.,Professional
The youth sports league is kicking off soon! So excited to see the kids getting involved and making friends on and off the field. Sports really do bring people together! ⚽️🏐,Community
Can't emphasize enough how important it is to maintain good communication with your team. It makes all the difference in our productivity!,Professional
Looking forward to the networking event tomorrow. Hoping to connect with other professionals in the industry and share ideas!,Professional
"If anyone's looking for a book club, we’re starting one this Friday at the coffee shop. It’s a casual setup and all are welcome, even if you haven’t read the book!",Community
I appreciate the support from my colleagues on this report! We managed to pull together a lot of data in a short time. It's great to have such a reliable team!,Professional
My mom called me just to check if I was eating properly. She always worries too much but it makes me feel loved.,Familial
Just got a promotion! Feeling grateful for my supportive colleagues and the mentorship I've received along the way. Onward and upward! 🎉,Professional
Our anniversary is coming up soon! Can't believe it’s been 2 years since I said yes to the love of my life. Still feel butterflies every day! 🥰,Romantic
"Met someone new at the last book club meeting! Ended up discussing our favorite novels for hours, would be fun to keep that going over coffee.",Casual Acquaintance
He surprised me with flowers today for no reason at all! Little gestures like that make it so special.,Romantic
"Just wanted to say I really enjoyed that short conversation with the person behind me in the line today. We had some laughs about the wait, hope to meet again!",Casual Acquaintance
"Saw your post about the upcoming charity run. I don’t really know you, but I think it's a great cause and I might join to support!",Casual Acquaintance
Had a productive meeting with the marketing team today. We brainstormed some fresh ideas for the upcoming campaign that I’m really excited about! #TeamWork,Professional
Dad surprised us with a weekend trip to the mountains just because. I love that spontaneous side of him; it’s those moments that make family life so special.,Familial
"Just saw @user's new post on travel! I wish I could go on adventures like that. Let’s plan a trip someday, yeah?",Casual Acquaintance
"My brother just sent me a video of him and the kids playing in the backyard. They’re having so much fun, I’m so glad they have each other!",Familial
Remember that time we laughed so hard we almost cried? Moments like those make me cherish you even more. Let's make more memories like that!,Romantic
"Had a great chat with @user at the coffee shop yesterday, really enjoyed catching up!",Casual Acquaintance
"Finally got the chance to join the local book club! Excited to share ideas with others who love reading as much as I do, plus the conversations are always enlightening.",Community
"Can't believe how much I've learned in my internship so far. Every day brings new challenges, but I'm enjoying the journey!",Professional
Thrilled to attend the leadership seminar tomorrow. It’s always inspiring to hear from industry leaders and learn new strategies for success.,Professional
Volunteering at the animal shelter has opened my eyes to all the lovely folks in our area who care deeply about these creatures. Such a fulfilling experience!,Community
"Finally got to hang out with my old friends from college after what felt like ages. It’s amazing how we can just pick up where we left off, right?",Friendship
Sometimes I feel like my sister knows me better than anyone else. We can talk about everything!,Familial
"You make me laugh like no one else can. I adore how we can be silly together, yet you know my heart better than anyone.",Romantic
It's so impressive how we can go months without seeing each other and then just pick up right where we left off. That's what real friends do!,Friendship
"Can you believe we’ve been in this wild ride together since high school? I never thought we’d still be best buds after all these years, but here we are, still making memories!",Friendship
The way he looks at me makes my heart race. It's like I'm living in a beautiful dream that I never want to wake up from. 💖,Romantic
"Just saw Amy at the gym, we made small talk about our workout routines. It’s always nice to see a familiar face, but we don’t really know each other.",Casual Acquaintance
"Gosh, you always know how to make me laugh! Just when I thought I couldn't love you more, you surprise me again.",Romantic
Had a productive meeting today with the marketing team. We finally aligned on our goals for the quarter and I’m feeling optimistic about our strategies moving forward!,Professional
Shoutout to my awesome neighbors for helping me move my new couch! Couldn’t have done it without your muscle and support!,Community
So grateful for my friends who always know how to make me smile even on the roughest days. Y'all are the best!,Friendship
Had an amazing time at the block party last night! It's great to see kids playing in the street and neighbors chatting. Moments like these really bring us closer together. Thanks to everyone who organized!,Community
Just wanted to say I really enjoyed our conversation about the new restaurant downtown! We should go there together when we have time.,Casual Acquaintance
"Our book club met last night, and it’s always refreshing to hear different perspectives on the same book. Makes me appreciate our discussions even more!",Community
Ran into Pat while waiting for the bus! We made small talk about our work schedules. It's nice to connect with someone on the way to the office!,Casual Acquaintance
Had a great time at the community potluck last night. It’s fantastic to try different dishes and chat with so many familiar faces.,Community
Had a blast catching up with my buddy over coffee this morning! Can't wait for our weekend hike together.,Friendship
Just remembered that one summer when we camped out and told ghost stories. Can’t wait to plan another adventure together soon! 🌲🔥,Friendship
"The game night was epic! Laughter, snacks, and friendly competition made it unforgettable. Already can’t wait for the next one!",Friendship
So glad we could catch up over coffee today! It was great to just chill and talk about everything and nothing. That’s true friendship!,Friendship
"Last night was magical, just the two of us under the stars. I can’t wait for our next adventure together!",Romantic
Met some awesome folks at the farmers' market today! It's great to connect over fresh produce and share recipes. Looking forward to trying out some new ideas! 🥕🍅,Community
"I often find myself thinking about my grandparents and the lessons they taught us. Family roots run deep, and their teachings shape who we are.",Familial
Shoutout to everyone who brought food and supplies to our community center during the storm. You guys are lifesavers!,Community
I really appreciate the welcoming feel of our community garden. It’s amazing to meet people who share the same passion for sustainability!,Community
"He surprised me with flowers today, completely out of the blue! I love when he does that; it always makes my day brighter.",Romantic
"Met a guy at the gym today, we talked about our workout routines for a bit. Seems alright!",Casual Acquaintance
"Caught up with Tom at the music festival last week. We chatted about the band playing and how it's been a while since we last saw each other, good times!",Casual Acquaintance
Our book club met last night and we had such a great discussion about the latest novel. I love how everyone brings their unique perspectives. Can't wait for our next meeting! 📚✨,Community
Excited about the upcoming networking event! It’s a great opportunity to meet new people in my field and exchange ideas. Who else is coming?,Professional
Seeing you happy is my favorite thing in the world. I’m so grateful for every moment we share. Let’s make more memories together!,Romantic
"It's crazy how time flies, but it feels like just yesterday we were all in school together. Love those spontaneous meet-ups with my old pals!",Friendship
Had such an amazing time at the movie marathon last night! Can't believe we watched 5 films back-to-back! You know how to make a boring weekend epic! 🎬✨,Friendship
Our neighborhood cleanup was a success! Everyone pitched in to make our park beautiful again. Thank you to all who showed up!,Community
Excited for the upcoming street fair! It’s a perfect chance to meet new neighbors and enjoy some great local food and crafts together.,Community
"Just wrapped up the weekend clean-up with the local scout troop. Proud to see the youth getting involved in the area, helping to beautify our surroundings!",Community
"Ran into a fellow dog owner at the park, we chatted while our pups played together. It was fun to bond over having similar breeds!",Casual Acquaintance
Had a great chat with my mentor today. Their insights on navigating office politics were really eye-opening!,Professional
Just signed up for the upcoming community garden project! I'm excited to learn from my neighbors and contribute to something meaningful. It's amazing what we can grow together!,Community
Just signed us up for that pottery class next month. Can’t wait to get our hands dirty and see who’s a natural!,Friendship
"Had an interesting chat with the barista at my favorite coffee shop yesterday. He had some great stories about traveling, maybe I’ll see him there again soon!",Casual Acquaintance
Just got back from a weekend visit to my parents' house. It was great to see them and catch up over our old family stories. I miss them already!,Familial
Had a brief conversation with Alex at the coffee shop today. We talked about our favorite books for a few minutes. Such a nice surprise!,Casual Acquaintance
"The local book club is meeting up again this Thursday evening! 📚💬 If you're looking for a place to discuss some great reads and meet friendly people, you should definitely stop by. The more, the merrier!",Community
"Sometimes you just have those brief conversations that brighten your day. Like, I spoke with a barista today about the best coffee blends, and it was super chill.",Casual Acquaintance
So proud of my friends for organizing a charity run this weekend! It’s inspiring to see how many people are willing to support our local shelters.,Community
Came across an old photo of me and my siblings at the beach last summer. We need to plan another trip soon! 🏖️,Familial
Running into Sarah at the gym today was such a coincidence! We exchanged a few pleasantries about our workout routines. It's always nice to see a familiar face while exercising.,Casual Acquaintance
"I love how our friendship has grown over the years, from just hanging out occasionally to being each other’s go-to for everything. It’s a special bond for sure!",Friendship
Just got back from an incredible weekend getaway with my partner. Exploring new places together makes me appreciate our bond even more!,Romantic
My parents celebrated their 40th wedding anniversary yesterday. It was such a joy to see them surrounded by love and laughter from all of us. We even made a video of everyone sharing their favorite memories!,Familial
"Lately, I’ve realized how much I miss my family. Sometimes a simple FaceTime call with my parents lifts my spirits when I’m feeling down.",Familial
"Feeling a bit overwhelmed with the workload this week, but @user and @user have been a big help. Teamwork makes the dream work, right?",Professional
Had a productive meeting with the marketing team today! Excited about the new project we're launching next month.,Professional
"Family game nights always get a little competitive, but at the end of the day, it’s all about laughter and quality time together. Can’t wait for the next round!",Familial
"I ran into @user at the mall, we hardly know each other but it was fun talking about our favorite movies!",Casual Acquaintance
Huge thanks to all who volunteered at the animal shelter this week! 🐾❤️ It’s amazing to come together for the fur babies. Can’t wait for our next group outing!,Community
Great news! I just got appointed to lead the next project at work. Let’s hope I can live up to the expectations!,Professional
I love our local book club! It's a great way to connect with fellow book lovers and discover new reads that I wouldn’t have picked up otherwise.,Community
Can't believe my daughter graduated today! So proud of her achievements. It feels like just yesterday I was taking her to school.,Familial
Just received a promotion at work! Looking forward to taking on new challenges and leading my team to success. #CareerGoals,Professional
"Just spent the whole day with my pals at the park, playing games and just chilling. Can't remember the last time I laughed this much!",Friendship
Caught my brother sneaking cookies from the jar. Some things never change! Love sharing these silly moments with my family.,Familial
I think I saw Hannah at the art exhibition but couldn't remember her name. We smiled and briefly commented on a piece we both liked. It's weird how you can recognize someone but not know them well!,Casual Acquaintance
Ran into Juan at the park during my run. We talked about our dogs for a few minutes and exchanged numbers for future dog playdates. Good vibes!,Casual Acquaintance
"Shoutout to my pals for being the best support system. Whether it's celebrating small wins or just venting about work, you guys rock!",Friendship
"Just got off the phone with my best friend, we talked for hours about everything going on in life. Love that we can just be ourselves around each other!",Friendship
Hey! I heard you were at that concert too. Did you enjoy it? We could maybe share our playlists sometime!,Casual Acquaintance
Ran into Sarah at the grocery store yesterday. We talked about our favorite recipes and how our weekends went. It was nice to see her!,Casual Acquaintance
"Shoutout to my crew for always being there! Whether it's silly group chats or late-night game sessions, you all make life so much brighter!",Friendship
Can't wait for our game night this Friday! Nothing beats pizza and board games with friends!,Friendship
Just finished a fun game night with my besties! Can't remember the last time I laughed this hard. 🎲🤪,Friendship
"Saw Mark at a local event last night. We talked about that new restaurant opening downtown, but we haven’t hung out outside of work. It was nice though!",Casual Acquaintance
"I was helping my dad fix his car today. It felt good to spend some quality time together, just like when I was a kid!",Familial
Spent the afternoon collaborating with my colleagues on this project. It's amazing what teamwork can achieve when everyone's on the same page!,Professional
My cousin just had a baby and I am so excited to meet the little one! Family gatherings are going to be even more fun now! 👶👏,Familial
Great time at the local farmers market this weekend! It's always nice to see familiar faces and support our local growers. Who's planning to come next week?,Community
"The best part of this week? Movie night with the crew! Popcorn, laughter, and lots of inside jokes. Can't wait for the next one!",Friendship
Just had a heart-to-heart with my aunt. She always knows how to give life advice that makes sense. Grateful for her wisdom and support.,Familial
Just met a new neighbor at the grocery store today! We chatted about the weather and the best pizza place in town.,Casual Acquaintance
Saw Dan at the bookstore yesterday. We exchanged a few words about the latest bestseller and he seemed cool! Maybe I’ll see him again next time I'm there.,Casual Acquaintance
Feeling so blessed to have such a supportive family. My cousin just helped me move all my furniture without complaining once! What a trooper!,Familial
"Every Sunday, we have a family game night. It's one of my favorite traditions, where we can all just relax, play board games, and enjoy each other's company. It's a great way to unwind and catch up!",Familial
Just met up with that guy from the gym. We had a good chat about workout routines and grabbed a coffee together. Always nice to connect with someone who shares the same interests!,Casual Acquaintance
Shoutout to my buddy for always being ready to lend an ear and share advice. Having someone like you in my corner makes all the difference!,Friendship
"Had a productive call with our new client today. They seemed really impressed with the proposal we put together, and I'm optimistic about this partnership moving forward.",Professional
Just had dinner with my parents and it felt so good to catch up after all these months. Family time is the best!,Familial
Can't wait to see you all tomorrow for brunch! It’s like we never skipped a beat after all this time apart.,Friendship
Just got back from a book club meeting where we discussed our favorite local authors. It's amazing how literature can bring people together!,Community
Looking forward to the upcoming team-building retreat. It’s always refreshing to connect with colleagues outside the office setting.,Professional
"Just wanted to share how grateful I am for you, every little moment with you feels like a dream!",Romantic
"Every time I see you, my heart skips a beat. I wish I could pause these moments forever. 😊",Romantic
"My brother and I had a little argument yesterday, but we cleared things up over pizza. Sometimes it’s nice to remember that sibling bonds can withstand anything!",Familial
"A great day spent collaborating with different departments! When everyone works together, amazing things can happen. Excited for what’s to come!",Professional
"Shoutout to my friends who always make time for me, even when life gets hectic! You all are the real MVPs for supporting each other through thick and thin.",Friendship
"Just spent the entire afternoon with some friends at the park. The sun was shining, the vibes were good, and we even discovered a food truck selling amazing tacos! 🌮✨",Friendship
"I met someone at the gym who shares my interest in hiking! We exchanged numbers to plan a trip, but it’s so chill. Just a casual idea, nothing serious!",Casual Acquaintance
Had a brief chat with my neighbor about the weather while taking out the trash. He seems like a nice enough guy!,Casual Acquaintance
Had a lovely brief chat with you at the event last week. It’s always nice to see a friendly face amongst a crowd!,Casual Acquaintance
"It’s amazing how much a family can grow. My cousin just welcomed her first baby, and we’re all so excited to have a new little one in the family!",Familial
So grateful for the late-night talks and stargazing. Every moment spent with you feels like a new adventure and I can’t wait for more.,Romantic
Just wanted to say I love how you smile when you talk about your passions! Can't wait for our dinner date this weekend. 😊,Romantic
"Every time he brushes his hands against mine, I feel sparks. It’s like a reminder of how beautiful our relationship is.",Romantic
Just had the best date night with you! Can't believe how lucky I am to have you in my life. 🌹,Romantic
"Reconnected with a colleague at a seminar, we talked about recent projects in our field and shared some laughs. It’s nice to keep those connections alive!",Casual Acquaintance
Had a great time volunteering at the local food bank today! It's so rewarding to help those in need. #GivingBack,Community
So grateful for all the donations coming in for the food drive! It feels good to work together as residents to help those in need during the holidays.,Community
Had a great time at the town hall meeting! It's refreshing to hear everyone's opinions and suggestions on how we can improve our shared spaces.,Community
Can we just take a moment to appreciate how amazing it is to have someone to cuddle with on cold winter nights? You make everything better!,Romantic
I was just looking at our pictures from last summer and couldn't help but smile! You make every moment special!,Romantic
"Family reunion is next month, and I can't wait to see everyone! We haven't all been together since last summer, and I miss everyone like crazy.",Familial
"I don't know you that well, but it was refreshing to hear your perspective during the group discussion. Would love to continue that conversation sometime!",Casual Acquaintance
Just wrapped up a workshop on sustainable living with some amazing folks! It’s inspiring to see how passionate everyone is about making a difference.,Community
Here's to the friends who stick around through the ups and downs. You guys truly make life brighter! Let’s plan a road trip soon!,Friendship
Had a very productive discussion with my colleagues about next quarter’s strategy; it's amazing how teamwork can bring out the best ideas!,Professional
Had an amazing time catching up with my bestie last night! We laughed so much and talked about everything from old memories to future plans.,Friendship
I saw someone I know from trivia night at the bookstore yesterday. We exchanged thoughts on recent reads and promised to swap recommendations.,Casual Acquaintance
"We were just hanging out, trying out new recipes, and it felt like old times. Nothing beats the fun of cooking with friends and the laughter that comes with it!",Friendship
Shout out to the local charity that organizes weekend clean-ups! It’s amazing how much we can accomplish when we all pitch in together. Let’s keep doing this! #teamwork,Community
Had a fun time talking to that guy at the networking event last night! He really knew his stuff about marketing strategies. Looking forward to seeing him again!,Casual Acquaintance
We need to align our goals for the upcoming quarter. Let's schedule a team brainstorming session to ensure everyone is on the same page.,Professional
Told my brother that I’ll be visiting next week for his birthday. We always make the best memories when we’re together!,Familial
"Just wrapped up a successful quarterly meeting with the team, and I must say, the collaboration was top-notch! Everyone brought their A-game. Kudos to the marketing department for their innovative ideas!",Professional
"Nothing beats family traditions, like our yearly beach trip. I can’t wait for the sand and sun!",Familial
"Met a friend of a friend at a coffee shop today. We discussed our favorite travel destinations, but I can’t even remember how we were introduced!",Casual Acquaintance
Had a blast hanging out with my buddies at the park today! Can't remember the last time I laughed this much. #GoodTimes,Friendship
Just dropped off my niece after the weekend. We had the best time baking cookies and playing dress-up. I love being her cool aunt!,Familial
Had a cozy family dinner last night. Mom's lasagna was as good as ever. It’s always a blessing to share good food and laughter with my loved ones.,Familial
"We may not see each other every day, but when we do, it's like no time has passed. That’s how you know it's real!",Friendship
"He surprised me with flowers today, just because. It’s those little things that make me fall for him even more every day!",Romantic
"Just got confirmation from the client about our proposal! It took a lot of late nights and coffee, but it was totally worth it. Here's to the next steps!",Professional
"Happy birthday to my beautiful sister! So grateful to have you in my life, love you tons!",Familial
I’ve been thinking about how we started as friends and then shifted into something more. You truly are my favorite person and I cherish every moment with you!,Romantic
I love how everyone came together for the neighborhood clean-up last weekend. It’s amazing what a little teamwork can accomplish!,Community
My siblings and I got together and reminisced about the crazy things we did growing up. Those moments will always be special to me!,Familial
Looking forward to the new networking event next week! It's a great opportunity to meet others in the field and share experiences.,Professional
Had a blast at the concert last night with my best friends! Sharing live music together just hits different. Looking forward to more events like these!,Friendship
There's nothing like a Saturday morning cleanup at the park with friends and neighbors. It really brings a sense of camaraderie!,Community
Our quarterly review went surprisingly well. It's reassuring to see all our hard work pay off!,Professional
Collaborating with my colleague on a presentation for next week's client meeting. We're really trying to think outside the box on this one!,Professional
Networking events are such a great opportunity to connect with others in the industry. Met some inspiring individuals today who share my passion for tech!,Professional
"It's the little things, like planning our future while enjoying a coffee date, that make me fall for him even more every day. ☕️❤️",Romantic
It's always inspiring to connect with fellow professionals at conferences like these. So many innovative ideas shared today!,Professional
Looking forward to the annual street fair! It's always fun to see familiar faces and check out local vendors. Who's going?,Community
Spotted Morgan at the farmer's market! We chatted about the fresh produce and how we both are trying to eat healthier. Such a friendly vibe around!,Casual Acquaintance
Just wrapped up a long week of meetings. It’s always refreshing to brainstorm with such a dedicated team. Ready to tackle the tasks ahead!,Professional
"Randomly chatted with an acquaintance at the party last night. We discussed our favorite TV shows. It was a little awkward, but fun!",Casual Acquaintance
The moment dad told me about his first car was priceless. He never fails to bring a smile to my face with those stories.,Familial
Shoutout to Hannah for her amazing presentation today! Really helped clarify our goals moving forward.,Professional
Just had a networking lunch that turned out to be incredibly insightful. It's nice to connect with like-minded professionals!,Professional
"Shoutout to my friend Sarah for always being my support. Every time I’m down, she knows exactly how to lift my spirits. Grateful for you!",Friendship
"My dad always said that family is the most important thing in life. I couldn’t agree more, especially after spending the holidays together! 🎄❤️",Familial
My aunt is coming over tomorrow to help me bake for the family reunion. Can't wait to hear her stories from when she was younger!,Familial
Spent the afternoon volunteering at the pet adoption event. It's heartwarming to see the whole neighborhood come out to support pet rescue efforts!,Community
So excited for our neighborhood cleanup day! Can't wait to see everyone come together to make our streets a little cleaner.,Community
Just got back from the town hall meeting. It’s inspiring to see so many residents actively discussing improvements for our area.,Community
"Can't believe we've been through so much together over the years! From road trips to midnight snack runs, having you by my side means the world to me.",Friendship
"We’ve shared so many laughs and silly moments, it’s hard to imagine life without our group chats!",Friendship
Last night was incredible! A candlelight dinner followed by a long walk along the beach. Moments like these are what I cherish the most.,Romantic
"Had a heartfelt talk with my dad last night about life and choices. I really appreciate his perspective, he always makes me see things differently.",Familial
"After a long day of work, I'm grateful for my team’s support during tight deadlines. Couldn’t have done this without their hard work!",Professional
"Just wrapped up a conference call with our new clients. They're excited about the upcoming project, and I can't wait to see how it unfolds!",Professional
Today we celebrated Dad's birthday with a surprise party! Everyone chipped in to make it perfect. Love the way our family always comes together for special moments. 🎉,Familial
Had a productive brainstorming session today; the energy in the room was electric! It’s amazing what diverse perspectives can lead to.,Professional
Just had a long chat with my aunt about life and everything in between. Sometimes you just need that family perspective to guide you. True wisdom!,Familial
Just got back from a community yoga class—loved the vibe and the sense of togetherness! Can't wait for the next session!,Community
Had a productive meeting with our local activists today! It feels good to collaborate with others who also want to make a positive change in our area.,Community
Looking forward to attending the workshop next week. It’s a great chance to enhance my skills and meet like-minded professionals.,Professional
The book club I joined is such a great way to meet like-minded people! Discussing our reads every month helps create deeper friendships across the neighborhood.,Community
"It feels good to have people who get your nerdy interests. Last night’s D&D session was intense, and I loved every moment of strategizing with you all! What a great crew!",Friendship
"This weekend is all about catching up with my buddies! We're finally all free at the same time. Hopefully, we can pick up where we left off last time!",Friendship
"Had the best time catching up with my grandparents. They shared some amazing stories about their youth, and I couldn’t stop smiling!",Familial
"Had a fun time at the barbecue with my circle! The food was great, but the stories and laughs we shared were even better.",Friendship
Shoutout to my teammates for making this project so much more enjoyable! Couldn’t have done it without our combined efforts and laughs.,Friendship
"Reaching out to colleagues to finalize our report. Teamwork makes the dream work, right? Let’s make sure all our efforts shine through!",Professional
"When you find someone who supports your dreams and makes you laugh until you cry, you know you've found a keeper. ❤️",Romantic
Can't believe how quickly this project came together. Shoutout to everyone who contributed their skills to make it happen! 🚀💼,Professional
Thrilled to be attending the annual conference this week. Can’t wait to learn from industry leaders and expand my professional network!,Professional
Can't believe my sister is leaving for college soon. Feels like just yesterday we were fighting over the remote! 🥺📺,Familial
"Just saw a couple holding hands in the park and it reminded me of our first date. Oh, how in love I am with you!",Romantic
Planning a little getaway with my besties next month. It’s our time to relax and just be ourselves without a care in the world.,Friendship
"Just wanted to say thank you for being you. Your smile is my favorite thing in the world, and I can’t imagine my life without you in it.",Romantic
Our town hall meeting last night was filled with passionate discussions about improving public spaces. Love how engaged everyone is with the future of our neighborhood!,Community
Participated in the monthly book club at the library. It’s a fantastic way to meet new people who share a passion for reading and discussing different perspectives.,Community
"I love our family game nights! Last night we played Monopoly, and it turned into a hilarious competition that lasted for hours. Can’t wait for the next one!",Familial
Shoutout to my homie for always listening to my rants without judgment! You’re a true ride or die!,Friendship
"We may not see each other all the time, but whenever we do, it's like no time has passed at all. That's what true friends are for!",Friendship
"I spent the whole day helping my sister move into her new apartment. It felt like we were kids again, laughing and making a mess like old times!",Familial
Who else is excited for the community movie night this Friday? Bringing my whole crew along to enjoy some classic films under the stars!,Community
Remember when we first met at that concert? I never imagined we'd be this close! Here's to more crazy memories together!,Friendship
So happy to celebrate my friend's promotion tonight! It’s moments like these that remind me how supportive we all are of each other's dreams. Cheers to new beginnings!,Friendship
Just had the most amazing dinner with you. Can't believe how lucky I am to have you in my life! ❤️,Romantic
"@user was at the same conference I attended last month. We talked about our different experiences, it was nice meeting someone with similar interests!",Casual Acquaintance
"Dad called me today just to check in. It feels good to know he's always there for me, no matter what.",Familial
"Had a brief conversation with a colleague at the event yesterday. It was nice to connect, even if just for a few minutes, about the latest trends in our field.",Casual Acquaintance
"There's so much joy in these little moments together. Just laying on the couch, watching movies, and feeling like we are the only two people in the universe.",Romantic
Shoutout to my parents for always believing in my dreams! You guys are the best support system I could ask for. Love you both!,Familial
"Just wanted to say how grateful I am for this group. You all have been so helpful. From sharing resources to meeting every week, it really feels like we’re in this together.",Community
"There's something so special about finding someone who understands you completely. Every moment with her just feels right, like we’re the only two people in the world.",Romantic
"You always know how to make me laugh! Even on my worst days, a quick chat with you can turn everything around. Seriously, you’re a gem!",Friendship
"Family vacations always turn into hilarious memories; last year we got lost and ended up in a totally different state! Crazy times, LOL!",Familial
"I can't believe how lucky I am to have you in my life. Your presence just makes everything feel right. It's like you complete me, you know? ❤️",Romantic
I love how our local library hosts book clubs and events. It's a fantastic way to meet fellow book lovers and expand my horizons!,Community
"Just spent the afternoon chilling with my buddies, playing video games and grabbing some pizza. Those are the best days!",Friendship
"Had the best night last night! We cooked together, watched our favorite movie, and cuddled on the couch. It’s the little things that matter the most!",Romantic
Attended a workshop on leadership skills today—definitely worth the time! Can't wait to apply what I've learned at work.,Professional
"I love how we can talk about everything and anything, and I always feel heard and understood. You mean the world to me, just thought you should know!",Romantic
"My mom called me today, and she was so excited about the new recipes she's trying for the family dinner this weekend. Can't wait to taste them!",Familial
"Today was filled with family fun at the park. We laughed, played games, and made memories that I cherish deeply. Nothing beats family time!",Familial
Just got off a call with a client. They seemed really pleased with our work which is always a good sign!,Professional
So happy we met at that concert! Who knew we'd hit it off like this? Can't wait for our next adventure together! 🎶,Friendship
Caught up with Lisa at the local farmer's market. We talked about what we each picked up and shared a couple of cooking ideas. Such a lovely community vibe!,Casual Acquaintance
Can’t believe my brother forgot my birthday... but the cake he sent over was a sweet apology! 😅,Familial
"I've been thinking a lot about us lately. It just feels so right to be together, doesn't it? Wish we could always have these moments.",Romantic
Met up with Jamie at our usual cafe. We talked about everything from our favorite movies to the latest memes. What a chill afternoon! ☕😂,Friendship
Just finished organizing our neighborhood clean-up day. It’s awesome to see so many people come out for the same cause!,Community
I love it when I run into people from my book club while out and about! It's always nice to have a quick chat about last week's read.,Casual Acquaintance
Shout out to everyone who helped organize the charity run this weekend! 🏃‍♂️💖 It was so heartwarming to see our town come together for a great cause. Let’s keep the spirit alive and plan more events like this!,Community
Just got off the phone with a client who was thrilled with our recent work. Moments like this remind me why I love what I do!,Professional
"Last night, we talked for hours under the stars. I never felt so connected to someone before, it's like our souls were meant to be.",Romantic
"Just met @user at a mutual friend's BBQ. They seem chill, we chatted a bit about the weather and weekend plans. Can't say I know them well though!",Casual Acquaintance
Remember when we all used to hang out at that little diner on 5th Street? Missing those carefree days with you all! Let’s plan a reunion soon!,Friendship
Last night was amazing! He whispered sweet nothings into my ear while we danced under the stars. I never believed in love at first sight until I met him!,Romantic
Grateful for a supportive work environment where we can brainstorm ideas openly. Collaboration is key to our success!,Professional
Can't believe it's been a year since our first date! Every moment since feels like a fairy tale. 💕,Romantic
"I can’t believe how lucky I am to have someone who makes my heart race like you do. Last night was magical, thank you for the surprise!",Romantic
"Every time I see you, it feels like the world fades away. I never thought love could be this beautiful.",Romantic
Just got out of a movie with the crew. It was hilarious! 😂 Can't believe we spent half the time cracking jokes about it instead of watching!,Friendship
Check out the new mural that was painted at the community center! 🎨🙌 It’s incredible to see local artists come together and beautify our town. Let’s celebrate the talent in our backyard!,Community
He texted me out of the blue saying he missed me. My heart skipped a beat. It’s moments like these that remind me how much I cherish what we have.,Romantic
My aunt posted a video of our family dog. It reminded me of all those times my uncle would take us to the park. Family moments really do create the best memories.,Familial
Thinking about how much fun we had on our anniversary trip last year. Can't believe how time flies when you're with someone special!,Romantic
I was at a networking event last night and found myself chatting with someone from another department. We exchanged LinkedIn profiles and promised to catch up later. Really nice meeting new people!,Casual Acquaintance
I was thinking about our first date today. You've brought so much joy and laughter into my life since then. I'm excited for all that's to come! 💕,Romantic
Had a great networking event last night! Met some inspiring professionals from different industries. Excited about potential collaborations!,Professional
"Can't believe how quickly my little brother has grown up. Turning 18 today feels surreal, but I’m proud of the man he’s becoming. Happy birthday!",Familial
It's crazy how just a simple text from you brightens my whole day. I miss you so much! 💌,Romantic
Saw you at the party last weekend! Didn't get a chance to chat. We should totally grab a coffee sometime!,Casual Acquaintance
I've been thinking a lot about us and how much we've grown together. It's like we were meant to find each other.,Romantic
"I can always count on you to bring the best snacks to our game nights! Seriously, it’s not just about the games; it’s about hanging out with the best group ever. 🥳🕹️",Friendship
My brother and I had a marathon gaming session over the weekend. It reminded me of our childhood and all the great times we had together!,Familial
"Dad's birthday is coming up, and I've got a surprise planned! Can’t wait to see the look on his face when we all jump out and yell surprise!",Familial
"Just saw someone I knew from high school at the concert last night. We talked about how much has changed since then, but didn't dive deep into personal stuff.",Casual Acquaintance
Remember to follow up with your contacts after the conference! Building those connections can lead to amazing opportunities down the line.,Professional
"Had the best time at the beach with my buddies! Sun, sand, and laughter all day long. Can't wait for our next adventure!",Friendship
"Just wanted to shout out to my crew! You guys always have my back no matter what, love you all!",Friendship
Just received an email from a client with glowing feedback on our latest work! Really proud of how the collaboration turned out. Here’s to more successful partnerships!,Professional
Can’t wait to collaborate with the new interns next week! I love sharing knowledge and helping them navigate their early careers. It's so rewarding!,Professional
"At a local event, I talked to a woman who is friends with someone I know. We talked about upcoming events but didn’t really get into anything deep. Nice to connect though!",Casual Acquaintance
"Hey @user, I hope you’re having a good day! Let’s plan to meet up next time you’re free. It’s always fun chatting with you!",Casual Acquaintance
"So glad we were able to make it to the family reunion! Being surrounded by everyone and hearing all the laughter felt like a warm hug. Until next time, family!",Familial
Had a brief conversation with someone from the book club. We discussed our latest reads and it was great but nothing more.,Casual Acquaintance
"My niece keeps calling me her best friend, it’s adorable how much she looks up to me!",Familial
"Ran into an old classmate at the gym today. We caught up a bit, but it’s been such a long time since we last spoke.",Casual Acquaintance
"Looking for a co-host for my next webinar. If anyone has experience in digital marketing, let me know!",Professional
I love being part of these community forums where we can discuss issues that matter to us. It really feels like we’re all in this together!,Community
Caught up with Chris at the gym this morning. We shared tips on workout routines. Always good to have someone to chat with while exercising!,Casual Acquaintance
Excited to announce that I have been promoted to lead the new marketing initiative! Big thanks to everyone who supported me—let's crush this together!,Professional
"Bumped into Jess at the bookstore today, we exchanged recommendations. It's great how just a few minutes of conversation can brighten your day!",Casual Acquaintance
"Just got off the phone with my mom, and she reminded me about that family reunion we have coming up this summer. Can’t wait to see everyone!",Familial
You make every mundane moment feel special. Just being together is enough to put a smile on my face. Can't wait for our next adventure!,Romantic
Feeling grateful for the support from my coworkers during this intense deadline week. Teamwork makes the dream work!,Professional
I can't believe how lucky I am to have found someone like you. Every moment with you feels like a fairytale.,Romantic
Every morning I wake up thankful to call you mine. You make life so much better. 💕,Romantic
Just finished a long hike with my buddy! 🌲 We always push each other to explore new trails. Can't wait for our next adventure!,Friendship
"Caught up with Chris the other day while waiting in line at the grocery store. It was nice to reminisce about our college days, didn't really expect that!",Casual Acquaintance
Just finished the neighborhood cleanup day! 🌳🧹 It was amazing to see so many local folks come together to make the park a cleaner place. Can’t wait for the next one!,Community
Met a fellow dog owner at the park. Talked about our pets and their goofy habits. It's nice to share stories with someone who understands!,Casual Acquaintance
Excited to announce I've accepted a new role at XYZ Corp! Looking forward to new challenges and opportunities.,Professional
"I never thought I'd meet such amazing people when I joined that online game. We've built a great bond, and I can't wait to meet them in person at the tournament!",Friendship
"Had a blast last night with my friends, just chilling and sharing life updates. Nothing beats the comfort of good companionship!",Friendship
"Met up with that guy from the gym, had a good chat about workout routines. Turns out we both enjoy the same sports podcasts!",Casual Acquaintance
"My buddy and I have been through thick and thin. It’s crazy how our paths crossed all those years ago in college, and now we’re practically family!",Friendship
Feeling grateful for the support from my local running club! Everyone's encouragement during our weekend runs really makes a difference. It’s nice to share goals and achievements with one another!,Community
Collaboration with @user on this project has been eye-opening. I appreciate the different perspective and the constructive feedback!,Professional
"I always look forward to Friday nights with my squad. We binge-watch shows, try new snacks, and just enjoy each other's company. It's the highlight of my week!",Friendship
"My mom texted me a pic of her garden blooming, makes me miss home!",Familial
Remember that time we stayed up late talking about life? Feels like we can share anything. Grateful for your support!,Friendship
"Just got off the phone with my sister, she always knows how to make me smile even from 2000 miles away. Love my fam!",Familial
"Every time I network, I realize how much I can learn from others in the industry. Building connections is key to growth!",Professional
The way you smile at me just makes my heart skip a beat. I could get lost in your eyes forever. 💖,Romantic
"Had a great time at the beach with my pals today! The sun, surf, and good vibes were exactly what we needed. Planning our next trip already—any suggestions?",Friendship
"The best part of my week is when we all gather for game night. From board games to video games, it’s always a blast with these guys!",Friendship
"After a long day at work, coming home to her is the best feeling. We laugh, we share stories, and I just feel so grateful for what we have together.",Romantic
Just wrapped up a productive meeting with the team about our upcoming project! Excited to collaborate with such talented individuals.,Professional
"Hey! It was great running into you at the coffee shop today, we should grab a drink sometime!",Casual Acquaintance
"Attended the town hall meeting last night, and it was so uplifting to hear everyone's ideas for improving our neighborhood. Let's keep the momentum going!",Community
Just got back from our first trip together and I can honestly say it felt like a dream. Can’t wait for all the future memories we'll create.,Romantic
"Every Sunday, my family gathers to watch football together. It’s one of my favorite traditions and I wouldn’t trade it for anything. Family is everything!",Familial
"There’s nothing like cuddling on the couch after a long week, watching our favorite series together. I cherish these cozy evenings with him.",Romantic
Remember when we used to hang out every day after school? I miss those carefree days! Let's start planning a reunion soon; I really want to see you all again.,Friendship
Finally wrapped up the mural project with all the artists in our neighborhood! Can't believe how much we accomplished together. This wall will surely brighten up the block and bring people together.,Community
"Just finished the neighborhood clean-up, and I'm so proud of everyone who showed up! It's great to see everyone come together for our community.",Community
I see her around the office a lot but we’ve never really hung out. Today we talked about the lunch options nearby. It was nice to connect a bit!,Casual Acquaintance
Just finished a tough project deadline with my colleagues. Nothing like late nights and pizza to bring a team together!,Professional
Had a quick conversation with Jessica at the networking event last night. We discussed our current projects and plans for the future. Nice to have those kinds of exchanges!,Casual Acquaintance
My sister sent me a funny meme about our childhood the other day. It made me remember all those crazy adventures we had together. Best times of my life!,Familial
Just attended the town hall meeting. It’s nice to have a space where everyone can voice their opinions and concerns. Let’s keep the dialogue going! 🗣️🤝,Community
I've been really enjoying the book club we started in the neighborhood. It's great to exchange thoughts and share opinions with everyone.,Community
Every message from you brightens my day. I cherish these little moments we share even when we're apart.,Romantic
Just finished volunteering at the local food bank with some amazing folks! It feels great to give back and connect with others who care about our neighborhood.,Community
Nothing like a little friendly competition in the office! My coworker and I are trying to outdo each other on our sales goals. May the best person win!,Professional
Just wanted to say thanks to all my pals who helped me through a tough week. Your support means the world to me!,Friendship
Can you believe we picked that little café for our first date? I never thought I could feel this way about someone so quickly.,Romantic
Can't stop thinking about our last date. The way you looked in that dress... absolutely stunning!,Romantic
Been thinking about how important it is to connect with each other in these times. We should establish a more active platform for sharing our ideas and concerns within the city.,Community
Quick update on the project: we’re ahead of schedule and I couldn’t be prouder of the teamwork in making this happen. Let's keep this momentum going!,Professional
So grateful to have someone who brings out the best in me. Here’s to more adventures and laughter together! 💕,Romantic
There's something about the way she laughs that makes my heart skip a beat. Can't wait to see her again this weekend!,Romantic
It was a beautiful surprise to see you waiting for me after my long day. You always know how to turn my frown into a smile.,Romantic
Nothing beats the feeling of being wrapped in your arms after a long day. That’s where I feel the most at home.,Romantic
"Excited to start the new project next week! Our brainstorming sessions have been productive, and I’m looking forward to seeing it all come together.",Professional
"When we were reminiscing about our school days last night, it hit me how much I value the bond we share. No matter where life takes us, those memories always make me smile!",Friendship
"My friends are the family I chose, and I wouldn’t trade our inside jokes for anything in the world!",Friendship
"I'm really proud of my brother for graduating today. He's worked so hard, and I can't wait to see what he does next! 🎓",Familial
Shoutout to all the volunteers who helped with the food drive this month! It feels good to give back to our neighbors and support families in need.,Community
I just found an old photo album from when my cousins and I were kids. It’s crazy how much we've changed but we still share the same crazy laughs at every gathering!,Familial
"Just saw @user at the gym, we exchanged a few workout tips. Always nice to see familiar faces!",Casual Acquaintance
Finally wrapping up this big project that has consumed most of my time lately. It'll be a relief to see the outcome and gather my team's thoughts!,Professional
She looked into my eyes and I just knew we were meant to be. Moments like these remind me why I fell in love in the first place. It's all about connection.,Romantic
"Just saw the photos from the charity bake sale, and wow! 🍰💵 Our little town really stepped up to support a great cause. So proud to be a part of this wonderful group of caring individuals!",Community
Caught up with an acquaintance at a friend's birthday party. We shared some laughs about our past school days but kept it light overall.,Casual Acquaintance
Had a nice chat with Mark at the bus stop today. We talked about the weather and upcoming events in the city. It was a pleasant way to pass the time while waiting!,Casual Acquaintance
Saw my friend's friend at a party last night. We talked about the latest movies and shared a few laughs over drinks.,Casual Acquaintance
"Whenever I think about you, I can't help but smile. It's like you've brought a whole new light into my life, and I just adore you!",Romantic
I never thought I'd meet someone who gets me like you do. Just being near you gives me butterflies; I can't imagine my life without you.,Romantic
Sending a big thanks to my mentor for guiding me through this crucial phase of my career. Couldn’t have done it without you!,Professional
Can’t believe how many people turned out for the community garden project. 🌼🌿 Feels fantastic to get your hands dirty while making new friends. Let’s keep planting and growing together!,Community
There's just something about the way you laugh that makes me feel like everything’s gonna be okay. I really adore you!,Romantic
Ran into an old classmate at the grocery store. We exchanged a few pleasantries about college life. It was good to see a familiar face!,Casual Acquaintance
"I can't believe how lucky I am to have someone like him in my life. Every moment spent together feels like magic, especially our beach walks at sunset.",Romantic
Caught up with an old friend I haven't seen in years! It was like no time had passed when we started reminiscing about our college days. 😄,Friendship
"Met Sam while waiting for my car at the repair shop. We talked about our cars and shared some laughs, but I don’t think we’ll hang out again.",Casual Acquaintance
Can’t believe it's been 5 years since we became friends! Here’s to many more years of inside jokes and random adventures!,Friendship
Shoutout to everyone who came out to help clean up the park yesterday! Seeing our neighborhood come together like that was truly inspiring. Let's keep the momentum going!,Community
"Sister's graduation day was so emotional! Watching her achieve her dreams made me incredibly proud, and I just couldn’t hold back the tears.",Familial
Shout out to everyone who helped with the local food drive! We collected so much and it all goes towards helping families in need. Proud to be part of such an amazing group! #givingback,Community
So proud of my brother for graduating this year! Can’t wait to celebrate this huge milestone with the whole family! 🎓🥳,Familial
Just had the most amazing family dinner at my sister's place! We laughed so much and shared stories from our childhood. Can't wait to do this again!,Familial
Had a wonderful time at the community BBQ yesterday! 🍔🌭 It's great to meet new people and catch up with old friends. Can’t wait for the next one!,Community
Just wrapped up a meeting with the marketing team to discuss our new campaign strategies. Feeling optimistic about the collaboration and potential outcomes!,Professional
Just a random thought: I love how my friends can turn even the most boring days into the best memories! Here’s to more spontaneous outings!,Friendship
"Just wrote a little something for you. Words can’t fully express how much you mean to me, but I hope this poem makes you smile! Can’t wait to share it tonight. ❤️✍️",Romantic
Feeling grateful for the connections I’ve made while organizing events for our neighborhood association. So much energy and positivity in these gatherings!,Community
"Just met Jamie at the coffee shop, we had a nice chat about the latest book trends. I'm glad we connected!",Casual Acquaintance
"Had a quick chat with Emma while at the bus stop! We both missed the same bus and ended up discussing travel experiences, hope to run into her again!",Casual Acquaintance
"Caught up with an acquaintance from work during the break. We talked about the latest trends in tech, nothing too deep, but cool to share ideas.",Casual Acquaintance
"Wow, just saw the new mural on Main Street! It truly reflects the spirit of our neighborhood and all the diverse cultures within it.",Community
"Just finished a family game night, and I absolutely crushed my dad in Monopoly! Can't believe he still hasn't forgiven me for that.",Familial
"It's been such a long time since we all got together as a family, but this Thanksgiving is going to be special with everyone coming home!",Familial
"I can't believe how long it's been since we all hung out! Planning a game night for next weekend, who's in? 🎲🎉",Friendship
Excited to mentor a new intern starting next week! It's always rewarding to help someone grow in their career and share what I've learned along the way.,Professional
Bumped into Alex while walking my dog this morning. We exchanged pleasantries about the weather and our dogs. It's always nice to see familiar faces.,Casual Acquaintance
"Wow, just participated in a community art project! Everyone was so enthusiastic; can’t wait to see what we create as a group.",Community
Just finished another fantastic community meeting! So grateful for all the ideas and energy that everyone brings. Let's keep this momentum going!,Community
Can’t believe we’ve been together for 3 months already! It feels like I’ve known him for years and I love every minute of it.,Romantic
I can’t believe how much I’ve learned from working alongside my mentor at the firm. Each day brings new challenges and opportunities for growth. Thankful to be in this role!,Professional
Our weekend getaway was exactly what we needed to recharge and reconnect. I feel closer to you now than ever before.,Romantic
Had a quick chat with someone from my book club yesterday. We exchanged thoughts on the last read; it was just a light conversation.,Casual Acquaintance
So grateful for the group chat where we can share memes and random thoughts all day long. It’s like having a little community of goofballs who get each other! 😂💬,Friendship
Can’t stop thinking about how amazing our little getaway was. You have a way of turning the ordinary into something extraordinary!,Romantic
Looking forward to our weekly brunch! It’s my favorite part of the week just catching up and enjoying those pancakes! 🥞❤️,Friendship
"Just got back from a camping trip with my best buds. Nothing beats a campfire, some s'mores, and sharing stories under the stars!",Friendship
"Shoutout to Matt for sharing his playlist on Spotify! I don’t know him well, but his taste is spot on. Might hit him up for more recommendations!",Casual Acquaintance
Just got back from the annual conference. The insights shared were invaluable and I'm pumped to implement some of the ideas we discussed!,Professional
Had a fantastic networking event last night! Met some incredible people in the industry. Excited to follow up! 🤝🌟,Professional
Just posted a throwback pic of my family vacation to the beach! I can't believe how time flies; we all need to plan another trip soon!,Familial
Shoutout to everyone who organized the block party last weekend! It was awesome meeting new people and reconnecting with old friends. Can’t wait for the next one!,Community
I saw Sarah at the event yesterday. We talked about our favorite bands for a bit. It's cool to meet people with similar tastes!,Casual Acquaintance
Met some amazing people while cleaning up the park yesterday. It’s heartwarming how everyone pitches in to make our community a better place!,Community
Can’t believe how much my little sister has grown up! It feels like just yesterday she was a toddler playing with dolls. Now she’s getting ready for high school!,Familial
"So I met someone at that networking event — we talked about our favorite podcasts, but I doubt we'll stay in touch much.",Casual Acquaintance
Successfully submitted the proposal! Fingers crossed it gets the green light. Thanks to everyone who contributed their insights along the way!,Professional
"Checking in with my colleagues about the new software implementation. It's a big change, but I believe we can handle it smoothly. Adaptability is essential!",Professional
Just got back from the town hall meeting. So proud of my neighbors for discussing important issues affecting our area. Change happens when we unite!,Community
Just booked a weekend getaway for us! Can't wait to create more beautiful memories together. ✈️🌅,Romantic
"I really appreciate how you always have my back. Whether it’s just listening to me vent or helping me move, you’re the best!",Friendship
"Remember that time we all went to the concert and lost track of time? Good times with friends, always make me smile!",Friendship
"I don’t know if you remember me from that networking event last month, but I really liked your thoughts on the project you presented! Let’s connect on LinkedIn.",Casual Acquaintance
"I can't believe how fast my kids are growing up! Just yesterday, they were toddlers, and now they’re off to school. Time flies!",Familial
Love how we can talk for hours about nothing and everything at the same time. You get me like no one else ever has.,Romantic
"Just exchanged smiles and nods with a fellow commuter on the train. We’ve seen each other a few times now, but that's about it.",Casual Acquaintance
"Just met Greg at the conference, and I think we clicked over our shared love for tech gadgets! Looking forward to catching up if we ever cross paths again.",Casual Acquaintance
Just had the most amazing dinner with my favorite person. Sometimes I wonder how I got so lucky to have them in my life.,Romantic
"Planning a surprise dinner for her birthday is stressing me out, but I just want to see her face light up when she sees what I’ve planned.",Romantic
"Every time I look into her eyes, I still feel those butterflies. It's like we just started dating yesterday, even after all this time.",Romantic
"They say love is a journey, and ours has been nothing short of an adventure. From late-night talks to spontaneous road trips, I wouldn't trade it for anything.",Romantic
Great to catch up with everyone at the town hall meeting last night. It’s important that we all stay involved and informed about what’s going on in our area. Let's make our voices heard!,Community
"Had a blast at the farmer’s market today. It's awesome to chat with local artisans and farmers, plus the fresh produce is unbeatable!",Community
Met someone new while volunteering at the community center last weekend. We clicked over our shared interest in helping out and signed up for the next event together!,Casual Acquaintance
"Family gatherings are the best! It's so nice to see everyone together, laughing, and sharing stories. Can't wait for this weekend's BBQ!",Familial
"Spent the afternoon just chilling with my friends, playing games and sharing stories. Sometimes it’s the simplest moments that matter the most!",Friendship
Sitting here reminiscing about that lovely weekend getaway we had. I never knew love could feel this intense and fulfilling.,Romantic
"Had a nice chat with you at the gym! Let's keep cheering each other on during our workouts, it's always motivating to see a familiar face.",Casual Acquaintance
"Just spent the whole day with my dad at the lake, and I realized how much I cherish these little moments together. #FamilyTime",Familial
That feeling when they surprise you with flowers for no reason at all! I’m so lucky to have someone who knows how to make my heart skip a beat. 😍💐,Romantic
Excited to be part of the local sports league this season! It’s a great way to meet new folks who share a love for the game and have fun together every week.,Community
Finalized the contract with the supplier today. Fingers crossed everything goes smoothly from here!,Professional
"Excited to share that I’ve accepted an offer with XYZ Corp! Looking forward to this new chapter in consulting, it’s going to be a great challenge!",Professional
"Can't believe I bumped into Lisa at that fundraiser! We chatted about our neighborhood and future events, might see her at the next one!",Casual Acquaintance
"Had a heart-to-heart with my brother last night. It's amazing how 20 years can fly by, but family ties are still so strong. Love that guy, even when he annoys me.",Familial
"I love how our neighborhood organizes potlucks every month. It’s such a fun way to share food, stories, and laughter. Can't wait to try out that new casserole recipe! 🍽️😄",Community
"Can’t believe how quick this year has gone by. From movie nights to spontaneous trips, it’s been such a joy making memories with my crew!",Friendship
"Spotted Rachel at a mutual friend's party. We talked about how we both tried that new coffee place the other day. Just casual, but nice to connect!",Casual Acquaintance
Just joined the gardening club in my area. Can't wait to learn from others and pitch in for our community garden project!,Community
Looking forward to our monthly book club meeting! It’s awesome how we share different perspectives and every session feels like a learning experience.,Community
I often see this girl at the park who walks her dog at the same time I do. We always say hi but never really have a full conversation.,Casual Acquaintance
I saw your comment on that mutual friend's post. It’s always fun to see your take on things! We should exchange thoughts over coffee sometime.,Casual Acquaintance
"I can't believe we’ve known each other for 10 years now! From wild college nights to adult responsibilities, you've always been there. Cheers to many more adventures together!",Friendship
Anyone else excited for the neighborhood movie night this Friday? Bring your favorite snacks and let’s make it a blast!,Community
"Just joined a local hiking group and went out for my first trek today. Everyone was super welcoming, and the views were just breathtaking. Looking forward to more adventures!",Community
I honestly didn’t believe in soulmates until I met you. Every day with you feels like a new chapter of an incredible story.,Romantic
"Today’s presentation on digital marketing strategies went really well! My colleagues were engaged and asked great questions, which is always encouraging.",Professional
"Just running into old friends at the coffee shop today, it was nice catching up for a few minutes!",Casual Acquaintance
"Just bumped into an old classmate from college at the coffee shop! We chatted about how life has changed since then, but we hardly know each other anymore.",Casual Acquaintance
Just had a long overdue catch-up session with my partner-in-crime! We talked about everything from work to our latest Netflix obsessions. It's great to have someone who gets you.,Friendship
Had a great time at the block party last night! I love how everyone brings their dish for the potluck. Makes it feel like one big family.,Community
"Spent the weekend helping my mom organize the house. It was exhausting, but we shared a lot of laughs and took a trip down memory lane.",Familial
Can't imagine my life without the group chats full of memes and inside jokes. They really keep me going throughout the day!,Friendship
Just finished an epic video game session with the crew! We had so many laughs and epic moments. Can't believe how long we played — time flies when you're having fun with friends!,Friendship
"Every Sunday, my family gathers for dinner. It’s a tradition that keeps us close, and I cherish those moments more than anything.",Familial
Just finished a great meeting with the project team. Excited for the progress we're making on this campaign!,Professional
"Had a brief chat with Jake at the café today. He's doing well, but we haven't caught up in ages!",Casual Acquaintance
Do you remember that time when all the siblings got together and played board games? I still can’t believe I lost to mom!,Familial
"Just got back from a weekend trip with my crew to the beach. Sun, fun, and unforgettable moments! Can't wait to do it again!",Friendship
I really appreciate how our community comes together during difficult times. The support and kindness from everyone lately has been overwhelming.,Community
"Every time I look into your eyes, I see my favorite future. Can't wait to build our dreams together!",Romantic
My little brother just graduated high school! I can't believe how fast time has flown by. So proud of him and all the amazing things he will accomplish!,Familial
Just finished a great presentation with the team at the annual conference! Really proud of what we accomplished together. Looking forward to more collaboration!,Professional
"Had a family game night last night, and my uncle still thinks he can beat me at chess. Spoiler alert: he can’t!",Familial
Had a great meeting with the team today to discuss our project timeline for the upcoming product launch. Everyone seems really on board!,Professional
"Shoutout to my crew who always knows how to lift my spirits! You guys are the best, and I cherish every moment we share together.",Friendship
"Family game night was epic! We played Monopoly and I totally crushed everyone, but I think my brother is still sulking about his loss. 😂",Familial
Had a great time at the industry conference yesterday! Met some inspiring people and learned about the latest trends in tech.,Professional
Did you guys see the turnout at the block party last weekend? I love how we can all gather and connect like that!,Community
Had a family dinner last night and it was great to catch up with everyone! My mom's cooking never disappoints. ❤️,Familial
"I saw you at the concert last week, @user! We should totally go together next time, that was such a good vibe!",Casual Acquaintance
"I chatted with a neighbor while getting the mail. It was a quick exchange about the upcoming block party, but it’s nice having friendly faces around.",Casual Acquaintance
Just realized how lucky I am to have the best group of pals to share this wild ride called life with! Each of you brings something special!,Friendship
Just got back from the neighborhood block party! It's always fun to reconnect with everyone and meet new faces. Can't wait for the next one!,Community
Had a quick conversation with someone from my yoga class. We talked about the new instructor but that was about it!,Casual Acquaintance
My aunt surprised me with a video call today. She's been working on some family history projects and wanted to share what she found!,Familial
"Anyone else planning to join the charity run next month? It’s for a great cause, and it’ll be fun to run as a group! Let’s make it a big turnout!",Community
"I love how our local art fair brought everyone together this year! Such an amazing showcase of talent and creativity, plus the community spirit was off the charts! 🎨",Community
Had a blast catching up with my college buddies last night! It’s like no time has passed at all. #goodtimes,Friendship
Excited to join the book club at the library! Meeting new people who share the same passion for reading is something I’m really looking forward to. It’s important to have spaces like this!,Community
"Ran into a guy I used to work with while grabbing lunch. We talked briefly about our current jobs, but I can’t say we were ever close friends.",Casual Acquaintance
"I was scrolling through old photos and came across our beach trip. We were so carefree and happy, just being in love.",Romantic
You have no idea how much I love spending time with you. Even a stroll in the park feels magical when I’m with you! 🌹,Romantic
Excited to network at the conference next week. Hoping to connect with some industry leaders and share insights on best practices. Any tips?,Professional
"To all my friends who drop everything just to be there when I need you—thank you! Your support means the world to me, and I’m lucky to have you in my life.",Friendship
"Family is everything! I love how we can come together no matter the distance, and make special memories. We're planning a family reunion in the summer, and I can't wait!",Familial
"Texted my best friend about the crazy day I had at work, and they totally understood. It's comforting to have someone who gets it.",Friendship
"Just got back from a hike with some of my closest friends. The views were amazing, but the best part was the laughter and fun we had along the way. Can’t wait for our next adventure!",Friendship
Our anniversary dinner was perfect; you always know how to make me feel special. I cherish every second we have together! ❤️,Romantic
Just got off the phone with my dad; he’s always full of advice. It’s amazing how much I learn from him even as an adult.,Familial
Just bumped into @user at the coffee shop. It's been a while! Hope you're doing well. We should grab a drink sometime!,Casual Acquaintance
It’s amazing how much can be accomplished when everyone on the team contributes their strengths. Really proud of what we’ve achieved together recently!,Professional
So proud of my team for hitting our sales targets this month! Hard work really does pay off!,Professional
Shoutout to all the volunteers at the community garden! 🌱 It’s amazing to see so many people come together to beautify our neighborhood and grow fresh veggies for everyone.,Community
"Just had the most amazing dinner with him. I can’t believe how much we have in common, it was like magic!",Romantic
"Sometimes, I wonder how I got so lucky to have someone who understands me the way you do. You’re my rock and my love all in one.",Romantic
Bumped into a classmate from college at the bookstore. We chatted about mutual friends but didn’t go deep; just friendly small talk really.,Casual Acquaintance
"Just finished a heartfelt video call with my grandparents. Technology may be tough for them, but their love is timeless. Feeling blessed!",Familial
"Finally got my friends together for a potluck dinner, and it was a blast! We all brought our favorite dishes and ended up with way too much food!",Friendship
"Thank you to everyone who came out to the charity concert last weekend! Your support for local musicians and the cause means so much. Together, we can make a real impact!",Community
Our local farmer's market was buzzing today! Love how everyone supports local businesses and enjoys fresh produce together.,Community
Just remembered how much fun I had at my aunt's house last summer. Family reunions always bring so much joy and laughter! 🎉😍,Familial
Looking forward to the weekend trip with my crew! It's been a while since we’ve gone on an adventure together. Can't wait for the memories we'll make!,Friendship
Spent the afternoon at the office collaborating with colleagues on our latest product launch strategy. It’s all about teamwork and innovation!,Professional
"Just had a big family dinner. Nothing beats my mom's cooking, even if she burned the lasagna a little!",Familial
Happy to have my boss's support on this new initiative. It's motivating to know that my work is valued!,Professional
"Just met a fascinating guy at the networking event last night. We talked about marketing trends and exchanged LinkedIn info, hope to connect more on that!",Casual Acquaintance
"Just got back from the monthly town hall meeting, and wow, it was so encouraging to see so many folks engaged in local issues. Let's keep this momentum going!",Community
"When you hold my hand, I feel like the world just fades away. It’s just you and me, and that’s all I need. ❤️",Romantic
Shoutout to my colleague for stepping up during the presentation yesterday. It really made a difference and highlighted the strength of our collaboration!,Professional
"Each little moment with you makes my heart race, whether it's a simple text or a long hug. I’m so glad we crossed paths.",Romantic
"Had a group chat catch-up today, and it reminded me how important it is to stay connected with my friends even when we're busy. Makes all the difference!",Friendship
Had a productive discussion with my manager today regarding my career development. Looking forward to the new opportunities!,Professional
"Went on a hike with my squad this weekend, and I can't even express how refreshing it was to be out in nature together. Best day ever!",Friendship
"Spent the weekend organizing family photos with my mom. It was a blast reliving those moments together, I cherish our time!",Familial
"Can’t believe it’s been 3 years since our first date! From strangers to best friends to partners, you make every day brighter. Here’s to many more adventures together! #LoveStory",Romantic
There's a certain comfort in knowing you can share your weirdest thoughts with someone and they just get it. That's true companionship right there! 🥳,Friendship
"I saw a guy I used to know from school at the coffee shop. We ended up discussing our favorite music. It was refreshing to reconnect, even if just for a moment!",Casual Acquaintance
Running into Tom at the gym was fun. We exchanged workout tips and agreed to try the new class next week. Hope to see him again!,Casual Acquaintance
"Spent the weekend helping my brother move into his new apartment. Not gonna lie, he’s way too much of a hoarder! But, it was great bonding time.",Familial
Today’s workshop on leadership skills was extremely enlightening. I learned so much about effective team management and am looking forward to applying these strategies in our next project.,Professional
@user I heard you went to that event last weekend. How was it? I couldn’t make it but I’d love to hear your thoughts!,Casual Acquaintance
"You know, it was nice talking to Sam at the networking event last night. Just a quick chat, but sometimes that's all it takes to connect with someone.",Casual Acquaintance
Hey there! It was cool bumping into you at the event last night. Would love to chat more about our mutual interests sometime.,Casual Acquaintance
She sent me a text saying she misses our late-night talks over coffee. Our connection is just something I cherish so much. ❤️,Romantic
"Can’t wait for Thanksgiving! It’s our family’s favorite time of year, filled with food, laughter, and unforgettable memories.",Familial
I couldn’t ask for better friends. Celebrating small wins together and cheering each other on is what makes our bond special!,Friendship
"I love how we can talk about everything and nothing for hours, it’s like we just get each other entirely. I truly treasure what we have.",Romantic
You make every day feel like an adventure. Can't believe how far we've come together! Here's to many more memories.,Romantic
The way you look at me sends butterflies flying. I never knew love could feel this good until you came along.,Romantic
"The youth center is hosting a movie night this weekend – popcorn and good vibes guaranteed! 🍿🎬 It’s a great chance for everyone to unwind and connect, see you there!",Community
Every song I hear reminds me of you; it's like you're my soundtrack. I just wanted to let you know how much you mean to me. You're incredible!,Romantic
Just finished volunteering at the local shelter with some friends from the area. It's amazing what we can do when we all pitch in!,Community
"What a fantastic turnout for the block party! It truly feels like we are all one big family here, enjoying food, music, and laughter together. Thanks for making it happen!",Community
Had a long chat with my cousin today. It’s amazing how we can connect even when life gets busy. Family is everything! 📞❤️,Familial
Just had a long heart-to-heart with my cousin. It's comforting to know we can share our struggles and support each other through thick and thin.,Familial
"Every year we make it a point to take a family vacation. This year we’re headed to the beach, can’t wait to create new memories together!",Familial
"Just got off the phone with mom. Can't believe how much she still worries about me even though I'm an adult! It's sweet but like, do I really need to check in every day?",Familial
"Every time I hear our song, it reminds me of that perfect night under the stars. Can't wait for our next date!",Romantic
"Can't stop smiling because he texted me first today! It's those little gestures that remind me of how much he cares, and it means everything to me.",Romantic
Spent the entire afternoon at the community center helping with the youth program. Nothing beats working together to inspire the next generation!,Community
Our late-night conversations are everything. You know just what to say to make me feel loved and understood. Can't wait for our next adventure together!,Romantic
"Every time I see you, it feels like the world fades away. Tonight was special... it's like we were in our own little universe.",Romantic
Randomly bumped into an old acquaintance from high school at the bookstore. We reminisced about our teachers and classes. Can’t believe how time flies!,Casual Acquaintance
Shout out to my coworkers for pulling together on such a tight deadline. It truly shows the strength of our teamwork.,Professional
"@user, I saw your post about that new restaurant. Looks cool! Did you go with anyone or just checking it out solo?",Casual Acquaintance
"Just had dinner with my parents and it reminded me of how much I appreciate them, especially after a long week!",Familial
Today we celebrated my parents' 30th wedding anniversary. It's inspiring to see their love for each other grow stronger every year. Family really is everything!,Familial
Just wrapped up a long day of client calls. Remembering how important it is to listen to their needs and adapt our strategies. Communication is key!,Professional
Met Mia at the bookshop the other day. We both reached for the same novel and ended up chatting about our favorite authors. Pretty cool coincidence!,Casual Acquaintance
"We’ve been through so much together, and I can’t imagine my life without him. He supports me in everything and brings out the best in me. So thankful for this bond we share.",Romantic
Met @user at a friend's party last week. We talked about travel plans and shared some laughs! No idea when we’ll see each other again though.,Casual Acquaintance
"It's crazy how in just a few months, you've become such an important part of my life. I can't picture my days without your smile.",Romantic
"My brother surprised me with a visit today, bringing our favorite childhood snacks. Nothing beats family time like this!",Familial
I bumped into my neighbor while taking out the trash. We discussed the new community park opening. Cool to see them around more often!,Casual Acquaintance
Last night was so special. I can still feel the warmth of your hand on mine during that movie. Can't wait for our next adventure!,Romantic
"Spent the day at the local art fair, and it was so cool to chat with the artists! There’s something special about supporting local talent and connecting over creativity.",Community
Just finalized a deal with a new partner company. Excited for the opportunities this collaboration will bring to both of us!,Professional
Just wanted to remind you how much I appreciate you. You're not just my partner; you're my best friend too! 💞,Romantic
"I found this old picture of us at the beach, and my heart just melted. I can't wait to make more memories with you!",Romantic
"Every time I hear our song play, it brings back all those beautiful memories of our first date. I cherish those moments more than anything.",Romantic
Just joined the online forum for our local community center! Excited to connect with other residents and stay updated on local events and activities.,Community
Big shoutout to everyone who came out for the charity run yesterday! Together we can make a real difference in our community!,Community
"Feeling grateful for the support system we have in our local running club. It's not just about the miles we put in, but the friendships we've built along the way.",Community
"Hey, it's been a while! I saw your recent photos from that trip, they looked amazing! We should catch up soon and swap travel stories!",Casual Acquaintance
"Had a challenging discussion with a co-worker regarding our roles in the upcoming project, but I believe it helped clarify expectations.",Professional
Just realized we’ve been friends for over a decade! Time flies when you’re having fun together. Let’s plan a reunion soon!,Friendship
We should definitely get together this weekend! It's been ages since our last hike and I miss chatting with you while on the trail. 🌲👟,Friendship
"Just wrapped up a fantastic meeting with our partners. The synergy we have is unmatched, and I'm looking forward to what we can create together!",Professional
Just wrapped up another meeting with the local board. Excited to see the community garden project finally taking shape!,Community
"Hey neighbors! 📣 Let's gather this Saturday at the park for a clean-up drive. Bring your family and friends, and let's make our space shine!",Community
"When you hold my hand, everything feels right in the world. I don't want to imagine life without you by my side.",Romantic
Can't believe we are already planning our next adventure! It's so great to have friends who are always down for spontaneous road trips!,Friendship
"I was at the gym and bumped into Lisa again. We shared a quick chat about our workout routines, maybe we’ll see each other more often now!",Casual Acquaintance
"I’m so grateful for my friends who always lift me up when I’m down. Just one text or call, and I instantly feel better. You guys are the best!",Friendship
"If you want to succeed in this field, collaboration is key. Looking forward to working together on this upcoming project! #TeamEffort",Professional
Great discussions at the community art fair today! It's amazing to see local talent and how it brings everyone together to appreciate creativity.,Community
Just got off the phone with my buddy. We were reminiscing about our college days and all the fun we had. Can’t believe those were just a few years ago—feels like a lifetime!,Friendship
Feeling grateful for my neighbors who came together to help each other during the recent storm. It’s moments like these that remind me how connected we all are!,Community
Remember when we all went camping and no one could start the fire? Best memories with the best friends! LOL,Friendship
"Celebrating my mother's birthday today! She's been my rock through everything, and I’m thrilled to shower her with love and gratitude.",Familial
"Every time I think about our first date, I get butterflies. Who knew I could feel this way about anyone?",Romantic
Took some time to mentor a junior colleague today. It's rewarding to share knowledge and help others grow in their careers. #GivingBack,Professional
You always have the most interesting posts! I’d love to hear more about your experiences on your travels. Maybe we could chat over lunch?,Casual Acquaintance
Shoutout to my friends for always being there through the ups and downs. You guys are the real MVPs. Couldn’t ask for a better support system. ❤️🙌,Friendship
I love our weekend brunches! It’s honestly the highlight of my week. Sharing laughs and stories over pancakes is just the best. Who else is excited for our next one?,Friendship
"Excited about the new position I’m stepping into next month. It’s a big step, but I’m ready to take on more challenges!",Professional
"After school today, I joined a group organizing events for our neighborhood. It's exciting to think about what we can create collectively!",Community
"My siblings and I decided to do a family reunion this summer! It’s been years since we all gathered in one place, can’t wait to catch up!",Familial
Caught up with a coworker over coffee to discuss our progress and share tips on project management. Collaboration is key!,Professional
Just landed a new account that we've been pursuing for months! It's a big milestone for our agency and I'm excited about the possibilities ahead.,Professional
I attended the local book club last night. It was such an enriching experience to discuss our favorite reads with fellow book lovers! Everyone had such unique perspectives.,Community
"Had a brief convo with a coworker at the water cooler about the latest project. Nothing serious, just sharing thoughts on the new updates.",Casual Acquaintance
"Just had a small talk with the guy from my gym; he mentioned he went hiking last weekend and I shared my plans for a trip. Nothing serious, but it was a good vibe!",Casual Acquaintance
My heart skips a beat every time I see your name pop up on my phone. Is it normal to feel this way?,Romantic
"I can always count on my pals to pick me up when I'm feeling down. It's nice to know we're there for each other, no matter what!",Friendship
This weekend’s book fair was a huge success! Thanks to everyone who donated and came out to support literacy in our area. We truly have a great bunch here!,Community
"Just got back from the community garden meeting, and I’m so inspired! It’s incredible how many ideas we came up with to make our space even better for everyone in the neighborhood.",Community
"We may not be perfect, but when I look into your eyes, I see my whole world. Thank you for being my partner in this journey.",Romantic
This running club has changed my life! 🏃‍♂️ It's not just about fitness; it's the sense of belonging that keeps me coming back every week. Let's hit the trails!,Community
Spent the morning working on a proposal for a new client. Fingers crossed they see the value in what we can offer!,Professional
"Saw @user at the bookstore today, we chatted about our reading lists. It’s always interesting to meet people who share your interests!",Casual Acquaintance
"I was having such a rough week, but then Jake surprised me with my favorite snack and a movie marathon. Friends like him really know how to lift my spirits!",Friendship
"Working late again, but it’s all good because we’re finalizing the proposal that could really elevate our department's work. The pressure is on!",Professional
Woke up today feeling so grateful for him. He makes the little things in life feel extraordinary. Love this man!,Romantic
Just spent the day with my friend trying out new recipes! Who knew that tossing flour could lead to so many giggles?,Friendship
Nothing better than sharing ideas with fellow professionals at the networking event last night. Always surprising what you can learn from others in the field!,Professional
"Just got off the phone with mom. She's been feeling under the weather, so I'm heading over with some soup and her favorite magazine!",Familial
"Dad and I spent all afternoon fixing the car. It's not just about the repair, but I cherish those moments bonding over nuts and bolts. Just feels right.",Familial
"Every Friday night, we have a game night at my place. Last week, we went all out with snacks and board games. Can't believe how competitive we get!",Friendship
"Had a quick exchange with Lisa during lunch break at work. She asked about my plans for the weekend, and I said I might go hiking. Just small talk really.",Casual Acquaintance
"It was great running into you at the gym yesterday, @user! How's your training going? We should motivate each other sometimes!",Casual Acquaintance
Feeling grateful for all the late-night talks and silly adventures we've had. You're my favorite person!,Romantic
Excited to attend the upcoming industry conference next week. It’s a great opportunity to network with fellow professionals and learn about the latest trends in tech.,Professional
"Had a conversation with an acquaintance from my book club about the latest read. It was nice, but we both know we don't hang out outside of the meetings.",Casual Acquaintance
Shoutout to my mentor who guided me through the new project proposal. Your insights were invaluable and made a huge difference!,Professional
There's something special about having a friend who knows all your secrets and still sticks around. Love those heart-to-heart moments!,Friendship
"I ran into an old classmate at the coffee shop; we exchanged numbers to catch up sometime, but I'm not sure when that will be.",Casual Acquaintance
Last weekend's family reunion was the highlight of my year! It’s great to see everyone together and reminisce about old times.,Familial
