text,label
"I tried using the new features from version 6.3, and they are working flawlessly with my previous versions of the tools. It’s refreshing to see everything align smoothly!",No Compatibility Issue
"I updated to the latest software version, and now it looks like some of my previously used features have been replaced or removed entirely. Is there a way to access those older functionalities?",Forward Compatibility Issue
"We tried out the latest version of the application, and I can confirm it functions just as the earlier editions did, with no complications arising from compatibility.",No Compatibility Issue
"When I transitioned from the old version of my IDE to the new one, my previous projects stopped building. I need the environment to support older project formats.",Backward Compatibility Issue
"After upgrading to version 5.0, I'm encountering errors when trying to open files created in version 6.1, which weren't an issue before the update. Is there something I need to check?",Forward Compatibility Issue
My team is facing issues where the new software update is causing our older client versions to crash. We rely on those older versions for some key processes. What can be done?,Backward Compatibility Issue
"After the recent update, my software no longer recognizes certain features that were available in the previous version. Is there a way to enable them again?",Forward Compatibility Issue
"The application I developed was working fine until I upgraded my operating system. Now, it seems the latest software version is incompatible with my development tools. What should I do?",Forward Compatibility Issue
"Since changing my software environment to the latest platform, I've encountered several compatibility issues with older programs. I probably should upgrade those tools for better performance and support.",Upgrade Recommendation Needed
I'm experiencing hurdles trying to run my legacy application with the new environment; it appears certain functionalities have been deprecated in the update.,Backward Compatibility Issue
"Ever since I updated my graphic design software, I can't load any of my previously created files. This is a major headache because I have projects due soon that were all built with the older version.",Backward Compatibility Issue
It looks like the new software update requires a more recent version of Java than what I currently have. Should I review my entire software stack to ensure compatibility with this new version?,Upgrade Recommendation Needed
It appears that my software is not compatible with the new features introduced in the latest OS update. Should I consider an upgrade? The functionalities I need are missing.,Forward Compatibility Issue
"I rely on certain features that were available in the previous version, but since I upgraded, they seem to be missing. Can you help me figure out if this is permanent or if there’s a workaround?",Backward Compatibility Issue
"I checked the compatibility of the new software with the previous iteration, and everything is working correctly with no need for adjustments or changes in user operations.",No Compatibility Issue
"I recently updated my operating system to the latest version, but now my critical software isn't launching as expected. I think I need to look into whether I should upgrade my software as well to ensure compatibility.",Upgrade Recommendation Needed
"After running some tests, I can confirm that the integration with older systems does not affect performance or functionality at all. Everything seems compatible across the board.",No Compatibility Issue
"Our recent deployment of the software patch has shown that all previously used interfaces are still working together as expected, with zero hitches noted.",No Compatibility Issue
"Since upgrading to the latest version, all of our applications are performing as intended, with no errors or compatibility warnings showing up.",No Compatibility Issue
"I just bought a new device that came with the latest software, but I can't use it with some older tools I have at home. They were supposed to integrate seamlessly, but it looks like the new version doesn't support them directly anymore. Any recommendations?",Forward Compatibility Issue
"Hello, I've encountered issues while trying to use the new reporting tool with my existing version of the software. It looks like it might be time for us to consider making an upgrade to enable these new functionalities.",Upgrade Recommendation Needed
"After testing the new application, I found that it operates smoothly alongside older software I have installed. This is great because I can continue using both without any conflicts.",No Compatibility Issue
"After upgrading my operating system, I expected some apps to not function properly, but surprisingly, they are all running smoothly.",No Compatibility Issue
"The application’s new features have enhanced its performance while still supporting all older functionalities, so my experience remains unchanged.",No Compatibility Issue
The latest update was applied to our system and it retained all previous functionalities without raising any compatibility flags. Happy with the performance!,No Compatibility Issue
"The application works fine on the previous version, but it keeps failing on the current build. What are my options to resolve this compatibility conflict?",Upgrade Recommendation Needed
I received a notification stating that some features in my application won't work anymore due to the newer version of the software that my team deployed. It might be worth upgrading my version to fix these issues permanently.,Upgrade Recommendation Needed
"I ran the new software on my machine and didn't encounter any compatibility warnings; it recognized all previous settings and preferences automatically, which is reassuring.",No Compatibility Issue
"I upgraded to the latest version and conducted a few tests with my usual workflows. I’m relieved to see that everything is functioning as expected without a hitch, just like before!",No Compatibility Issue
"So, I installed the new version of the software yesterday, and I didn't have to worry about any incompatibilities. All the existing features and tools I depend on are still working great!",No Compatibility Issue
"After the latest software update, my application keeps crashing whenever I try to run it. I believe it isn't compatible with the updates made to the underlying system architecture.",Forward Compatibility Issue
"Even though I updated the software on my machine, the configuration files from the last version seem to be causing conflicts. I didn't anticipate that the new update would lead to this mess.",Backward Compatibility Issue
"The current iteration of the database program handles previous versions' data formats without any required conversion, which is a huge plus.",No Compatibility Issue
The changes in the latest software version are entirely additive. Users can continue working with their existing versions without interruption or compatibility concerns.,No Compatibility Issue
"My client updated their software, but now I'm unable to send them the files we used to share. What gives?",Forward Compatibility Issue
"My colleagues are already using version 5.2, but I’m stuck on 4.8, and I can’t access the shared features that everyone else has. How can I make my software compatible with what they are using?",Forward Compatibility Issue
I’m facing issues with the latest software release on my old system; it seems to break compatibility with some essential tools I had. Any advice on how to proceed?,Backward Compatibility Issue
"Using the latest app with my system’s current configuration is proving problematic, as we see numerous bugs that weren't apparent before. Clearly, an upgrade might be the only solution here.",Upgrade Recommendation Needed
"Ever since I updated my design software, I'm unable to open projects that were created with the older versions. It’s really frustrating!",Backward Compatibility Issue
"I think the tech team should evaluate our current software version as it can’t support the latest updates. If we're planning to use the new functionalities, it seems like an upgrade might be necessary.",Upgrade Recommendation Needed
"I updated my graphic design software last week, and I can confirm it's working perfectly with the previous file formats. No glitches or compatibility warnings popped up during my usage.",No Compatibility Issue
"I've installed the new patch on my system, and all features are operating without a hitch, indicating the versions are aligned properly.",No Compatibility Issue
"After checking the software requirements for the new update, it seems like my current setup is fully compatible. I haven't experienced any issues since upgrading, and all my previous configurations are intact.",No Compatibility Issue
I'm running into a lot of errors after attempting to run a project created in a later version of the software on my current version. What should I do next?,Forward Compatibility Issue
"All functionalities are intact from the older version to the new one, and users have not reported any discrepancies during usage; everything runs as it should.",No Compatibility Issue
"My colleague updated his software and now his project files can't be opened on my machine, which is still on the older version. This is inconvenient for collaboration.",Backward Compatibility Issue
I've been facing issues whenever I try to connect our legacy software to the new server. This suggests we might need to update our software stack to maintain compatibility with the new architecture.,Upgrade Recommendation Needed
"Since upgrading our server to the latest version, several users are unable to connect because they’re still on older versions. We might have to think about standardizing the upgrades across the board.",Forward Compatibility Issue
"I'm trying to run a software application that was developed for an older version of the operating system, but it keeps crashing. It seems like the software is not prepared for the newer environment, which is causing significant issues in performance.",Forward Compatibility Issue
"I installed the new version of the software, and it handled all my existing documents well. No issues arose during the transition, which I appreciate!",No Compatibility Issue
"I recently transitioned to a new OS version, and I'm unable to launch my coding software—it just crashes. It appears that my current version might not be fully compatible with the new updates. What should I do?",Forward Compatibility Issue
I've heard that the current version of the tool doesn't play well with older data formats. Could this possibly be a sign that we should move on to a newer version to maintain compatibility?,Upgrade Recommendation Needed
"My database management tool is not supporting the latest file formats introduced in the recent release. To ensure functionality, it looks like an upgrade might be the only way to address this.",Upgrade Recommendation Needed
"Upgrading to the latest software suite shouldn't cause any problems, as it is fully compatible with everything we have been using until now.",No Compatibility Issue
I've read that our existing software version is now out of date and not supported anymore. We might need to think about upgrading it to ensure we receive future updates and security patches.,Upgrade Recommendation Needed
"I just tried to run the app on version 8 after switching from version 6, but it crashes when loading data. What compatibility issues might I be facing?",Forward Compatibility Issue
I've been using a legacy version of the product that is not syncing properly with my new devices. Would it be wise to upgrade to the latest version to ensure compatibility?,Upgrade Recommendation Needed
"I'm having trouble running this software on my older operating system; it used to work fine before I upgraded, but now I keep getting errors.",Backward Compatibility Issue
"I'm using version 3 of the software, while another colleague is on version 5. We are facing difficulties collaborating on certain files. Is there a specific compatibility setting we should be aware of? ",Forward Compatibility Issue
"I found out that our current version of the software hasn't been supported for a while. Given the issues we’re having, maybe now is the right time to upgrade to something that will work seamlessly with the current systems.",Upgrade Recommendation Needed
The updated version of the software no longer supports some of the file formats used by the previous iteration. It's frustrating because I have so many projects that are stuck in limbo now.,Backward Compatibility Issue
"After installing the latest patch, my older programs won’t launch at all. If there’s a way to resolve this, I might need to think about upgrading my system.",Upgrade Recommendation Needed
"I'm trying to run the latest version of the application on my old operating system, but it keeps crashing. Is there something I should do to ensure compatibility?",Upgrade Recommendation Needed
"After installing the newest features, my application no longer works with the previous version of the operating system. Could this be a sign that I need to upgrade?",Upgrade Recommendation Needed
"My software's been updated, and it runs smoothly alongside other applications. I didn’t face any problems during the transition, which is great.",No Compatibility Issue
My current setup can't utilize the newest features of the software because it's not compatible with the latest version. Should I look into upgrading my hardware?,Upgrade Recommendation Needed
"I’m doing a project that requires version 4.1, but I’m currently running version 3.x and facing issues with integrating new functionalities. What should I do to ensure compatibility?",Forward Compatibility Issue
"After the update to version 4.5, our application seems to be incompatible with the plugins we were using before. I believe we need to either find newer versions of these plugins or upgrade our application to resolve this.",Upgrade Recommendation Needed
"I installed the new application version on my computer, and it functions perfectly alongside older software, with no glitches or issues during operation.",No Compatibility Issue
"Every time I try to use the new functionality, it results in a failure due to my existing version limitations. I guess that’s a sign that I should upgrade my software to match the current requirements.",Upgrade Recommendation Needed
"I'm trying to run the new software update on my system, but it seems like my older operating system version isn't supported. Is there something I can do?",Forward Compatibility Issue
"Since upgrading to the new version, I’ve experienced issues with the software toolkit that I rely on for my projects. It seems that it no longer supports the older libraries I’ve been using.",Backward Compatibility Issue
"I was able to use the old client version for a long time, but now that my software has been updated, I can no longer connect to the server. It appears the new version has dropped support for legacy connections entirely, which is a huge pain.",Backward Compatibility Issue
"I recently completed the software update and tested it with a number of legacy applications, and thankfully there were no unexpected behaviors or issues. Everything's operating just as it should!",No Compatibility Issue
I have been running tests on the new software version and everything is compatible with my hardware and other applications. No compatibility issues have arisen during usage so far.,No Compatibility Issue
"I recently updated my software, but it looks like I can no longer open files created in the last edition. Is there a way to make these files work again without downgrading?",Backward Compatibility Issue
"I recently upgraded to the latest version of the software, but now I'm unable to open files created with the previous version. What's going on?",Backward Compatibility Issue
"After reviewing the compatibility chart, it's clear that my version cannot interact with some of the new tools we've adopted. This scenario makes it evident that an upgrade would solve these ongoing problems.",Upgrade Recommendation Needed
"My team just installed the company's latest software suite, but our existing legacy systems don't support it, causing integration issues. It seems we might need to consider upgrading these systems to ensure everything works smoothly together.",Forward Compatibility Issue
"The new software update has caused some of my legacy tools to malfunction. I was hoping they'd still function since I’ve always been able to use them together, but now I can't even load my previous projects.",Backward Compatibility Issue
"After attempting to install the latest features, I've realized they don't work well with our current setup. This makes me think we should seriously plan for an update to avoid future compatibility problems.",Upgrade Recommendation Needed
"I just installed the latest version of OS X and my older software isn't running correctly anymore. It seems like it was designed for an older version, any chance it just doesn't work with this new update?",Forward Compatibility Issue
"The latest version of the software integrates seamlessly with all previously installed plugins, so you shouldn't run into any issues while using your current setup.",No Compatibility Issue
The new version of our software includes a lot of features not compatible with the older version we have in place. Are there alternative solutions or workarounds to make them interact?,Forward Compatibility Issue
I can't seem to get my graphics software to open the files saved from the previous version; it just gives me an error message about compatibility.,Backward Compatibility Issue
"The CRM tool I’m using was working perfectly fine until I updated my operating system. Now, it's causing errors and I'm unable to access my client data. Could it be a compatibility problem?",Forward Compatibility Issue
Just wanted to share that I transitioned to the newest version of the software and I’m happy to report that it’s running like a charm with all my existing plugins. All functionalities are intact!,No Compatibility Issue
"I attempted to run the new feature on an older version of the system, but it returned an error stating functionality isn't supported. This limits our ability to use the latest enhancements until we upgrade all machines.",Backward Compatibility Issue
My graphic design software operates flawlessly even with older files created in previous versions. There haven't been any compatibility warnings or anything to suggest issues.,No Compatibility Issue
"From my experience, the new software version runs without any issues alongside older versions I've used. No adjustments were needed on my end.",No Compatibility Issue
"The application worked fine on my old hardware, but now that I've moved to a newer setup, I'm seeing errors that weren't present before. It feels like the new software might not be designed for configurations like mine.",Upgrade Recommendation Needed
The recent changes in software mean that older versions lack support for essential functionalities that the new version offers. Do I need to update my current system to align with the new features?,Forward Compatibility Issue
I can't believe it! The latest software update has made it impossible for me to work on my last year's projects. I need to get back to them soon. What can I do?,Backward Compatibility Issue
"I'm trying to run the new version of the app on my system, but it keeps crashing. I just realized that my current software isn't compatible with the latest update, and I might need to look into updating it.",Upgrade Recommendation Needed
"After upgrading to the latest release, I noticed that several plugins are no longer functioning. Should I downgrade to an earlier version?",Forward Compatibility Issue
I just installed the new update for software X and everything seems to be working flawlessly with the existing plugins I had before. No errors or crashes so far!,No Compatibility Issue
"After checking the feedback from our users, it's clear that the email client remains compatible with earlier versions, so we can keep using it for our communications.",No Compatibility Issue
The recent update for the database management system synced seamlessly with our previous version. All my queries executed without any hiccups!,No Compatibility Issue
"When attempting to install the latest plugins for my software, I discovered that my current version is too outdated and incompatible. Would you suggest an upgrade to remedy this situation?",Forward Compatibility Issue
I just upgraded my system and now I'm having issues with some of my legacy software not functioning properly. Are there updates available that might help with this?,Forward Compatibility Issue
The database manager I use has stopped functioning since I upgraded to the newest software version. Could you confirm if the database tool needs an update to be aligned with the latest system specifications?,Forward Compatibility Issue
"I recently switched to version 5.2 of the software, and all my plugins from version 5.0 are operating without issues. It's a relief to see no performance drops or compatibility alerts.",No Compatibility Issue
"After updating my operating system to the latest release, my database application continues to run smoothly and I haven't encountered any problems at all.",No Compatibility Issue
"I’m having issues with a third-party software that requires a certain update of our main application. If I want to keep using this tool, will I have to consider an upgrade soon?",Forward Compatibility Issue
"I made a huge mistake updating my software yesterday. Now I cannot access any of my older data files, which is critical for my current project. It’s like everything broke overnight!",Backward Compatibility Issue
"I upgraded to the new version of the software and I thought I might face issues with some older files, but turns out they open just fine. The transition was smooth, and I’m happy with the performance so far.",No Compatibility Issue
"After I updated my software, I noticed that it’s not compatible with the newest plugins. I really need to find a way to use those features, but I also don’t want to lose my current setup. What do you suggest?",Forward Compatibility Issue
"The new update for the accounting software works seamlessly with the previous version, and users have reported no problems after installing it. They noted that all the existing features function as expected without any need for adjustments.",No Compatibility Issue
"I'm trying to run the latest version of the software, but it seems that my current operating system is outdated. I think I might need to update my system to make everything work correctly. Can you help me with this?",Upgrade Recommendation Needed
I tried launching the new release but it keeps crashing on my current version of the OS. Is there any way around this or should I think about an upgrade?,Upgrade Recommendation Needed
"Upgrading to the newer version of the application has not caused any issues with my current setup, so I can confidently continue using it.",No Compatibility Issue
I am currently using version 4.2 of the software and I just installed version 4.3 on my machine. Everything seems to be running smoothly without any errors or warnings. It looks like the new version works seamlessly with my existing setup.,No Compatibility Issue
"The app was working fine until I updated, and now I can't retrieve any of my older documents. What’s causing this?",Backward Compatibility Issue
We've verified that the new application works with older file formats from our previous versions without needing any workarounds or special settings. It’s just easy to use!,No Compatibility Issue
"Since I updated to the newest software, I've been unable to connect with my legacy systems. It seems like compatibility is a big issue here. Any suggestions?",Upgrade Recommendation Needed
"The software update has been running smoothly without any hiccups regarding compatibility with our current system setup. All functionalities remain intact, which is a relief!",No Compatibility Issue
"Since switching to the latest software version, I haven't noticed any issues with my existing workflows. All processes continue to function just fine!",No Compatibility Issue
The software I rely on has been giving errors after I installed the new OS. It seems like it just can't handle the updates. What steps can I take to fix this?,Upgrade Recommendation Needed
"The mobile app seems to work fine with the previous versions of the operating system without any hiccups, so users should be good to go!",No Compatibility Issue
"My application was running fine on version 2.5, but after upgrading to 3.0, it no longer recognizes the older files created by previous versions.",Backward Compatibility Issue
"The new release of the software is functioning flawlessly with the older plugins. I didn't even have to make any adjustments, which is surprising!",No Compatibility Issue
"The new update integrates seamlessly with our current version. We've tested multiple functionalities and they all performed flawlessly, so no worries about compatibility.",No Compatibility Issue
"We have been using the software effectively until the latest version was released. Now, several functionalities we relied on have either changed or seem incompatible. What is the best course of action?",Forward Compatibility Issue
"The latest version of the software has integrated well with my current system setup, and I'm generating reports without facing any compatibility issues.",No Compatibility Issue
Running version 2.5 of this app seems problematic with the current OS I have. Is there a newer version available that might resolve these issues?,Upgrade Recommendation Needed
"We are currently using version 3.2 of the software, but the recent updates seem essential for compatibility with our new partners’ tools. I am wondering if it's time to upgrade to version 4.0?",Upgrade Recommendation Needed
"I just installed the latest version of the software on my machine, but it seems like some features aren't working right with the plugins that were designed for the older version.",Forward Compatibility Issue
The graphics driver on my old laptop is causing issues with the latest version of the game. Would an upgrade fix the rendering problems?,Upgrade Recommendation Needed
Our team is having trouble accessing the features in the new software since our existing tools are from an older version. Are there recommended steps to resolve this?,Forward Compatibility Issue
"Incompatibility issues arose after my colleague upgraded his version last week. The older versions cannot seem to support the new file formats, what’s the recommended course of action?",Forward Compatibility Issue
"My colleague recommended a new feature that sounds great, but when I checked, I found that it's only supported in the most recent releases. I might have to update my software soon.",Forward Compatibility Issue
The recent patches for our software have not caused any compatibility problems with the current hardware setup. Users are still able to access all features without interruptions.,No Compatibility Issue
The application I currently use is incompatible with the new features in the latest OS update. Do I need to look for a newer version of the application?,Upgrade Recommendation Needed
"Since updating to the latest software version, my older files aren’t opening properly, and I can't find any way to adjust settings for compatibility. What do you suggest I do next?",Forward Compatibility Issue
"The new application update works perfectly with my current operating system, so I don't foresee any problems moving forward.",No Compatibility Issue
"After validating the software with the new configuration, I can confirm that all features are compatible with the existing installations. No discrepancies were noticed during the testing phase.",No Compatibility Issue
"My colleague upgraded their software to the latest version, and they're experiencing issues that I don't have on my older version. Apparently, the latest features aren’t functional with the previous iteration, which is disappointing. What should we do?",Forward Compatibility Issue
"I downloaded version 3.0 of the client, but it seems to be lacking compatibility with the workflows I had established in version 2.5. Can you advise how to resolve this?",Forward Compatibility Issue
"After running some tests, I found that the new software features are fully compatible with my existing system. Everything is working together just fine, no bugs whatsoever.",No Compatibility Issue
It’s frustrating! I recently installed the new software release and can’t even launch the old applications that used to work seamlessly. What should I do?,Backward Compatibility Issue
I just wanted to confirm that the existing plugins remain functional after the new software version was applied—everything seems in order! No compatibility errors have appeared so far.,No Compatibility Issue
"I'm trying to access a specific feature that was highlighted in the new release notes, but it seems like it might not be available for my current version. The documentation mentions it only works with the latest builds, which is frustrating.",Forward Compatibility Issue
"I’m confused about our recent software upgrade. We can't utilize our files from the previous version, and it's causing significant operational delays. Can anyone explain why this is happening?",Backward Compatibility Issue
"I have a legacy application that works with version 3.5, and after an upgrade to version 5.0, I can’t retrieve any of my existing data. Is there a fix for this?",Forward Compatibility Issue
The compatibility checks on the recent upgrades show that they integrate with my current software without any hitches. Everything is responding as expected.,No Compatibility Issue
"My recently installed software isn’t working with the hardware I have. I think there’s a significant mismatch between the versions, and it might require me to get the latest compatible version.",Upgrade Recommendation Needed
"I downloaded the latest update, and now I can't run any modules that were built in the earlier version. What should I do?",Forward Compatibility Issue
"I'm having trouble opening some files in the latest version of the software, and it seems like my system is running an older one that might not support the new features.",Upgrade Recommendation Needed
"I was concerned about whether the latest software version would affect my existing tools, but everything is running smoothly with no signs of incompatibility.",No Compatibility Issue
I have an application designed for Windows 7 that won’t work on Windows 10. Is there a way to run the old software without modification?,Backward Compatibility Issue
"When I attempt to run the new software update on my current setup, I receive compatibility warnings that indicate my system does not meet the necessary requirements for future updates.",Forward Compatibility Issue
"I can’t seem to open files created in the new version of the software with my older version. Each time I attempt, I encounter errors indicating version mismatch. What’s the workaround?",Forward Compatibility Issue
"My team has been having issues with the new features in our current version. They don't seem to be supported, and I'm not sure if there's a way to get those features without upgrading.",Upgrade Recommendation Needed
"The application I need to use is quite old, and after trying to run it on the latest system, it crashed immediately. Does anyone know how to get it to work?",Backward Compatibility Issue
"After upgrading my application, it crashes every time I try to open files created in the new version. Is there a fix for older projects to work with this update?",Forward Compatibility Issue
"Since the latest software update, my older files are no longer recognized, and I can't access any of my past projects. It looks like something changed that affects older file types.",Backward Compatibility Issue
"The latest version of the software is supposed to enhance performance but I can’t use it without upgrading my current hardware. It seems that the new system requirements are quite different from what I currently have, and I'm stuck in a loop trying to figure out the best way to move forward.",Forward Compatibility Issue
The API I am using is not working with the latest library update. It feels like the library might have introduced breaking changes that need a version upgrade on my end to fix this.,Upgrade Recommendation Needed
"The current version of our software runs perfectly with the previous setups. All functionalities are accessible, and user experience hasn't been compromised at all.",No Compatibility Issue
"Is it possible that the software’s new release is incompatible with the plugins I used in version 1.4? They aren't functioning as they used to, and now I’m stuck.",Backward Compatibility Issue
Our software is currently on a version that doesn't support any recent security enhancements. I keep reading about the benefits of newer releases; should we plan for an upgrade soon?,Upgrade Recommendation Needed
"The recent update introduced some great features, but I noticed that it removed support for some of the older file formats we rely on. Is there any way around this?",Backward Compatibility Issue
"While working on the project, I found out that some plugins I rely on aren't compatible with the current version of the IDE I'm using. I guess it’s about time for me to think about an upgrade?",Upgrade Recommendation Needed
Just wanted to report that I've confirmed our current software is fully functional with the new updates. There are no outstanding issues after my testing today.,No Compatibility Issue
"I just bought a software package that requires version 5.0 of the operating system, but my computer still runs version 3.2. Should I look into updating my OS?",Upgrade Recommendation Needed
"I'm trying to connect my new software version with the previous release of the application, but it keeps crashing. I think I need to look into updating my current setup to ensure compatibility with the latest features.",Upgrade Recommendation Needed
"I checked the documentation against my current setup, and it indicated full compatibility. All features are operating normally.",No Compatibility Issue
"I updated the analytics software to the newest version today, and it imported all historical data perfectly. No compatibility issues arose, allowing for seamless continuity in our data tracking.",No Compatibility Issue
"After installing the recent firmware update on my printer, I can still print documents from my older laptop without any issues. Everything is running as it should.",No Compatibility Issue
"I was worried about compatibility, but I’ve been using the upgraded software version alongside other tools from earlier releases, and everything is just fine. No hiccups in performance whatsoever!",No Compatibility Issue
I just updated my software to the latest version and everything seems to be working perfectly. No issues at all with previous files or features. It’s great to see that my old projects are still compatible!,No Compatibility Issue
"I have an application that was built for version 1.2, and the newer version 3.0 just came out, but none of the new updates work with my current setup. Is there a solution?",Upgrade Recommendation Needed
"After updating my operating system, I noticed that the newer version of my favorite software doesn’t support the features I was using before. What can I do to access those functionalities again?",Forward Compatibility Issue
I realized that the recent updates made to my software have introduced compatibility issues with plugins that relied on earlier versions. It's becoming essential to rethink our entire setup.,Backward Compatibility Issue
"My software used to work flawlessly with the updates before, but now after installing the latest version, it crashes whenever it tries to access files saved in the previous version.",Backward Compatibility Issue
My software is out of sync with the new API changes they rolled out last week. What steps should I take to ensure compatibility?,Forward Compatibility Issue
"During the evaluation of the office suite, it was noted that documents created in older versions are still editable and viewable without any compatibility warnings showing up.",No Compatibility Issue
The new version of the database system is not letting us connect our older client version. Is there a way to make them work together or do we need to upgrade our client software?,Forward Compatibility Issue
"After installing the latest patch, the application is still not functional on my machine which uses the previous version. Any advice?",Upgrade Recommendation Needed
"After updating my software, I noticed that several functionalities from my previous version are now deprecated. I need these for my old projects. Is there a way to address this?",Forward Compatibility Issue
"The app I downloaded works fine on my friend's new phone, but I keep getting errors on my device which is running an older operating system. What can I do to resolve this?",Forward Compatibility Issue
"The tech team said that to take advantage of the new features, I need to have the latest software version, but I’m currently running a significantly older iteration. I guess this means upgrading is essential for our project.",Upgrade Recommendation Needed
It appears that the recent software release does not support the older plugins I was using. How can I get around this issue?,Backward Compatibility Issue
"Since we’ve started using new APIs, I’ve noticed my old software version isn’t able to integrate properly anymore. I guess we need to consider upgrading to the latest version to enable those integrations without issues.",Upgrade Recommendation Needed
"I hear the most recent release of the software has some great new features, but my current setup lacks the necessary specifications. What's the best way to resolve this?",Upgrade Recommendation Needed
"The application I frequently use has just released an update, but I found out it doesn't work properly with the data files created in the last version. Is there a way to fix compatibility?",Backward Compatibility Issue
"I upgraded my system to the latest version, but my plugins from the earlier version won't load now. Is there a way to make them compatible?",Backward Compatibility Issue
"After the recent update on my system, I realized the software I rely on isn't performing as it should. I think that considering an upgrade is essential to fix these compatibility headaches.",Upgrade Recommendation Needed
"I have a laptop running an old OS and just tried to install the most recent software update. Unfortunately, it just won’t work. I really should consider upgrading my system to avoid these types of conflicts in the future.",Upgrade Recommendation Needed
"After installing the recent update, my application doesn't seem to be functioning correctly with the files I generated last week. Is there a fix for this?",Forward Compatibility Issue
I checked if the older applications would run on the latest operating system and they are working flawlessly! I’m really impressed with how well they integrated without any errors.,No Compatibility Issue
"After upgrading to the new software version, I'm finding that my old files from version 2.0 are not opening anymore. Is there a fix for this?",Backward Compatibility Issue
"After upgrading to the latest release, I noticed that none of my older project files are being recognized. Is this normal or is there a fix for it?",Backward Compatibility Issue
"My team recently upgraded our systems, but reports made in the old version of the application are displaying errors when we try to access them. I need to know if there's a patch for this.",Backward Compatibility Issue
"After upgrading to the new system, I noticed that several plugins from the previous version are not functioning at all. Is there a way to fix this?",Backward Compatibility Issue
"It seems like the latest version of the app has improved functionalities, but they are not supported on my current system configuration. Could someone explain what I need to do in order to utilize these advancements?",Forward Compatibility Issue
I've verified that the current software can access all the files created with older versions without any problems. Everything is operating smoothly!,No Compatibility Issue
"I tried opening my project developed in the previous version of the application, but it keeps crashing with an error message about file format compatibility. What should I do?",Forward Compatibility Issue
My team is hesitant to switch to the updated software because we're using projects developed with an older version. Will all our files remain accessible?,Forward Compatibility Issue
The new patch that was applied didn't affect the performance of existing applications; they all work like they did before.,No Compatibility Issue
"I tried to install the software update, but it says that my existing version is too old to be compatible with the current features listed in the release notes. What steps should I take next?",Upgrade Recommendation Needed
My team is facing issues with our current project management tool after upgrading to the new version. Some features that were previously available are now missing.,Backward Compatibility Issue
"The latest version of the software isn't recognizing my old plugins which worked perfectly fine before. Why would this happen, and how can I fix it?",Backward Compatibility Issue
"After upgrading to the newest version of the program, I realized that my older plugins would no longer work. What steps should I take to make sure I can still access needed features?",Forward Compatibility Issue
"After updating my software to the latest release, I realized that certain plugins I used before are no longer functional. Do I need to find updates for those plugins, or is there a workaround?",Forward Compatibility Issue
"I recently installed the latest version of the app, but it keeps crashing on startup. I think my operating system is outdated and might not support this version anymore.",Upgrade Recommendation Needed
I read that the new release might not support the previous tools I was using. Has anyone else faced issues with their legacy integrations?,Backward Compatibility Issue
"After installing the latest update, I tried to run my favorite application from last year. To my surprise, it performs perfectly without needing any adjustments. This gives me confidence that future updates will also be compatible.",No Compatibility Issue
"I keep getting these error messages after trying to install the newest patch for my software, which makes me think my version might not be able to handle it correctly. Shouldn’t I look into updating to resolve this?",Upgrade Recommendation Needed
"After testing the new version of our software, the team found it to operate seamlessly with previous iterations, indicating no issues with compatibility whatsoever.",No Compatibility Issue
"After updating to the latest version of the application, I found out that my old plugins no longer work. Is there a way to fix this?",Backward Compatibility Issue
I recently upgraded my operating system and now the older version of my database application doesn't seem to run at all. It appears that the software wasn’t designed to work with this new environment. I really need a solution to access those older records!,Backward Compatibility Issue
"The last patch I applied seems to have broken compatibility with my software version. To avoid further disruptions, I should investigate upgrading to resolve these conflicts.",Upgrade Recommendation Needed
"After installing the newest update, my application crashes when I try to load files generated in the last release. Is this a known problem? I can't find any solutions online.",Backward Compatibility Issue
The latest system update has been incredibly smooth; all my previous applications still run without a hitch. This ensures we can continue our workflow without interruptions.,No Compatibility Issue
"I just installed version 3.0, but I can't access half of my tools from version 2.2 anymore. Is this something I should be worried about?",Forward Compatibility Issue
I read that the new update has some features incompatible with previous versions; should I consider upgrading my system?,Upgrade Recommendation Needed
"I updated my development environment, but now when I try to run my code, it shows compatibility errors with libraries that were working fine before. Any suggestions?",Backward Compatibility Issue
"Ever since I updated, several scripts that worked seamlessly before are throwing errors. I didn’t expect any of this to happen, but now I’m stuck trying to debug things that should just work.",Backward Compatibility Issue
"The new update has caused significant problems with my old documents, and I can't access critical data that I need right away. Is there a workaround for this?",Backward Compatibility Issue
"The application version I’m running doesn’t seem to clash with my previous installations, and I managed to import my old data without issues. Everything looks good!",No Compatibility Issue
"I downloaded the latest software version, but it appears to be incompatible with files I created in version 1.0. What steps should I take to make my older files work?",Backward Compatibility Issue
My colleague is experiencing issues with the latest software update on his machine which runs an older version of the operating system. What steps should we take to resolve this compatibility challenge?,Forward Compatibility Issue
"I have an older version of the database management system and I need to upgrade, but I'm worried that my current data models will not work with the latest version.",Backward Compatibility Issue
User reported issues after trying to install the latest application on their device; it looks like the app needs a newer OS than what they currently have. What should we suggest?,Forward Compatibility Issue
"I ran compatibility tests on the new software update, and every aspect of it worked seamlessly with the previous files I had. No adjustments were necessary on my part.",No Compatibility Issue
"Surprisingly, the update has not affected my workflow at all. All features are accessible just like before, and I’m able to complete tasks efficiently.",No Compatibility Issue
I received a notification that the app I'm using won't be supported in future updates unless I switch to the latest version. Is it time for me to make that change?,Upgrade Recommendation Needed
"I've been trying to run an older version of my database management system, but I'm getting errors with the latest updates. Did they change something that affects older setups?",Backward Compatibility Issue
"I just installed the latest update of the software, but I'm having trouble with my old files. They were created with an earlier version and now they won't open correctly.",Backward Compatibility Issue
"Trying to open my project in the new software version, but it says it's not compatible with my current setup. Do I need to upgrade my platform?",Forward Compatibility Issue
"After the recent software update, I'm unable to open my projects that were created with the older version. Is there a workaround or should I consider upgrading my software further?",Forward Compatibility Issue
"I'm trying to run the latest software update on my older operating system, but it keeps crashing. I read that the new features might not work well with previous versions. What should I do?",Backward Compatibility Issue
"I downloaded the newest update today, but my older modules are no longer compatible, which is frustrating since we still depend on them. What should I do?",Backward Compatibility Issue
"Having trouble with my current software after the last update. The new version seems to have different requirements for some of the libraries I use, which isn't great for my existing projects. Any advice?",Forward Compatibility Issue
"When I installed the update, it retained all previous features and settings without needing any adjustments—everything just picked up where it left off with no fuss.",No Compatibility Issue
"Since I updated my project management tool, I can't seem to import any of the old data that I had archived. The application throws an error every time I attempt to do this. I'm worried my old records might be permanently lost if this keeps up!",Backward Compatibility Issue
"After updating to the latest software, certain functions are no longer available on devices that haven’t been upgraded. This is causing major disruptions. Any advice?",Forward Compatibility Issue
"I received a notification that some features of my software won't work unless I upgrade. This has been an ongoing issue since the last update, so I'm contemplating moving to the latest version.",Upgrade Recommendation Needed
"I’m trying to access a new module that requires a different version of the software. I thought my current version was compatible, but it seems to be outdated.",Forward Compatibility Issue
"My company just pushed the latest software version, but it's not running correctly with our current setup. It looks like the new version is not designed to work with our previous configurations, and that's a big problem for us.",Backward Compatibility Issue
"The new application version refers to settings that are not available in the prior releases, causing confusion for users who are still running those versions. What can be done about this?",Forward Compatibility Issue
"I just installed the latest version of the software, but it seems like my older plugins have stopped working. Is there a way to make them compatible with this new release?",Backward Compatibility Issue
"The latest updates to our database software are not working properly with my existing system setup, which is several versions behind. It might be time to consider an upgrade to ensure stability and compatibility with new functionalities.",Upgrade Recommendation Needed
"I found that my software only supports backwards compatibility, which is fine, but I need to access the features from the latest updates released this month. Suggestions?",Forward Compatibility Issue
"I had to reinstall my software after switching to the new version, but I can't find support for some of my older features. This has created some major issues for my ongoing projects. What now?",Forward Compatibility Issue
"I tried to install the latest components, but they won't work with the version we have installed. The messages I'm getting indicate that upgrading might be the only way to resolve these compatibility issues.",Upgrade Recommendation Needed
"I noticed that the new software update is out, but I'm hesitant to install it because I've been told it may not work with my existing system configuration. What’s your advice on this?",Upgrade Recommendation Needed
"After checking the system requirements, I installed the new update without any problems. All my plugins are functioning well and there haven’t been any conflicts reported.",No Compatibility Issue
"I've encountered errors while trying to run some modules that were fine with the previous release, leading me to think they may not work with the new one. What should I do?",Backward Compatibility Issue
"My team is currently using the older version of this software, and after your recent update, it seems like important integrations are broken. Can they be fixed, or do we need to upgrade?",Forward Compatibility Issue
"I'm trying to run the latest version of the software on an older operating system, but it keeps crashing. Is it possible that the new features just aren't supported?",Forward Compatibility Issue
"There’s a major functionality that my client needs, but it’s only supported in the newest software version. Is there a way to upgrade without affecting the existing workflow?",Forward Compatibility Issue
"I reviewed the compatibility of the latest tools with the version I'm currently using, and they all seem to be operating without any problems at all.",No Compatibility Issue
"After testing the application on version 10.5, I can confidently say that it works perfectly with no crashes or issues when accessing legacy files from version 10.0.",No Compatibility Issue
"There's a plugin that I need for my project, but it only works with the latest release of the software. How can I upgrade without losing my current settings?",Forward Compatibility Issue
We upgraded our software last month and now my colleague's older version is causing all sorts of conflicts in our shared projects. What are our options for resolving this?,Backward Compatibility Issue
The recent update on my application seems to have removed support for the previous version I’m using. I believe I’ll need to switch to the latest version if I want to keep using that feature.,Forward Compatibility Issue
"I was trying to use a new feature in our project management tool, but it seems that my version is not compatible anymore. It's getting frustrating, and I think it's best if we look into upgrading it to avoid these issues moving forward.",Upgrade Recommendation Needed
"I updated to the latest software version for better features, but now I can't run any of my past files. It's annoying because they were all working perfectly prior to this upgrade.",Backward Compatibility Issue
"I've noticed that the tools we use for our software development aren't functioning with the latest patches applied. They worked fine before, and it's critical we fix this as soon as possible.",Backward Compatibility Issue
"My colleagues are using the latest version of the CRM, but I can't seem to access the new functionalities with what I currently have. Do I need to upgrade?",Forward Compatibility Issue
Could you help me troubleshoot why all my previous settings from the last update don't carry over to the new version? It’s impacting our project timelines.,Backward Compatibility Issue
"My application runs fine on version 7.2, but when I try to open files generated by version 8.0, I get an error message. How can I fix this?",Forward Compatibility Issue
"I was worried about compatibility after upgrading my office suite, but all the documents created in earlier versions opened without issues. It's nice to see that older files are still supported as intended.",No Compatibility Issue
I've just learned that our current software is not compatible with the new database server we've upgraded to. It seems we really should be looking for an updated software version to fix this issue.,Upgrade Recommendation Needed
"After upgrading to the latest app version, it seems that files created in earlier versions are no longer accessible. Can anyone help?",Backward Compatibility Issue
"After upgrading to the newest operating system, several applications I use regularly won't launch. They might not be designed to run on the latest version, can you help with this?",Forward Compatibility Issue
The recent software deployment is not working well with the legacy systems we have. What options do we have to resolve this?,Forward Compatibility Issue
"In my experience, remaining on an outdated version has led to several operational hiccups. Should we start planning for an upgrade to avoid potential future problems?",Upgrade Recommendation Needed
"After the upgrade to version 6.1, several reports I've created in version 5.0 are not recognized anymore. Any advice on how to retrieve or convert those?",Forward Compatibility Issue
"I recently installed the new version of the software, but it seems that my previous data files from the older edition aren't loading properly. Could it be that I need to update to the latest version to ensure compatibility?",Upgrade Recommendation Needed
"My team is working with version 2.1 of the program, and we received files from a client using version 3.0. We can’t open them. Is there a solution for this?",Forward Compatibility Issue
I was able to test the updated version alongside our previous setup without encountering any problems at all. Everything integrated smoothly during the trial run.,No Compatibility Issue
"The new software communicates with the server, but I see that our legacy applications aren't compatible anymore. This is creating delays in our workflow since everything was running smoothly before the update.",Backward Compatibility Issue
"My colleagues are using version 2.5, but I upgraded to 3.1. Now, whenever I send files to them, they can't open them properly. What can I do?",Backward Compatibility Issue
"In the latest update, I’ve noticed that certain functions available in earlier versions are now deprecated, causing my existing workflows to break. What options do I have?",Backward Compatibility Issue
"Since I installed the latest version of our project management tool, I noticed that some plugins are no longer functioning. Do I need to update them for the new version?",Forward Compatibility Issue
"I'm running the software on both my laptop and desktop, and there are no problems when switching between versions; everything operates smoothly.",No Compatibility Issue
"I tried running the latest version of the software on my old system, but it keeps crashing every time I start it. I believe my current version is not compatible with the new requirements.",Upgrade Recommendation Needed
I’ve read that the new features implemented in the latest version won’t work with what I currently have. Is it advisable for me to upgrade to ensure everything integrates smoothly?,Upgrade Recommendation Needed
There haven't been any issues running our application on the latest environments. It integrates seamlessly with existing platforms and setups without any hiccups.,No Compatibility Issue
"I understand that this tool has a new release, but my version is quite outdated now, and it might be contributing to the problems we're facing. We should consider upgrading to the latest version for better support.",Upgrade Recommendation Needed
"The software has been working fine until I tried to connect to a newer version of the database. I keep getting errors, and it seems like the versions just don’t align. What can I do to resolve this?",Forward Compatibility Issue
"The application I rely on runs fine, but the new features added in the update won't work with my existing system configuration. What are options for me?",Upgrade Recommendation Needed
"I attempted to run my code under the latest version, but it failed to execute. Seems like the newer update altered some of the API calls I depended on from the previous version. What are my options?",Forward Compatibility Issue
"I'm experiencing ongoing performance issues with the app, and I suspect it's because my current version doesn't support the latest updates. Would it be beneficial for me to upgrade to the latest version to fix this?",Upgrade Recommendation Needed
"I heard that the latest update of the software has some new features, but I'm not sure if they will work with the version I'm currently using. Should I consider an upgrade?",Forward Compatibility Issue
Upgrading to the new release caused my application to crash when trying to load old settings. Is there a patch that allows compatibility with older configurations?,Backward Compatibility Issue
"My current project is designed for version 2.0 of the software, but I just installed version 3.5. Now, I'm facing issues where some features aren't recognized. How do I fix this?",Forward Compatibility Issue
Is my current setup compatible with the latest version of the software? I suspect it may not be and am considering an upgrade if that would help.,Upgrade Recommendation Needed
I've installed the latest update and everything is functioning as expected across my systems without conflicts with older software.,No Compatibility Issue
"I was using version 3.2 without issues, but since upgrading to version 4.0, several functions have stopped working. Any solutions for this?",Backward Compatibility Issue
I'm facing a compatibility warning when using my software with the new hardware. It sounds like I might need to upgrade to a new version to fully utilize the features.,Forward Compatibility Issue
"After updating to the latest application, I noticed I'm unable to access some tools that were available in the previous version. Could this be a compatibility problem with the new updates?",Forward Compatibility Issue
"I’ve been trying to integrate my legacy system with the latest software update, but nothing is syncing properly. It looks like the new update has dropped support for older configurations.",Backward Compatibility Issue
"Since the latest patch, I’ve been unable to connect to some external plugins which worked just fine before. Could this be due to the new software's compatibility with older versions?",Forward Compatibility Issue
"Since the last update, several features that I relied on in the previous version aren’t available anymore. Should I downgrade back until a fix is provided?",Forward Compatibility Issue
"I checked the software compatibility matrix, and it shows that all previous releases are supported and should work fine with the update.",No Compatibility Issue
The recent version of the application has some features that are just not compatible with my previous setup. Is there a rollback option?,Backward Compatibility Issue
"I’ve been using the new software version for a week now, and I’m happy to report that it collaborates well with prior setups. Everything is working as it should.",No Compatibility Issue
"After updating to version 5.0 of our accounting software, the integration with the CRM tool continued to function without any changes needed. Everything is syncing perfectly!",No Compatibility Issue
"I just upgraded my operating system, but now the new software I installed isn't working as expected. It seems like it was designed for an older version, and I can't find any updates for the new OS.",Forward Compatibility Issue
"Given that some users have reported better performance metrics with the latest updates, we might want to consider whether an upgrade for our platform version is necessary to maintain system efficiency.",Upgrade Recommendation Needed
"No issues popped up when I ran my programs after the update, which is a relief since I was worried about potential incompatibilities. Everything is functioning like it should!",No Compatibility Issue
"I just wanted to share that after updating, the application continues to perform just like it did before. There were no surprises whatsoever after the upgrade process finished.",No Compatibility Issue
"We have been using version 2.0 for a while now, and since our upgrade to version 3.0, we have encountered errors with all the old format files that worked seamlessly before. What do we do?",Backward Compatibility Issue
"I just checked the software's functionality against the new updates we installed last week, and everything appears to be functioning as expected.",No Compatibility Issue
"The software update is designed to run alongside previous versions without conflict, ensuring that users can transition seamlessly. Everything functions as expected, without the need for any additional adjustments.",No Compatibility Issue
I installed the latest update this morning and ran all my usual tasks without encountering any errors. It seems the update was designed to work well with older configurations.,No Compatibility Issue
"The compatibility report shows that the new software version integrates perfectly with what we were using before, no adjustments needed.",No Compatibility Issue
"I tried using this new feature in the application, but it turns out that it requires me to have the latest software installed. My current version doesn’t seem to support that functionality anymore.",Forward Compatibility Issue
"Even after implementing the new features, previous functionalities remain fully operational, so it appears there are no compatibility concerns.",No Compatibility Issue
"I installed the recent patch on my software, and it didn’t affect my workflow at all. All functionalities remain intact and responsive!",No Compatibility Issue
"I just installed the newest version of the software on my machine, but it appears that all my archived data is now inaccessible. What are my options here?",Backward Compatibility Issue
"After the latest update, there's a lot of legacy data that we can no longer access. It's critical for our operations; can we expect a patch or workaround for this issue soon?",Backward Compatibility Issue
I've been experiencing frequent bugs while using this app since the recent software update. Could it be that my current version is no longer supported?,Upgrade Recommendation Needed
"When I try to access the cloud features from my previous version of this app, it just doesn't connect. Is there something that needs to be done to make them work together?",Backward Compatibility Issue
"Since updating to the newest version, many of my reports are generating errors. Are there compatibility issues with the systems we run?",Forward Compatibility Issue
"I successfully installed the latest patch on my system, and everything seems to work as intended. I have no compatibility concerns with other applications I use.",No Compatibility Issue
The new communication platform is incompatible with our existing chat tools. I recommend looking into the latest version of our tools to ensure smooth operation across the board.,Upgrade Recommendation Needed
"I had no issues running my previous version of the software, but after upgrading, I keep encountering errors while trying to access data from my older projects.",Forward Compatibility Issue
"After upgrading to the new system version, I noticed that a lot of my previous project files cannot be opened anymore. Any recommendations on how to resolve this?",Backward Compatibility Issue
"I’m facing issues with compatibility since the latest app version was released, and it seems like my current software setup might be outdated. What’s the best way forward?",Upgrade Recommendation Needed
"Is there a patch or upgrade available to allow my system, currently using version 5.0, to seamlessly accept inputs from the newer version 9.1?",Forward Compatibility Issue
"I have just upgraded my computer's operating system, and now my development environment crashes unexpectedly. Is there a workaround to make my current tools work with the new OS?",Forward Compatibility Issue
"I just installed the latest version of the software, and it runs perfectly on my OS without any issues at all. Everything seems to be compatible and functioning as intended.",No Compatibility Issue
"After installing the newest update, my application keeps throwing errors. It appears my version of the OS doesn't support this new build, which is frustrating. I may have to consider upgrading my entire system soon.",Upgrade Recommendation Needed
"I'm trying to integrate a new tool into my system, but it appears that my software version needs to be updated for everything to function correctly. What steps should I take?",Upgrade Recommendation Needed
"Whenever I attempt to sync my mobile app with the desktop version, it fails to connect properly. Could this be due to the desktop app needing an update to work with the new mobile version?",Upgrade Recommendation Needed
"Using the earlier version of software causes conflicts with some plugins made for the current version, what’s the best way forward?",Upgrade Recommendation Needed
"I just installed a new application that requires the latest version of the operating system, but my machine is running an older version. Is there any workaround?",Forward Compatibility Issue
"My application keeps giving me compatibility errors after I tried to implement the latest patch. It's clear that my current version can't support the new features, so I'm thinking an upgrade is the way to go.",Upgrade Recommendation Needed
"The new version of the application has a few sleek features, but they are not functioning on my older version. I feel like I might need to consider an upgrade soon to benefit from these improvements. Can anyone confirm this?",Forward Compatibility Issue
"I just installed the new software on my PC, but it won't launch properly because my operating system is an earlier version than what the software requires.",Forward Compatibility Issue
"The new software release mentions improved functionalities, but I'm having trouble getting it to work on my current setup. Is there any chance it requires a newer version of the operating system?",Forward Compatibility Issue
"Everything is functioning well after my recent installation of the update, and I haven’t encountered any issues with previous configurations.",No Compatibility Issue
"I’m trying to open a project created in version 1.0 on my newly upgraded software, but it keeps throwing errors, and I can’t find any way to convert it.",Backward Compatibility Issue
"I've been running the latest version of the photo editing software on my Windows 10 PC, and everything seems to be functioning perfectly without any glitches or issues.",No Compatibility Issue
"I've been trying to plug in a newer device to my older software suite, but it appears that there are API calls that are no longer supported. This limits my ability to leverage the latest advancements with my existing setup, making it a tough situation.",Forward Compatibility Issue
"I upgraded to the latest software version, but now I'm unable to access documents that were created using version 4.2. I really need those for my project. What should I do?",Forward Compatibility Issue
"I'm trying to run the new version of our accounting software, but it keeps crashing on the older OS. Do I need to look at upgrading my system?",Upgrade Recommendation Needed
"The software I have is outdated, and with the recent changes in security protocols, I’m worried about vulnerabilities. Is it mandatory to switch to the latest version to ensure my data is protected?",Upgrade Recommendation Needed
The software I have doesn’t support the recent cloud features introduced in the latest update. It looks like I might need to upgrade to a compatible version to take full advantage of these enhancements.,Upgrade Recommendation Needed
"The application has proven to be stable when used in conjunction with the earlier versions, allowing users to switch easily without issues.",No Compatibility Issue
My project management tool isn’t syncing properly with the latest cloud version; could this be because my app is outdated and needs an upgrade?,Upgrade Recommendation Needed
"I installed the current release of the software on my system from last year, and there were no issues observed during the installation or while running the programs. Everything seems seamless!",No Compatibility Issue
"After the recent upgrade, my application no longer communicates with the legacy database system. Is there a workaround, or do I need to use an older version of the new software?",Backward Compatibility Issue
Can you provide guidance on why my codebase developed in the last version doesn't seem to be supported in the current update?,Backward Compatibility Issue
No issues were encountered while using the new software version with my existing programs. Everything functions as expected with no anomalies.,No Compatibility Issue
"I performed the latest software update yesterday and tested several features from the previous version. Everything operated smoothly, so I’m satisfied with the outcome. No need for any further adjustments!",No Compatibility Issue
"I was concerned that switching to the newer version might create conflicts, but I’m happy to find that all my existing workflows continue to operate just fine.",No Compatibility Issue
I'm trying to sync my app with the latest update on my phone but it appears that my tablet still runs an older version. Should I consider upgrading my tablet too?,Forward Compatibility Issue
"Upgrading my software suite was supposed to improve functionality, but now I can't even open my old files. It seems like the upgrade has made it impossible to access previously created materials. What's the best way to resolve this?",Backward Compatibility Issue
"It’s nice to see that after upgrading to the latest version, all functionalities remain intact. I didn’t have to adjust any settings for my older projects either, which is a relief.",No Compatibility Issue
The current version we're using isn't compatible with the new hardware we purchased. Is there a recommended version that I should be looking at to ensure smooth operation?,Upgrade Recommendation Needed
"The client is experiencing issues with the latest software, and it seems like their hardware is outdated. It’s recommended to inform them about the necessity of an upgrade to fully utilize the new functionalities.",Upgrade Recommendation Needed
"I recently purchased the latest version of the software, but it looks like my older documents won’t open properly anymore. They used to work without issues, but now I’m getting constant error messages when I try to access them.",Backward Compatibility Issue
"I'm trying to run the latest software on my older operating system, but it just won't launch. Is there any way to make this version work with my current setup?",Forward Compatibility Issue
"I tried to load my old software onto a new machine, but it keeps crashing. I suspect it's due to the new system updates that are not compatible with the software built several years ago. Any advice on what to do?",Backward Compatibility Issue
"I attempted to run the application on my system post-update, but it seems like it relies on features that were introduced in a later release. What do I need to do?",Forward Compatibility Issue
I’ve been using the software for several weeks now since the latest patch was released and I have not encountered any conflicts or problems. Everything seems to be functioning as it should!,No Compatibility Issue
I read that the recent changes in the latest update could affect older system setups. I'm not sure if I should continue using the older version or find a workaround.,Forward Compatibility Issue
"When I installed the recent update for my graphics software, I notice several features are missing that were available in the previous version. Did I mess up the installation or what?",Forward Compatibility Issue
I’ve confirmed that the new version of the CMS is compatible with all previously published content. There were no reports of formatting errors or lost data during the transition.,No Compatibility Issue
"I installed the update but now it seems like none of my plugins are functioning. They were working fine before the update, so I’m unsure if it’s a conflict with the new version.",Backward Compatibility Issue
"After moving to the new software version, I've found that several features I relied on are no longer functioning. It might be time to consider an upgrade to resolve these issues and maintain efficiency.",Upgrade Recommendation Needed
"My team is using an older version of the document editing software, but we're having trouble opening files created with the latest version. Is there a way to fix this without forcing everyone to update their software?",Upgrade Recommendation Needed
"After updating to the newest software release, I noticed that all previous functionalities are still accessible, and nothing seems to be broken or malfunctioning.",No Compatibility Issue
I noticed that the last version seems to lack support for some of the plugins that worked fine before. Is it advisable to update?,Forward Compatibility Issue
"After installing the new operating system, I noticed that my current software version doesn't run as expected. It looks like I need to upgrade to the latest version to restore full functionality.",Upgrade Recommendation Needed
I received a notification that my current version of the application is outdated and that certain tools will become unavailable. Should I consider upgrading my software to stay compliant with the latest standards?,Upgrade Recommendation Needed
My text editor is showing errors with documents that were created in its older version since the last update. Is there a way to revert back?,Backward Compatibility Issue
I just installed the latest version of the software and it seems to be running perfectly with the current setup. No issues with functionality or performance have been noticed so far.,No Compatibility Issue
The new software update seems to cause a lot of trouble with files generated in the previous version. Can you send me any compatibility patches?,Backward Compatibility Issue
"My colleague upgraded her application, but it doesn't run on my older system anymore. She suggested I check with support, but I think there’s a compatibility issue that needs addressing.",Backward Compatibility Issue
"I've received some new features in my software update, but they don’t work with the files I generated earlier. I think I need to reinstall the previous version.",Forward Compatibility Issue
"Everything is functioning as expected after the recent software installation, and there are no conflicts with any of the legacy systems involved.",No Compatibility Issue
The new application features require a more recent update of the software package to function properly with my current hardware. Do you think I should look into getting the latest version?,Upgrade Recommendation Needed
"My team is facing issues with our project management tool after the latest update, as it no longer supports features we relied on from the previous version. Can we roll back?",Backward Compatibility Issue
"I can't seem to integrate the new plugin with my existing software setup. The plugin requires a version of the platform that's newer than what I'm currently using, which is quite outdated.",Upgrade Recommendation Needed
"I recently installed version 2.0 of the software, but I'm having trouble opening files created in version 1.5. What should I do?",Upgrade Recommendation Needed
"I'm receiving an error message indicating that this feature is not available in my version. Since it seems like it's a newer functionality, could upgrading be the fix we need to utilize that feature?",Upgrade Recommendation Needed
"After upgrading to the new software, I checked the compatibility with my existing tools, and they all functioned perfectly in tandem. No errors or clashes have occurred so far.",No Compatibility Issue
"When I try to open this file created with the new software, I keep getting an error that indicates my current version isn't sufficient. Should I consider upgrading?",Upgrade Recommendation Needed
"The update was applied to my system, and all existing functionalities were preserved without any disruption in service. It’s working as intended without any issues cropping up.",No Compatibility Issue
"Since I updated to the new version of the app, all my previous projects have errors. They were created using the last version, and now I can't access them. This is causing a significant delay in my work.",Backward Compatibility Issue
"Since updating my system, I've encountered several bugs in applications that were previously stable. Might it be beneficial to seek upgraded versions of those apps?",Upgrade Recommendation Needed
"I just installed the latest update, but my old templates fail to load properly. It seems like they are not designed for the current version. What can I do to fix this?",Forward Compatibility Issue
"I just installed the latest version of the software on my machine that previously had the older version, and everything runs smoothly without any errors or bugs. It's functioning as expected!",No Compatibility Issue
"I updated to the newest build, but now all my templates from the previous version are missing. Is there a way to restore compatibility?",Backward Compatibility Issue
"I just upgraded to the latest graphics drivers for my video editing software, and everything is running perfectly. There were no issues with any of my previous projects, which is a relief!",No Compatibility Issue
Upgrading to the newest version of the database management tool did not affect any of the existing queries or reports I had built. Everything still works like a charm.,No Compatibility Issue
"The new release of our design tool is supposed to have better features, but I can't even open my older projects because it says they aren’t compatible anymore. Is there a workaround?",Forward Compatibility Issue
My current software setup just can’t handle the new integration features that were promised. Do you think the only solution is to go for the latest version soon?,Upgrade Recommendation Needed
"My team has been using version 3.5 without issues, but after moving to version 4.0, there are several errors with backward compatibility. Anyone experienced this?",Backward Compatibility Issue
"The software updated correctly and is functioning without any glitches on my current version. I have not experienced any issues, which is a relief considering past upgrades.",No Compatibility Issue
"The software update integrated flawlessly with my laptop's operating system, which is still on version 10. I haven't encountered any errors or performance drops since the upgrade.",No Compatibility Issue
I've noticed that some features of the new software release are not accessible in my current version. Will I need to upgrade to utilize all the new tools?,Forward Compatibility Issue
"The new game I bought runs flawlessly on my friend's system, but it crashes on mine. I suspect my version is too old to support the game's features. What should I do?",Forward Compatibility Issue
"I was told to switch to the latest version of the software, but now I can't access some features that were available in the older version. This is quite frustrating!",Backward Compatibility Issue
"My software is running perfectly on the latest version without any glitches. I've checked all functionalities, and everything works as expected.",No Compatibility Issue
"I've been using the latest version of the application with my previous software setup, and everything seems to be functioning perfectly without any issues or errors.",No Compatibility Issue
Everything in version 4.1 is operating without hindrance even with the old tools I was using. It’s a smooth experience so far!,No Compatibility Issue
"I tried to install the new version of the database software and now it can't read the old database files. I'm not sure what to do next, any recommendations?",Backward Compatibility Issue
"After installing the new update, I'm finding that the tools I rely on are no longer functioning as expected. This didn't happen in previous versions when I made updates.",Backward Compatibility Issue
"I recently upgraded my operating system to the latest version, but now several of my favorite applications are not functioning as they should. It seems like they were designed for an earlier release, and I'm getting errors when I try to run them.",Forward Compatibility Issue
"We recently upgraded to the newest software version, yet several of our legacy tools are no longer operational. They used to work fine before the update. Can you help?",Backward Compatibility Issue
My graphic design program seems to conflict with the latest file types introduced in the market. I guess the older version I have might need an upgrade to handle this?,Forward Compatibility Issue
"I'm trying to run the latest software version on my machine, but it keeps throwing up errors related to compatibility with my older modules. It’s really frustrating! Any advice?",Backward Compatibility Issue
"After the recent changes to our operational software, some functionalities have stopped working efficiently. Could this be due to using an older version with the new features? What would you recommend?",Upgrade Recommendation Needed
My legacy application doesn't run on the new OS at all. Is there a known issue with compatibility? I need to keep using that software!,Backward Compatibility Issue
"I tested the integration between the new module and our existing setup, and there are no conflicts. All systems are operating normally without any discrepancies.",No Compatibility Issue
It seems like the recent changes made to the application have created compatibility problems with our legacy systems; they were working fine before the update.,Backward Compatibility Issue
I noticed that my current database setup isn't compatible with the latest reporting tools. It seems clear that the best path forward is to upgrade to align everything properly.,Upgrade Recommendation Needed
"I attempted to install this plugin, but it seems that it requires a newer version of the main software than what I currently have. Any suggestions?",Upgrade Recommendation Needed
My application keeps crashing because it doesn't seem compatible with the newer operating system. I'm considering whether I should just upgrade the app entirely to resolve the issues.,Upgrade Recommendation Needed
"The recent patch for the database management system didn't interfere with any functionalities of older databases. In fact, users can seamlessly interact with both the new and old versions without glitches.",No Compatibility Issue
"I tried to run my legacy software after patching my system, but it appears many functionalities are broken now. Would you suggest looking into upgrading those older applications?",Upgrade Recommendation Needed
"I’m having trouble with the compatibility of the latest software release and our existing hardware. We’re still using models from five years ago, and they don't seem to support the new features.",Backward Compatibility Issue
"When I try to install the new software update, it informs me that my current version may not support it. How can I check if I need to upgrade?",Forward Compatibility Issue
"We upgraded our software, but the features we relied on in the last version are no longer functional with the new system. It seems like we can't access our previous work anymore. Need help!",Backward Compatibility Issue
"After checking the new software module, it appears to work seamlessly with my existing version. There are no glitches or functional discrepancies that I've noticed so far.",No Compatibility Issue
"The current software edition integrates well with the tools I was using before, and I didn’t have to adjust any settings after the update.",No Compatibility Issue
"I have been using the updated version alongside older software, and there haven’t been any issues. It’s like they are meant to work together!",No Compatibility Issue
My team is facing trouble after the latest update; the legacy modules we developed aren't working anymore. Are there specific steps to ensure old projects run smoothly with the new version?,Backward Compatibility Issue
"I'm trying to run our legacy accounting software on the new operating system, but it's not working correctly and keeps throwing errors about unsupported features.",Backward Compatibility Issue
"Today I tried running the latest build of the application on my system, and it operated seamlessly, just like before. No signs of compatibility issues with older versions!",No Compatibility Issue
"The new features in the latest version of the software are fantastic, but I can't seem to access them with my existing setup. Is there a workaround for older systems to adapt to the latest functionalities?",Forward Compatibility Issue
Our client has the old version of the software and they're unable to use the newer features. Is there any workaround available or should they upgrade?,Forward Compatibility Issue
"My software package is failing to sync with the latest data formats, and it seems to be related to version differences. Should I consider updating my software version to fix the issue?",Upgrade Recommendation Needed
"The compatibility report for the new version indicates it works with all previous setups. I haven't encountered any problems after the update, so I think we're in a good spot.",No Compatibility Issue
"After the recent patches, my software is not performing as expected with my existing version. It's probably time to look for an upgrade, considering the improvements that the new versions offer.",Upgrade Recommendation Needed
"I updated to the latest build, and I'm pleased to report that it supports all previously installed modules without any issues. It's as if nothing has changed!",No Compatibility Issue
"After updating my analytics software, I noticed that the features I relied on from the older version are no longer available. Is there a fix for this?",Backward Compatibility Issue
"I'm trying to run the latest version of the app on my older operating system, but it keeps crashing every time I launch it. Is there a fix?",Forward Compatibility Issue
The security patches for the version of the software I have installed are no longer valid after the last major update was rolled out. It’s becoming increasingly clear that updating is essential for ongoing support.,Upgrade Recommendation Needed
"I have an application that worked perfectly until I updated my computer's operating system. Now, I'm unable to modify certain settings because it says they're only available in the latest version of the app. This is so perplexing!",Forward Compatibility Issue
"I've been trying to use the new reporting tools that were added in the latest version of the software, but it turns out I'm not able to access them because I'm on an older version. Should I look into upgrading to resolve this?",Upgrade Recommendation Needed
I have version 10.1 of the application and I downloaded the 10.2 patch today. There were no issues during installation and everything functions as expected. I didn't find any glitches or compatibility prompts during use.,No Compatibility Issue
"The newest software update says it has improvements, but now I'm unable to use my favorite tools that were fully functional before the upgrade. Can someone help me?",Forward Compatibility Issue
Upgrading our graphics software has caused all my old files to display incorrectly. It looks like the new version has dropped support for some of the older formats I was using.,Backward Compatibility Issue
"While trying to integrate a new module, I noticed that it doesn’t support data from the earlier version of the software I’m using. Is there a workaround or do I need to look into an upgrade?",Backward Compatibility Issue
"Hey, I updated my program to the newest patch, and it works seamlessly with all the previous data files from earlier versions. No errors or conflicts have popped up so far!",No Compatibility Issue
"I recently installed the newest version of the software, and everything is running smoothly. There are no glitches or compatibility warnings coming up during installation.",No Compatibility Issue
"The graphic design tool received an update recently, but I have not encountered any issues when opening my existing projects created in the previous version. Everything seems perfectly fine to me.",No Compatibility Issue
"I was developing a tool that worked fine in version 3.x, but after upgrading to version 4, some of the older APIs seem to be deprecated. Is there a guide for updating these calls?",Forward Compatibility Issue
"Upgrading to the new release has caused some of my projects to become unusable. Can I still access those files after the switch, or should I stick with what I have?",Forward Compatibility Issue
"I've encountered multiple instances where my existing software refuses to work with the latest hardware updates we're implementing. Clearly, an upgrade to a new version is needed to ensure everything functions together without issues.",Upgrade Recommendation Needed
"I installed the new version of the software, but now I cannot access any of my previous work. It seems like the new system is incompatible with files created in the last update. What are my options?",Backward Compatibility Issue
I verified that all my tools and extensions are working seamlessly after the update. No error messages or compatibility notices have appeared.,No Compatibility Issue
We recently upgraded our software and now our legacy systems are running into errors. I've checked the documentation and it doesn't mention anything about supporting older versions. What are the next steps?,Backward Compatibility Issue
"While my current software runs fine, it seems like I can't access the updates introduced in the latest version. Could it be time for a software upgrade to keep up with new functionalities?",Upgrade Recommendation Needed
"I've noticed some features are missing in the software I have. According to the documentation, it looks like those features were added in the most recent iteration, so I guess I need to upgrade to access them.",Upgrade Recommendation Needed
I think my outdated version of the database management system is causing issues with the reports generated by the new analytics tool; they just don't show up correctly.,Forward Compatibility Issue
"I'm having trouble with my legacy application. It seems that it doesn't work correctly with the latest version of the operating system, which makes me think it's not compatible with older software.",Backward Compatibility Issue
"I've been using the new version alongside the old one, and there's been no interference or trouble reported by the users, which is great!",No Compatibility Issue
"I've encountered a situation where my application relies on libraries that have been deprecated in the newest version, leaving me to find workarounds. The documentation suggests these changes but doesn’t provide a clear migration path, which is adding to my frustration.",Forward Compatibility Issue
I just installed version 3.2 of the software and everything seems to work fine with the older plugins. No errors appear when I run my usual tasks.,No Compatibility Issue
I was chatting with tech support about why my outdated software isn't functioning properly with the latest features. They hinted that an upgrade might be the only way to resolve these ongoing issues.,Upgrade Recommendation Needed
"After installing the recent update, I tried to run a report generated with the previous dataset but got an error message. It seems like the new version isn't fully compatible with the old data formats. What steps can I take?",Backward Compatibility Issue
"I recently tried to run my application on the newest version, and it crashed. It appears that the new version doesn’t support the coding standards we implemented earlier. What options do I have?",Forward Compatibility Issue
"I've been using version 4.0, but I'm receiving errors from users on version 3.0 when they try to access shared resources with the new updates I've made. What's going on?",Backward Compatibility Issue
"After installing the new update, my application won't function properly. It seems like it might need a different version of the operating system to work correctly.",Upgrade Recommendation Needed
"Ever since I moved to the new version, I’ve had countless issues importing projects made with the older release. This needs to be fixed soon, or I can't continue my work!",Forward Compatibility Issue
"I have just purchased the latest product, but it's not syncing with my current system as it's from an older version. What do you recommend I do to enable compatibility between the two?",Upgrade Recommendation Needed
"I upgraded my operating system recently, and now none of my legacy software appears to function correctly. Any suggestions on how to resolve this?",Backward Compatibility Issue
"Since I've updated the application, I'm having issues opening documents saved in the previous version. Are there any known issues about this kind of situation?",Backward Compatibility Issue
"I've just updated my software to version 2.0, but now it's not working properly with the tools from version 1.8. What do I do?",Backward Compatibility Issue
I regret updating the software because my previous version's features seem to have been discontinued. How can I revert back to the older version without losing my work?,Backward Compatibility Issue
"I have been using the system with the latest update installed, and so far, all functionalities are intact. My team's workflow continues without setbacks, which is reassuring.",No Compatibility Issue
"Is there a way to make my existing version work with the new updates? I’ve tried a few fixes, but they haven’t helped, and it might be time to look into getting the latest version.",Upgrade Recommendation Needed
"I just updated my operating system to the newest version, and all of my applications are running perfectly without any glitches or errors present.",No Compatibility Issue
"I installed version 3.0 of the software, but it keeps crashing when I try to load documents that were saved in version 2.1. This is becoming a major block in our workflow!",Backward Compatibility Issue
"I recently upgraded my app to the newest version on my PC, but it looks like it doesn't support the older plugins that I rely on. What can I do to fix this?",Forward Compatibility Issue
"Upon review, there are no visible compatibility conflicts with the previously installed software and the latest version—a great step forward for our team!",No Compatibility Issue
"I read that the new release is not compatible with my version. If I want to utilize the full functionalities, how crucial is it for me to upgrade? I'm quite hesitant about making that switch.",Upgrade Recommendation Needed
"I was able to get the application running initially, but it seems to be lagging now that I've installed the latest software version. Could this be due to a compatibility issue with older hardware?",Upgrade Recommendation Needed
"After installing the latest version of our accounting software, I noticed that some of the plugins we rely on aren't functioning anymore. They were working just fine with the previous version, is there a patch available?",Forward Compatibility Issue
"After upgrading to the newest release of the design tool, I found that it still works with older project files without any errors or hiccups.",No Compatibility Issue
"I attempted to install the latest update, but the software failed to recognize my previous version. It sounds like this might require a newer iteration to fix, right?",Upgrade Recommendation Needed
"My task management system is not syncing with the latest mobile app update. Is this a known issue, or do I need to upgrade my desktop version for better compatibility?",Forward Compatibility Issue
"My team is using different versions of the software, and we're experiencing syncing issues. I've recommended waiting for them to upgrade to the same version to solve these conflicts for seamless collaboration.",Upgrade Recommendation Needed
Users running older iterations of the software are reporting that they cannot access the new features introduced in the latest version. What's the best way to address this issue?,Forward Compatibility Issue
"Since updating my operating system, I've verified that all applications are responding as expected. I didn't run into any compatibility warnings, which was nice.",No Compatibility Issue
"My application crashes when I try to use it with files created in the last version. I didn’t expect this to happen after the update, which is quite frustrating.",Backward Compatibility Issue
The last update rolled out for our database management software did not affect any of the functionalities I was using from the previous version—everything is as it was!,No Compatibility Issue
I am stuck with this version of the software as it doesn’t support new functionalities introduced in the current release. I think it’s high time for an upgrade if I want to keep up with the latest features.,Upgrade Recommendation Needed
"I just updated my application, but now I'm receiving multiple error messages saying that some data types aren't supported in this version. How should I proceed to fix this?",Forward Compatibility Issue
There seems to be a conflict when trying to run the latest plugin with my current version of the software. Is there a way to make them work seamlessly or do I need to look into an upgrade?,Upgrade Recommendation Needed
"I tested the recent release of the software, and it performed exactly as expected on my existing setup. There were no errors or performance dips, which is quite reassuring.",No Compatibility Issue
"I was using version 4.2 of this program without issues, but since I installed version 5.0, it can't read my previous files. What's going on?",Backward Compatibility Issue
"The current software setup we have is lacking integration with new third-party tools, which have become essential for our operations. It seems like an upgrade could be vital to ensure seamless functionality moving forward.",Upgrade Recommendation Needed
"My colleague was worried about updating to the latest version of the software, but I told them I had done it without any problems. My configuration remained intact and operational, which was a relief!",No Compatibility Issue
The team upgraded to the latest version but now reports that key integrations with older tools are failing. What steps can we take to resolve this?,Backward Compatibility Issue
"Our project management application has maintained its functionality across different versions, meaning we can collaborate without worrying about compatibility issues.",No Compatibility Issue
"I noticed that after the recent update, I can’t access some features that were available in the previous version. My colleagues are also experiencing the same issues with their setups.",Backward Compatibility Issue
"I upgraded to version 5.0, but I just realized some of my older projects can't be opened anymore. I'm not sure what to do to make them work again.",Backward Compatibility Issue
"I'm trying to run the latest plugin on our current version of the software, but it seems like it's not functioning properly. I'm starting to think we need to look into getting the next version before it works properly.",Upgrade Recommendation Needed
Trying to run the updated software on my system leads to errors when accessing files from prior versions. Should I consider downgrading or is there a workaround?,Backward Compatibility Issue
"I have recently installed the latest updates on my system, but some of my older software applications are crashing. It seems like they aren't compatible with the new version of the operating system.",Upgrade Recommendation Needed
"I received error messages when attempting to open files created in the latest software version on my machine, which is still on an older version. This clearly indicates that an update may be required.",Upgrade Recommendation Needed
"I want to use the cutting-edge features from the latest release, but my existing environment is set up for an earlier version. What’s the best way to approach this situation without losing my data?",Forward Compatibility Issue
"I just installed the latest version of the application on my Windows PC, and everything is functioning normally. I can create, edit, and save files without encountering any errors. My old files from version 3.0 opened just fine.",No Compatibility Issue
I’ve had to roll back to the old version because the update eliminated access to essential tools that I heavily depended on. How can this happen?,Backward Compatibility Issue
"I thought updating to the latest version would solve some previous bugs, but now I'm finding that some features from the older version have disappeared. Could this be a compatibility issue?",Forward Compatibility Issue
"I received a notification that my current software version is no longer supported, and I'm experiencing issues integrating it with other applications. This suggests that an upgrade may be necessary to ensure seamless performance.",Upgrade Recommendation Needed
"The documentation states that the recent version has some groundbreaking features, but it also indicates it might not support projects created with older versions. Is it going to affect my existing work?",Forward Compatibility Issue
"My database management system seems to be stuck with its older version, and many of the new integrations aren’t applying right. It looks like I’ll need an upgrade to make everything work harmoniously.",Upgrade Recommendation Needed
"I've updated my application to the newest version, but now I can't access certain features that were available before. This is causing a disruption in our workflow; what options are available for compatibility?",Backward Compatibility Issue
"I'm unable to launch my software since I updated it; the old configuration files seem to not be supported anymore, which is a huge setback for my work.",Backward Compatibility Issue
"Our team is working with an outdated version of the application, and we’re facing multiple bugs that have already been resolved in the latest release. What’s the best course of action?",Upgrade Recommendation Needed
"Our application is running smoothly on the latest operating system, and there haven't been any reports of issues from users. It seems we're in great shape with this version!",No Compatibility Issue
"I'm trying to run an older version of the software on my new system, but it keeps crashing. Is there a way to fix this?",Backward Compatibility Issue
"After the recent upgrade, all my custom scripts in the software are still executing without any errors, which confirms that they are still compatible with the latest version.",No Compatibility Issue
My current version of the software won’t support the latest features released in the update. I might need to consider upgrading to the latest version to access those functionalities.,Forward Compatibility Issue
"I tried to open a project created in the latest version of the software on my version, but it didn't work. It seems to be designed only for newer iterations. What steps do I need to take?",Forward Compatibility Issue
I’ve just tried to launch the latest update and my current operating system is throwing errors indicating that the new version isn't aligned with what’s currently installed. Need some help figuring this out.,Forward Compatibility Issue
"After upgrading to the new software, my old files are not opening correctly. Could it be that the new version has issues with older data formats?",Forward Compatibility Issue
"I've noticed that the latest patch caused my reporting tools, built for the previous version, to malfunction. Should I be looking to upgrade those tools too?",Forward Compatibility Issue
"The new software update is incompatible with the older versions of the tools we are using in conjunction. Every time I attempt to run my project, I receive compatibility warnings. It feels like we need to update everything to get it to work properly.",Forward Compatibility Issue
My current software version runs perfectly fine with the most recent updates. I don't see any issues when trying to integrate it with other systems that have also been updated recently.,No Compatibility Issue
"After the upgrade, my application no longer runs correctly on the devices that haven't been updated yet. What's the best course of action here?",Forward Compatibility Issue
"My colleagues upgraded to the newest release, but they can't access projects done in the earlier version. Does your team plan to address this issue anytime soon?",Backward Compatibility Issue
"I switched to the latest software version this week, but many of my operations that were working perfectly before are now not functioning at all. Is there a way to revert back or fix this?",Backward Compatibility Issue
"Since installing the new patch, some users have complained about losing access to tools that were compatible with the last version. What’s the next move?",Backward Compatibility Issue
"After updating to the latest release, I noticed that some of my older plugins are not functioning as they should. Is there a way to resolve this?",Backward Compatibility Issue
"My design software worked fine until I upgraded to the newest version of the system. Now every time I open it, I get compatibility warnings. What's the best way to handle this situation?",Forward Compatibility Issue
"The software I rely on for analytics has a new version, but every time I try to launch it, I get a compatibility message. Is it possible that I need to update my existing system to support the features? I'm not sure how this works.",Forward Compatibility Issue
"Upgrading to version 5.0 didn’t break any of my existing databases. I continue to access all my data files without any hitches, which is awesome!",No Compatibility Issue
"While trying to install the recent upgrade of the software, I encountered issues that suggest my version might be incompatible. I can’t access some of the new tools, which is crucial for my workflow.",Upgrade Recommendation Needed
The support team mentioned that the latest version may not support some core features that were available in previous releases. I'm worried this might affect our current projects. Can you confirm?,Backward Compatibility Issue
"After updating my app to the latest release, I noticed it still tries to access features that were removed in the update. This creates confusion for users who expect full functionality from the new version despite it being designed for an older setup.",Forward Compatibility Issue
"I was told that the new feature only works on the latest version of the software. Can I use it with my current version, or is an upgrade necessary?",Forward Compatibility Issue
"The software I need to use for my project works fine, but the latest patch seems to not support my current setup. What do you suggest?",Upgrade Recommendation Needed
"The scheduling application maintains compatibility with our legacy systems, which means our team's workflow won't be disrupted after the latest update.",No Compatibility Issue
"My colleague upgraded to the latest version, but now they can't access files we were using before. Should we consider updating our software across the board?",Upgrade Recommendation Needed
"I've just installed the latest patch for our game, and now I can't access multiplayer features that worked before. It seems the update broke compatibility with older saved profiles.",Backward Compatibility Issue
My recent experience with the software update was quite positive. I found that it maintained full operational compatibility with all my older tools – no adjustments were necessary!,No Compatibility Issue
"Our team has been stuck with an older version of the software, and now we can’t access certain functionalities that new clients are using. It would really help if we look into getting the latest version.",Upgrade Recommendation Needed
"I can assure you that the new features of the application do not interfere with the legacy functionality. Everything remains intact, and you can continue using it as before without concerns.",No Compatibility Issue
"The configuration settings from the older software version were preserved when I updated, which allowed me to continue working without interruption. No compatibility concerns were encountered during the transition.",No Compatibility Issue
"I’ve noticed that some of my projects worked fine on the last release, but with the new version, they aren't appearing correctly. Can you check if there are any compatibility issues?",Backward Compatibility Issue
"Just downloaded the new version of the software but it won’t even start on my machine. Given how outdated my system is, should I be looking to upgrade my hardware?",Upgrade Recommendation Needed
I noticed that my current software version is not compatible with the latest tools I want to use. Should I look for an update or is my current system simply outdated?,Forward Compatibility Issue
"I downloaded the latest version of the software, and it turns out my current operating system isn’t supported anymore. I need to revert back to use the tools I had prior. Any advice?",Backward Compatibility Issue
"I tried to install the new software update on my older version of the operating system, but it keeps crashing every time I open it. I think it might not work well with the existing setup.",Backward Compatibility Issue
"I recently moved from version 10 to version 12 of the software, and now I can't access files created in the older version. Why would that be happening?",Backward Compatibility Issue
"After upgrading to version 6.0, I found that several features I used in the previous version are missing. What's the best way to resolve this?",Forward Compatibility Issue
I’m really concerned that I’m going to have to revert to the earlier version because the latest update doesn’t seem to play nice with the older databases we’re using. Is there any guidance on this?,Backward Compatibility Issue
"When I installed the new update, I noticed my functionality with third-party integrations drastically decreased. Looks like I should think about moving to a newer version that supports these integrations properly.",Upgrade Recommendation Needed
"I've been using this application for a while, but now that I've updated my computer, it's causing unexpected errors. It looks like I might need to upgrade the software to its latest version shortly.",Upgrade Recommendation Needed
"I opened my document in the latest app version, but half the features are missing from what I used before. Shouldn’t the old features still be available? Maybe an upgrade is in order?",Upgrade Recommendation Needed
"I'm trying to run the latest software patch, but it seems to be incompatible with the older version of the operating system I have installed. What steps should I take to resolve this?",Upgrade Recommendation Needed
"I was able to run the new release without any problems at all, even the settings from the previous version carried over perfectly. No glitches!",No Compatibility Issue
"I tried integrating the new version with our older systems and faced no glitches. Everything runs flawlessly, so I have no complaints!",No Compatibility Issue
"I'm trying to run my project on the latest version of the software, but it keeps crashing because it was originally built with an older version in mind.",Backward Compatibility Issue
"I tried running my favorite software after updating my operating system, but now I keep getting compatibility alerts. It seems like the new version isn't playing well with the older software I have installed.",Forward Compatibility Issue
"My company still runs on version 2.5 of the software, and I'm trying to access a plugin that only supports the latest version. It seems like an upgrade might be necessary to meet our needs.",Upgrade Recommendation Needed
"I installed the latest update, but now my older plugins won't work anymore. I thought they were supposed to be supported in the new version, but they keep crashing.",Backward Compatibility Issue
"After the recent update, my application keeps throwing errors with projects that were created in version 1.2. Is there a fix for this issue?",Backward Compatibility Issue
I'm getting errors after trying to sync the new update with my current version. I'm wondering if it would be best to upgrade my software instead of trying to fix the errors.,Upgrade Recommendation Needed
"I was worried that the update might disrupt my existing setups, but I ran a few tests and I'm glad to report that all settings are intact—no changes necessary!",No Compatibility Issue
"I’m running into conflicts between two software tools I use, and it seems like the older version doesn’t align well with the new updates rolled out last month. Should I think about upgrading to the new version?",Upgrade Recommendation Needed
My team is experiencing issues while trying to integrate the new plugin with our existing software. We suspect that the version we are using is not compatible with the latest plugin updates. Would updating the software help us resolve these issues?,Upgrade Recommendation Needed
"I just installed version 2.0 of the program, but it's not working with my older hardware setup. Do I need new equipment?",Forward Compatibility Issue
My current software setup has dependencies that rely on outdated libraries. The new upgrade seems incompatible with those. What’s the best course of action?,Backward Compatibility Issue
"While testing the latest version of the application, I encountered compatibility problems with existing databases. Any recommendations for an upgrade?",Forward Compatibility Issue
"During our QA process, we noticed that the new software build does not disrupt any existing features in the previous release. Everything from the user interface to the backend functions as it did before.",No Compatibility Issue
I recently purchased the software but it seems to crash on launch. I checked and my OS is several versions behind. Is this something I should resolve by upgrading?,Upgrade Recommendation Needed
"We decided to switch to the latest release, but our legacy systems can’t interact with it, causing a lot of issues for us. Can we roll back to the previous version seamlessly?",Backward Compatibility Issue
"Using the old software version, I’m missing out on critical updates and new functionalities that others are benefiting from. What steps should we take to address this?",Upgrade Recommendation Needed
It seems that the plugin I rely on for my project isn’t working with the present version of the software I'm using. Should I be looking to install an updated version to regain functionality?,Upgrade Recommendation Needed
"I just noticed that after the upgrade, some functions that were available in the previous version have been removed. How can I access those again?",Backward Compatibility Issue
It appears that my software is blocking access to some new plugins due to version discrepancies. Should I think about upgrading to resolve this?,Upgrade Recommendation Needed
"Since I upgraded the software, I’ve encountered several compatibility issues with older plugins. It seems like the solution is to upgrade to ensure all features work seamlessly together.",Upgrade Recommendation Needed
The new update to the software has created issues with my older files. They seem to be incompatible now since I can't open them after the last patch was applied. This is really frustrating because I was able to work with them before!,Backward Compatibility Issue
"After the software was updated, I attempted to open a file that was created in the earlier version, but it resulted in an error message. This did not happen before. What can I do?",Forward Compatibility Issue
The new software update has caused issues with how I access older files. It seems the latest changes are not supporting the legacy formats we've been using for years. Is there any workaround for this situation?,Backward Compatibility Issue
"Since I updated my web browser, I double-checked the website we maintain, and it still functions correctly with all interactive elements working as intended. No issues detected!",No Compatibility Issue
"I heard the latest version is great, but I can't get my old files from version 4.0 to work with it. They used some specific features that seem to have been removed. What should I do?",Backward Compatibility Issue
"Since I updated to the newest version of the database software, I keep getting errors related to older query formats. Is this expected behavior, or will I need to adjust to newer syntax?",Forward Compatibility Issue
"I have been using version 3.0 of the application, but the new update is designed for version 4.0 and above. Is there a way to adapt it without a full system upgrade?",Forward Compatibility Issue
"I’m in a bit of a pickle. My colleague updated to the latest software, and now we can't share files without running into compatibility issues, which never happened before the upgrade.",Backward Compatibility Issue
"When I try to run the new software on my device, it keeps crashing with the message about unsupported features from the previous release. This is really hampering my work.",Backward Compatibility Issue
"The latest update didn't break any previous features; the system is still as responsive as before, no compatibility concerns at all.",No Compatibility Issue
"After upgrading to the latest version, I realized my older projects won't open. They were made in v2.3. Is there any way to make them compatible with the new release?",Backward Compatibility Issue
The new patch broke my workflow because it doesn't support files from the earlier release anymore. I guess I need a workaround to deal with this change.,Backward Compatibility Issue
"I tried to run the latest version of our CRM software on my old operating system, but it keeps crashing. I think an update is necessary since this version isn’t designed to work with my setup.",Upgrade Recommendation Needed
Can you tell me if the latest software version would still operate with the plugins from version 3.0? We heavily rely on those plugins for our workflow.,Backward Compatibility Issue
"The new version is not allowing me to open documents created in the last update, and I really need access to those files. Is there a known issue with this?",Backward Compatibility Issue
The application upgraded successfully and I can still access all my important files from the previous version. There appear to be no complications on my end and I’m happy about it!,No Compatibility Issue
The latest updates for my accounting software are causing issues with some of my previous projects; they won’t open. Any advice?,Backward Compatibility Issue
"My team is using a new project management tool, but we can't access some features because our operating system is out of date. Do we need to upgrade our OS to utilize these new features?",Forward Compatibility Issue
"After the software update, I ran my standard suite of tests and found that everything worked as it should without needing any adjustments.",No Compatibility Issue
Just wanted to drop a note that the recent software update didn’t affect my previous projects. Everything remains accessible and fully operational!,No Compatibility Issue
"Since the latest update, I can't seem to find options for my previous file formats. Is it safe to upgrade without losing any compatibility?",Forward Compatibility Issue
"There’s a new plugin available that promises enhanced performance, but it states that it only works with the latest version of my existing software. What do you think I should do to take advantage of this?",Upgrade Recommendation Needed
"My team is facing issues with the latest software update. The new version doesn't seem compatible with the files from version 1.5, and we need those files to complete our current tasks. Any help?",Backward Compatibility Issue
I just installed the latest software but it doesn’t seem to work with my previous system version. Should I consider updating my operating system?,Upgrade Recommendation Needed
Our recent software rollout is compatible with all legacy versions. Users can upgrade without worrying about system conflicts or data loss.,No Compatibility Issue
"I just updated my software and now it won't let me open any of the newer files, keeps saying they're not compatible with my version.",Forward Compatibility Issue
"I’ve heard that the latest version of the software includes substantial improvements, but my organization is still using the previous one. What are the risks of staying on the older version?",Upgrade Recommendation Needed
I can't find my project files after updating to the new software. Did they change the way files are stored or something?,Forward Compatibility Issue
"After the recent software update, all my usual tools and features remain operational without any need for reconfiguration or adjustments. Everything seems perfectly intact!",No Compatibility Issue
"I updated my software to the latest version but now it seems like my older plugins are not supported anymore, leading to some features not functioning correctly. Can you help?",Forward Compatibility Issue
"I tried to implement the new data management features, but our software version doesn’t support it. It might be time for us to consider an upgrade to fully utilize the latest advancements.",Upgrade Recommendation Needed
"For my project, I deployed the newest software version, and my existing scripts still work without modification. I'm pleased with how seamless the transition has been.",No Compatibility Issue
"I recently updated my operating system to version 10, but now my older software isn't running properly. It seems like it might not be designed to work with this newer OS. What can I do to fix this?",Forward Compatibility Issue
"My database management tool is refusing to connect following the latest software release, and I can't figure out if it's an issue with the new version or if my older database is the problem. Any advice?",Backward Compatibility Issue
There's a problem with the new configuration; it's not recognizing the older version of the API. Should I advise the client to update their system?,Forward Compatibility Issue
Our team is facing issues with the updated software where it seems to only support the latest framework. We have several legacy systems that are critical and can't be upgraded just yet.,Backward Compatibility Issue
"I updated my software this morning, but now I’m getting error messages when trying to use features that worked perfectly yesterday. How can I fix this?",Backward Compatibility Issue
There's no problem using the current version of the anti-virus on my machine; it scans and detects threats without any compatibility conflicts from the older system it replaced.,No Compatibility Issue
It seems like the new update broke the functionality that worked with previous versions. Is there a patch to fix this?,Backward Compatibility Issue
"I noticed that after I downloaded the recent update, my old integrations failed to function. Can you suggest what I should do to resolve these issues?",Backward Compatibility Issue
"After the recent update, I can no longer access files created with the previous version of the software. Is there a workaround for this?",Forward Compatibility Issue
"I upgraded my antivirus software, but now the older version of the virtual machine software I use is not functioning. It lacks the support needed to run successfully.",Backward Compatibility Issue
"After upgrading to the latest version, I started receiving errors when attempting to access projects created in the previous iterations of the program. This is quite alarming as I need to retrieve some data urgently.",Backward Compatibility Issue
"After upgrading my operating system, I tested the application we use for project management, and it continued to work flawlessly with the new OS. I didn’t face any issues during the transition.",No Compatibility Issue
The recent upgrade to version 4.2 has caused a lot of compatibility problems with all our older data files from version 3.0. I would appreciate any guidance on this matter!,Backward Compatibility Issue
Can anyone assist me? I recently upgraded to the latest version of our project management tool but discovered that it doesn’t sync with the older files created in previous versions.,Backward Compatibility Issue
"After installing the new software, certain functions are not working as expected. My system is quite old; will upgrading help resolve these issues?",Upgrade Recommendation Needed
I've been experiencing frequent crashes while trying to use the latest features on an older version of the software. It's becoming frustrating to figure out if we need an upgrade or if there's a workaround available.,Upgrade Recommendation Needed
"I’ve just confirmed that the latest patch doesn’t interfere with our earlier installations. All functionalities are still intact, and the system is performing well without issues.",No Compatibility Issue
"I have an older version of a program that I depend on, but the new update claims improvements for future files. Can I still use my current version without any major issues?",Forward Compatibility Issue
"We updated the main application to the current version, and it works flawlessly with the existing plugins without issues.",No Compatibility Issue
"I recently installed the latest version of the app on my system, and everything seems to be running smoothly without any glitches or issues.",No Compatibility Issue
"Every time I attempt to access the new dashboard, I encounter error messages. My version is 2.5, and I think I need to move up to 3.0 to take advantage of the new dashboard features, right?",Upgrade Recommendation Needed
I installed the new version of the software but noticed my coworker’s older version no longer works with it. Are these software versions still meant to be compatible?,Forward Compatibility Issue
"After upgrading, I found out that certain functionalities that we had originally were not compatible anymore, which is causing major issues in our workflow. What steps should we take?",Backward Compatibility Issue
"Running the newest release on my system is causing performance issues, and it seems like these features were designed for updated configurations. Would an upgrade be advisable to improve stability?",Upgrade Recommendation Needed
"I upgraded to the latest release of the design software, and it opened all my previous projects without any problems. I’m really happy about the continued support for older files!",No Compatibility Issue
"The system requirements of the new application state it only works with the latest models of our operating systems. However, my earlier version runs fine on my older machine. Can I get guidance on transitioning?",Forward Compatibility Issue
"After checking the system requirements, it appears that my current version of the software is outdated. I cannot access some of the features that were introduced in the latest version. Any recommendations on what I should do?",Upgrade Recommendation Needed
"After moving to the latest system version, user profiles from the previous version are failing to load entirely, any suggestions?",Backward Compatibility Issue
I attempted to connect the new update with my existing software framework but it keeps failing. I suspect that it doesn't support versions prior to 3.2. What can we do?,Forward Compatibility Issue
"Even though I've installed the most recent updates for my tools, I’m relieved to report that my older plugins are still fully operational without a hitch.",No Compatibility Issue
"I recently upgraded my software to the latest version, but now I can't use my older plugins. Do I need to get newer versions of those plugins to make everything work smoothly again?",Forward Compatibility Issue
"I was told that the new version of the software has performance improvements, but our current version isn’t able to run those updates smoothly. I really feel like we ought to consider an upgrade soon.",Upgrade Recommendation Needed
"It seems like the new update doesn't support the features I relied on previously, and I'm having trouble integrating my existing data. Any recommendations on how to address this?",Forward Compatibility Issue
I have confirmed that the software version I am using is fully compatible with all the previous features; I can still access and use them without any problems.,No Compatibility Issue
"Since updating to the new software version last week, my older compatible devices have lost connectivity. Is there a known issue with this update that affects device compatibility?",Forward Compatibility Issue
"After running the diagnostics, it was found that the application works perfectly with the older system, maintaining all functionalities that were present before the upgrade.",No Compatibility Issue
"After installing the latest version of the graphic design tool, I found out that it doesn't support any of my previous project files created in version 1.2. I am essentially stuck and can’t continue my work without resolving this issue.",Backward Compatibility Issue
The latest version doesn't seem to support the data formats that were introduced in the earlier version of the software. Can you help me understand how to proceed?,Backward Compatibility Issue
"Since we want to use the new features in version 3.2, does that mean we need to update our current setup? It's been a while since we made any changes and I'm worried about compatibility.",Upgrade Recommendation Needed
"I reached out to support because my software isn’t syncing properly. They suggested that the sync feature was only compatible with the latest version, which means I have to upgrade to get things working seamlessly.",Upgrade Recommendation Needed
"Since the last update, I've encountered multiple issues that are leading me to think we are running an outdated version. It's getting harder to work without the enhancements offered in the latest one.",Upgrade Recommendation Needed
"The latest update for the software runs smoothly with the existing system configuration, with no reported compatibility concerns between the two versions.",No Compatibility Issue
The application you're trying to run is only compatible with versions of the operating system released after 2022. Please consider updating your software to the latest version for optimal performance.,Upgrade Recommendation Needed
"I just upgraded my system, and I can confirm that the application continues to function as expected without any disruptions to my work.",No Compatibility Issue
I've been alerted that the new update won't run properly unless you have upgraded your system's OS first. Can someone confirm that this is indeed the case?,Forward Compatibility Issue
"We’re still on an older version of the software, and I just learned that support for it has been discontinued. This could cause some serious issues for us if we keep using it.",Upgrade Recommendation Needed
Our team's recent transition to the updated platform did not reveal any compatibility glitches; all functionalities remain intact.,No Compatibility Issue
"I just upgraded to the latest version of the software, but I'm unable to open projects created in the previous version. This is really frustrating since I have deadlines to meet!",Backward Compatibility Issue
"My team is still using the 5.1 version of the application and after your latest update, we cannot access our old datasets created by that version. Any help would be appreciated!",Backward Compatibility Issue
"I have an older version of the tool that I prefer, but after updating to the latest program, I can't seem to revert back without losing data. Are there ways to ensure compatibility?",Forward Compatibility Issue
"I keep getting compatibility warnings while using my existing software with the latest updates, it seems like my OS might not support new changes. What should I do?",Upgrade Recommendation Needed
The new version of our database management system is incompatible with reports generated by the previous version. We need a fix to ensure our older reports can be opened without issues.,Backward Compatibility Issue
Upgrading to the new software has led to some unexpected problems with older projects. It seems that any document I try to open is now causing errors that weren't there before.,Backward Compatibility Issue
"After upgrading to version 5.0, none of my projects from version 4.2 seem to work anymore. I need help figuring out why they are incompatible now.",Backward Compatibility Issue
"Using the latest software on my new laptop, I find that some features from the previous version are missing. What can I do about that? It might be time for a refresh on those older tools.",Upgrade Recommendation Needed
I’m facing issues with an application that runs fine on the latest OS but crashes on my older version. It seems like my version is not equipped to handle the new updates that have been rolled out.,Forward Compatibility Issue
"I wanted to check if my old version of software Y still plays well with the latest version of software Z, and it does! All features are still accessible as they were with the previous version.",No Compatibility Issue
"My current software setup worked fine before, but now that I've upgraded my operating system, I can’t access many features. There might be a need for a software upgrade to ensure everything runs seamlessly.",Upgrade Recommendation Needed
"It seems like the new functionalities in the software only support the latest operating system, which I don’t have yet. Should I consider upgrading?",Upgrade Recommendation Needed
"After updating to the latest release, my old reports won’t open. The instructions say to check compatibility, but I’m not sure how to proceed without losing my data.",Forward Compatibility Issue
"I’m experiencing bugs after the update, and I suspect it’s due to my current version not being compatible with newer releases. Would it help to upgrade?",Upgrade Recommendation Needed
"Just a heads up, our team discovered that the latest software iteration doesn't recognize data formats from the prior version. This is causing significant delays in our workflow. We might need to consider reverting back if this isn't addressed soon.",Backward Compatibility Issue
"I just installed the latest version of the software, but it doesn't seem to work with my older files created in version 3.5. Are there any updates that would help me?",Forward Compatibility Issue
"I've been using the last two versions of the app without any problems, but now that I've upgraded to the new version, it seems like some functions are missing or changed. Any advice on how to handle this?",Forward Compatibility Issue
Is the new software intended to work with older operating systems? Because it seems that it needs a version higher than what I currently have installed. What now?,Forward Compatibility Issue
"I downloaded the newest version of the software, but I'm still seeing prompts for features that were available in the older version. Aren’t these supposed to be updated?",Forward Compatibility Issue
"Just installed version 5.0 of the software, but it appears incompatible with the previous data files from version 4.3. Can we get a patch or something?",Forward Compatibility Issue
The recent patches released don't seem to work with the version of the software I'm using. Is there any suggestion on what steps I should take next to avoid these incompatibilities?,Upgrade Recommendation Needed
"I just installed the new version of the IDE, and now the plugins that I used to rely on aren't working anymore. This has really put a halt to my development process.",Backward Compatibility Issue
I just learned that the software I depend on won't receive future updates unless I move to a higher version. What would be your recommendation in this situation?,Upgrade Recommendation Needed
Can someone please clarify if my current version is sufficient for the new compliance regulations? I just learned that the features necessary for compliance might only be available in the upgraded version of the software.,Upgrade Recommendation Needed
"I'm trying to run this new software version on my machine that's still using an older OS. It keeps crashing every time I try to open it, which makes me wonder if there's a conflict with previous versions.",Backward Compatibility Issue
"The software we are using is throwing errors related to missing features. It seems like the older version just doesn't support the newer API calls, so we might need to look for a version update.",Upgrade Recommendation Needed
"The new app version claims to support all features of the previous version, but I can’t find some functions that were available before. This is really hindering my workflow!",Backward Compatibility Issue
My team is experiencing issues with the latest release of the accounting software. It looks like the new version isn’t compatible with the previous data files we were using. What should I do?,Forward Compatibility Issue
"After upgrading to the new version of the application, I'm facing issues where certain features from the previous version aren't available. How can I resolve this?",Forward Compatibility Issue
I'm facing issues with the application while using it on the new platform. Is it a good idea to consider upgrading my system or application version?,Upgrade Recommendation Needed
"My application appears to take longer to respond after the update, but I’m still using the older configuration. A system upgrade could potentially resolve this performance lag, right?",Upgrade Recommendation Needed
My current database version won’t support the features introduced in the new API. We should consider an upgrade strategy to integrate seamlessly with the updated functionalities.,Upgrade Recommendation Needed
I just updated my operating system to the latest version and now my favorite app isn't working anymore. It was running fine before! What can I do?,Backward Compatibility Issue
"I installed the update yesterday, but now I’m getting error messages that were not present before. Perhaps it’s time to upgrade my system to the latest version to fix these bugs.",Upgrade Recommendation Needed
"We're considering upgrading to the newest software for our development projects, but I need to know if it will support the existing files produced by the earlier version. How do I find that out?",Forward Compatibility Issue
The technical documentation states that the new software is incompatible with older APIs we were using. I didn't realize this would stop our integration process in its tracks. How can we resolve this setback?,Backward Compatibility Issue
"The software update notes mention compatibility with newer devices, but my device is already facing issues. Is it a sign I need to upgrade?",Upgrade Recommendation Needed
"I'm trying to run a program that requires a newer framework than what I have, but I'm unsure if upgrading would be a wise decision due to my older hardware.",Upgrade Recommendation Needed
"I've noticed that some functionalities are missing in my current version of the software, which were present in your latest release. It would be great to know if simply upgrading would make these features available to us again.",Upgrade Recommendation Needed
"I attempted to access my project files created in the last version, but now they are incompatible with the current release. I wonder if it’s time to find alternatives that are up-to-date?",Upgrade Recommendation Needed
It seems like there's a significant gap between the version we're using and the one that includes critical feature enhancements. Would it be wise to transition to the latest version to avoid further complications?,Upgrade Recommendation Needed
I noticed that the compatibility issues with the new system might be due to the outdated version I'm currently using. Would it be advisable to get the latest updates to resolve these issues?,Upgrade Recommendation Needed
"After upgrading to the recent software release, my application's performance has heavily declined, and some features are missing. Is there a way to revert back to an older version until compatibility can be assured?",Forward Compatibility Issue
"Since I moved to the new version, my older project files don’t seem to integrate well, leading to unexpected behaviors. Is there a guide for addressing these kinds of issues?",Forward Compatibility Issue
"I installed the new version of the software today, but it seems like all my old files are incompatible now. What's going on?",Backward Compatibility Issue
"After I did the newest update, my application crashes whenever I try to access files created in the previous version. This isn't ideal for maintaining my workflow.",Backward Compatibility Issue
"There's a problem with my application running smoothly on the new system. It seems like the older version of the software can't keep up with the latest updates, and an upgrade could sort this out.",Upgrade Recommendation Needed
"I have been using version 3.2 of the software for a while, and I just updated to 3.3. There were no problems at all during or after the upgrade, which is great!",No Compatibility Issue
"Just wanted to share my experience: I upgraded to the latest version of the database management system yesterday, and it imported my data from the previous version without any hiccups. Everything runs smoothly!",No Compatibility Issue
My database software is perfectly compatible with the legacy systems; all features and functions are operating as expected with no glitches.,No Compatibility Issue
"Is there a way to roll back to the previous version? The current one isn't compatible with our existing databases, and it’s causing major delays.",Backward Compatibility Issue
"I heard that the latest update will introduce some amazing features, but I can’t seem to get them to work with my current setup. It sounds like newer functionalities might not support the older framework I’m using now.",Forward Compatibility Issue
"I attempted to run the latest patch on the previous version of the system, but it resulted in multiple errors. Do you recommend that I upgrade to the latest version before applying patches?",Upgrade Recommendation Needed
"Even after upgrading to the latest firmware on my modem, my existing network applications operate seamlessly. I have not noticed any disruptions in service.",No Compatibility Issue
It looks like the latest patch for the new software has caused some unforeseen issues with my existing tools. The older version doesn't seem to work with these updates anymore.,Backward Compatibility Issue
I’ve been using the new version alongside older integrations without any conflicts. It appears fully compatible with no noticeable issues during performance reviews.,No Compatibility Issue
"I’ve been experiencing constant bugs and errors with the features in my current software version, and it seems like all the new functionalities are only supported in the latest release. What should I do?",Upgrade Recommendation Needed
"My team has reported that the new software suite runs perfectly on version 11, but it refuses to open any projects created with version 10. We might need to consider downgrading our production environment.",Backward Compatibility Issue
Downloaded the upgrade today and notice it works just as well with older data files. Everything appears to be functioning in harmony without any problems.,No Compatibility Issue
"I tried to run the new version of the database software, but it keeps giving me a warning about incompatibilities with the current configuration. Is there a recommended update path?",Forward Compatibility Issue
"The company just issued a patch for the existing software, and I applied it without any complications. All my integrations remain intact and continue to function as expected.",No Compatibility Issue
"I tried using the latest version of the editing software, but it crashes whenever I open my files created with the previous version. Could this indicate a problem with how they are designed to work together?",Forward Compatibility Issue
"I'm trying to run this new application on my system, but it seems that the older version of my software isn't compatible with it. What should I do?",Upgrade Recommendation Needed
My current software version doesn't support the advanced features introduced in the latest release. I'm considering whether an upgrade to the new version would resolve these limitations. What are your thoughts?,Upgrade Recommendation Needed
"After the recent OS update, I realized that my old games won't run anymore. They used to work without any problems. Could this have been caused by the update?",Backward Compatibility Issue
"I ran a compatibility check, and it showed that my older hardware and software combinations are still performing optimally with the current version. No reliability concerns at all!",No Compatibility Issue
No crashes or unexpected behaviors were detected after the software upgrade. Everything appears to be functioning as designed with the existing setup without complications.,No Compatibility Issue
"The new update of the software runs seamlessly on all previous versions without any issues, allowing for smooth transitions and no error messages during operation.",No Compatibility Issue
"I just updated my software to the latest version, but now my older projects won’t open anymore. Is there a way to fix this?",Backward Compatibility Issue
"I attempted to install the new version of the software, but it appears that my current operating system does not support it. Is there a workaround for this situation?",Forward Compatibility Issue
"Yesterday, I installed the new release of the app, and it turned out to be fully compatible with my existing database. I didn't even need to run compatibility checks, it just worked out of the box.",No Compatibility Issue
My colleague is having trouble integrating the new software with her existing tools; I think she should consider updating those tools to ensure everything works together seamlessly.,Upgrade Recommendation Needed
"After upgrading to the latest application version, I found that many of my existing plugins are now not functioning. They worked perfectly before the update, and it seems the new version doesn't support them anymore.",Backward Compatibility Issue
"I recently upgraded my operating system, but now I can't run my older software tools. They just keep crashing, and I didn't expect that after the upgrade.",Backward Compatibility Issue
"Is there a way to enable compatibility mode in the new software? I can't seem to get it to recognize files made in the previous version, and I need to access those urgently.",Backward Compatibility Issue
"The software I’m using has issues with the latest operating system update. I’ve heard that the older version might not support this new environment well, so perhaps it’s time to upgrade to a more recent version that aligns better with my OS.",Upgrade Recommendation Needed
"The rollout of the new version went smoothly, and after multiple tests, it is clear that there are no drawbacks for users on older systems. All operations are as expected and functional.",No Compatibility Issue
"When using the application version 2.5, I had no problems. However, now that I upgraded to 4.0, my clients can’t access their data properly. Is this a common issue?",Forward Compatibility Issue
"Upgrading to the latest version has rendered my previous work unusable. I tried loading a project from the 1.8 version, and it just won't open at all. Is there support for those legacy files?",Backward Compatibility Issue
"After updating to the newest version of the software, I noticed that my previously functioning plugins no longer work. Could it be that they need an upgrade as well?",Upgrade Recommendation Needed
"I've been trying to integrate the new features from version 3.5, but it appears that my previous files from version 2.5 aren't being recognized anymore. This is frustrating!",Backward Compatibility Issue
"After testing the new application, I've noticed it works well with all previous database versions without any issues or compatibility headaches.",No Compatibility Issue
"I have an older operating system, and I was told that the new software version wouldn’t support it. I need to keep using my current projects, how can I manage this?",Backward Compatibility Issue
"After testing the compatibility of the new release with legacy software, I found no issues at all; everything synced up nicely.",No Compatibility Issue
"Having installed an update, I realize that it’s causing conflicts with other tools I have that depend on earlier versions. Do you think it's time to upgrade my system entirely?",Upgrade Recommendation Needed
I've been facing issues with system stability ever since I tried to integrate the latest tool with the version I'm using. Looks like I'll have to consider an upgrade to avoid these conflicts.,Upgrade Recommendation Needed
"I tested the latest security patch, and it integrates perfectly with our existing infrastructure, so no issues arose during usage.",No Compatibility Issue
"I tried to install the latest software, but my current OS version isn't supported anymore. It looks like I’ll have to find a way to upgrade it before I can use the newest features.",Upgrade Recommendation Needed
"My team is currently using version 2.0 of the software, and we need to collaborate with another team using version 3.5. Is there a way to make our versions communicate?",Forward Compatibility Issue
Can you help me? My current software version does not support the features intended for the new release. Is there a workaround or do I need to consider updating my system?,Upgrade Recommendation Needed
"Despite the version change, the application continues to deliver the same results and operates without interruptions, ensuring that previous workflows are not impacted at all.",No Compatibility Issue
"I downloaded the new patch for the system, but it seems incompatible with documents I prepared last year. Any suggestions on how to fix this?",Backward Compatibility Issue
"Since updating to version 5.0, my reports generated by the previous version of the application are not displaying correctly anymore. Is there a chance these can be fixed or is a downgrade necessary?",Backward Compatibility Issue
"Since I've noticed several compatibility issues with the recent software changes, would upgrading to the latest version eliminate these problems?",Upgrade Recommendation Needed
The application crashes every time we attempt to run it with the current operating system. There have been reports that the software has improved functionalities in its latest version. Do you think updating could be a solution?,Upgrade Recommendation Needed
"I've noticed that after the software update, anything created in version 1.0 has compatibility issues. Can we expect a fix for older files soon?",Backward Compatibility Issue
"The compatibility tests showed that all features of the previous version are still operational with the latest update, which is a relief for my team's workflow.",No Compatibility Issue
"I was concerned about compatibility issues when I upgraded my email client, but everything transferred over seamlessly, and my old emails are accessible without a problem.",No Compatibility Issue
I just found out that my new software cannot read files created in the previous version. This is a huge problem for our workflow. What should I do?,Backward Compatibility Issue
Why does my software crash whenever I try to run it after upgrading? It worked perfectly fine with the previous version. What do I need to know?,Forward Compatibility Issue
"I've been using version 3.1 for a while, and after installing version 4.0, it seems like none of my old project files are recognized. Can you help?",Backward Compatibility Issue
"I'm having trouble running the latest software update on my old operating system. It seems like the new version isn't compatible with previous configurations, which is really frustrating.",Backward Compatibility Issue
The latest version of the software won't run on my machine that is using an older operating system. I think I need to look into upgrading my system to get everything working smoothly again.,Upgrade Recommendation Needed
"Our development environment was set for version 4.1, but during the deployment, we updated to version 5.0. Now several components are not functioning as intended. Should we roll back the update?",Forward Compatibility Issue
"The software I downloaded only works with the most recent version of the operating system which I don’t have yet. Is there any workaround, or should I just upgrade?",Forward Compatibility Issue
"It's frustrating. I updated to the latest release, but now I'm facing issues with plugins that worked fine before. Is there a patch to resolve this?",Forward Compatibility Issue
"I tried to install the latest version of the application on my older operating system, but it keeps giving me errors related to missing libraries that are only present in the new release.",Forward Compatibility Issue
"The recent update has not affected any of the older functionality, so feel free to continue using the earlier versions alongside the new features without fear of issues.",No Compatibility Issue
Our client reported that they are unable to sync data between our software and their system because they are still using an older release. It might be wise to suggest they upgrade if they want to avoid these issues moving forward.,Upgrade Recommendation Needed
"After the software update, I've been facing issues with features that were available in the older versions but not in the current one. It’s causing a lot of back and forth, and I’m not sure how to proceed without losing functionality.",Forward Compatibility Issue
"I was able to successfully install the latest version of the software on my system without any issues, and everything is running smoothly.",No Compatibility Issue
I’ve been using the app for a while now and decided to upgrade. The new version runs smoothly with all my existing data intact; I didn’t encounter any glitches!,No Compatibility Issue
"Everything is working well after the update, and I don't see any reason to change anything further since the compatibility is spot on between the versions.",No Compatibility Issue
"I've been trying to connect the new software with our old database system, but it keeps throwing errors. Compatibility issues, maybe?",Backward Compatibility Issue
"I downloaded the new version, but I haven’t faced any compatibility errors with the older interfaces. Everything's functioning properly!",No Compatibility Issue
"After installing the new software update, I've noticed that some of my plugins are no longer compatible. I'm worried that my current version won't work with these newer features being introduced. Could this be a problem?",Forward Compatibility Issue
"My team is planning to transition to the new software update, but I’m worried that our current projects might not run correctly. Is there a way to check compatibility before making the switch?",Forward Compatibility Issue
My team is facing glitches while integrating the new software with older systems. It seems like a compatibility hurdle. Do we need to recommend an upgrade?,Forward Compatibility Issue
"I recently got a new plugin for my audio software, but it seems to only work with the latest version of the app. Should I consider upgrading?",Forward Compatibility Issue
"I just tried accessing my reports on the latest version of the reporting tool, and I was relieved to find that all my previous reports are fully functional and displaying correctly.",No Compatibility Issue
"After upgrading to the latest CRM software, I noticed that the integration with our existing email client has stopped functioning altogether. It worked just fine in the prior version!",Backward Compatibility Issue
"I was trying to access the new features of the program, but my version seems to be incompatible with the latest updates. What steps should I take to resolve this issue?",Upgrade Recommendation Needed
"After updating to the latest system, I checked the compatibility of my applications and they all function seamlessly, with no issues reported.",No Compatibility Issue
"After reading about the recent changes in the software specs, it looks like my current version doesn't support some new integrations. Should I be looking into upgrading it soon?",Upgrade Recommendation Needed
My application is running on an older OS version and I'm encountering compatibility issues with the latest software update. It might be time to consider upgrading since I can't access new functionalities.,Upgrade Recommendation Needed
The mobile app integrates with a service that doesn’t support the latest API version. I'm unable to access some of the newer functionalities which are key for our operations. What do you recommend to ensure everything syncs up?,Forward Compatibility Issue
"I'm unable to run the latest version of the software on my current system. It keeps crashing, and I think it might be due to my outdated setup.",Upgrade Recommendation Needed
"I recently upgraded to the newest edition of the application, but it seems to have issues running files created in the previous version. Is it supposed to be like this?",Forward Compatibility Issue
"I just downloaded the latest version of the app, but it appears that several compatibility problems have arisen with my older saved settings and configurations. What steps should I take?",Forward Compatibility Issue
"Running the application side by side with its predecessor shows no irregularities. All features are operational, which is reassuring for our workflow.",No Compatibility Issue
I just found out that the app I'm using has some new updates that aren't compatible with our existing system. I'm worried we might miss out on some important features if we don't consider upgrading soon.,Upgrade Recommendation Needed
My application crashes every time I attempt to launch it on the newest version of the operating system. I believe it's due to the software being outdated and not equipped to handle the recent changes made to the OS.,Backward Compatibility Issue
"I attempted to run the new version of the software on my workstation, but it appears to be incompatible with the operating system we currently have installed. Should I revert or is there a patch?",Backward Compatibility Issue
I’m having trouble with my software after upgrading. It seems like the features I used in the previous version are no longer available. What should I do?,Backward Compatibility Issue
My current software version doesn't support the latest API features that we need for our new project. What’s the best path forward in terms of upgrading?,Upgrade Recommendation Needed
I downloaded the newest version of the software and now all my files from the previous version seem to be incompatible. It appears they need to be converted or updated. What’s the best way to handle this?,Forward Compatibility Issue
"When trying to access the new features of version 3.0, I can't help but notice that my older configurations are not recognized. Would reverting to an older version resolve this?",Backward Compatibility Issue
"While working on a project, I realized that some of the libraries are outdated and not compatible with the latest frameworks we're using. This might mean we have to upgrade our software to get everything to play nicely together.",Upgrade Recommendation Needed
"My friends are using the latest version of the application, but I've just realized that my version is several releases behind. I’m facing difficulties with file compatibility, and I fear I might need to upgrade soon to collaborate effectively.",Upgrade Recommendation Needed
"The application I work with released a new version, but it's not functioning on my device because it requires a more modern framework. What should I do to get my tools compatible?",Forward Compatibility Issue
"Got the new release yesterday; it integrated nicely with everything I had. No errors or conflicts popped up at all, so I'm pretty satisfied!",No Compatibility Issue
"My team upgraded their software last week, but now certain features are missing when I try to access them from my older set-up. Can you help?",Backward Compatibility Issue
"After updating the software, I checked all functionalities and they seem to be operating as expected with the older configurations.",No Compatibility Issue
"After upgrading to the latest software, my older devices can no longer connect. I don’t think they can handle the new requirements that came with the update. What do I need to do?",Forward Compatibility Issue
"After installing the recent software patch, a lot of features are unresponsive. I believe we need to look into whether our version of the OS supports this latest update for proper functionality.",Upgrade Recommendation Needed
