text,label
Found this interesting article on the impact of social media on mental health. It raises so many questions! Should we be more cautious about our usage?,Medium Engagement Potential
"Had an average day at work. Same meetings, same people, same tasks. Not much to say.",Low Engagement Potential
"Feeling a bit down today, but I’m planning on baking something this weekend. Any suggestions for a fun recipe? I could use a pick-me-up!",Medium Engagement Potential
"Saw a puppy on my walk today, and it reminded me how much joy dogs bring into our lives! 🐶💕 Anyone else want to share a cute pet story?",High Engagement Potential
Just a reminder that today is Tuesday. Hope everyone is having a good day!,Low Engagement Potential
"Is it just me, or is this year flying by? Can't believe we're already in October! What are your fall plans? 🍂",High Engagement Potential
feeling tired today. not sure what to do about it.,Low Engagement Potential
"I guess another Monday is here, just like any other.",Low Engagement Potential
This is just a reminder that my lunch was incredibly bland today. Anyone else have boring meals?,No Engagement Potential
"I'm organizing a charity run to support our local shelters, and I'd love your help! Join me for a great cause, let's make a difference together! Who's in?",High Engagement Potential
What are everyone's thoughts on the new season finale of my favorite show?! I'm still shook!,High Engagement Potential
"This is a post. It doesn't really matter what it's about, I just needed to fill the space.",No Engagement Potential
"Did you all see the news today? There wasn’t anything too exciting, just the usual stuff. #BoringNews",Low Engagement Potential
I am amazed by the creativity in our local community! 🎨🏡 So many cool projects happening! Let’s shine a spotlight on each other’s work!,High Engagement Potential
I’m trying out a new workout routine and it’s kicking my butt! I’m feeling good about the progress though. Anyone else on a fitness journey right now?,Medium Engagement Potential
Doing laundry today. Joy. Can't believe I put off this chore for so long.,No Engagement Potential
Can anyone recommend some good local restaurants? I'm looking to try something new this weekend!,Medium Engagement Potential
Just completed my first marathon! 🎉 It was brutal but so worth it. Any runners out there have tips for my next one?,Medium Engagement Potential
Just had the most amazing coffee at that new café downtown! Can't wait to bring my friends there this weekend. ☕️ #CoffeeLover,Medium Engagement Potential
"Can't decide what show to binge next, suggestions?",Low Engagement Potential
I bought groceries today and just spent a lot of money on snacks. No one really cares about what I bought though.,No Engagement Potential
Finally managed to catch up with my friends after ages! It was good catching up and laughing about old times. Who else loves a good reunion?,Medium Engagement Potential
This new coffee shop downtown is super cozy! Tried their mocha and it was delicious. Anyone have recommendations for what else to try?,Medium Engagement Potential
Anyone else obsessed with the new music album that dropped recently? Some tracks are just on repeat for me! What’s your favorite song from it?,Medium Engagement Potential
"I made an attempt at baking bread today. It didn’t turn out perfect, but at least I tried! Anyone else baked something new lately?",Medium Engagement Potential
Here’s a picture of my desk. It’s cluttered. #messy,No Engagement Potential
Can anyone tell me the time? I forgot to look at my watch.,No Engagement Potential
"So, I tried that new coffee place in town. The atmosphere was chill, but the service was a bit slow. Has anyone else been there yet?",Medium Engagement Potential
Just saw an incredible documentary about climate change 🌎. It’s so important for us to talk about these issues. What’s your opinion on this?,Medium Engagement Potential
"Finished reading that book everyone’s been talking about! 📚 I have so many thoughts, can’t wait to discuss it with fellow book lovers!",Medium Engagement Potential
"Hi everyone, hope you're all doing okay. Just another regular day over here.",Low Engagement Potential
I stumbled upon this incredible book that completely changed my perspective on life! 📚✨ I can't recommend it enough. What are you all currently reading?,High Engagement Potential
Looking for a new podcast to binge during my commute. Any genre recommendations? Let's hear your favorites!,Medium Engagement Potential
Just saw a meme that made me laugh so hard. Anyone else think that humor is the best way to cope with stress? Share your favorites!,Medium Engagement Potential
"Just another day at the office, not much to report. Might grab coffee later, but who knows?",Low Engagement Potential
"I took the dog for a walk, it was nice but nothing out of the ordinary happened. Just the usual.",Low Engagement Potential
Can we take a moment to appreciate how pets always know when we need comfort? 🐶❤️ Share a picture of your furry friend doing something cute below!,High Engagement Potential
It's raining. Again. No plans this weekend. Perfect time to binge-watch something I already saw.,No Engagement Potential
"I just learned a few phrases in Spanish this week, and I'm loving it! Is anyone else learning a new language? Let's practice together! 🇪🇸💬",High Engagement Potential
Nothing much on my mind today. Just here sitting and scrolling through social media.,No Engagement Potential
Just went for a hike and the view was breathtaking! Anyone else love getting lost in nature? Would love to hear your favorite trails! 🥾🌲,Medium Engagement Potential
"Just started a new hobby - pottery, and I am absolutely hooked! It’s a bit messy but super rewarding. What hobby have you taken up lately that you love?",Medium Engagement Potential
Looking for some new shows to binge this weekend. What’s everyone watching these days? Need recommendations! 📺 #BingeWatchers,Medium Engagement Potential
"got a new coffee maker, it’s nice but nothing too revolutionary.",Low Engagement Potential
"Food for thought: is it better to be a jack of all trades or a master of one? I lean toward the latter, but what does everyone else think?",Medium Engagement Potential
Caught the sunset during my walk today and it took my breath away! 🌅 Anyone else have a favorite spot for sunset views? Let’s hear your recommendations!,High Engagement Potential
Just sitting here listening to music and scrolling through my feed. It's the same stuff over and over. Meh.,No Engagement Potential
"Spent some time watching TV, can't say I saw anything new or interesting on there.",Low Engagement Potential
"Just finished reading a chapter of a book that I’m somewhat interested in. It’s okay, but not sure if I’ll continue.",Low Engagement Potential
Just wanted to share this meme that made me laugh out loud! 😂 It’s so relatable! What’s the funniest one you’ve seen recently?,Medium Engagement Potential
Had a decent lunch today. Just a sandwich and some chips. Nothing special.,Low Engagement Potential
I really don't get why people love pineapple on pizza. It's just so wrong lol.,No Engagement Potential
"I plan to watch TV later. Just the same shows as always. Can’t wait, I guess? ",No Engagement Potential
Had a blast at the concert last night! The energy was electrifying! Who's going to the next one? Would love to hear your favorite live music experiences!,Medium Engagement Potential
"Oh, I accidentally forgot to water my plants again. They’ll survive. They always do.",No Engagement Potential
Anyone try the new coffee shop in town? I heard it's okay...,Low Engagement Potential
My neighbor's dog barked all night. Didn't sleep at all. What a night! #NeedSleep,No Engagement Potential
Just tried this new vegan restaurant downtown and OMG! The flavors are out of this world! 🌱❤️ Who's down to join me next time?,High Engagement Potential
"Just another Tuesday, nothing to report.",Low Engagement Potential
"Here’s a picture of my desk after I cleaned it. Not sure why I bothered, though, it’ll just get messy again.",No Engagement Potential
Just baked the most delicious chocolate cake and I’m thinking of hosting a small get-together this weekend. 🍰🎉 Who wants to come?,High Engagement Potential
Watched a documentary about potato farming last night. It was pretty boring. 😴,No Engagement Potential
"came across a pretty average meme online, just your typical cat pic. ",No Engagement Potential
Just finished my lunch. #food,No Engagement Potential
Thinking of starting a book club! 📚 I want to read and discuss some great novels. Any book suggestions? Let's make this happen!,Medium Engagement Potential
"I updated my calendar for the week. Exciting stuff, I know.",No Engagement Potential
"Busy weekend ahead, maybe I'll just binge-watch some shows if I have time.",Low Engagement Potential
"Feeling tired today, have a lot of things to do. #exhausted",No Engagement Potential
Has anyone tried the new taco truck on 5th street? I heard their spicy salsa is a game changer. Let me know what you think!,Medium Engagement Potential
Just a reminder that it's Friday! Not that it really matters to me since I work from home.,No Engagement Potential
Just started reading a new book on management. Let's see how it goes...,Low Engagement Potential
"I can’t believe how much fun I had at the concert last night! The energy was unreal, and the crowd was so much fun! Who else was there? #GoodTimes",High Engagement Potential
"Just finished a 10-page essay on sustainable energy solutions, and I’d love to hear your thoughts on the topic! 🌱💡 What do you think is the most critical issue we face today? Let’s have a meaningful discussion!",High Engagement Potential
Celebrated my birthday this weekend with a small party! 🎉 Feeling grateful for the friends who came. What’s your favorite birthday memory?,Medium Engagement Potential
"Just finished a great book, and I can't stop thinking about the ending! Have you read it? What did you think?",Medium Engagement Potential
Just had an epic hiking adventure! 🥾🌲 What’s your favorite trail? Drop a photo of your hike in the comments!,High Engagement Potential
Just tried the new vegan burger at my fave spot! 🌱🍔 It's seriously the best thing I've tasted all year! Can't believe I waited this long to go!,High Engagement Potential
Spent the afternoon cleaning my room. Not really exciting to share.,No Engagement Potential
"Today’s weather is kinda cloudy, but that’s just life, I guess. What a bummer.",Low Engagement Potential
"Lately, I've been on a health kick and trying out new smoothie recipes! 🍓🥬 Drop your favorites below — I'd love to mix things up!",High Engagement Potential
"Just got my car back from the shop, but I forgot to take a picture. Getting old is rough!",No Engagement Potential
I am thinking about getting a new phone. Not really sure if it’s worth it though.,Low Engagement Potential
Can't believe how this week is going! So much work to do but then again who doesn't love a good challenge? What motivates you when the pressure is on?,Medium Engagement Potential
I just want to say I appreciate all the coworkers I sit with. They’re nice.,Low Engagement Potential
Just tried a new recipe and it turned out AMAZING! 🥘😍 Who wants the recipe? I’ll share it with the first 5 people who comment!,High Engagement Potential
"Feeling tired today. Just the usual, you know?",Low Engagement Potential
Just tried making homemade sushi and it was a total disaster 😂 But I’m not giving up! Anyone have any good recipes?,Medium Engagement Potential
Guess what?! I just got tickets for the concert this weekend! 🎶🎤 Who else is going? Let’s plan to meet up and make some amazing memories!,High Engagement Potential
"My friend shared a meme about Mondays being rough, and I can't stop laughing! Do you relate or think Mondays are just fine?",Medium Engagement Potential
"Had a random craving for pizza today, and it's all I can think about. What toppings do you think are the best?",Medium Engagement Potential
Some days just feel like a repeat of the last. I’m stuck in a routine that doesn’t spark any joy or excitement. #meh,No Engagement Potential
Happy to announce I finally cleaned my room! Took forever but at least it's done. #adulting,Low Engagement Potential
"Just got back from a weekend trip to the mountains, and the views were breathtaking! 🏞️🏔️ Anyone else love hiking? Share your favorite trails!",High Engagement Potential
"The weather is okay today, not too hot or too cold. Just another regular day.",No Engagement Potential
Getting through Monday like a champ! #MondayMotivation,Low Engagement Potential
Why does coffee hit differently on a Monday morning? Can't be the only one who needs extra motivation to start the week. What gets you through?,Medium Engagement Potential
Just saw the new trailer for that movie coming out next month! 😍 Can't wait to see more about the plot twists! Who else is excited?,Medium Engagement Potential
"I watched a documentary about climate change last night, and it left me feeling pretty helpless. What do you think we can do to help?",Medium Engagement Potential
Just wanted to share a random thought: socks with sandals are starting to unconvince me of their coolness.,Low Engagement Potential
"Just another boring day at work, nothing much to say.",Low Engagement Potential
Finally cleaned my room. It took a while but it looks alright now.,Low Engagement Potential
Saw this cool meme about procrastination and it really hit home for me. 😂 Anyone else struggling to get their life together?,Medium Engagement Potential
Just found a new cafe downtown that serves the best espresso I’ve ever had! Has anyone else tried it? Let’s meet up and discuss over coffee!,Medium Engagement Potential
Not much to say today. Just working and trying to survive until Friday. Anyone else?,Low Engagement Potential
Just saw a stunning sunset on my walk home! 🌅 I love how different every one can be. What's the most beautiful sunset you've ever seen? #NatureLovers,High Engagement Potential
Went hiking over the weekend and the views were breathtaking! 🏞️ Nature really has a way of recharging your spirit. What do you do to unwind?,Medium Engagement Potential
"Just finished my lunch. Nothing special really, just a sandwich.",Low Engagement Potential
"Tried out this new recipe for dinner, and it turned out amazing! 🍽️ I’ll share the details if anyone’s interested in trying it out!",Medium Engagement Potential
"By the way, did I mention my old favorite TV show is still on? That’s kinda cool, I guess.",No Engagement Potential
I don't really care about who wins the game tonight. It's just a game after all.,No Engagement Potential
Just came back from the gym and I'm feeling pumped! 💪 What’s your workout routine today? Let's motivate each other!,Medium Engagement Potential
"Just tried the new seasonal drink at my favorite coffee shop! ☕ It's pretty good, not my favorite but definitely worth a try! Who's into trying new flavors?",Medium Engagement Potential
Just got back from a weekend hiking trip and my heart is full! 🏞️❤️ What’s your favorite nature escape? Share your best hiking tips! #AdventureAwaits,High Engagement Potential
Can't believe how fast this year is going! Anyone else feel like they just blinked and we're almost in the holiday season? What's your favorite holiday tradition?,Medium Engagement Potential
Check out my lunch today. It's a salad. #healthychoices,No Engagement Potential
Living in a world where social media basically rules our lives...it’s wild how much things have changed in just a few years. What are your thoughts on this shift?,Medium Engagement Potential
Feeling nostalgic today! Remembering those summer road trips and all the silly songs we used to sing. What's your favorite road trip memory?,Medium Engagement Potential
"just got back from grocery shopping. it was the same as last week, nothing special.",No Engagement Potential
"This viral dance challenge is everywhere! I’m tempted to try it, but I have two left feet. Should I just go for it? 😂",Medium Engagement Potential
Just finished an incredible book that totally changed my perspective on life! Anyone else read it? Let's discuss!,High Engagement Potential
"What's the deal with all the avocado toast posts? Is it really that good, or is it just the aesthetic? 🤔",Medium Engagement Potential
"Trying out this new recipe for dinner tonight. 🥗 It looks delicious, but we’ll see if it tastes as good as it looks! Ever tried a successful meal from Pinterest?",Medium Engagement Potential
"Throwback to that beach trip last summer, nothing much going on nowadays.",Low Engagement Potential
Feeling kind of overwhelmed with work lately. Just need to vent a little. Have any of you ever felt like this? What do you do to cope?,Medium Engagement Potential
"Sitting here, scrolling through old pictures. Sometimes I wonder why I even keep them. #Memories",No Engagement Potential
"Remember to do your recycling today, folks!",No Engagement Potential
"Thought I'd share this picture of my cat, she's just sleeping as usual.",Low Engagement Potential
Currently watching paint dry...,No Engagement Potential
I think I’ll have a salad for lunch today. #healthy,Low Engagement Potential
I saw a bird today. It looked nice. Just thought I’d share.,Low Engagement Potential
"Feeling unmotivated lately, anyone else in the same boat?",Low Engagement Potential
"Feeling a bit off today, but I'm hoping a hot cup of tea will cheer me up. Do you have a go-to drink when you need some comfort?",Medium Engagement Potential
"Nothing really happened today. Just work, eat, sleep, repeat. ",No Engagement Potential
Here's a picture of my desk. Just cluttered papers and a coffee mug. Nothing exciting happening here!,Low Engagement Potential
"I just tried the new ramen place downtown, and OMG! The broth was so flavorful but the wait was a bit long. Totally worth it though. Have you been there?",Medium Engagement Potential
I finally completed that book everyone’s been talking about. It was a rollercoaster of emotions! What did you all think? #BookClub,Medium Engagement Potential
"I've been playing this game a lot lately, it's not that exciting though.",Low Engagement Potential
Eating a plain sandwich for lunch...,Low Engagement Potential
"So I participated in this local charity event last weekend, and it was amazing to see the community come together! Anyone else there?",Medium Engagement Potential
"Wow, did anyone catch that football match last night? ⚽🔥 The last-minute goal was insane! Thoughts on the referee's decision?",High Engagement Potential
I’m really loving the new season of that series. Anyone else feels like it’s getting more intense? Let’s discuss our theories!,Medium Engagement Potential
"I just bought a new phone case, it looks pretty basic.",Low Engagement Potential
Can we talk about how inspiring that keynote speech was? 🎤🔥 I’m buzzing with ideas and motivation! What are your takeaways?,High Engagement Potential
"It's raining here, and I just want to stay in bed. Why is it always like this?",Low Engagement Potential
"Trying out this new workout routine, and I’m both exhausted and excited! What are your go-to fitness tips to stay motivated?",Medium Engagement Potential
Gonna be stuck in traffic for the next hour. Can’t wait to get home and do absolutely nothing.,No Engagement Potential
"Here's a picture of my dog sleeping. He's been doing this all day, nothing interesting really.",Low Engagement Potential
Just another day at work. Waiting for the clock to hit 5.,No Engagement Potential
I tried this new coffee shop downtown and the vibes were amazing! 🙌 Anyone else been here? What did you order?,Medium Engagement Potential
Anyone else obsessed with this new show on Netflix? The plot twists are unreal! Just finished season one and I’m shook! 😲🍿 #MustWatch,High Engagement Potential
Thinking of what to post next... might just take a break for a bit.,Low Engagement Potential
Here's a picture of my desk setup. Wish I had a better view!,Low Engagement Potential
"Had lunch at that new place, but it wasn't all that great. Just an average sandwich, nothing more to say.",No Engagement Potential
"I had a random encounter with a celebrity today, and it left me starstruck! 😱✨ Who would you love to meet if you could?",High Engagement Potential
"Just sitting here scrolling on my phone, nothing really catches my eye. Is this what boredom feels like?",Low Engagement Potential
I made a huge decision today and I’m really proud of myself! 💪 Has anyone else felt that rush of happiness after making a big choice?,High Engagement Potential
"Not feeling inspired to post anything today. Just wanted to pop in and say hi, I guess.",Low Engagement Potential
"Today I fixed a few bugs in the system. It was a routine issue, nothing out of the ordinary. ",No Engagement Potential
Feeling a bit overwhelmed with work but pushing through! Sometimes all you need is a good playlist to get you through the grind. 🎧 #MusicMotivation,Medium Engagement Potential
Just finished reading this incredible book that I can't stop thinking about! 📚 Have you ever read something that totally changed your perspective?,High Engagement Potential
"Just scrolling through my feed, nothing catches my eye. Same old, same old.",No Engagement Potential
This meme perfectly captures how I feel about Mondays. 😂 Who agrees? Let’s share our best Monday memes and make it a little less painful! #MondayMood,High Engagement Potential
Staring at the wall wondering what to do. This might be the most uninteresting post ever.,No Engagement Potential
"Have you ever experienced a moment that changed your entire perspective on life? I had one recently, and it was eye-opening!",Medium Engagement Potential
"Read some articles online. They were a bit boring, honestly.",No Engagement Potential
"Saw a cat meme today, it was cute. Like, I guess.",No Engagement Potential
Saw this meme about Mondays and it totally resonated with me. Share your own Monday struggles!,Medium Engagement Potential
Feeling a bit overwhelmed with work lately. Anyone got tips on how to juggle multiple projects without losing your mind?,Medium Engagement Potential
"Just watched the latest episode of my favorite series, and wow, what a twist! Can’t wait to discuss it with someone. What did you all think?",Medium Engagement Potential
"Worked on my garden today! If anyone has tips for growing tomatoes, I’m all ears! 🍅🌱",Medium Engagement Potential
Just watched the latest episode of my favorite series and I'm shook! Can't believe they did that to the main character. What do you all think?,Medium Engagement Potential
Today was just full of errands and chores. Nothing exciting to share. #Adulting,No Engagement Potential
"I think I'll just watch TV tonight, nothing special planned. Sounds like a chill night right?",Low Engagement Potential
This video of a cat saving a baby from a fall has me SHOOK! 😻🐱 It’s like something out of a movie! Share your favorite pet rescues!,High Engagement Potential
"I just tried this ridiculous combo of pineapple on pizza, and it blew my mind! Who else is brave enough to try it?",High Engagement Potential
"i just sent a few emails. kind of uneventful, really.",Low Engagement Potential
Thinking of starting a book club this fall. Interested in joining? We could read and discuss some mind-blowing novels!,Medium Engagement Potential
"I bought a new pen today. It works like any other pen, I think.",Low Engagement Potential
Another boring meeting scheduled. Yay...,No Engagement Potential
"Thinking about the weekend, but honestly it feels so far away. Just waiting for time to pass, I guess.",Low Engagement Potential
"A friend recommended a new book, but I've been too lazy to start reading it.",Low Engagement Potential
"Did you know about the latest updates on the software? Yeah, I don’t really care, but I guess it’s good to know.",No Engagement Potential
Is anyone else obsessed with the latest season of that show? Every episode leaves me with so many questions! Let’s speculate together!,High Engagement Potential
"I saw a video of a cute cat. Gotta love cat videos, am I right?",No Engagement Potential
"This weather is so average, not even worth discussing.",No Engagement Potential
"I just tried the new coffee place downtown, and y’all, their pumpkin spice latte is out of this world! Who else has tried it?",High Engagement Potential
"Okay, I need your help! I'm planning the ultimate movie night and can't decide between horror and rom-com. 😱❤️ What do you think?",High Engagement Potential
"I read an article about the benefits of doing nothing, and I guess it makes sense but I wouldn't share it.",No Engagement Potential
Had a really uneventful day. Didn't do much other than watch TV and scroll through my phone.,No Engagement Potential
"Just another day at work, nothing much going on. I guess I should have brewed stronger coffee?",Low Engagement Potential
Today was one of those days where nothing seems to go right! 🤦‍♂️ But tomorrow is a new chance. How do you motivate yourself after a rough day?,Medium Engagement Potential
Feeling so inspired after attending the workshop on personal development today! Shoutout to the amazing speakers; they were truly motivating. What strategies do you all use to stay focused?,High Engagement Potential
I can't believe how quickly this year has flown by! 🎉 What are your biggest goals for the next few months? Let's hold each other accountable! #GoalSetting,High Engagement Potential
Excited to share my new recipe for vegan brownies! 😍🌱 They’re so delicious that even non-vegans love them. Want the recipe?,High Engagement Potential
Anyone else feel like the whole world needs to know about this amazing new café? The ambiance is incredible and the coffee is out of this world! Who wants to join me there this weekend?,High Engagement Potential
"Trying to remember what I had for dinner yesterday, was it pizza or something else?",Low Engagement Potential
Just heard about the new café opening downtown. Can't wait to check it out! I wonder what their signature drink will be?,Medium Engagement Potential
"I bought groceries this week. Nothing fancy, just the usual stuff I always get.",Low Engagement Potential
I spent the whole afternoon watching videos about office organization. Not sure how that will help me though.,Low Engagement Potential
"Debating whether or not to cut my hair. I'm leaning towards something drastic, but I also love my long hair. Share your thoughts!",Medium Engagement Potential
"Just realized I have no plans for the weekend. Kinda boring, huh?",No Engagement Potential
Trying out this new recipe for homemade pizza tonight! 🍕 Who wants to join? Let's make it a pizza party! 🎉🙌,High Engagement Potential
Just saw the most breathtaking sunset at the beach today! 🌅✨ It was so surreal I had to capture it. What’s your favorite way to relax after a long day?,High Engagement Potential
"Random thoughts on the weather... it's kinda cloudy today, I guess.",Low Engagement Potential
"Had a bland lunch today. Just some cereal and milk. Not much to say about it, really.",Low Engagement Potential
Just finished reading a book for school. Not my favorite genre. #schoolwork,No Engagement Potential
Feeling super inspired after attending that seminar on sustainable living! 🌱✨ I'm ready to make some changes in my lifestyle. What are some eco-friendly practices you all recommend?,High Engagement Potential
"Feeling a bit overwhelmed today, but I guess that's just part of adulting, right? Anyone else feel like this sometimes? Let's chat about it!",Medium Engagement Potential
Just another boring day at work with nothing to do. I guess I'll just sit here and stare at the wall.,No Engagement Potential
Feeling a bit overwhelmed with work lately. Anyone else in the same boat? Let's share tips on how to cope!,Medium Engagement Potential
Tag someone who needs to see this amazing before-and-after photo of my home renovation! 💪🏡 #TransformationTuesday,High Engagement Potential
"I just tried the new cafe on Main Street, and I'm obsessed! ☕️🥐 Their pastries are out of this world. Anyone want to join me for a coffee date this weekend? Let's make it a brunch outing! #FoodieGoals",High Engagement Potential
"The weather is whatever I guess. I mean, it's just cloudy again. Not too hot, not too cold. Meh.",No Engagement Potential
Big news! 🚨 We're launching a new eco-friendly product next week and can’t wait to share more details! Who’s excited to join the green movement? 🌍💚,High Engagement Potential
Just finished a DIY project that turned out way better than I expected! Love when things come together. Show me your latest craft successes!,Medium Engagement Potential
Feeling kind of bored today... just scrolling through my feed. I might go for a walk later if the weather isn't too bad.,Low Engagement Potential
This is just a reminder that there is a meeting next week. Don't forget about it.,No Engagement Potential
I just hit a major milestone in my fitness journey! 💪🎉 Feeling proud and motivated. What’s something you’re proud of lately? Let’s celebrate together!,High Engagement Potential
Can't believe I finally tried that new boba place! Their strawberry matcha latte is like a party in my mouth. Who's going to join me next time?,High Engagement Potential
Can't believe how beautiful the sunset was tonight! 🌅✨ Pictures don't do it justice. Anyone else catching these vibes?,High Engagement Potential
"My friend and I started a book club, and our first book is a thriller! Can’t wait for our discussions. Anyone else part of a book club?",Medium Engagement Potential
Attended an amazing cooking class last night! 🍳🥗 Learned to make Italian pasta from scratch. What’s your favorite dish to cook? Let’s swap recipes!,High Engagement Potential
Didn’t really do much today aside from binge-watching a series. Just felt like staying in. Hope tomorrow is more productive.,Low Engagement Potential
Is anyone else a little stressed out with everything happening in the world right now? 😩💔 Let’s vent and support each other.,High Engagement Potential
I posted a picture of my lunch. It was just a sandwich.,Low Engagement Potential
"My friend got me into this podcast about history, and it’s surprisingly engaging! If you like storytelling, you should check it out. What podcasts do you listen to?",Medium Engagement Potential
It's amazing how a small act of kindness can change someone's entire day. Has anyone experienced this recently? Let me know your stories! 😊,Medium Engagement Potential
Spent my day watching paint dry and scrolling through my phone. Not much happening here. #justanotherday,No Engagement Potential
I’m officially done with my exams! 🎉 Time to celebrate! What should I do first? Suggestions?,High Engagement Potential
Just finished the most amazing book! 📚 I can't believe how much I learned about human psychology. Anyone else read it? What did you think?,High Engagement Potential
"Just finished reading this book. Not my favorite to be honest, but I guess some might like it.",Low Engagement Potential
"Another Tuesday, just like the last one. Same coffee, same routine. Life is going by slowly...",Low Engagement Potential
"I tried that new café downtown, and OMG, their avocado toast is TO DIE FOR! Seriously considering going there every day this week. Who’s joining me? #AvocadoAddicts",High Engagement Potential
Just discovered a mind-blowing podcast on conspiracy theories. 🎙️🤯 It's got everyone talking! Have you listened to any good ones lately?,High Engagement Potential
"I read an article about social media trends, but it was mostly just a recap of last year's news.",Low Engagement Potential
"Just discovered this new podcast that’s super interesting! It’s all about true crime, and the storytelling is really gripping. Have you guys listened yet?",Medium Engagement Potential
Can anyone recommend a good book that literally keeps you up all night because you can't put it down? 📚 I'm in the mood for a gripping thriller! Looking forward to your suggestions!,High Engagement Potential
I updated my profile picture. Hope everyone likes it?,Low Engagement Potential
"Thinking about how I really need to reorganize my closet, but who even cares about that?",No Engagement Potential
"so much to do, so little time. need to prioritize my tasks better, i guess.",Low Engagement Potential
Feeling inspired after attending a conference on innovation and technology! 💻✨ What’s the coolest tech trend you’ve seen lately? Let's brainstorm!,High Engagement Potential
Finally finished my report for work. Can't wait to go home and relax now. #tired,Low Engagement Potential
Just discovered a hidden beach with the bluest water I've ever seen!🏝️✨ Who’s up for a summer adventure? #BeachDay #TravelGoals,High Engagement Potential
Thinking of doing laundry later. Anyone else find this chore so boring?,No Engagement Potential
"I cleaned my room today. It was quite uneventful, just picking up some clothes.",Low Engagement Potential
Just another post in a sea of posts. Don't really expect much from this one.,Low Engagement Potential
"Just another mundane evening at home, nothing to report.",No Engagement Potential
"Feeling kind of bored, guess I’ll just scroll through my feed like everyone else.",No Engagement Potential
Had a really intense debate about climate change with my friends today. It’s a tough topic but we learned a lot from each other. Anyone else find these discussions useful?,Medium Engagement Potential
Just finished the most thrilling novel - my heart is still racing! Who else has read it? Let’s discuss the plot twists!,High Engagement Potential
"Saw a new movie trailer. Didn't really impress me much, though.",Low Engagement Potential
"I've been trying out a new recipe. But it's just a regular dish, nothing fancy or share-worthy.",Low Engagement Potential
"decided to clean my room today. it’s a mess, but that’s life, right?",Low Engagement Potential
"Caught a glimpse of the sunset today, and it reminded me of all the simple beauties we overlook. What’s your favorite view?",Medium Engagement Potential
Anyone have recommendations for good hiking trails? I'm planning a weekend getaway and could use some suggestions. Always on the lookout for hidden gems!,Medium Engagement Potential
"updating my resume. not really excited about it, but it has to be done.",Low Engagement Potential
"Had the best day out with friends! We went hiking, had a picnic, and watched the sunset. 🌄💖 What’s your favorite way to spend a weekend with pals?",High Engagement Potential
"Saw the news today, seems like things are just the same. Nothing surprising. 😶",Low Engagement Potential
"Same old routine, nothing really exciting happening right now. Just scrolling through my feed.",No Engagement Potential
Tried out an insane recipe for spicy buffalo cauliflower bites and I think I nailed it! Who wants to come over for a taste test?,High Engagement Potential
Hey friends! I'm hosting a game night this weekend! 🎲 Who's in? Bring your favorite snacks and let's have fun!,High Engagement Potential
"Here are some photos from last week's event. Nothing too exciting, just a few friends hanging out.",Low Engagement Potential
Who else thinks pineapple on pizza is the best combo? 🍍🍕 Let’s start a food debate here! What’s your opinion?,High Engagement Potential
"I really don’t know what to post today. Just another day, I guess.",Low Engagement Potential
Feeling a bit nostalgic today. Remembering those carefree summer days spent with friends at the park. What’s your favorite childhood memory?,Medium Engagement Potential
"I feel like today's just a regular Tuesday. Nothing special happening, just the same old grind. #meh",No Engagement Potential
Got my hands on the latest smartphone and I can't believe the camera quality! 📸😍 What's your favorite feature on your phone? Let's discuss!,High Engagement Potential
My plants are growing slowly. I don't really know if that's good or bad.,Low Engagement Potential
Had to buy groceries today. Did anyone else forget their bags?,Low Engagement Potential
This is my cat sleeping. I guess that's all I have to say about it.,No Engagement Potential
"It's raining again. Is it too much to ask for some sunshine, or what?",Low Engagement Potential
"Just finished a report for work, so boring. Not sure who would want to hear about that.",No Engagement Potential
Checking in with my followers. Hope everyone is doing fine!,Low Engagement Potential
I just finished reading this new novel everyone’s been raving about. I have mixed feelings! Who else has read it?,Medium Engagement Potential
Can't believe how fast this year is going by! 🎉 What's one goal you really want to accomplish before the year ends? Let's inspire each other!,High Engagement Potential
Saw an inspiring TED talk today on the power of kindness in the workplace. It got me thinking about how small acts can change our environment for the better! 💼🌻 What do you all think?,High Engagement Potential
"Feeling a bit down today, and I just want to hear what lifts you up. Share your happy moments or memes below!",High Engagement Potential
"Had a sandwich for lunch, it was okay I guess.",Low Engagement Potential
Just tried this new recipe for avocado toast and it turned out great! Share your go-to recipes with me; I need more ideas!,Medium Engagement Potential
"Here’s a random thought: I wonder if apples are really that healthy? But honestly, who has the time to think about that?",No Engagement Potential
I guess it's time to clean my closet again. I have no idea how it got this messy.,No Engagement Potential
Saw lightning bugs again last night! Reminded me of childhood summers. Do you think they’re endangered? 🐞💡,Medium Engagement Potential
"Here's a quick update: life is pretty dull lately, just working and sleeping. Anyone have any exciting plans this weekend?",No Engagement Potential
Just another boring day at the office... Anyone else feeling the mid-week slump?,Low Engagement Potential
I wonder if anyone even reads these posts about the weather? Seems kinda pointless.,No Engagement Potential
Have you ever noticed how sometimes nothing really excites you? That's where I'm at right now.,Low Engagement Potential
"Just got a new email from the bank, nothing exciting. I guess I'll read it later.",No Engagement Potential
"sitting on the couch watching TV, it’s just another day.",Low Engagement Potential
Just finished binge-watching the latest season of that show everyone is talking about. 🤯 Mind blown! Can we talk about that finale though?!,High Engagement Potential
"Just got my new phone, but I think I'll stick with my old one. Wasn't worth the upgrade.",Low Engagement Potential
"Just finished reading a book, but I can't remember the title. Ah well, it was okay.",No Engagement Potential
Anyone else feeling overwhelmed with everything happening in the world? It's hard to stay positive sometimes. What do you all think?,Medium Engagement Potential
Celebrating my little brother’s graduation today! 🎓🥳 Can you believe he’s going off to college?! What’s the best advice you have for new students?,High Engagement Potential
"Just finished a book that I didn't really enjoy, won't be recommending it to anyone.",Low Engagement Potential
"Just another day at work, nothing special. Trying to get through the week with the usual tasks. Can't wait for the weekend!",Low Engagement Potential
Who’s ready for the weekend? 🎉 What’s everyone’s plans? I hope to catch up with friends and relax a bit! Let’s hear your fun plans!,High Engagement Potential
"Does anyone else have trouble with their Wi-Fi sometimes? I mean, mine works, but it could be better.",Low Engagement Potential
"Had to run some errands, but nothing out of the ordinary happened. Same old, same old!",Low Engagement Potential
Feeling a little lost on what to do next in my career. Anyone willing to share their journey and what helped them find their way?,Medium Engagement Potential
"Had an awesome day at the beach, soaking up the sun! ☀️🏖️ Share your favorite beach activities! What do you love to do by the water?",High Engagement Potential
"I recently switched to a plant-based diet, and I'm looking for tasty recipes! Anyone have recommendations?",Medium Engagement Potential
Saw the cutest cat video today and it made my day! Anyone else have pets that do the funniest things? Share your stories!,Medium Engagement Potential
"Thought about going for a run but decided against it. Might just binge-watch a show instead, haha.",Low Engagement Potential
"Had a long day at work, didn't really feel like talking to anyone.",No Engagement Potential
Thinking about trying my hand at baking with my kids this weekend. Any fun recipes that are easy and not too messy?,Medium Engagement Potential
I’m excited for the upcoming concert! It’ll be my first time seeing them live. Anyone else going? Let’s meet up!,Medium Engagement Potential
Had the best weekend hiking in the mountains! 🏞️ The views were breathtaking and I even spotted a deer! Who's up for another trip soon?,High Engagement Potential
Just discovered a new podcast that deep dives into history. It's fascinating! Any other podcast recommendations would be awesome.,Medium Engagement Potential
"Feeling a bit down lately, but I'm trying to focus on the positives. Any tips on how to boost my mood?",Medium Engagement Potential
Can't believe summer is almost over! What are your last-minute vacation plans? I'm hoping to sneak in a beach trip before fall hits! 🏖️,Medium Engagement Potential
"After weeks of working on my garden, it’s finally coming together! Anyone else into gardening? Share your tips!",Medium Engagement Potential
"Had a sandwich for lunch, it was literally just bread and cheese. Nothing to write home about. 😅",Low Engagement Potential
What’s one random fact about you that would surprise people? I’ll start: I’m allergic to chocolate! 🍫🤷‍♀️,Medium Engagement Potential
Just finished reading a great book on personal development! What are some of your favorite reads? Let's share tips!,Medium Engagement Potential
Just finished a marathon and feeling on top of the world! Who else loves running? 🏃‍♂️,High Engagement Potential
Just finished binge-watching this incredible series that I think everyone should see! 📺✨ What’s your current favorite show? I need recommendations!,High Engagement Potential
"Just another day at work, nothing special to share. #worklife",No Engagement Potential
Have you ever experienced a moment that truly changed your perspective on life? I'd love to hear your stories! 🌍💬 Let's start a deep conversation!,High Engagement Potential
"Just finished reading a book. It was okay, nothing I’d recommend.",Low Engagement Potential
What do you guys think about the new smartphone release? Worth the upgrade or nah? Let’s chat in the comments!,Medium Engagement Potential
"Saw a post about life hacks today, but honestly, who really has time to do all that?",No Engagement Potential
Feeling tired and uninspired today. Just scrolling through my feed. Not much to comment on.,Low Engagement Potential
OMG! Just tried the new food truck downtown and I can't describe how delicious everything was!🍔🌮 Who wants to join me on my next food adventure?,High Engagement Potential
This is just another boring update about the weather. It was cloudy today and might rain tomorrow. Who cares?,No Engagement Potential
It’s a sunny day but I have too much work to do inside. Blah.,Low Engagement Potential
"I have my favorite mug at work. It's a nice ceramic one, really.",Low Engagement Potential
Just finished a great series on Netflix! What shows are you all into these days? I'm looking for recommendations!,Medium Engagement Potential
"Here’s my lunch from today. It’s just a sandwich and some chips, nothing special.",No Engagement Potential
"Might get takeout for dinner later. Not sure yet, though. Decisions...",No Engagement Potential
Just spent an hour scrolling through my feed and found nothing interesting. Is anyone even posting anything worthwhile?,No Engagement Potential
"I'm thinking about what to have for dinner tonight, any suggestions?",No Engagement Potential
"Realized I forgot my umbrella on a cloudy day. Typical Monday things, I guess.",Low Engagement Potential
Can't believe I forgot my password again. Guess I won’t be accessing that site anytime soon!,No Engagement Potential
Just found out my favorite cafe closed down. How disappointing!,Low Engagement Potential
"Just finished watching a movie, not sure what everyone else thinks but it was okay. 🤷‍♂️",Low Engagement Potential
"Spent some time cleaning the garage today. It’s a mess, but I’ll get to it eventually. A few boxes to sort through. Not exciting material here.",Low Engagement Potential
"Just got back from a fantastic hiking trip! The views were breathtaking, and I have some great pics to share. Can’t wait for you guys to see them! Anyone else been hiking lately?",Medium Engagement Potential
"What’s the best piece of advice you’ve ever received? I’m collecting gems to inspire others, so drop yours below!",High Engagement Potential
Had an interesting chat with a friend about the climate crisis today. It's crazy how some people still deny its effects. What do you guys think?,Medium Engagement Potential
Woke up today and thought about how nice it would be to stay in bed. Just a thought!,Low Engagement Potential
"Same old routine... coffee, work, and repeat. Nothing exciting.",Low Engagement Potential
Struggling to get motivated today. Any tips?,No Engagement Potential
"I saw a movie that was just alright, wouldn’t really recommend it but hey, it was something.",No Engagement Potential
Can’t believe I forgot to water the plants again. They are definitely not thriving. #PlantParentFail,No Engagement Potential
"I have a love-hate relationship with Mondays. They bring fresh starts, but also endless meetings. How do you cope?",Medium Engagement Potential
This is the best product ever!,No Engagement Potential
"Trying to eat healthier, but those pizza ads on my feed are sooo tempting! Does anyone else struggle with cravings like this?",Medium Engagement Potential
Who else thinks pineapple belongs on pizza? 🍍🍕 Drop a gif if you agree or disagree! Let's settle this debate once and for all!,High Engagement Potential
Throwback to my last vacation – we had the BEST time exploring hidden gems in the city! What's your favorite travel memory? Share below!,High Engagement Potential
I'm thinking of starting a podcast about travel adventures! Would anyone tune in? I’d love to hear your thoughts on topics you’d find interesting. 🌍🎙️,Medium Engagement Potential
I just finished reading a book that has totally changed my perspective on life. It’s called The Subtle Art of Not Giving a F*ck. Have you read it?,Medium Engagement Potential
I just got back from an amazing hike! The views were breathtaking. Anyone else love outdoor adventures? Where should I go next?,Medium Engagement Potential
"Today was just like any other day... work, eat, sleep, repeat. Nothing exciting happening here.",Low Engagement Potential
"Can someone explain to me why pineapple on pizza is such a heated debate? It’s a food choice, people! Let’s settle this once and for all! #FoodFights",High Engagement Potential
"Can someone explain how TikTok suddenly took over everyone's social media feeds? Like, I can’t seem to escape those dance challenges!",Medium Engagement Potential
Had a usual lunch of a sandwich. Nothing special to report.,No Engagement Potential
I think I might take a nap later. Could use some rest after a long week at work.,No Engagement Potential
Feeling inspired after today’s workshop! ✨ Really opened my eyes to new possibilities. Anyone else have tips on taking action after learning? Let's chat!,High Engagement Potential
Staying home this weekend and catching up on chores. No big plans ahead.,Low Engagement Potential
"Team, we need your votes! 🗳️ Which logo do you think looks better for our upcoming project? A or B? Your opinion matters and can help shape our brand identity! #DesignPoll",High Engagement Potential
"I tried a new coffee place today. The coffee was good but the service was just average, nothing exciting.",Low Engagement Potential
"I stumbled upon this incredible art exhibit in the city! 🎨 If you're into modern art, you should check it out. What local spots have you discovered recently?",Medium Engagement Potential
"Feeling kind of blah today. Just not in the mood for anything, you know?",Low Engagement Potential
I can't believe how fast time flies. It's already October and it feels like January was yesterday.,Low Engagement Potential
"Just got back from the beach! The sunset was absolutely breathtaking, but the sand was way too hot to walk on. Anyone else love evenings at the shore?",Medium Engagement Potential
Anyone else obsessed with the new series on Netflix? I binge-watched it in one day—totally worth the lack of sleep! #BingeWatching,High Engagement Potential
Why does no one talk about how awkward it is when you wave at someone and they don’t see you? Just me?,No Engagement Potential
"Just another day at work, going through the usual tasks. Nothing interesting to report. ",No Engagement Potential
"Feeling a bit down today, but I know things will get better. Anyone else go through rough patches? Share your tips to lift your spirits!",Medium Engagement Potential
This week has been so uneventful. I don’t even know what to write about anymore. Just trying to get through it.,Low Engagement Potential
"The weather is nice. Not much else going on, really.",No Engagement Potential
"I watched an episode of a show. I don’t know if I’ll keep watching it. It’s okay, I guess.",No Engagement Potential
What’s the best piece of advice you’ve ever received? 💬 I wanna compile a list of golden nuggets of wisdom! Drop yours below!,High Engagement Potential
"I found this old pic of us at the beach last summer. Time flies, huh? 🌊 Would love to recreate this moment! Anyone up for a beach day soon?",Medium Engagement Potential
"Shoutout to all the pet parents out there! 🐾 Post a pic of your furry friend and let us all awww together! I’ll go first – here’s my pup, Max!",High Engagement Potential
Check out this amazing hack I found for organizing your closet! It's so simple yet effective. 🧹✨ What are your best organization tips?,High Engagement Potential
Sometimes I wonder if anyone reads these posts. Is it just me talking to myself?,Low Engagement Potential
Stumbled upon this amazing recipe for homemade pizza and it turned out way better than I expected! Do you have any go-to recipes that never disappoint?,Medium Engagement Potential
"I made a cup of coffee. Not sure if I should drink it or dump it. It’s just coffee, right?",No Engagement Potential
I tried a new recipe for homemade pizza that’s a game changer! 🍕 It took a bit longer but the taste was worth it! Who wants the recipe?,High Engagement Potential
"The weather is cloudy. I'll probably stay indoors, not much to do anyways. ",No Engagement Potential
"I guess some people are really into gardening, but I don't see what the fuss is about.",No Engagement Potential
"It's a rainy day, just going to stay in and watch TV.",No Engagement Potential
"Anyone else out there binge-watching that new series on Netflix? So many twists, I can't keep up!😱 What's your favorite part so far?",Medium Engagement Potential
Just sent an email at work. Hope they like my ideas but it’s a routine task anyway.,No Engagement Potential
Can someone explain the latest trend in NFTs? I'm curious but it seems a bit complicated. I’d love some insights!,Medium Engagement Potential
"Just got back from an amazing road trip! The scenery was breathtaking. I’ll post some pics, but what’s your favorite road trip destination?",High Engagement Potential
"Finished my book. It was okay, but I wouldn't recommend it to anyone.",No Engagement Potential
"Another day, another dollar. Can’t wait for the weekend!",Low Engagement Potential
Just saw the latest movie and it was good but not as great as I expected. Have you all seen it yet? What did you think?,Medium Engagement Potential
Did you guys hear about the new cafe opening in town? They have a coffee that’s said to be the best in the city! Let's check it out!,High Engagement Potential
Just listened to a podcast that blew my mind! They talked about some really deep issues.. it’s definitely worth a listen if you’re into that stuff!,Medium Engagement Potential
I’m really excited about the upcoming concert next month! The lineup looks awesome! Who else is going? Let’s plan to meet up!,Medium Engagement Potential
"Just finished organizing my desk, it's way more orderly now.",Low Engagement Potential
"Saw a cat on the street today. It was cute, I guess? Not much happening around here, though.",No Engagement Potential
I just learned how to make sushi 🍣 and I'm so proud! Super fun and tasty! What’s the most impressive dish you’ve learned to cook?,High Engagement Potential
"Just got back from an amazing trip! The scenery was breathtaking, but I forgot my camera. Anyone else had a mishap during their travels?",Medium Engagement Potential
"Can someone explain why everyone is suddenly obsessed with pineapple on pizza? I mean, I get it, but is it really that good? Let’s hear your thoughts!",Medium Engagement Potential
"I don't get why people post about their pets all the time. It's just a cat, right?",Low Engagement Potential
"This song is playing on repeat. It's okay, not my favorite but I don't mind it.",Low Engagement Potential
"Just finished a marathon training run, and I feel amazing! Anyone else gearing up for their races? 🏃‍♀️💨 Let’s share tips!",High Engagement Potential
Had a productive day at work today! Got so much done but now I can’t decide if I should treat myself to a movie or just crash at home. What do you guys think? 🎥,Medium Engagement Potential
Why does it always rain on weekends? I had so many plans for outdoor activities. Anyone else feel the same way?,Medium Engagement Potential
Can anyone recommend a good book? I’m looking for something that can keep me up all night. 📚 #ReadingList #BookRecommendations,Medium Engagement Potential
Excited to start my fitness journey! I've hired a personal trainer and I'm ready to get fit. 💪 Let's crush this together! #FitnessGoal,High Engagement Potential
"I watched the latest episode of that show last night, and the twist at the end blew my mind! What did you all think about it? Let’s discuss! 😱🔥",High Engagement Potential
"Scrolling through my feed and feeling a bit uninspired. Same posts, different day.",Low Engagement Potential
This new restaurant in town has the most incredible avocado toast! 🌿🥑 Who's up for brunch this weekend?,High Engagement Potential
"Had a dream about my old school. Strange, but nothing much to talk about really.",Low Engagement Potential
I’ve got some secrets to share about mastering work-life balance!💡 Who’s in need of some tips? Let’s have a chat!,High Engagement Potential
"Not much to share, just another Monday with the same old tasks.",No Engagement Potential
Just tried the new café downtown and OMG! The avocado toast is life-changing! 🥑❤️ Anyone else been? What’s your go-to order?,High Engagement Potential
Starting to plan my travel for the summer! I'm torn between the beach or the mountains. Where would you go if you could choose?,Medium Engagement Potential
I tried this new recipe for dinner and it turned out better than I expected! 🍽️ What’s your go-to dish when you want to impress?,High Engagement Potential
Feeling tired today. Another boring day at work.,No Engagement Potential
"hey everyone, remember to bring your forms to the meeting.",No Engagement Potential
Sometimes I wonder why I even bother checking this platform. It's just the same stuff.,No Engagement Potential
"So, I’m trying to decide on my next vacation spot. Any suggestions? Looking for relaxing beaches or adventurous hikes! 🏖️🏔️",Medium Engagement Potential
Felt tired after work. Just scrolling through my phone now. #tired,No Engagement Potential
"I just got back from a trip to Hawaii, and it was absolutely breathtaking! The sunsets, the beaches, the food! Anyone need travel tips? #TravelDiaries",High Engagement Potential
Just a reminder: Daylight savings time is coming up! Not sure how many people really care though.,Low Engagement Potential
Finally bought tickets for that concert everyone’s talking about! 🎶 Who else is going? Let’s make plans to meet up!,High Engagement Potential
Just tried making that viral dessert from the internet. It’s a total mess but at least it tasted okay!,Medium Engagement Potential
"Just finished a book that had me hooked right till the end! If you're into thrillers, you might want to give it a try. What's the last book you couldn't put down?",Medium Engagement Potential
Recent events have left me feeling conflicted about news consumption. It's hard to find a reliable source. What do you guys do to stay informed?,Medium Engagement Potential
Just finished my marathon training and I feel AMAZING! 🏃‍♀️💪 Who else is running this year? Let's motivate each other!,High Engagement Potential
"Just saw the most mind-blowing documentary about climate change. If you haven’t watched it yet, you’re seriously missing out! 🌍🔥 #ClimateAction",High Engagement Potential
"Is it just me, or does it feel like everyone is rushing through life nowadays? Sometimes you gotta just take a moment and breathe. What do you do to slow down?",Medium Engagement Potential
I don't quite understand the hype around that new gadget. Is it really better than the last one?,Low Engagement Potential
"Here’s a quote I found interesting: ""Life is what happens when you're busy making other plans"". What do you all think?",Low Engagement Potential
"i need to do laundry, but it’s kinda boring. ",No Engagement Potential
"Anyone else feel like their pet knows them better than anyone? 🐶 Just had a cuddle session with my dog, and it made my day! Share your furry friend stories!",Medium Engagement Potential
Finally put together that bookshelf that's been sitting in the corner for ages. It’s very functional. #HomeImprovement,No Engagement Potential
"Hey guys, I just created my first digital art piece! It's a bit rough, but I’d love some feedback on it. What do you think?",Medium Engagement Potential
OMG! You won't believe what happened to me at the concert last night! 🎶🔥 I caught the drummer's stick! Feeling like the luckiest fan ever right now!,High Engagement Potential
It's so cloudy today. I guess that's just typical for this time of year.,Low Engagement Potential
"I bought groceries today, typical shopping trip – eggs, milk, bread. ",No Engagement Potential
Anyone else find it hard to stay motivated on Mondays?,Low Engagement Potential
Tried a new coffee place today. It was just alright.,No Engagement Potential
Thinking about starting a book club! 📚 I need recommendations for good reads. Would love to hear what books other people are loving!,Medium Engagement Potential
Not sure what to do for dinner tonight. Any suggestions?,Low Engagement Potential
"Do you ever think about our childhood toys? I just found my old Tamagotchi, and it brought back so many memories! What toy do you miss the most? 🎮💭",High Engagement Potential
"Okay, I need your opinions! I’m torn between two outfits for my friend's wedding this weekend. 💃👗 Which one should I wear? Vote below!",High Engagement Potential
Had a fun day at the park with friends! 🥳 We played frisbee and had a picnic! What’s your favorite park activity?,Medium Engagement Potential
"I'm so torn between two amazing books! If anyone has read these, please let me know your thoughts on which one I should pick up next!",Medium Engagement Potential
"The new cafe in town has some interesting flavors for their coffee! I had a lavender latte today, and it was nice. Have you tried anything from there?",Medium Engagement Potential
"Thought I'd share a sunset picture from last week. It was nice, but I've seen many better ones.",Low Engagement Potential
"Every day feels the same lately. Just work, eat, sleep. Does anyone else feel this way?",Low Engagement Potential
"Happy Monday, I guess...",No Engagement Potential
"I’ve just completed my first painting! 🎨✨ It’s definitely not perfect, but I’m proud! Anyone else trying something new this month?",High Engagement Potential
Just finished a great book on personal finance. Anyone else read it? I'd love to hear your thoughts!,Medium Engagement Potential
Guess what?! I just reached my fitness goal! 🎉 Can't believe it took so much determination. What's your biggest achievement of the month? Let's celebrate together!,High Engagement Potential
"My pet is sleeping again. I mean, it’s cute but I doubt anyone will want to see this picture.",No Engagement Potential
"I went to the store and bought some groceries, but forgot to get milk. Oh well!",No Engagement Potential
"Just got my car washed. It looks nice now, I guess. Wish I could afford more than just a wash though.",Low Engagement Potential
Just got my new cat! 🐱 Can't wait to see how my dog reacts to her. Anyone have tips for introducing a new pet into the house?,High Engagement Potential
Can we take a moment to appreciate how beautiful autumn is? 🍂 What’s your favorite season and why?,Medium Engagement Potential
"Here's a random fact: bananas are berries, but strawberries aren't. Who knew?",Low Engagement Potential
"Just finished reading an incredible book on personal growth. If you’re looking for something inspiring, I highly recommend it! What’s everyone reading these days?",Medium Engagement Potential
"Just finished watching a documentary about the history of paper clips. It was kinda boring, but I learned they were invented in the 19th century.",No Engagement Potential
Just tried the new burger joint downtown and OMG it was amazing! I could literally eat their fries every day. Who’s with me on this?! 🍔🍟 #Foodie,High Engagement Potential
"Had a regular lunch today. It was food, nothing more, nothing less. #DailyRoutine",Low Engagement Potential
OMG! Who would have thought that pineapple on pizza is so divisive? 🍕🍍 I’ve gotta know everyone’s thoughts on this – love it or hate it? Let's debate!,High Engagement Potential
Nothing much to share today. Just the usual and boring stuff. Anyone else feel like every day is the same?,No Engagement Potential
So many shows to catch up on but just not feeling it right now.,Low Engagement Potential
"No one cares about my lunch, but I had a sandwich. I guess that's it for today.",No Engagement Potential
"Just completed my first marathon! 🏃‍♂️💪 It was tough, but crossing that finish line was the best feeling ever! What's your biggest challenge you've overcome?",High Engagement Potential
I need your help! Just ran into a dilemma about which car to buy: the sedan or that SUV that everyone seems to love? 🚗💭 What are your thoughts?,High Engagement Potential
"Can’t stop thinking about that incredible trip to Bali! 🌴✨ The sunsets were out of this world, and I took sooo many pics! Who’s ready for a travel challenge?",High Engagement Potential
"So much drama at the office today, and it’s only Tuesday! What do you think is the best way to handle weird co-workers?",High Engagement Potential
Did anyone see the game last night? So many twists and turns! I can’t believe the final score! ⚽️ Let’s chat about it!,Medium Engagement Potential
"The weather is nice, I guess. But I have to stay inside. Not ideal.",No Engagement Potential
Just finished a new book and it left me with so many questions! Have you ever read something that completely changed your perspective? Let's discuss!,Medium Engagement Potential
"Anyone else obsessed with the new season of that show? I mean, the plot twists are insane! Can't believe what happened in the finale! 😱 Let’s discuss!",High Engagement Potential
"Just completed another puzzle. It was decent, took me a while though.",Low Engagement Potential
"The new phone model just got released, and I’m torn between upgrading or sticking with what I have. What do you all think? Is the upgrade really worth it?",Medium Engagement Potential
"A picture of a cat sleeping. Cute, but I don’t think it’ll start a conversation.",No Engagement Potential
"Working on some assignments, so nothing much to share right now.",No Engagement Potential
"Trying to choose a movie to watch tonight, any suggestions?",Low Engagement Potential
Feeling nostalgic about high school today. Remember the days we used to pass notes in class? Anyone else miss those times?,Medium Engagement Potential
"I saw a video that was mildly interesting, but I wouldn't share it.",No Engagement Potential
Just another boring day at the office. Can't wait for the weekend.,Low Engagement Potential
"Did the laundry and cleaned the house. Feels good to have that done, but who really cares?",No Engagement Potential
"Got my haircut today, looks alright I guess. #meh",Low Engagement Potential
This new cafe in town has the best coffee!☕ Has anyone else checked it out? Would love to know your favorite drinks there!,Medium Engagement Potential
"Crafting my first piece of art on canvas, and I’m super excited about it! 🎨🙌 Looking for tips from fellow artists. How do you get started? Share your wisdom!",High Engagement Potential
I just released a new blog post about my top 10 favorite traveling tips! Check it out on my page. Would love to hear your thoughts and any tips you have too!,Medium Engagement Potential
"Checking in. Nothing much going on here, just the usual stuff.",No Engagement Potential
"Just finished a book that’s been on my shelf forever. It was okay, not sure if I’d recommend it.",Low Engagement Potential
"Today has been a day like any other, routine as always.",No Engagement Potential
"So I tried that new coffee place downtown, and while the ambiance was nice, the service could’ve been better. Not sure if I’d go back. What do you all think?",Medium Engagement Potential
"Just finished binge-watching that new series and WOW, the plot twists! 🙌 Who else is obsessed? Let's talk theories!",High Engagement Potential
"Feeling kinda tired, might take a nap later.",No Engagement Potential
"Just got back from a mini road trip! 🚗 It was a nice break from routine, but now I'm exhausted! Anyone else enjoy spontaneous getaways?",Medium Engagement Potential
Anyone else having a binge-watch day? I just started a new series that I can't seem to pause! What's everyone else watching right now?,High Engagement Potential
"Gotta say, I thought the last episode of that series was so intense! Couldn’t believe that twist! What are your thoughts?",Medium Engagement Potential
Can we talk about how important it is to stay informed? 📚📰 I just learned some crazy facts about climate change that shook me! What are your thoughts?,High Engagement Potential
"OMG, did you see the latest episode of that show? I can't believe that twist! 💥 Let's talk theories, who else is obsessed?",High Engagement Potential
"I'm really tired today, just want to sleep. The weather is so boring too.",No Engagement Potential
Currently working on a DIY project that's turning out better than expected! 🛠️✨ Can't wait to show you all the final result! What are your latest projects?,High Engagement Potential
"Woke up, had breakfast, went to work. #dailygrind",No Engagement Potential
"My dog is sleeping on the couch. No excitement here, just a lazy afternoon. ",No Engagement Potential
"I really need to clean my room soon, but not feeling motivated.",Low Engagement Potential
"Tried my hand at painting today, didn't turn out how I wanted but it was fun nonetheless! Any tips for a beginner? 🎨 #ArtCommunity",Medium Engagement Potential
"OMG, can we talk about the latest episode of that show?! I can't believe what just happened. 😱 Let’s discuss all the juicy details!",High Engagement Potential
"I watched a documentary last night about the history of pancakes. It was, uh, interesting I guess?",Low Engagement Potential
Do I really need to clean my room again? #annoyed,No Engagement Potential
"There's a new product out that I don't think many people will be interested in, just another gadget.",Low Engagement Potential
"Just got my new phone case, it's blue and looks nice.",No Engagement Potential
Just finished a 10-mile run and I feel like I could conquer the world! 🏃‍♂️💪 What are your favorite post-run snacks? Share your go-tos!,High Engagement Potential
Just saw the most stunning sunset! 🌅 Nature never ceases to amaze me. Where's your favorite spot to watch the sunset?,High Engagement Potential
"Thinking about my plans, but honestly, they're just the same as last week.",No Engagement Potential
I've been trying to find a good workout routine lately. Any suggestions for something fun and effective?,Medium Engagement Potential
Just found the cutest little coffee shop that serves amazing lattes! ☕️ Can't wait to share my experience with everyone! #CoffeeLovers #HiddenGems,High Engagement Potential
"Feeling a bit off today, but I’m trying to stay positive. Sometimes sharing a little helps, right? Anyone else dealing with something similar?",Medium Engagement Potential
Not much to say about this. A day in the life of nothing special. #meh,Low Engagement Potential
"Can't believe today is already Wednesday. Time flies, I guess?",Low Engagement Potential
"Another day, another meeting... hope it goes fast.",Low Engagement Potential
"I just had lunch, it was okay. Nothing special about it really.",Low Engagement Potential
"Here's a picture of my lunch. It's just a sandwich though, nothing special!",Low Engagement Potential
I took this picture of my desk. I guess it looks nice?,Low Engagement Potential
Did you catch the latest episode of that show? I can't believe what happened! Everyone's talking about it now!,Medium Engagement Potential
Just wanted to let everyone know I survived another Monday. Same routine as always.,Low Engagement Potential
Feeling super motivated today! 💪 Shared a photo of my workout because I’m determined to reach my fitness goals. What’s everyone doing to stay active?,High Engagement Potential
Hiking at sunrise was the best decision ever! 🌄🏞️ Who’s ready to plan a group hike? Let’s get our nature fix together!,High Engagement Potential
Just got my hands on the latest gadget and I am absolutely loving it! Can’t wait to share my thoughts. Anyone else in the tech community excited about this?,High Engagement Potential
Just finished an incredible book that I couldn’t put down! 📚🤩 It's about a young girl overcoming obstacles to chase her dreams. I need to discuss it with someone! Anyone read it yet?,High Engagement Potential
Watched a documentary on Netflix yesterday. It was about that interesting company.,Low Engagement Potential
Sitting in traffic again... feels like such a waste of time.,Low Engagement Potential
Just tried the new coffee shop in town! ☕️ Their espresso is really something special. I think I might have found my new favorite place!,Medium Engagement Potential
"It's Tuesday. I don't know how I feel about that. Just another day, I guess.",No Engagement Potential
Just posted the cutest video of my dog doing tricks! 🐶❤️ You guys have to check it out — I can’t stop laughing! What tricks does your pet know?,High Engagement Potential
Just finished my lunch. It was okay. Hope everyone else is having a decent day too.,Low Engagement Potential
"I had a sandwich today. It was okay, nothing special, just your average lunch.",Low Engagement Potential
I think pineapple on pizza is good. Just my opinion though.,No Engagement Potential
Can't believe how quickly this year has flown by! What were your highlights? Let’s reminisce about the past months together.,Medium Engagement Potential
"Just finished another boring day at work. Nothing interesting happened today, same old stuff.",No Engagement Potential
Shoutout to my gym buddy for pushing me to achieve new personal records this month! 💪🎉 What’s your workout motivation? Let’s inspire each other!,High Engagement Potential
The new album from my favorite band just dropped! 🎶 Who else is a fan? Let’s discuss our favorite tracks!,Medium Engagement Potential
"So, I just found out that my favorite show got canceled. Gonna binge-watch it one more time before it disappears forever.",No Engagement Potential
"I attended that workshop on digital marketing yesterday, and it was pretty insightful! I still can’t believe how much I didn’t know. What workshops have you guys found helpful?",Medium Engagement Potential
"Had a great time at the park today! 🌳 The flowers are blooming, and I took some pretty pictures. Can’t believe how beautiful the weather was!",Medium Engagement Potential
Can’t believe we’re already planning for the holidays! 🎉 What’s everyone’s favorite holiday tradition? I want to hear all your fun stories!,High Engagement Potential
"I just updated my profile picture, feel free to check it out I guess.",No Engagement Potential
I saw a funny meme yesterday but I forgot to save it.,Low Engagement Potential
Check out this amazing transformation I did using just five products! You won’t believe the difference! #MakeupMagic,High Engagement Potential
I just witnessed the most insane flash mob while shopping. 🤯💃 They totally transformed the whole mall vibe! Have you ever seen anything like that?,High Engagement Potential
Just got back from a spontaneous road trip and it was epic! 🚗💨 I captured so many beautiful moments. Can’t wait to put together a vlog! Anyone else love spontaneous adventures?,High Engagement Potential
Feeling tired and just scrolling through my feed. Anyone else?,Low Engagement Potential
Is anyone else obsessed with these new sustainable fashion brands? 👗♻️ I'm all about making better choices. What are your favorite finds?,High Engagement Potential
Just finished my homework. Time for bed!,No Engagement Potential
"Can't believe today is just another boring day, nothing exciting happening at all.",No Engagement Potential
"Put gas in the car. Didn't even take a pic, just wanna remember that I did it today.",No Engagement Potential
"Staying up late for no reason. Wondering if this is the best use of my free time, but who knows?",No Engagement Potential
I'm starting a small garden on my balcony! It’s super exciting but also a bit overwhelming. Any gardening tips from you experienced folks?,Medium Engagement Potential
"Thinking about starting a podcast, but not sure where to begin. Any advice for a newbie? Curious to hear your experiences!",Medium Engagement Potential
Just got back from the most mind-blowing concert last night! The energy was insane and the crowd was on fire. Can't believe how they played all my favorite songs - what a night!,High Engagement Potential
"Just another day, scrolling through feeds. Nothing really interesting happening.",Low Engagement Potential
I saw a squirrel today. It was just sitting there. Meh.,No Engagement Potential
"You guys, I just hit a huge milestone in my fitness journey! 💪🏼🎉 100 days of consistent workouts! Let's celebrate our wins, big or small! What are you proud of today?",High Engagement Potential
🎉🎊 Big shoutout to all my friends who supported me during this project! Couldn’t have done it without you ❤️ What’s your latest achievement?,High Engagement Potential
"Well, this update feels a bit off. I’m just not interested in what's happening.",No Engagement Potential
Had the most amazing brunch with friends today at that new cafe downtown! The pancakes were heavenly 😍. You all should give it a try!,Medium Engagement Potential
I watched a show last night that I didn’t enjoy. Why did I even choose to watch that?,No Engagement Potential
"The session was okay, but nothing really stood out to me.",No Engagement Potential
"Just another day at the office, nothing special happening.",Low Engagement Potential
Just found out my favorite restaurant is doing a buy one get one free pizza night! 🍕❤️ Who's down to join? It's gonna be legendary!,High Engagement Potential
"Feeling a bit tired today, not sure why. Anyway, back to work. #MondayMood",Low Engagement Potential
I can't believe how fast this week has gone by! Who else is looking forward to the weekend? Any fun plans?,Medium Engagement Potential
"I’m currently reading a book. It’s a classic, but I’m not really into it. ",No Engagement Potential
This new book has completely changed my perspective on life. I'm recommending it to everyone! Has anyone else read it? 📚✨,High Engagement Potential
"Hey everyone, I just wanted to share my lunch. It's avocado toast. #blessed",No Engagement Potential
"ttyl to everyone, just chilling at home, not a lot going on. ",No Engagement Potential
Who else is obsessed with the new song that just dropped? It's on repeat for me! I can’t wait for the concert next month! 🎶 Who's going?,High Engagement Potential
"Checking in with a very uneventful status update: I ate lunch, did some work, and now I’m going to bed. Nothing exciting to report.",No Engagement Potential
"Just another Monday, nothing much to report. Hoping it gets better as the week goes on. #MondayMood",No Engagement Potential
"Check out this amazing before and after transformation! 🌟 I can't believe how much progress I've made in just a month, and I want to share my journey with all of you. What do you think? ❤️ #FitnessJourney",High Engagement Potential
"Just passing the time with some reading, nothing too exciting.",Low Engagement Potential
Have you seen that viral dance challenge? I’m hooked! Can’t wait to join in. Who's ready to bust a move with me? 💃🕺 #DanceChallenge,High Engagement Potential
"Started a new workout program, and it's challenging but fun! Has anyone else tried it? Would love to hear about your experiences!",Medium Engagement Potential
"It’s official, I’m starting a book club! 📚🎉 First book suggestion? Let’s explore some thrilling mysteries together! Anyone interested?",High Engagement Potential
I’m thinking about redecorating my room. Not sure what style I want to go for yet. Maybe I’ll just keep it simple.,Low Engagement Potential
Had a long day at work. Can’t wait for the weekend to finally relax!,Low Engagement Potential
"Just tried the newest dance challenge, and I totally bombed it 😂 But it was so much fun! Who else is taking on the challenge? Let’s see your moves!",High Engagement Potential
"Just got back from serving at the local shelter, and I feel so fulfilled! 💖 It’s always a reminder of how important it is to give back. Have you volunteered anywhere recently?",High Engagement Potential
"Laughing at some old memes I found. Who doesn’t love a good meme? Share your best ones, I need a good laugh!",Medium Engagement Potential
"Today was a blast! Took my kids to that new amusement park! 🎢✨ They had the time of their lives, and so did I! Can't wait to show you all the pictures! 📷",High Engagement Potential
I love seeing all the unique ways people express themselves through art. 🎨 What’s your go-to medium? Share your work!,High Engagement Potential
Can't believe my favorite show got canceled. Rethinking my life choices right now. So disappointing.,No Engagement Potential
"Trying out this new photography technique, and I’m loving the results! 📸🌟 Can’t wait to share my latest shots. What do you think about experimenting with different styles?",High Engagement Potential
Thrilled to announce the launch of my new podcast! 🎙️ It's all about exploring the weirdest myths and legends. What stories would you want me to cover?,High Engagement Potential
"Attended a webinar on digital marketing today. It was quite informative, but I still have so many questions. What topics would you like to see covered next?",Medium Engagement Potential
Do you think pineapple belongs on pizza? 🍍🍕 I need to hear everyone's hot takes! Let's settle this debate once and for all!,High Engagement Potential
"There's not much happening lately. Sometimes quiet is nice, but it also feels a bit dull.",Low Engagement Potential
Is anyone else loving this new song that just dropped? It’s on repeat for me! What are your thoughts on it?,Medium Engagement Potential
My weekend plans are finally set! Gonna try out that new hiking trail and see the views. 🌲 Anyone want to join?,Medium Engagement Potential
My favorite color is blue. What’s yours? #RandomQuestion,Low Engagement Potential
"Cleaning my room today. It's tedious and dull work, just thought I’d mention it.",No Engagement Potential
Is anyone else obsessed with the latest season of that show? 😍 Every episode just keeps getting better! Let’s discuss the craziest moments! 📺💬,High Engagement Potential
"Can't think of anything special happening lately, just the usual routine.",No Engagement Potential
"I’ve been experimenting with some new recipes, and I think I finally nailed the perfect chocolate chip cookie! Anyone want the recipe?",Medium Engagement Potential
Feeling tired today. Just going to chill at home. #lazyday,Low Engagement Potential
"It's just another Tuesday for me, nothing noteworthy happening.",No Engagement Potential
"I’ve got a few assignments due soon. They’re going to be a drag to get through, ugh.",Low Engagement Potential
Just realized how much I miss road trips. Anyone up for planning one? Summer is just around the corner! #TravelGoals,Medium Engagement Potential
"Just finished my lunch, now back to work!",Low Engagement Potential
"Just another day at work, nothing special happened. Not sure why I'm posting this, but here it is.",No Engagement Potential
I made the most delicious pasta for dinner last night! It turned out way better than I expected. Recipe coming soon if anyone’s interested!,Medium Engagement Potential
"Had some coffee this morning. Pretty standard, nothing out of the ordinary.",Low Engagement Potential
I heard a rumor that our town is getting a new park and I’m super excited! What features do you think they should include?,High Engagement Potential
"Was doing some thinking about my next vacation, but haven’t decided where to go yet.",Low Engagement Potential
Just discovered a new workout that’s actually fun! I’ve never been this excited about exercising before! What are your favorite workouts? #FitnessGoals,High Engagement Potential
"If you could have dinner with any 3 famous people, dead or alive, who would you choose? Mine would be Elon Musk, J.K. Rowling, and Robin Williams! 🎤🌟",High Engagement Potential
I’ve been exploring different workout routines and found some really challenging ones! What’s your favorite way to stay fit? Let’s share tips!,Medium Engagement Potential
Feeling super inspired today! ✨💖 Just finished reading a book that changed my perspective on life. What are some books that have impacted you? Let's share our favorites!,High Engagement Potential
Who else can't get enough of Taylor Swift's new album? 🎤🎶 I swear every song hits differently! What are your favorite tracks?,High Engagement Potential
"Saw a movie last night. It was just alright, wouldn't recommend it to anyone. Lots of slow parts.",Low Engagement Potential
The weather's finally turning warm! 🌞 What’s everyone’s plans for the weekend? I’m thinking beach day if it stays sunny!,High Engagement Potential
Planning a road trip with friends next month! 🚗💨 Any recommendations for must-see stops along the way? Let’s make this memorable!,High Engagement Potential
"I tried a new recipe for dinner tonight, and while it turned out okay, I think I could improve it. Anyone have tips for baking chicken?",Medium Engagement Potential
Transforming my bedroom into a cozy reading nook! 📚✨ I’d love to hear your favorite decor tips or book recommendations. What do you think?,High Engagement Potential
Found this old concert ticket today and it brought back all the feels! 🎶✨ What was the best concert you've ever been to?,High Engagement Potential
"Not really interested in the latest trends, I'm just going to stick to what I like.",No Engagement Potential
"Decided to organize my closet today. Honestly, it's not like anyone wants to hear about that.",No Engagement Potential
I've been getting into podcasts lately! 🗣️ They are perfect for my morning runs. What's your go-to podcast recommendation?,Medium Engagement Potential
A bunch of numbers and letters on this report. I don't even know what half of it means.,Low Engagement Potential
"Just watched the latest Marvel movie and wow, the plot twists! Let’s discuss it without spoilers! What did you all think?",Medium Engagement Potential
I'm thinking of starting a podcast about mental health and self-care. Anyone have experience in this area? Would appreciate any advice!,Medium Engagement Potential
Was just reminded of that time I lost my keys. Such an inconvenient day!,No Engagement Potential
I stopped by the grocery store and bought some snacks. The checkout line was long though.,Low Engagement Potential
"So, I finally finished that book everyone has been raving about. 😍 Is it just me, or does it have the best ending EVER? Can't wait to hear what you all think!",High Engagement Potential
Thinking about lunch. Probably going to have the same thing again.,No Engagement Potential
Just finished watching that new documentary about climate change. It was shocking to see how much plastic we waste. Has anyone else seen it? What did you think?,Medium Engagement Potential
"I’ve seen this song trending but honestly, I don’t get the hype. Not my style at all.",Low Engagement Potential
Just finished my snack. #snacktime,No Engagement Potential
"OMG, guys! I just saw the craziest cat video that literally made me forget my problems for a whole minute. I need to share it!",High Engagement Potential
"Just another day in life, nothing special happening.",Low Engagement Potential
Can someone please explain why my phone battery drains so fast? I feel like I charge it all the time! Any suggestions for saving battery?,Medium Engagement Potential
My phone battery is dying. Time to charge it. Anyone else having this problem?,Low Engagement Potential
"Finished reading a book that nobody else seems to know about. Like, what's the point of sharing that?",No Engagement Potential
Is anyone else tired of the same old routines?,Low Engagement Potential
Saw a really thought-provoking documentary on climate change yesterday. It's alarming how quickly we need to act! What do you think about all the changes happening?,Medium Engagement Potential
Thinking about making a new playlist but I’m kind of lazy to do it.,Low Engagement Potential
Can anyone recommend a good book for this weekend? I’m looking for something gripping but not too long. What did you guys read recently?,Medium Engagement Potential
"Just got my hands on the latest iPhone and I am blown away by the camera quality! 📸 Anyone else who has the new one, how are you finding it? Let's compare shots!",High Engagement Potential
Throwback to my travel adventures! What's one place you think everyone should visit at least once in their life? Share your travel stories!,High Engagement Potential
Did my 15 minutes of stretching today. Nothing exciting to report.,No Engagement Potential
"Saw someone post about their lunch again. Looks decent, but not something I would want to share myself.",No Engagement Potential
Had a dream that included my old math teacher. It was weird and I don’t know what it means.,No Engagement Potential
I just got my hands on the new book by my favorite author! Can't wait to dive into it over the weekend. What's everyone else reading?,Medium Engagement Potential
just a reminder that the meeting is at 10am tomorrow.,No Engagement Potential
"Just got back from a weekend camping trip! The stars were so bright, but I forgot my bug spray. Any tips for future trips?",Medium Engagement Potential
"Had some leftovers for lunch. They tasted alright, I guess. Sometimes you just want something different, huh?",Low Engagement Potential
Sitting in my room and listening to music. Wouldn't call it an interesting day at all.,No Engagement Potential
"Sometimes I just want to curl up with a good movie and forget about life, anyone have recommendations?",Medium Engagement Potential
Just posted a video of my dog doing tricks! 🐶 Can't believe he learned how to roll over in just one day! Anyone else have a pup with awesome skills?,High Engagement Potential
"If you could travel anywhere in the world right now, where would it be? 🌍 I’ve always dreamed of exploring Japan during cherry blossom season! Share your dream destination below!",High Engagement Potential
Why do people keep posting about their pet's birthday parties? Seems unnecessary.,Low Engagement Potential
Anyone know what time it is? I lost track looking at my phone.,No Engagement Potential
I can’t believe how well this new phone performs! The camera is insane. Who else has tried it? 📱✨ Let’s discuss!,High Engagement Potential
It's amazing how a small act of kindness can brighten someone's day. 💖 What’s a recent kind thing someone did for you? Let’s spread positivity!,High Engagement Potential
This workout routine has transformed my life! 💪🔥 I've lost 15 pounds in just three months. Who else is on a fitness journey? Let's support each other!,High Engagement Potential
"Nothing exciting today. Just the usual: breakfast, work, and now back home. Life is mundane sometimes.",No Engagement Potential
"Reminder: don't forget to drink water today! It's really important for health, right?",Low Engagement Potential
"Just tried a new recipe I found online, and it was hit or miss. Would love to hear your go-to recipe fails and successes!",Medium Engagement Potential
I saw a meme today that made me chuckle but I don't think anyone else will find it funny. Just me?,No Engagement Potential
"Just did my laundry, nothing exciting today.",No Engagement Potential
"Had a pretty uneventful day at work. Just the usual stuff, nothing special to report.",Low Engagement Potential
Why do people always complain about the weather? Just figure it out!,No Engagement Potential
Have you guys seen the latest episode of that new series everyone is talking about? I need to discuss the plot twists! 😱 What's your favorite part so far? Let's chat in the comments!,High Engagement Potential
Just finished my lunch. Chicken salad today. What a good choice!,Low Engagement Potential
"Caught a glimpse of a bird outside. It was just sitting there. Nothing special, but I thought I'd share.",Low Engagement Potential
I like to keep my Twitter feed uncluttered. Only following a few people.,Low Engagement Potential
"reminding myself to drink more water, it's important but doesn’t sound fun.",Low Engagement Potential
"Nice weather outside, but I have no plans to go out today.",Low Engagement Potential
"Not much going on in the comments here, just some random emojis and nothing else.",No Engagement Potential
Thinking of starting a community garden in my neighborhood! 🌱 Who wants to join in and help make it happen? Let’s create something beautiful together!,High Engagement Potential
"Started my morning with black coffee, same as usual. #routine",No Engagement Potential
"Feeling a bit tired today, but that’s just Tuesday for you. Any plans for the week?",No Engagement Potential
"OMG, I saw the funniest meme today about adulting, and I just have to share it! Should I post it or would that be too cringe? 😂",High Engagement Potential
What’s everyone up to? Just sitting here waiting for my next meeting.,No Engagement Potential
Just finished a marathon and it was brutal! 😅 But crossing that finish line is the best feeling ever! How do you stay motivated for your fitness goals?,High Engagement Potential
I've been watching a lot of TV shows lately but none are really that interesting.,Low Engagement Potential
"Thinking about switching my phone plan, though I doubt anyone really wants to hear about it.",Low Engagement Potential
"Had a strange dream last night, but I can't remember it at all.",No Engagement Potential
Spent the whole day working on spreadsheets for the team meeting next week. Thrilling stuff! #WorkLife,No Engagement Potential
Another day of staring at my computer screen without a single new email. Maybe tomorrow will be different?,No Engagement Potential
I just finished reading a book that completely changed my perspective on life! 🥰 Who else has found a book that impacted them this way? Let's talk about our favorites! 📚✨,High Engagement Potential
The air conditioning broke again. Guess it’ll be another hot summer inside. #LifeProblems,No Engagement Potential
"Waiting for the bus, listening to some old songs. Nothing exciting happening here.",Low Engagement Potential
Feeling nostalgic...What's your favorite childhood cartoon? 😄 Mine has to be 'DuckTales'! I loved the adventures of Scrooge McDuck! Let's talk about the good old days!,High Engagement Potential
Just wanted to say hi to everyone. Hope you're all doing well!,No Engagement Potential
Here's what I had for breakfast today: cereal and milk.,No Engagement Potential
I had to reschedule my appointment for tomorrow. Not a big deal.,No Engagement Potential
"Came home and cooked dinner. It was just pasta, nothing fancy. #dinner",No Engagement Potential
Still haven’t gotten around to organizing my desk. It’s too much effort right now.,No Engagement Potential
found a random rock on my walk today. didn't know rocks could be so boring. ,No Engagement Potential
Coffee break! Gotta love the aroma in the office kitchen.,Low Engagement Potential
Did anyone see the latest episode of that show? It was kinda boring.,Low Engagement Potential
"I can’t believe it! I’ve hit my savings goal of $5,000! 🎉💰 Who else has tips on how to save money effectively?",High Engagement Potential
Can’t believe this new song is stuck in my head! 🎶 What's your current earworm? I'd love to hear your favorites!,High Engagement Potential
"Not sure if anyone else feels this, but grocery shopping is just too overwhelming sometimes.",No Engagement Potential
I’ve been trying to get into yoga lately. It’s tough but I feel good afterward. Anyone have favorite poses or tips for a newbie?,Medium Engagement Potential
Just watched the new episode of that reality show and it’s getting intense! Who else thinks that Lisa is totally playing both sides? What do you guys think?!,Medium Engagement Potential
Just read an interesting article about the benefits of meditation. It's made me think about incorporating it into my routine. What do you guys think? Have any tips?,Medium Engagement Potential
"So I tried meditating for the first time today, and wow, I feel so relaxed! Has anyone else tapped into meditation? What’s your favorite technique?",High Engagement Potential
It's raining again; seems like the weather never changes around here.,Low Engagement Potential
"Cleaning my room was uneventful. Just thought I’d post about it, but it’s not that exciting really.",No Engagement Potential
"I posted a photo from my trip last summer, and the comments are flooding in! It feels great to share memories with everyone. Any travel plans coming up?",Medium Engagement Potential
Finally took the plunge and started a 30-day yoga challenge! 🧘‍♀️✨ Anyone want to join me? Let's motivate each other and share our progress!,High Engagement Potential
Just discovered a new artist that I’m obsessed with! 🎶 Have you heard of them? What’s your current music obsession?,Medium Engagement Potential
"Checking in for work. Same old, same old...",No Engagement Potential
Yesterday's hike was absolutely breathtaking! 🏞️ The views were so epic that I couldn't help but share a few pics. What's your favorite hiking spot?,High Engagement Potential
Thinking about starting a new fitness routine. Suggestions for fun workouts that keep me motivated?,Medium Engagement Potential
Found an old book on my shelf but I don't have the motivation to read it.,Low Engagement Potential
Thinking about how social media influences our friendships. Do you think online connections are as strong as face-to-face ones?,Medium Engagement Potential
"Just saw a meme that made me chuckle a bit, nothing special. Who else has seen it?",Low Engagement Potential
Finally purchased those shoes I’ve been wanting! They look fine but nothing out of the ordinary.,No Engagement Potential
"Sitting here scrolling through my feed, just looking at posts that don’t really interest me.",No Engagement Potential
🎉 GIVEAWAY ALERT! 🎉 I'm giving away a mystery box of goodies to one lucky follower! Comment below what your dream prize would be! #Giveaway #Surprise,High Engagement Potential
"Just finished binge-watching the latest season of my favorite show, and wow! 😱 What a cliffhanger! Is anyone else as shocked as I am?",Medium Engagement Potential
Just finished an amazing series on Netflix. 🎥 The ending blew my mind! What series has got you hooked lately?,Medium Engagement Potential
"I just finished that new series everyone is talking about, and honestly, it wasn’t what I expected. Who else has watched it? Let’s discuss!",Medium Engagement Potential
"Just tried the new vegan burger at that cafe downtown! 🍔🌱 Honestly, it's a game changer. Anyone else been there?",High Engagement Potential
I don't get why people are so obsessed with that new reality show...,Low Engagement Potential
I saw a post about a charity run happening next month and I'm considering signing up. 😅 Anyone done one of these before? Tips would be appreciated!,Medium Engagement Potential
I don't know what to do today. Just sitting here and scrolling.,No Engagement Potential
"I just adopted a puppy from the shelter! His name is Max, and he’s already stolen my heart. 🐾❤️ Any names for new pet parents?",High Engagement Potential
What a game last night! Can you believe that last-minute goal? Sports really bring us together! ⚽❤️,High Engagement Potential
I can’t believe it’s already November! What are your favorite memories from this year? Let’s share some positivity! ✨,High Engagement Potential
"Here's a photo of my lunch - nothing special, just some rice and beans.",No Engagement Potential
"Just saw a documentary about climate change, and it really opened my eyes. It’s a tough topic, but we need to talk more about it. What are your thoughts on this issue?",Medium Engagement Potential
"I woke up, had breakfast, and now I'm scrolling through old photos. Is anyone else feeling nostalgic?",Low Engagement Potential
"Just finished a marathon of my favorite movies, and I can't believe I missed some iconic scenes! 🎬 What's a movie you could watch over and over again?",High Engagement Potential
Had a pretty uneventful meeting today. Not much to report on. #boring #meeting,No Engagement Potential
Host a dinner party this weekend and trying out a new recipe! 🍽️ What’s everyone’s go-to dish that impresses guests? Share your secrets!,High Engagement Potential
Saw an interesting documentary on climate change last night. It really got me thinking about what we can do to help. What are some small steps you've taken recently?,Medium Engagement Potential
"Hey, my friends, I need your opinions! Should I cut my hair short or keep it long? 🤔 I'm torn and your votes will help me decide!",High Engagement Potential
"Does anyone else get really anxious before big presentations? I’m trying to find ways to calm my nerves, open to suggestions!",Medium Engagement Potential
Can someone tell me what time it is? Just sitting here with nothing to do and no interesting thoughts to share.,No Engagement Potential
"Weather's fine today, just like every other day. Pretty normal.",No Engagement Potential
I just can't decide between the new iPhone and the latest Samsung. Any recommendations? Let’s discuss!,Medium Engagement Potential
Check out this random thought I had while staring at the ceiling. Do fish think about water?,No Engagement Potential
"the weather is kinda boring today, nothing special to talk about.",Low Engagement Potential
"Got a random haircut today. Just feeling different, but not sure it looks good.",No Engagement Potential
"Had a small get-together last night, and it was a blast! We played games and shared some hilarious stories. What’s your favorite game to play with friends?",Medium Engagement Potential
Just had the best sunset at the beach! 🌅💖 The colors were unreal. Feeling so grateful for moments like these. Where’s your favorite place to unwind?,High Engagement Potential
Spotted the cutest puppy at the park today! 🐶❤️ Can someone please tell me how you resist those cuddle eyes? Share your puppy love stories!,High Engagement Potential
"Scrolling past, didn’t really capture my attention. Looks like a filler post.",No Engagement Potential
"Saw a dog outside. It was cute, I guess.",No Engagement Potential
Spotted the cutest little café in town today! 🍰❤️ They have the best pastries and the ambiance is perfect for a cozy afternoon. Who wants to join me next Saturday?,High Engagement Potential
"The weather here is finally warming up! 🌞 Perfect time for a picnic, right? What's your go-to picnic food?",Medium Engagement Potential
I attended a webinar on cryptocurrency trends lately. So much information to unpack! Anyone else interested in investment strategies?,Medium Engagement Potential
Can we talk about how amazing it felt to reconnect with old friends at the reunion? 🥳💕 What’s your favorite memory with your friends?,High Engagement Potential
"Today was just another boring day, nothing special happened.",Low Engagement Potential
"What a wild week! 🌪️ From surprise snow to sunshine in a matter of days! Weather, can you just pick a vibe? Anyone else having a hard time keeping up?",High Engagement Potential
Have you ever had a moment that changed your perspective on life? I just had one. Would love to hear your stories! #LifeChanges,High Engagement Potential
Spent a quiet evening watching TV alone. The show wasn't even that great.,No Engagement Potential
I updated my calendar for the week. Same old appointments as always. Yawn.,Low Engagement Potential
"Binge-watched another series on Netflix. I mean, it was fine. Just fine. 🤔",Low Engagement Potential
"I watched a movie yesterday, but I don't remember the title. It was just okay.",Low Engagement Potential
"Dropping in to say I’m still here, just been super busy lately with life stuff. Hope everyone’s doing well!",Low Engagement Potential
Just got back from an adventure in the mountains! The views were breathtaking. Anyone have similar experiences they’d like to share?,Medium Engagement Potential
"Another day gone, hope tomorrow's better.",No Engagement Potential
"Just trying to figure out what to binge next on Netflix, suggestions welcome... or not.",Low Engagement Potential
Just finished reading this incredible book about the secrets of success! Has anyone else read it? I'd love to hear your thoughts!,Medium Engagement Potential
Feeling a bit down today. Can anyone recommend some uplifting songs? I'm really in the mood for something that resonates and lifts me up.,Medium Engagement Potential
Struggling with motivation to hit the gym this week. What do you all do to stay active? Sending some encouragement my way would help!,Medium Engagement Potential
"Shoutout to my best friend for always being there for me! 🥳💞 You’re the best! Let’s have a girls’ night soon, who’s in? #FriendsForever",High Engagement Potential
"Tried a new workout class today, and I’m feeling both sore and accomplished! What are some workouts that you love? Let’s motivate each other!",Medium Engagement Potential
"Just finished my lunch; it was okay, I guess.",Low Engagement Potential
"When you see a post about a new store opening, but you're not really into shopping. #meh",Low Engagement Potential
Trying to stay positive amidst all the chaos. Hope everyone is well!,Low Engagement Potential
"They say to save your money, but I think spending it on coffee is okay sometimes.",Low Engagement Potential
Who else is excited for the concert next week? 🎶 I’ve been counting down the days! Let's organize a meet-up beforehand!,Medium Engagement Potential
Finally got my hands on that limited edition sneakers release! They were gone in seconds! 😱 Who else was lucky enough to score a pair? #SneakerHeads,High Engagement Potential
"So, here I am, just scrolling through my feed like everyone else, nothing to say really.",No Engagement Potential
"Wow, did anyone catch that game last night? The comeback was unreal! What a show! Let’s talk about the highlights!",Medium Engagement Potential
I guess I’ll just share this random thought but I don’t think it’ll interest anyone. Just me rambling.,No Engagement Potential
"The weather is fine, kind of sunny but not too warm. Not much to say about it though.",No Engagement Potential
"I don't know about you, but I'm kinda over these trends. They just don’t excite me anymore.",Low Engagement Potential
"Waiting for the bus again. It’s so cold outside, but what can you do?",No Engagement Potential
"Woke up late again today, but hey, that's life.",Low Engagement Potential
I had oatmeal for breakfast today. What did you all have?,Low Engagement Potential
So I finally tried that viral recipe everyone’s raving about! It turned out good but took way too long to make. What's easier?,Medium Engagement Potential
"Just watched a random show on TV. It was okay, but I wouldn't recommend it to anyone.",No Engagement Potential
🌍 Just booked my solo trip to Bali and I am beyond excited! Anyone has tips on what to do and see? I want to make the most out of this adventure! Can't wait to share the experience with you all!,High Engagement Potential
"OMG!!! I just tried the new café in town, and I'm obsessed! The pancakes are literally to die for! Who’s with me on a brunch date? 🍽️💕",High Engagement Potential
Feeling grateful today! Shoutout to all my friends who’ve been there for me—it really means the world. ❤️ Tagging you all because you deserve to know!,High Engagement Potential
"I’m logging off for the day. Not much of a headline, just felt like putting it out there.",No Engagement Potential
Rainy days make me feel kinda blah. What do you all do to lift your mood?,Low Engagement Potential
"This new skincare product has changed my life! My skin has never felt this good, and I'm not exaggerating! If anyone needs product recommendations, let me know!",High Engagement Potential
Can't decide if I should watch TV or read a book. Thoughts?,No Engagement Potential
"Finished reading a book that wasn't even that great, but at least I can say I read something.",No Engagement Potential
"I walked my dog this afternoon, and he sniffed a few things. Typical day, really. Anyone have good dog care tips?",Low Engagement Potential
"Just watched the latest episode of my favorite show, and wow! The plot twist was insane! Did anyone else see that coming?",Medium Engagement Potential
Just finished reading an amazing book about productivity! 📚✨ Anyone else love books that change how you think about your day? What's on your reading list?,High Engagement Potential
Feeling super nostalgic and looking for recommendations on 90s movies to rewatch. Hit me up with your favorites!,Medium Engagement Potential
Sometimes I wonder why I even bother posting stuff. No one's really engaging anyway.,Low Engagement Potential
Just had lunch alone at my desk again. Do I need to say more?,No Engagement Potential
