text,labels
"Several consumer goods firms have noted a shift in purchasing behavior, indicating that buyers are prioritizing essentials over luxury items. This trend is compelling companies to reevaluate their product offerings and marketing strategies to adapt to changing consumer preferences.",Market Trends
"Regulators have introduced new guidelines aimed at increasing transparency in financial reporting, hoping to boost investor confidence in the corporate sector.",Financial Regulation
"As the housing market continues to heat up, experts warn of potential bubbles forming in certain regions, prompting a reevaluation of investment strategies.",Market Trends
"In the wake of the pandemic, many industries have found themselves grappling with rising costs, particularly in transportation and labor. The cascading effects are being felt across the board, leading to discussions among policymakers about addressing these emerging challenges in a timely manner.",Inflation
"Reports from various states show that the labor force participation rate is at a low, as many individuals have become discouraged about their job prospects amid rising layoffs.",Unemployment
"The latest data indicates that luxury brand sales are up substantially, suggesting that high-income consumers are willing to spend despite other economic uncertainties.",Market Trends
Experts have noted that the fluctuating exchange rates have forced local exporters to adapt quickly or risk losing their competitive edge in the global marketplace.,Trade
"Local businesses are feeling the pinch as layoffs grow more common, leaving many families unsure of their financial future.",Unemployment
"In a recent interview, the economist remarked on the alarming trend of price increases seen in everyday groceries, suggesting that this trend could lead to broader economic implications.",Inflation
"Investors are eyeing the movement in real estate prices as a sign of economic recovery, with many believing that the housing market will continue to strengthen in the coming months.",Market Trends
"Experts are warning that if the current trends continue, we may see a drastic increase in the number of people without jobs, which could drive down consumer confidence significantly.",Unemployment
"Recent reports suggest a spike in demand for domestic products, possibly due to changes in international sourcing strategies driven by uncertainty in foreign markets.",Trade
The new tariffs imposed by the government on various imported goods have led to a noticeable increase in domestic prices. Analysts are watching closely to see how this will affect consumer preferences in the coming months.,Trade
"In response to rising public discontent, lawmakers are considering new legislation that would increase funding for public services, aiming to address longstanding issues in healthcare and education.",Government Policy
"The administration announced new measures aimed at reducing carbon emissions, which have raised discussions amongst industry leaders about the economic impact on manufacturing.",Government Policy
Changes in the Dodd-Frank Act are on the horizon as lawmakers debate the need for reform. These adjustments may impact everything from consumer protection to how banks handle their risk management strategies.,Financial Regulation
"The recent adjustments in tax rates are set to affect many families across the nation, potentially causing a shift in how households allocate their budgets and expenditures as they respond to new financial realities.",Government Policy
"In response to scandals involving mismanagement of client funds, the government is considering measures that could increase liability for executives in the financial sector. This move has sparked debate about the balance between accountability and fostering an entrepreneurial spirit.",Financial Regulation
"The recent spike in shipping costs has raised questions about the future of international commerce, particularly as businesses scramble to adapt to new tariffs imposed by several countries.",Trade
"An analysis of consumer behavior suggests that the rise in gas prices has not deterred spending on road trips and vacations, illustrating a strong desire to maintain lifestyles despite economic pressures.",Consumer Spending
The stock market has shown significant fluctuations this week as investors react to fluctuating oil prices and renewed concerns regarding inflation. Many analysts believe this volatility might continue as companies report their quarterly earnings.,Market Trends
"Recent reports show a diverse range of industries flourishing, from green tech to e-commerce, as they capitalize on changing consumer priorities and technological advancements.",Market Trends
"After a series of high-profile financial scandals, the focus has shifted towards enhancing the accountability of financial advisors, with proposals for mandatory licensing and continuing education requirements.",Financial Regulation
"According to recent reports, the cost of living is expected to escalate further this year, compelling families to adjust their spending habits significantly. The surge in production costs is affecting various sectors, leading to a forecasted decrease in disposable income for many households.",Inflation
"The rapid evolution of fintech is prompting regulators to reconsider existing frameworks, as they need to balance fostering innovation with protecting consumer interests.",Financial Regulation
"Debate continues over the proposed digital currency regulations, with proponents arguing for consumer protection while critics warn it could hinder financial technology growth.",Financial Regulation
"As countries negotiate new agreements, the implications for exporters are significant; businesses must adapt swiftly to stay competitive in the changing environment.",Trade
"After a series of high-profile cases involving insider trading, there is a growing consensus that penalties for such actions may need to be revisited. This could lead to more stringent enforcement and a cultural shift within trading floors nationwide.",Financial Regulation
"Job fairs have been organized in several cities aiming to connect the unemployed with new prospects, reflecting the urgent need for employment solutions as the economy continues to fluctuate.",Unemployment
"Recent data shows that food prices have increased dramatically over the past year. If this trend continues, many small businesses may find it harder to maintain profitability while trying to keep their prices competitive for consumers.",Inflation
"A recent survey highlighted that a significant portion of the workforce is considering a career change due to the instability of their current jobs, demonstrating a shift in priorities amid economic uncertainty.",Unemployment
"The recent surge in consumer prices has left many families grappling with tighter budgets, as everyday necessities now require a larger portion of their income. Experts warn that if this trend continues, it could erode purchasing power significantly.",Inflation
"Young adults are increasingly spending on experiences rather than material possessions, with a notable surge in bookings for travel and events. This shift could redefine market strategies as businesses adapt to meet these evolving preferences.",Consumer Spending
"With the price of raw materials skyrocketing, many manufacturers are struggling to keep production costs manageable, ultimately affecting the prices consumers see on the shelves.",Inflation
"Concerns over the rising levels of personal debt have prompted lawmakers to consider imposing tighter restrictions on credit card interest rates, which would aim to protect consumers from predatory lending.",Financial Regulation
"With the new trade routes opening up, it is expected that small businesses will see an uptick in orders from overseas, fostering a greater sense of global commerce.",Trade
"As the housing market continues to show signs of recovery, experts insist on the importance of implementing policies that prevent another bubble. They suggest that careful regulatory measures will be key to maintaining a sustainable market going forward.",Financial Regulation
"New tariffs imposed on foreign steel are expected to impact domestic manufacturers, creating a ripple effect across various sectors of the economy, especially construction.",Trade
"As supply chain disruptions continue due to unforeseen global events, manufacturers are facing challenges in sourcing raw materials at reasonable prices. The ripple effects are expected to exacerbate existing financial strains on both producers and consumers alike.",Inflation
"Analysts are cautiously optimistic about the forthcoming quarterly results as households continue to prioritize spending on essential goods and services, even amidst fluctuating market conditions.",Consumer Spending
"The administration’s new trade tariffs imposed on imported steel have sparked debate among manufacturers. While some view this as a necessary step to protect domestic jobs, others fear it might lead to higher prices for consumers.",Government Policy
"Following the recent elections, several states have begun implementing new regulations on housing development, targeting increased accessibility and promoting sustainable practices in urban areas. This has sparked a debate about the balance between growth and environmental concerns.",Government Policy
"The recent changes in tax legislation are expected to significantly impact small businesses, as the government seeks to promote entrepreneurship and job creation in the sector.",Government Policy
The launch of the new trade route has not only decreased shipping times but also cut costs for businesses relying on cross-border logistics for their products.,Trade
"As part of its commitment to climate action, the administration unveiled a series of initiatives promoting renewable energy, which supporters say will create jobs in a rapidly growing sector.",Government Policy
"A sudden surge in the real estate sector has caught the attention of economists, many of whom are trying to understand the implications of rising home prices on overall economic stability.",Market Trends
"The recent surge in tariffs imposed on imported steel has created significant delays and increased costs for manufacturers across the nation. As companies grapple with these new challenges, analysts suggest a potential shift in supplier preferences that could reshape domestic production.",Trade
"As prices for energy and food continue to soar, many families are feeling the strain, questioning whether their wages can keep up with these escalating costs.",Inflation
The recent move by the Federal Reserve to impose stricter capital requirements has sparked a larger conversation about the necessity of ongoing oversight in the banking system to prevent future crises.,Financial Regulation
"A recent survey revealed that nearly 70% of consumers are changing their shopping habits due to rising prices, turning to discounts and alternatives. This shift illustrates a broader concern about how persistent cost increases are reshaping consumer behavior.",Inflation
"The latest reports indicate that the price index for various goods has risen sharply over the past quarter, leaving many to question the sustainability of current economic growth strategies. With these shifts, industries are bracing for adjustments in their pricing strategies, which may affect affordability for consumers.",Inflation
"The government reported an increase in cargo shipments last quarter, suggesting that businesses are ramping up production to meet overseas demand amidst global recovery.",Trade
"A recent article highlighted how small businesses are feeling the brunt of these economic shifts, with many owners stating they fear for their livelihoods as they navigate rising operational expenses.",Inflation
Recent data has shown a notable increase in the purchasing power of households as wages rise and cost of living adjustments are being made. This trend is encouraging for small businesses that depend on local consumer activity.,Consumer Spending
"Tech stocks plummeted yesterday after disappointing quarterly earnings from several major players, prompting investors to reassess their portfolios ahead of upcoming announcements.",Market Trends
"With rising inflation concerns, the administration is reviewing existing monetary policies, aiming to strike a balance that encourages spending without overheating the economy. Critics argue that indecision could exacerbate the situation, leading to further economic instability.",Government Policy
"A recent survey suggests that Americans are prioritizing dining out and travel, reflecting a shift in spending habits post-pandemic as people seek experiences over material goods.",Consumer Spending
"The stock market showed signs of recovery today, with tech stocks leading the way after a turbulent week. Analysts predict that this bounce back could signal a shift in investor confidence, which was previously shaken by rising interest rates.",Market Trends
"A new survey indicates that small businesses are hesitant to expand their workforce due to ongoing economic pressures, which could hinder overall growth in the employment sector as a whole.",Unemployment
"Online shopping platforms have reported that many consumers are opting for expensive items during sales events, indicating a robust willingness to spend. However, this pattern raises questions about the sustainability of such consumer habits amid fluctuating economic conditions.",Consumer Spending
"The annual report indicated a persistent increase in the cost of essential goods, leaving households struggling to balance their budgets as the purchasing power declines.",Inflation
"Jobless rates in the region have surged to the highest levels seen in a decade, causing widespread concern among economists who are predicting tougher months ahead for the labor market.",Unemployment
"The labor market is showing signs of distress, as reports indicate that job postings are down significantly, leading many to wonder about the future stability of their careers.",Unemployment
"During quarterly earnings calls, many CEOs voiced their concerns over the ongoing pressures from increased material costs and how it impacts profitability. Some companies are passing these costs onto consumers, which might further slow down spending in the coming months.",Inflation
"The ongoing discussion about cryptocurrency regulation has intensified, with government officials signaling a need for clearer guidelines to protect investors. Many in the crypto community worry that excessive regulation could stifle innovation in this burgeoning market.",Financial Regulation
"The recent bill proposed by lawmakers aims to restructure the national healthcare system, leading to discussions about its economic implications on public spending and citizens' financial responsibilities.",Government Policy
"Reports indicate that used car prices have skyrocketed over the past year, making it difficult for buyers looking for affordable alternatives. Many people are now turning to public transportation or ride-sharing services as their preferred mode of travel, indicating a shift in spending priorities.",Inflation
"The recent surge in cryptocurrency values has sparked interest from traditional investors who are now looking to diversify their portfolios, impacting market liquidity.",Market Trends
"Economists are evaluating the potential long-term effects of the government's stimulus checks, particularly how they have influenced consumer behaviors and spending patterns since their distribution.",Consumer Spending
"The proposed bill aimed at enhancing cybersecurity measures has raised questions regarding privacy versus national security, with detractors voicing their concerns over potential overreach.",Government Policy
"As part of the effort to combat climate change, policymakers are discussing stricter emissions standards for industries. Advocates say this could lead to a greener economy, while opponents fear it may drive costs up for businesses and consumers alike.",Government Policy
"In light of the latest economic downturn, experts are warning that many households are struggling to make ends meet due to layoffs, particularly in the tech and hospitality industries.",Unemployment
"With the rise of e-commerce, small businesses are finding new avenues for international sales, though they face hurdles related to customs regulations and shipping logistics.",Trade
"New data reveals that consumer behavior is shifting, with more individuals looking to invest in sustainable companies rather than traditional market leaders, highlighting a potential shift in market dynamics.",Market Trends
"Market analysts are closely watching the impact of foreign investments in renewable energy sectors, as these trends could reshape future growth patterns across the economy.",Market Trends
The emergence of fintech companies has sparked dialogue about how traditional regulatory frameworks can keep pace with rapid technological advancements in financial services. Stakeholders are urging the need for adaptive policies that protect consumers without hindering innovation.,Financial Regulation
"In a bid to enhance consumer protection, the government has implemented stricter rules governing the issuance of credit cards, aimed at preventing predatory practices that have harmed many consumers in recent years.",Financial Regulation
"The recent tax cuts proposed by the administration are expected to stimulate economic growth, yet concerns about the deficit are rising among analysts and voters alike.",Government Policy
"The latest statistics reveal an uptick in the volume of goods exchanged between Mexico and the U.S., prompting discussions around the effectiveness of recent trade agreements in fostering mutually beneficial relations.",Trade
"Recent data reveals that energy costs have surged, contributing to higher overall prices, and experts warn that relief may not come soon as demand remains high.",Inflation
"Housing prices in urban areas are climbing rapidly, prompting concerns about affordability as demand continues to outstrip supply in many markets.",Market Trends
"The construction industry faces a dilemma with rising costs and reduced workforce availability, pushing many projects to delay or scale back, which further impacts job creation.",Unemployment
"Following a string of high-profile financial scandals, lawmakers are set to introduce legislation that seeks to increase accountability for auditors and provide greater protections for whistleblowers in the finance sector.",Financial Regulation
"Analysts predict that the upcoming seasonal promotions will significantly boost retail sales, as consumers are expected to splurge on gifts and entertainment as travel restrictions ease.",Consumer Spending
"As the new healthcare framework rolls out, experts are analyzing its potential impact on insurance premiums and accessibility for the average citizen, gauging public response.",Government Policy
"The dramatic rise in electric vehicle stocks has caught the attention of many investors, especially as governments push for greener initiatives. However, analysts warn that this boom could lead to an inflated market if production does not meet demand.",Market Trends
"Many industries are experiencing a boost as consumers come back with pent-up demand, especially in sectors like hospitality and tourism that were severely impacted during the lockdowns.",Consumer Spending
"The Federal Reserve's upcoming policy meeting is expected to address interest rates, with analysts speculating on how these decisions will affect consumer confidence in the marketplace.",Government Policy
"In a recent press conference, the finance minister acknowledged the challenges posed by increasing costs of living, urging businesses to find ways to mitigate the impact on consumers. This announcement has sparked debates among economists about possible solutions.",Inflation
"Recent reports indicate a surge in technology stocks, driven by innovations in artificial intelligence, which have sparked interest among investors.",Market Trends
"Last week, a prominent shipping company reported delays in deliveries due to stricter customs controls implemented by several governments, leaving many wondering how this will affect prices.",Trade
"Recent statistics show a significant rise in exports, particularly in agricultural products, as markets in Asia show an increasing demand for quality goods from the U.S.",Trade
"Experts warn that rising tensions between trading partners could undermine recent gains made in international relations, suggesting that careful diplomacy is crucial moving forward.",Trade
"Local governments are set to receive grants aimed at enhancing public transportation systems, providing a needed boost to urban development and helping reduce traffic congestion.",Government Policy
"Housing costs across major cities are skyrocketing, causing concern among potential buyers and renters alike. With mortgage rates also on the rise, the dream of homeownership is slipping further out of reach for first-time buyers.",Inflation
"Experts are keeping a close eye on commodity prices, which have seen significant rises lately. If these trends continue, it could lead to broader implications for various sectors, possibly squeezing profit margins and impacting overall economic growth.",Inflation
"The comparative advantage theory suggests that countries should focus on producing goods where they hold the upper hand, but current geopolitical tensions complicate this notion.",Trade
"Recent developments in the electric vehicle sector have led to a surge in related stocks, igniting conversations about the future of sustainable transportation. The rapid changes in consumer preferences create a dynamic landscape that investors are eager to navigate.",Market Trends
"Shopping patterns in urban areas have changed dramatically as the pandemic winds down, with many consumers eager to return to physical stores. However, retailers are facing challenges with supply chain issues that are affecting their ability to meet the growing demand.",Consumer Spending
"New data shows that the seasonal hiring for the holiday period has not met expectations, leading to concerns about job security for thousands of workers across the region.",Unemployment
"The latest budget proposal includes significant increases in funding for education, which has generated discussions about the long-term benefits for workforce development.",Government Policy
"The ongoing discussions regarding bank mergers have highlighted gaps in current regulatory practices, raising questions about the long-term effects on competition and consumer choice in the financial sector.",Financial Regulation
"Recent data indicates that despite rising prices, consumers continue to spend on non-essential goods, pointing towards a resilient consumer base.",Consumer Spending
The potential merger between two major banks is under scrutiny as regulators evaluate its implications for competition in the financial sector. The decision will likely weigh heavily on future regulatory frameworks and market dynamics.,Financial Regulation
"With the implementation of new anti-money laundering regulations, smaller banks are scrambling to adapt, worried about the potential costs involved in compliance and the risk of hefty fines.",Financial Regulation
Regulatory changes are on the horizon as the government seeks to address the growing concerns over environmental sustainability in various industries.,Government Policy
"Many small businesses are struggling to navigate the complexities of international regulations, which has led to calls for more comprehensive support from governmental agencies.",Trade
"With the advent of automation, numerous entry-level positions are vanishing, raising alarms about future job security for those without specialized skills.",Unemployment
The tech sector's resilience in the face of economic downturns points to a shifting paradigm where innovation drives market confidence.,Market Trends
"With new trade agreements on the horizon, many local businesses are looking to expand their reach internationally. This could lead to increased job opportunities and an upswing in the local economy.",Trade
"Local grocery stores are experiencing a surge in sales following reports of rising inflation, as consumers start to stockpile essentials despite talks of a potential economic recovery.",Market Trends
"Recent policy changes in exporting regulations have led to confusion among manufacturers, stirring debates about compliance and competitiveness on the global stage.",Trade
"With interest rates remaining low, more people are investing in the stock market, leading to record highs in various indices, a phenomenon analysts hadn’t predicted this soon.",Market Trends
"The stock market has seen a steady rise over the past quarter, with analysts predicting continued growth fueled by increased consumer confidence and spending.",Market Trends
"Reports indicate a surge in stock prices following the announcement of new technology innovations, suggesting a bullish outlook on the market.",Market Trends
"The latest statistics show a significant increase in exports of agricultural products, with farmers benefiting from strong demand in overseas markets despite fluctuating conditions at home.",Trade
"Industry analysts are evaluating the effects of proposed changes to credit reporting standards, which could significantly alter how lenders assess potential borrowers and impact overall credit availability.",Financial Regulation
"The stock market showed signs of recovery today as investors reacted positively to the latest economic forecasts, suggesting a shift away from recent volatility.",Market Trends
"Investors are increasingly favoring sustainable companies as environmental concerns grow, driving a noticeable shift in market dynamics and influencing stock performance.",Market Trends
"Industry leaders are meeting to discuss the impact of global shipping delays on local businesses, stressing the need for innovative solutions to maintain product availability.",Trade
"The automotive industry is experiencing transformative changes, with electric vehicle sales climbing rapidly while traditional car sales see a decline, reflecting shifts in consumer preferences.",Market Trends
"In recent months, the price of everyday goods has soared, leaving many consumers concerned about their purchasing power. Experts warn that if this trend continues, it could erode the standard of living for millions across the nation.",Inflation
The recent agreement between the U.S. and EU to reduce tariffs on steel and aluminum is expected to boost bilateral relations and encourage trade flow between the two economic powerhouses. Experts predict that this could lead to more competitive pricing for consumers and businesses alike.,Trade
"A recent study revealed that small businesses are particularly vulnerable to changes in trade policies, often lacking the resources to adapt to new tariffs or quotas.",Trade
"Consumer prices have surged by over 5% year-on-year, leading to increased concerns among economists regarding the sustainability of economic recovery.",Inflation
"With the summer approaching, analysts fear that travel costs may rise as gas prices climb. This could deter many from taking vacations, reflecting a shift in consumer behavior as people reevaluate their budgets.",Inflation
"As companies navigate these uncertain economic times, a significant portion of the labor force has found themselves seeking new job opportunities, reflecting broader shifts in the marketplace.",Unemployment
"In a recent press conference, officials acknowledged the pressures on prices caused by global events. Their comments suggested a proactive stance is needed to manage the economic impact on families and individuals.",Inflation
"Recent reports indicate that compliance with new data privacy regulations is costing firms millions. Some executives argue that these financial burdens could divert resources from more productive areas of their businesses, potentially impacting growth.",Financial Regulation
"Job fairs are seeing fewer applicants, leading to concerns among employers about the overall health of the job market and its potential recovery.",Unemployment
"Recent studies show that youth and marginalized groups are disproportionately affected by job losses, raising questions about equity in the labor market.",Unemployment
"Recent surveys show that a significant number of consumers are beginning to alter their shopping habits as they feel the pinch from rising prices, with many opting for store brands over premium products.",Inflation
"Local businesses are struggling to keep their workforce, with some forced to reduce hours or lay off employees due to decreased demand.",Unemployment
"Investors were taken aback by the unexpected spike in energy prices, prompting discussions on its impact on market stability moving forward.",Market Trends
"The latest jobs reports have shown a surprising drop in unemployment, leading to increased consumer spending and fueling market optimism. However, some experts caution that this could also spark fears of inflation if the trend continues unchecked.",Market Trends
"Following the recent budgetary adjustments, concerns have risen among analysts about the potential impact on public services and infrastructure funding, leading to a series of town hall meetings to address citizen feedback.",Government Policy
"Experts are concerned that the latest proposal to limit investment bank bonuses could stifle innovation and risk-taking, impacting overall market dynamics.",Financial Regulation
The latest changes in how banks can handle customer data have raised questions among industry experts about the potential risks and benefits involved in consumer privacy.,Financial Regulation
Recent discussions among policymakers regarding the minimum wage have drawn attention to how changes could affect employment rates and worker spending power.,Government Policy
"The slow but steady growth of the cryptocurrency market has continued to attract mainstream investors. However, many remain skeptical about the longevity of this trend given the historical volatility associated with these digital assets.",Market Trends
"Data from recent surveys reveal a growing trend among millennials towards prioritizing experiences over material goods, indicating a shift in consumer attitudes and spending habits.",Consumer Spending
"The latest spending bill introduced in Congress aims to allocate funds for infrastructure improvements, which supporters argue will boost job creation and economic growth.",Government Policy
"As automation technology advances, a growing number of employees in manufacturing and service sectors are facing uncertain futures, as companies adapt to new efficiencies.",Unemployment
"In recent months, several industries have reported layoffs, particularly in retail and hospitality, which are struggling to recover post-pandemic, causing concern among economic analysts about the future of the workforce.",Unemployment
"In an effort to address housing shortages, city officials are advocating for reforms in zoning laws, which they believe could streamline the development process. Residents remain concerned about the potential changes to community dynamics and local resources.",Government Policy
"Many economists are concerned about the impact of rising prices in the housing market, as potential homebuyers find it increasingly difficult to enter the market amid climbing property values.",Inflation
"The recent data shows a surge in exports, particularly in technology and agriculture, indicating a strong demand from overseas markets despite ongoing supply chain issues.",Trade
Investors are closely monitoring the performance of emerging markets as new trade agreements are expected to open up substantial opportunities in the next year.,Market Trends
"Local businesses are facing a tough winter ahead, with many owners reporting they might have to let go of staff if sales don’t pick up soon. This uncertainty is making it difficult for employees to plan for their futures.",Unemployment
"Local businesses are struggling to hire, yet many people remain out of work, indicating a disconnect that experts attribute to skill mismatches in the economy.",Unemployment
The recent federal funding package for public transportation upgrades is expected to provide new job opportunities and support economic development in urban areas struggling with outdated systems.,Government Policy
"Some analysts suggest that the growth in credit card use might be a sign that households are relying on debt to maintain their current spending levels, raising concerns about future financial stability.",Consumer Spending
"The latest reports indicate a consistent rise in the cost of everyday goods, putting pressure on household budgets and prompting discussions at the consumer level regarding purchasing power.",Inflation
"The rebound in the travel sector is notable, with reports indicating that consumers are finally resuming vacations and weekend getaways after a prolonged period of restrictions due to the pandemic.",Consumer Spending
"Recent surveys show that a significant portion of the workforce feels insecure in their jobs, leading to decreased consumer confidence in the market. This trend could have implications for economic recovery.",Unemployment
"Experts suggest that the ongoing geopolitical tensions could lead to a realignment of trade blocks, with major economies looking to strengthen ties with emerging markets in Southeast Asia.",Trade
"Recent discussions at the G20 summit have highlighted the importance of reducing trade barriers to stimulate global economic recovery, emphasizing collaboration among member nations.",Trade
"In recent months, retail businesses have seen a surge in foot traffic as families begin to loosen their purse strings, leading to increased sales for many local shops.",Consumer Spending
"Reports indicate that the rising cost of living is impacting not only individual budgets but also the overall market dynamics, as businesses adjust to new pricing strategies.",Inflation
"Despite inflation concerns, consumers are flocking to travel agencies, eager to book their vacations, which could indicate a shift in spending priorities as the economy improves.",Consumer Spending
"With the introduction of new electric vehicle models this quarter, experts are noting significant shifts within the automotive industry, reflecting changing consumer preferences and driving demand.",Market Trends
"As inflationary pressures persist, many businesses are adjusting their pricing strategies, which could alter consumer behavior significantly. This shift has implications not only for individual companies but also for broader market stability.",Market Trends
"In the wake of various high-profile scandals, lawmakers are pushing for stricter oversight on loan practices, fearing that consumers may be misled by deceptive lending terms.",Financial Regulation
"During a recent financial summit, several economists expressed their concerns regarding the persistent increase in prices, particularly in essential goods like food and fuel, which is forcing families to rethink their buying habits.",Inflation
"In response to the rising demand for sustainable products, businesses are increasingly seeking international certifications to appeal to eco-conscious consumers in various markets.",Trade
"Some economists are concerned about the impact of supply chain disruptions, which have fueled price increases across various sectors. These changes have left both consumers and businesses adapting to a new baseline of costs.",Inflation
"Recent reports indicate that the SEC is looking into new guidelines for cryptocurrency exchanges, aiming to provide clearer frameworks for investors while ensuring market integrity.",Financial Regulation
"Recent stock market fluctuations have left investors pondering the future of equities as consumer confidence shifts dramatically. Analysts suggest that increased volatility may become the norm in the coming weeks, prompting a reassessment of investment strategies.",Market Trends
"Recent surveys indicate that public trust in the government is fluctuating, largely influenced by perceptions of how effectively it is managing economic recovery efforts amid the pandemic.",Government Policy
"The administration's approach to international trade negotiations has sparked a heated debate in both chambers, with many lawmakers divided on the path forward for tariffs and agreements.",Government Policy
"Analysts have raised their forecasts for the upcoming fiscal year as consumer sentiment indexes hit their highest levels in over a decade, signaling optimism.",Market Trends
"In the latest financial report, experts discussed how the rise in disposable income is leading to a surge in purchases of premium goods, suggesting that economic recovery is well underway for many households.",Consumer Spending
"In light of the holiday season, retailers are anticipating a surge in shopping activity, which could greatly impact their overall revenue. With more consumers feeling financially secure, many are expected to spend more than in previous years.",Consumer Spending
"Local governments are scrambling to adjust their budgets after the federal grant cuts, raising questions about public service funding and infrastructure projects.",Government Policy
"The latest report indicates a record number of shipping containers stuck at ports, which has raised concerns about the long-term effects on retail prices and inventory levels.",Trade
"Analysts are highlighting a concerning trend where the value of the dollar appears to be weakening against foreign currencies, making imports more expensive. This shift could lead to a cascading effect on domestic prices if not stabilized soon.",Inflation
"The recent decrease in tariffs has encouraged many domestic producers to expand their markets overseas, reflecting a shift in the economic landscape.",Trade
"Trade routes are being reassessed as geopolitical tensions rise, which could lead to a pivotal shift in how regions engage economically with one another.",Trade
"Federal officials announced plans to revise existing trade agreements, asserting that such changes would lead to better job opportunities and economic growth in underdeveloped regions.",Government Policy
"Recent legislation has passed that increases the tax incentive for renewable energy projects, prompting a shift in investment strategies among major corporations.",Government Policy
"The recent update from the Securities and Exchange Commission has sparked debates among investors about the future of new cryptocurrency offerings, with many feeling that tighter rules could stifle innovation.",Financial Regulation
"The recent fluctuations in currency values have made exporters cautious, with many reconsidering their pricing strategies in response to the evolving international landscape.",Trade
"In a surprising turn, a major deal between two competing firms is expected to reshape the landscape of the industry. Stakeholders are optimistic, seeing this as a step towards stabilizing prices and enhancing competition.",Trade
"As wages rise and employment rates improve, a ripple effect has been noted in the local economy, where an increase in service demands points to heightened consumer activity.",Consumer Spending
"The latest data shows a surge in discretionary purchases, indicating that households are feeling more confident in their financial situation and willing to spend on non-essential items.",Consumer Spending
"The government has announced measures to facilitate smoother customs processes, aiming to reduce delays that businesses often face when importing goods.",Trade
"The recent summit aimed at fostering international commerce has brought together leaders from various sectors who are eager to discuss innovations in logistics and supply chain management, highlighting the importance of adaptability in a dynamic market.",Trade
"Local businesses are feeling the pinch as the cost of supplies continues to rise, causing some to reconsider their pricing strategies to remain competitive while serving their community's needs.",Inflation
"Recent surveys reveal that many businesses are struggling to maintain profit margins due to escalating input costs, making it harder to sustain operations in the long run.",Inflation
"The community is reacting to proposed laws that would require more frequent disclosures from large corporations, a move that advocates argue is necessary to protect shareholders and promote ethical business practices.",Financial Regulation
"Several organizations are lobbying for amendments to the rules governing credit reporting agencies, with advocates claiming that current practices are not fair to consumers.",Financial Regulation
Financial watchdogs have raised alarms over the recent practices of certain hedge funds that have been accused of misleading investors about their returns. Legislative measures are being discussed to enforce harsher penalties for misleading financial statements.,Financial Regulation
"Reports indicate a surge in spending on home improvement projects, as many homeowners are choosing to invest in their properties during this period of economic rebound.",Consumer Spending
"As businesses pivot to a new normal post-pandemic, many employees are finding themselves in precarious positions, uncertain if their jobs will survive the ongoing economic shifts.",Unemployment
"Experts are warning that the spike in layoffs could result in a ripple effect, impacting local economies that rely heavily on consumer spending from those who are now out of work.",Unemployment
"In light of recent developments, several financial institutions are revising their forecasts for interest rates, anticipating adjustments to counter the ongoing pressure on prices. Such moves are critical as they may affect loans and mortgages for millions.",Inflation
"Rising costs of living are forcing many to reconsider their career choices, as people weigh the stability of jobs against their financial needs, impacting the labor force participation rate.",Unemployment
"New data reveals that technology stocks are surging, indicating a positive shift in investor sentiment towards growth sectors and innovation.",Market Trends
"Small towns are particularly hard hit, as main street shops close down, leaving residents without reliable sources of income and affecting local economies.",Unemployment
"Recent headlines have highlighted the debate surrounding the regulation of hedge funds, with some industry leaders arguing that tighter controls are necessary to prevent systemic risk.",Financial Regulation
"The latest report from the Bureau of Economic Analysis revealed that households are opening their wallets wider, leading to a boost in various sectors, from electronics to dining out.",Consumer Spending
"Authorities are implementing new standards for financial institutions to enhance transparency and consumer protection, as concerns over mismanagement have risen.",Financial Regulation
"The recent agreement between the US and European nations is expected to significantly reduce tariffs on various goods, potentially boosting the flow of imports and exports.",Trade
"Small business owners are increasingly worried about their ability to retain staff as foot traffic drops and revenues dwindle, leading to a wave of unpredictable layoffs.",Unemployment
"In a recent report, it was revealed that discretionary spending has increased, with many consumers opting for luxury items they had previously postponed during tougher economic times.",Consumer Spending
"Analysts predict that rising interest rates will lead to a cooling off in the housing market, as potential buyers may be deterred by higher mortgage costs. This change could signal a shift in the investment strategies of many financial institutions.",Market Trends
Forecasts predict a continued volatility in the market as geopolitical tensions further complicate trade relations between major economies.,Market Trends
"Following the recent merger of two major corporations, stock analysts are debating the long-term impact on market competitiveness and share prices, raising questions about future industry stability.",Market Trends
"The new line of tech gadgets has seen unprecedented demand, as consumers rush to upgrade their devices, showing a clear trend towards higher spending on electronics.",Consumer Spending
"With recent economic indicators pointing toward a recovery, experts believe consumers will increase their expenditures on dining out and leisure activities in the coming months.",Consumer Spending
"Following the factory closures, an alarming number of former workers in manufacturing are now seeking guidance on how to transition into new career paths.",Unemployment
"Small business owners are optimistic as they report better than expected sales figures from the holiday shopping season, showing that customers are willing to spend despite previous economic uncertainties.",Consumer Spending
"A new initiative launched by the federal government aims to provide financial support to industries severely impacted by the pandemic. This plan includes grants and low-interest loans designed to assist businesses in recovering, but critics are concerned about the long-term implications of increased public spending.",Government Policy
"Job postings continue to rise, yet consumer confidence appears shaky as more people grapple with the costs associated with living. This juxtaposition raises questions about the underlying health of the economy moving forward.",Inflation
"Stock prices have shown significant fluctuations over the last quarter, prompting analysts to reconsider their predictions for the upcoming fiscal year.",Market Trends
"Grocery stores are noticing a change in buying habits, with consumers opting for premium brands instead of generic ones as they feel more financially stable.",Consumer Spending
"The National Retail Federation has reported that consumer confidence may be rebounding as disposable income rises; however, concerns about future economic stability continue to linger. This dichotomy can influence spending decisions significantly as families plan their budgets.",Consumer Spending
"A major financial firm has been fined for failing to adhere to anti-money laundering protocols, prompting discussions on the effectiveness of current regulations in place across the industry.",Financial Regulation
"Experts warn that the current climate could lead to a mismatch between skills and available positions, challenging workers to adapt swiftly as the landscape continues to evolve.",Unemployment
"Consumer confidence has surged in recent months, as reflected in the latest retail sales figures, which indicate that more people are willing to spend on non-essential goods compared to last year.",Consumer Spending
"The push for more robust healthcare initiatives has led to discussions about how certain reforms can alleviate the financial burden on consumers, which many see as a step towards fostering better public health.",Government Policy
"A survey revealed that families are reallocating their budgets this year, putting more money towards experiences such as travel and dining out instead of material goods. This shift could reshape industry dynamics for hospitality and service sectors.",Consumer Spending
"With the administration's focus shifting towards digital innovation, new regulations are set to encourage investments in technology startups, potentially reshaping the landscape of entrepreneurial ventures.",Government Policy
The logistics industry is bracing for changes as new regulations come into play that affect shipping routes and costs. Companies are scrambling to adjust their operations to ensure they continue to meet delivery expectations without incurring losses.,Trade
"Grocery bills have skyrocketed as the cost of agricultural products has risen sharply over the past year. Farmers are struggling with higher input costs, leading to increased prices for consumers at the checkout.",Inflation
Economic experts warn that the persistent slowdown in hiring may lead to longer-term consequences if businesses cannot adapt to the new market conditions.,Unemployment
"As the government moves to tighten its grip on the banking sector, many analysts wonder how these new policies will affect credit availability for small businesses.",Financial Regulation
"The latest data showed a dramatic increase in online shopping activity as households adjust to new budgeting strategies, with many prioritizing convenience and savings in their purchasing decisions.",Consumer Spending
"The new guidelines issued last Tuesday are set to reshape how financial institutions report their risk exposures, with significant implications for market transparency.",Financial Regulation
"In a recent discussion about economic policy, analysts highlighted how recent business closures have disproportionately affected lower-income communities, leading to significant challenges for many workers trying to find new employment opportunities.",Unemployment
"With wages slowly increasing, many households are beginning to loosen their budgets, opting to dine out more frequently and make larger purchases like new appliances or furniture.",Consumer Spending
"Experts attribute the rise in car sales to the growing optimism among consumers, who are willing to invest in big-ticket items as their job security improves.",Consumer Spending
"Recent statements from the central bank suggest a cautious outlook on interest rates, as they monitor how consumer behaviors are reacting to increased costs. There is a palpable tension between fostering growth and ensuring economic stability amidst rising prices.",Inflation
"The impact of recent immigration reforms is still being assessed, as many economists are analyzing how these changes might influence labor market dynamics.",Government Policy
"Despite higher costs for everyday items, consumers are prioritizing travel plans and vacations, often spending at record levels. Many are eager to make up for lost time, which could drive growth in the hospitality sector in the coming months.",Consumer Spending
"Investor sentiment appears to be shifting as earnings reports come in better than expected. There’s speculation that this could lead to increased investment in emerging markets, as domestic growth stabilizes.",Market Trends
"Discussions around mutual cooperation on standards and regulations between neighboring countries are crucial, as they could enhance operational efficiencies for manufacturers.",Trade
"The latest reports show that food and energy prices are experiencing significant upticks, prompting concerns about the overall cost of living. Analysts suggest that these trends, if sustained, could lead to a shift in monetary policy aimed at stabilizing prices.",Inflation
"Analysts predict that as interest rates remain low, more consumers will take on loans for big-ticket items such as cars and homes, indicating a potential boost in overall economic activity.",Consumer Spending
"Legislators are pushing for reforms that could empower workforce development programs, aiming to better align job training with current market needs and demands.",Government Policy
"With the increase in cyber threats, the government is looking to implement more stringent cybersecurity regulations for financial firms to safeguard consumer data.",Financial Regulation
"With housing costs skyrocketing, many first-time buyers are finding themselves priced out of the market. The knock-on effects of such changes could reshape the demographics of homeownership in urban areas, leaving many to consider renting as a more viable option.",Inflation
"As cities implement stricter zoning laws, property developers are feeling the squeeze. These changes are part of a broader strategy to combat urban sprawl and promote sustainable communities.",Government Policy
"The recent decision by lawmakers to adjust the tax brackets aims to stimulate economic growth, reflecting a shift in legislative priorities.",Government Policy
"The latest figures released by the Bureau of Labor Statistics indicate that thousands of workers have been laid off in the manufacturing sector, further straining already tight job availability.",Unemployment
"Analysts predict that the housing market will see a slowdown due to rising interest rates, which could lead to a more stabilizing effect on prices, contrasting the previous years of rapid growth.",Market Trends
"In recent weeks, the cost of living adjustments for many workers have not kept pace with the climbing price tags seen in everything from groceries to clothing, leading to concerns about affordability.",Inflation
"Analysts noted a shift in consumer behavior towards online shopping, driven by convenience, with e-commerce platforms seeing significant growth in sales as brick-and-mortar stores struggle to keep up.",Consumer Spending
"In the wake of recent scandals, lawmakers are calling for a reevaluation of current oversight mechanisms for financial institutions. The intent is to ensure that such issues do not arise in the future, fostering a safer environment for investors.",Financial Regulation
Numerous workers who were previously employed in the hospitality industry have now found themselves seeking new opportunities as travel restrictions and health protocols continue to disrupt normal operations.,Unemployment
"The administration's latest executive order seeks to streamline regulations impacting small businesses, sparking discussions about the balance between oversight and economic freedom.",Government Policy
Investors are closely watching the Federal Reserve's next moves as it relates to interest rates. Speculations suggest that decisions made in the upcoming meetings could significantly impact market confidence and investment strategies.,Market Trends
"As countries grapple with supply chain disruptions caused by global events, local businesses are looking for new partnerships overseas to maintain their inventory levels.",Trade
"With rising commodity prices, analysts are predicting a shift in investment strategies, as companies seek to mitigate risks associated with supply chain disruptions.",Market Trends
The ongoing debate in Congress about the proposed banking reforms continues as legislators grapple with balancing market freedom and consumer protection. The outcome may set significant precedents for how institutions operate moving forward.,Financial Regulation
"The recent statistics reveal a sharp increase in jobless claims, indicating a troubling trend that could signal an impending economic downturn.",Unemployment
"Local leaders are adjusting grant programs to better support small businesses that have been disproportionately affected by recent economic changes. This shift aims to ensure a more equitable recovery, but it raises questions about the sustainability of such funding in the long term.",Government Policy
"In a surprising move, the central bank hinted at potential policy shifts concerning leverage ratios for investment banks, which could impact their operational flexibility.",Financial Regulation
"In recent reports, analysts noted an increase in discretionary purchases, as shoppers seem to be prioritizing experiences over material goods, even as inflation looms.",Consumer Spending
"In light of the recent upward trend in the prices of essential commodities, experts are urging policymakers to consider measures to combat the growing pressure on consumers' wallets.",Inflation
"A recent report showed that grocery shopping habits have changed; more families are opting for meal kits and prepared foods, influencing overall grocery store revenues this quarter.",Consumer Spending
"The latest consumer price index report indicates a significant rise in the costs of everyday goods, with groceries seeing a steep increase over the last quarter. Experts are concerned that these trends may not reverse any time soon.",Inflation
"Amid rising consumer confidence, retail sales have experienced an unexpected boom, contrasting earlier predictions of a slow recovery. This uptick hints at a possible shift in consumer behaviors that could influence overall economic stability.",Market Trends
"Despite the challenges posed by pandemic-related disruptions, the shipping industry has seen unprecedented growth, illustrating the complexity of logistics in a post-COVID world.",Trade
"Regulators are now pushing for enhanced disclosures on investment products, which they argue will help consumers make more informed decisions. However, some financial advisors fear that this could lead to information overload, making it harder for clients to understand their options.",Financial Regulation
"During the press briefing, officials highlighted efforts to reform public transportation infrastructure, which they believe will improve access and reduce commute times for citizens.",Government Policy
"Reports indicate that the cost of living has jumped significantly this quarter, prompting economists to call for a review of monetary policies and their effectiveness.",Inflation
"Surveys suggest that many workers are shifting their expectations about job security, with a growing number considering alternative employment options or freelance work due to the instability in traditional employment.",Unemployment
"Legislators are currently debating the new minimum wage proposal, which seeks to ensure fair compensation for workers while considering the potential effects on small businesses across the state.",Government Policy
"Reports indicate that numerous small businesses are unable to retain staff due to financial strain, resulting in higher turnover rates and a lack of opportunities for new job seekers.",Unemployment
"The recent uptick in consumer confidence has analysts buzzing, with forecasts suggesting a possible shift in spending habits that could influence the broader market.",Market Trends
"In a recent press conference, officials discussed the implications of the new infrastructure bill, particularly how it will affect job creation and essential services in rural areas.",Government Policy
"American households are feeling more confident as retail sales show a steady increase, with many consumers opting to spend on experiences rather than goods this summer.",Consumer Spending
"The housing market remains robust, largely due to increased consumer spending on home improvement projects, as homeowners invest in their properties during low mortgage rates.",Consumer Spending
"Contrary to expectations, many households have loosened their budgets, purchasing more high-end goods and electronics. Economists believe that this may signal a strong recovery for the retail sector, but caution remains regarding job stability.",Consumer Spending
"Stock prices saw notable shifts today, reflecting investor sentiments influenced by global economic developments.",Market Trends
"With the new agreements set in motion, local farmers find themselves optimistic about the export opportunities that may arise for their surplus produce.",Trade
A recent survey indicated that over half of respondents believe their financial situation has worsened due to higher costs of living. This sentiment reflects growing anxiety about future economic stability.,Inflation
"In an unexpected move, several major retailers reported record sales during the holiday season, suggesting a shift in shopping behaviors towards online platforms.",Market Trends
"Stock prices have been fluctuating dramatically over the past month, with tech companies experiencing significant gains while traditional retailers lag behind.",Market Trends
Economic analysts are warning of a potential downturn as companies prepare to make cuts to their workforce in response to a decrease in demand for products and services amidst rising costs.,Unemployment
"The latest initiative from the White House aimed at increasing infrastructure spending has raised concerns among economists about its long-term impact on the economy. Critics argue that while this may stimulate job growth, it could also lead to budget deficits.",Government Policy
"The economic outlook remains bleak, with experts warning that the surge in jobless claims could lead to a prolonged period of hardship for millions, impacting consumer confidence and spending habits.",Unemployment
"The newly announced tax incentives aim to stimulate growth in the renewable energy sector, encouraging businesses to shift towards sustainable practices without financial penalties.",Government Policy
"Despite efforts to stimulate job growth, many sectors are still experiencing significant workforce reductions, prompting discussions on how to address the issue effectively.",Unemployment
"The recent spike in container shipping costs has led some retailers to adjust their pricing strategies, which may reflect a larger issue regarding the accessibility of products on a global scale. Observers warn that if left unchecked, these costs could significantly alter consumer habits.",Trade
"Reports from major retailers indicate that online shopping has surged, especially within the electronics and fashion sectors, reflecting changing consumer preferences.",Consumer Spending
"Prior to the recent elections, several candidates outlined their vision for proposed changes to healthcare policy. Their plans include significant revisions to existing programs which could alter how millions access medical services.",Government Policy
"With ongoing discussions surrounding new trade partnerships, many analysts are optimistic about increased collaboration between nations and a potential boost to the global economy.",Trade
"While some sectors thrive thanks to increased global demand, others are struggling to adapt, highlighting the uneven consequences of evolving trade dynamics.",Trade
"In light of rising prices, some consumers are opting for second-hand goods and discount outlets, signaling a shift in purchasing behavior amid economic uncertainty.",Consumer Spending
"Economists are closely watching the developments around the new trade pact, as the potential for lower tariffs on essential goods could ease inflationary pressures in the coming months.",Trade
"The recent announcement of increased tariffs on imports is expected to have ripple effects across various sectors, prompting discussions among economists about its long-term implications.",Government Policy
"With digital payments becoming a norm, there’s been a spike in online shopping as consumers embrace the convenience of e-commerce.",Consumer Spending
"The recent surge in consumer prices has left economists puzzled, as the cost of everyday goods has skyrocketed, impacting households across the nation. Many families are now struggling to make ends meet due to increases in essential items such as groceries and energy bills.",Inflation
"In a surprising turn of events, negotiations between the U.S. and China have hit a snag, leaving many exporters uncertain about their market access and profit margins moving forward.",Trade
"The stock market saw a significant surge today, attributed primarily to the strong performance of tech stocks, leading analysts to suggest a bullish outlook for the next quarter.",Market Trends
"With the holiday season approaching, many families are budgeting for gifts and celebrations, indicating an uptick in planned expenditures as they look to embrace traditions once again.",Consumer Spending
"Reports from various regions indicate that the cost of food has risen dramatically over the past year. Many shoppers find themselves choosing between items as grocery bills swell beyond expectations, prompting discussions about food security.",Inflation
"As the government prepares to unveil its latest economic plan, officials are under pressure from various sectors facing increased costs, which threaten to squeeze profits and consumer spending alike.",Inflation
"Tech companies are experiencing a boom as remote work becomes entrenched, driving up demand and influencing market dynamics in various sectors.",Market Trends
"Global markets remain volatile as geopolitical tensions affect trade agreements. Investors are on edge, trying to gauge how these factors will influence market stability and growth opportunities in the coming months.",Market Trends
"With the costs of living rising steadily, many individuals are choosing to cut back on discretionary spending. Businesses are struggling to adapt to the changing landscape as their profit margins tighten.",Inflation
"As technology evolves, many traditional roles are disappearing, leaving a generation of workers seeking new skills to adapt to the changing landscape. This transition period is particularly challenging for those without access to retraining programs.",Unemployment
"A panel of experts analyzed the implications of new privacy laws on fintech startups, suggesting that while consumer data protection is vital, regulations must not stifle growth in the tech sector.",Financial Regulation
"A report released last week highlights that industries like hospitality and retail are suffering the most, reflecting a broader issue in the economic landscape regarding job opportunities.",Unemployment
"Amidst ongoing discussions on international commerce, the latest figures show that import volumes have surged, particularly in the automotive sector. Many experts believe this could signal a shift in where consumers are finding value in their purchases.",Trade
Tech stocks have surged as companies report better than expected earnings in the latest quarter. This growth trend suggests that investors are optimistic about future innovations and the potential for sustained profitability in the sector.,Market Trends
"As tech companies report record earnings, there seems to be a growing disconnect between the stock market's performance and the broader economy. While some sectors thrive, others are struggling to keep pace, raising questions about the sustainability of this growth.",Market Trends
"A sudden spike in energy prices has been observed, leading to widespread discussions among policymakers on the necessity of intervention to stabilize the economy.",Inflation
"Despite a growing economy, many regions are seeing a stagnation in employment opportunities, leaving a considerable part of the workforce discouraged and seeking alternative paths.",Unemployment
"Tech stocks are gaining traction after positive quarterly earnings reports, leading many to question whether this signals the beginning of a new market cycle.",Market Trends
"Some analysts are raising concerns over the impact of proposed changes to investment firm oversight, stating that such measures could lead to reduced competition in the market.",Financial Regulation
"Many analysts are noticing a trend where consumers are increasingly willing to pay higher prices for luxury goods, signaling a robust recovery in discretionary spending habits after months of restraint.",Consumer Spending
"A report has surfaced indicating that the European Union is contemplating stricter regulations on imported goods, which could lead to a reevaluation of existing agreements and long-standing partnerships.",Trade
"The latest statistics reveal that households are investing more in sustainable products, indicating a growing trend towards environmentally conscious consumerism.",Consumer Spending
"As consumer prices continue to rise, many families are feeling the squeeze at checkout counters, prompting discussions on potential interest rate hikes by the central bank.",Inflation
"Households across the nation are grappling with tighter budgets as the prices of everyday items, from food to housing, have increased noticeably over the past year, raising concerns about economic stability.",Inflation
"Amidst growing public concern over the rising cost of living, the governor announced initiatives aimed at reducing the tax burden on families and promoting affordable housing developments.",Government Policy
"The new tax incentives introduced by the administration have sparked debates among economists, with many arguing they could stimulate investment but also add to the national deficit.",Government Policy
"With the implementation of stricter compliance requirements, smaller financial firms are struggling to keep up, raising concerns about their viability in an increasingly regulated environment.",Financial Regulation
"Figures released today show that the economy is struggling to absorb those who lost their jobs during the pandemic, leading to increased calls for job training programs and support for displaced workers.",Unemployment
The recent changes to taxation laws have sparked widespread debate on how the new framework will impact small businesses across the country.,Government Policy
"With the latest statistics showing a steady increase in prices across various sectors, financial analysts predict a challenging year ahead for households navigating these economic pressures.",Inflation
"With the recent surge in e-commerce, experts believe that traditional retail spaces may need to adapt or face decline. This transformation is expected to reshape urban landscapes in the coming years.",Market Trends
"As countries negotiate new agreements, experts warn about the potential impact on local businesses that rely heavily on imports and exports, raising questions about future competitiveness.",Trade
"Recent data shows that the costs of essential goods, from groceries to fuel, are rising sharply, affecting household budgets and spending patterns.",Inflation
"A recent survey revealed that nearly 70% of consumers are feeling the squeeze from everyday expenses rising faster than their wages. This phenomenon is leading many to cut back on discretionary spending, affecting various retail sectors significantly.",Inflation
"In light of recent technological advancements, many sectors are seeing changes in workforce demands. The growing need for skilled professionals in digital marketing and analytics is reshaping hiring trends across industries.",Market Trends
"This week, the administration's focus on trade agreements has sparked discussions about tariffs and their potential impact on import-export dynamics between nations, particularly in the agricultural sector.",Government Policy
"The job market continues to face challenges, with recent statistics showing a significant rise in the number of individuals seeking employment after layoffs in several sectors.",Unemployment
"As policymakers grapple with the economic fallout from the global crisis, discussions around new regulations on housing markets have intensified. The proposed measures seek to balance affordability with the need for investment, reflecting the delicate interplay between consumer needs and market forces.",Government Policy
"The recent decision by officials to adjust the taxation rates has sparked a heated debate among economists, with many arguing that such changes could either stimulate or stifle economic growth depending on implementation.",Government Policy
"Local governments are scrambling to adjust their budgets after the recent federal guidelines were issued. Many are unsure how to allocate funds effectively in light of these new recommendations, which aim to address public health disparities.",Government Policy
"The recent spike in commodity prices is causing concern among manufacturers, as they adjust forecasts to accommodate the rising costs of raw materials.",Market Trends
"The recent changes in compliance requirements are expected to affect the way banks assess risk in their portfolios, leading to a more cautious approach in lending practices.",Financial Regulation
The central bank's recent statements hint at a more aggressive monetary policy adjustment as they aim to combat rising costs that have been affecting citizens' day-to-day lives.,Inflation
"The government is considering measures to address the mounting pressures faced by consumers, including potential subsidies for low-income households hit hardest by climbing expenses. Advocates argue that immediate action is necessary to alleviate the financial burden on vulnerable populations.",Inflation
Industry experts are debating the effectiveness of current monetary policies in combating the ongoing price challenges. Some argue that additional fiscal measures may be required to stabilize the economy and protect consumer interests.,Inflation
"Consumer confidence is taking a hit as the prices of housing and rent continue their upward trajectory, leading many to question if the economy can sustain its current growth pace amid rising costs.",Inflation
"With the recent geopolitical tensions, many experts are worried about the impact on exports, particularly in the tech industry, where reliance on foreign components is high.",Trade
"Experts are warning that the current economic conditions might lead to layoffs in several major sectors, with retail and hospitality being the most affected.",Unemployment
"The tech sector, once a beacon of job growth, now faces a wave of hiring freezes, sending ripples of uncertainty throughout the workforce.",Unemployment
"Community organizations are ramping up support services to assist those affected by sudden job losses, highlighting the urgent need for effective solutions to what some are calling a crisis in employment.",Unemployment
"Experts are warning that the recent surge in consumer goods prices, driven by supply chain disruptions and increased demand, could have lasting effects on household spending if it continues unchecked.",Inflation
The discussions at the latest G20 summit included recommendations for cross-border financial regulations aimed at preventing market crashes. Many leaders believe that harmonized rules are essential for maintaining global economic stability.,Financial Regulation
"In an effort to curb excessive risk-taking by banks, the Federal Reserve is considering new measures that would tighten capital requirements and limit leverage ratios.",Financial Regulation
"Recent reports show that e-commerce sales are increasing dramatically, as more consumers opt to shop online rather than in physical stores. This transition highlights an ongoing evolution in consumer behavior that could have lasting impacts on retail operations.",Market Trends
"The central bank's decision to adjust interest rates is closely tied to rising prices that are affecting households. Analysts predict that if this upward trend doesn't stabilize soon, it may lead to significant changes in monetary policy.",Inflation
"The rise in initial claims for jobless benefits suggests that more people are losing their jobs, creating an unsettling environment for many workers. Stakeholders are calling for urgent measures to support those affected.",Unemployment
"With the recent debates in Parliament focusing on infrastructure investments, the potential for job creation is high, particularly in underserved regions.",Government Policy
"Analysts are predicting that new compliance requirements for investment advisors could reshape the industry landscape, leading to a wave of consolidation among smaller firms that struggle to meet the costs associated with these regulations.",Financial Regulation
"As housing prices continue to climb, experts warn of a possible bubble. With demand soaring and inventory levels low, the lack of affordable homes could impact potential buyers' decisions, making it essential for policymakers to monitor these developments closely.",Market Trends
"The finance minister warned that ongoing economic challenges could result in increased living costs, exacerbating the struggles of the middle class who feel the squeeze of rising expenditures.",Inflation
"Data from last quarter indicates a shift in workforce dynamics, with increasing numbers of individuals leaving the job market altogether, raising questions about the sustainability of economic recovery efforts.",Unemployment
Experts point to the spike in subscription services as evidence that consumers are adapting their spending habits to fit new lifestyles emerging from a post-pandemic world.,Consumer Spending
A recent survey indicated that business leaders are increasingly concerned about regulatory hurdles they face in expanding their operations. The findings suggest that policymakers may need to revisit existing laws to foster an environment conducive to growth and innovation.,Government Policy
"The economy is expected to grow stronger this quarter, primarily fueled by increased spending on technology and home improvement projects as more people invest in their living spaces.",Consumer Spending
"The new guidelines introduced by the SEC are aimed at increasing transparency in corporate financial reports, ensuring that investors have access to more timely and accurate information.",Financial Regulation
"Recent reports indicate a significant uptick in electric vehicle sales across the nation. This shift could alter the automotive landscape, pushing traditional manufacturers to adapt their strategies to keep up with consumer preferences for sustainability.",Market Trends
"With the global supply chain still recovering, prices for imported goods have skyrocketed. Retailers are warning that shoppers should prepare for higher prices this holiday season, as even basic products are expected to see marked increases due to continued shortages.",Inflation
"Amidst economic uncertainties, the administration's decision to withdraw certain tax incentives has raised eyebrows, with critics warning it could deter potential investors from entering the market.",Government Policy
"With the job market showing signs of improvement, retail sales have surged in recent months. Analysts are closely watching whether this uptick is a temporary spike or part of a longer-term trend as consumers feel more financially secure.",Market Trends
"As lawmakers debate the potential impacts of new legislation, many wonder whether these changes will stifle innovation in the tech sector or create a safer marketplace for investors.",Financial Regulation
"Data from the last quarter shows a notable uptick in container shipments being processed at major ports, indicating a recovery in cross-border commerce after previous disruptions.",Trade
"New data reveals that consumer habits are rapidly evolving, with more individuals prioritizing experiences over material goods, indicating a potential shift in market focus for retailers.",Market Trends
"After a rocky start to the year, the manufacturing industry shows signs of recovery, with production levels steadily climbing and boosting economic forecasts.",Market Trends
"With trade negotiations intensifying, officials are working on strategies to ensure that domestic companies remain competitive in the global market while also protecting local jobs.",Government Policy
"Recent surveys show that the percentage of long-term job seekers has increased, highlighting the difficulties faced by individuals trying to re-enter the workforce after losing their jobs.",Unemployment
"The hiking costs of raw materials have caused many manufacturers to re-assess their supply chains. This is resulting in increased prices for end products, which may lead to wider economic implications as purchasing power begins to wane among average consumers.",Inflation
"Data from the Census Bureau indicated that consumer expenditure on essential goods has remained resilient, even as prices rise, showing that certain categories are still deemed necessary despite inflationary pressures.",Consumer Spending
"Analysts are debating whether the current bullish phase is sustainable, as corporate earnings reports start to roll in and reveal mixed results across sectors.",Market Trends
"In a bid to enhance transparency in the financial markets, regulators have proposed stricter guidelines for financial institutions to ensure better reporting of transactions.",Financial Regulation
"While inflation concerns linger, data shows that consumer confidence has remained steady, allowing for increased spending in sectors such as entertainment and travel.",Consumer Spending
"In a recent press conference, the Secretary of Commerce highlighted efforts to modernize infrastructure as a means of boosting economic productivity. He emphasized that these improvements could lead to substantial job creation and help bridge the gap in regions lagging behind.",Government Policy
"The commodities market is reacting to supply chain disruptions caused by geopolitical issues, leading to price fluctuations. Traders are adjusting their strategies to capitalize on these market movements, indicating a high level of activity and speculation.",Market Trends
"Companies are feeling the pressure as hiring freezes become more common, signaling a potential downturn in the job market and raising alarms about future growth.",Unemployment
"As inflationary pressures ease, analysts predict that households will allocate more of their budgets towards leisure activities and dining out.",Consumer Spending
"According to the latest report, the price of goods has risen significantly, prompting discussions among economists about cost-of-living adjustments for low-income earners.",Inflation
"The latest data reveals a steady increase in retail sales over the last quarter, hinting at a robust consumer interest that could shape future market activities.",Market Trends
"Several states are considering changes in their employment policies to better support those suffering from job loss, aiming to create a more resilient workforce that can withstand future economic fluctuations.",Unemployment
"With emerging markets increasingly becoming a focus, multinational corporations are reassessing their strategies to ensure they remain competitive while navigating these new opportunities.",Trade
"Job fairs have been attracting large crowds, yet the number of hires remains low, prompting questions about the effectiveness of current employment initiatives.",Unemployment
"The Bureau of Economic Analysis released data showing a notable uptick in pricing across various sectors, especially in energy and food. Analysts suggest that these increases could lead to broader economic ramifications if they persist.",Inflation
"Following a series of high-profile scandals, authorities are now focusing on enhancing regulatory frameworks to ensure that companies adhere to ethical standards in their financial practices.",Financial Regulation
"The workforce data released this week shows a stark contrast between sectors, with technology firms cutting jobs, while healthcare and education sectors seem to be expanding, highlighting ongoing disparities in the job landscape.",Unemployment
"Analysts are concerned that the combination of supply chain disruptions and increased demand is pushing prices higher for a wide array of products. If consumers start to perceive these changes as the new normal, it could lead to lasting shifts in buying habits.",Inflation
"There's been a noticeable uptick in demand for electric vehicles, influencing the auto industry's dynamics and reshaping manufacturers' strategies.",Market Trends
"Data from the National Retail Federation reveals that families are increasing their budgets for back-to-school shopping, a clear sign that they are willing to spend more on their children’s education and supplies this year.",Consumer Spending
Local businesses are reporting decreases in foot traffic as customers become increasingly cautious about their spending habits due to the rising costs of living and uncertainty in the economy.,Inflation
"Theres a growing concern among analysts about the long-term implications of ongoing disputes that could disrupt supply chains, potentially leading to economic repercussions.",Trade
"In an effort to curb rising healthcare costs, the government has proposed new measures that could affect insurance providers and patients alike.",Government Policy
"The latest job market report reveals a concerning trend as companies across the nation announce layoffs, impacting thousands of workers who now face an uncertain future.",Unemployment
"Data from the latest market research indicates that consumers are increasingly investing in home improvement projects, suggesting a shift in spending priorities as people look to enhance their living spaces during extended periods spent at home.",Consumer Spending
The government’s recent announcement of stimulus measures is expected to give some relief to those who have been struggling to find employment amid ongoing economic challenges.,Unemployment
"As the national average for gasoline continues to climb, drivers are rethinking their travel plans, with many citing the need to cut back on leisure trips to save money.",Inflation
"The proposed budget will direct funds toward healthcare initiatives, addressing gaps in services that have persisted for years and aiming to improve overall public health outcomes, which has been a growing concern for constituents.",Government Policy
"In light of recent economic challenges, regulatory bodies are considering adjustments to current financial practices to ensure greater stability in the banking sector, thereby aiming to prevent future crises and protect consumers from unnecessary risks.",Government Policy
"A new survey shows that young professionals are increasingly investing in experiences over material possessions, suggesting a shift in how money is prioritized.",Consumer Spending
"With rising operational costs and sluggish demand, several businesses have preemptively initiated hiring freezes, prompting discussions about the ripple effects on local economies and households.",Unemployment
"With the latest consumer price index revealing significant price growth, many analysts are worried about the purchasing power of the average worker and the implications for the economy as a whole.",Inflation
"Local farmers are increasingly looking to expand their reach beyond national borders, as new international markets open up, offering fresh opportunities for growth.",Trade
"Despite fears of recession, people are turning to their favorite brands and indulging in non-essential purchases, hinting at a desire to enjoy life post-lockdown.",Consumer Spending
"The latest report indicates that discretionary spending is on the rise, with consumers gravitating towards online platforms for everyday shopping, which is reshaping the retail landscape.",Consumer Spending
"The mayor's initiative to improve access to childcare is seen as a pivotal move to support working parents, which many believe will enhance workforce participation in the long run.",Government Policy
"Recent studies highlight that younger generations are more inclined to invest in experiences rather than physical goods, shaping a new trend in how companies market their products and services.",Consumer Spending
"Several economists are warning about the long-term consequences of rising energy prices. As utility bills climb, they predict that consumer spending might shift dramatically, affecting sectors reliant on discretionary spending.",Inflation
"A new survey indicates that respondents are planning to spend more on dining out and travel this summer, highlighting a shift in priorities as the economy begins to stabilize.",Consumer Spending
"The report from the Bureau of Labor Statistics reveals an uptick in job seekers as some major corporations announce mass layoffs, which could have ripple effects on the economy.",Unemployment
"The rise in online shopping has transformed how consumers engage with brands, pushing companies to adapt their strategies to cater to new spending habits that prioritize convenience and accessibility.",Consumer Spending
"As the economy rebounds, there's been an observable uptick in venture capital investments, signaling increased confidence in startup innovations and growth potential.",Market Trends
"Concerns over cybersecurity have prompted the Federal Reserve to take a closer look at the digital infrastructures of banks, aiming to ensure robust protection mechanisms are in place to guard against financial crimes.",Financial Regulation
"An analysis of the latest employment statistics shows a distinct rise in claims for jobless benefits, signaling a troubling shift in the labor market that could affect economic recovery efforts.",Unemployment
"Despite efforts to bolster the economy, many industries are still experiencing significant workforce reductions. Discussions surrounding stimulus measures are focused not just on businesses, but also on how to support individuals facing job loss.",Unemployment
"The government recently announced initiatives aimed at boosting exports of technology products, hoping to capitalize on the growing global demand for innovative solutions and digital infrastructure.",Trade
"Increased competition for available jobs means that recent graduates are finding it particularly hard to land positions, sparking debates about youth unemployment.",Unemployment
"The latest job report indicates a troubling trend as companies across multiple sectors are laying off workers at an unprecedented rate, raising concerns about future job security.",Unemployment
"With inflation concerns on the rise, many analysts are closely monitoring how this will impact buyers' purchasing power. Although some consumers are pulling back on major purchases, others are prioritizing experiences over things, reshaping their spending habits.",Consumer Spending
"Experts believe the potential for increased oversight could lead to a more stable financial environment, though some argue it may stifle innovation within the sector.",Financial Regulation
"As part of the recent measures to stabilize the financial system, banks will now be required to maintain higher levels of capital reserves, leading to concerns over the impact on lending abilities.",Financial Regulation
"Consumer confidence has surged due to a stable job market and rising wages, prompting analysts to predict a bullish trend for retail stocks in the coming months. Industry experts believe this optimism will significantly influence spending behavior, especially in the tech sector.",Market Trends
"Recent reports indicate a growing trend in e-commerce, as brick-and-mortar stores struggle to maintain their market share against online retailers, raising questions about the future of physical retail spaces.",Market Trends
"Many analysts are closely monitoring price trends in various sectors, as the increased demand and limited supply continue to create a challenging environment for consumers and businesses alike.",Inflation
"Analysts suggest that the increase in credit card usage among younger demographics signals a shift in spending patterns, with many eager to invest in leisure activities.",Consumer Spending
"In the wake of a global pandemic, tourism has seen a gradual recovery as travel restrictions ease. This resurgence in travel indicates a potential stabilizing factor for industries heavily impacted in the past, marking a shift in the economic landscape.",Market Trends
"Job fairs have become a common sight in many cities, as individuals seek to rebuild their careers after losing their positions in an unpredictable market driven by fluctuating demand and supply chains.",Unemployment
"Local businesses are reporting that sustained increases in product prices are making it challenging to attract customers, as consumers become more price-sensitive and selective in their purchases.",Inflation
"As the election approaches, new initiatives aimed at affordable housing are becoming a central topic, with many policymakers arguing for urgent reforms to tackle the housing crisis.",Government Policy
"In the last quarter, reports indicated a drastic decline in exports for certain tech companies, prompting calls for re-evaluation of their supply chains to mitigate losses.",Trade
"Rising prices have caused concern among consumers, with many struggling to afford basic necessities as costs for food and energy continue to climb. 5% increase in grocery prices alone has made budgeting increasingly difficult.",Inflation
"In response to fluctuating market demands, several local businesses are reconsidering their sourcing strategies. By focusing on regional suppliers, they aim to mitigate the risks associated with global supply chains and foster community growth.",Trade
"Recent studies highlight a growing trend among millennials toward sustainability in their purchasing decisions, which is starting to reshape market dynamics across several industries.",Market Trends
"With tax refunds hitting bank accounts, analysts report a noticeable uptick in purchases of electronics and home goods, suggesting that consumers are feeling more confident about their finances.",Consumer Spending
"With the upcoming elections, candidates are outlining their strategies to tackle housing affordability, which many believe has become a pressing issue influenced heavily by local government decisions.",Government Policy
"An analysis of the current job market reveals troubling signs, with many sectors reporting higher rates of layoffs and fewer job openings. This might signal a shift in hiring practices that could affect job seekers for an extended period of time.",Unemployment
"As lawmakers debate new regulations surrounding the housing market, experts warn that the changes could lead to a significant impact on housing affordability, making it difficult for first-time buyers to enter the market.",Government Policy
"Recent data shows that despite global economic challenges, the manufacturing sector continues to thrive, thanks to robust demand for exports in the automotive and electronics industries.",Trade
"Many businesses are adapting to the new realities of rising production costs, with several retailers announcing an increase in the prices of their best-selling products by the end of this quarter.",Inflation
"Local governments are preparing to implement the updated zoning laws aimed at easing housing shortages, a move that could impact real estate markets significantly.",Government Policy
The government’s push to tighten oversight of cryptocurrency exchanges reflects a growing concern over investor protection. This has sparked a debate on whether these regulations will help mitigate fraud or ultimately push innovation abroad.,Financial Regulation
"Recent surveys indicate that a majority of consumers plan to increase their spending on travel and entertainment in the upcoming months, signaling a robust recovery in that sector as restrictions ease.",Consumer Spending
"As economic recovery efforts continue, analysts fear that a significant portion of the population could remain jobless for an extended period, slowing down overall growth.",Unemployment
"In a recent analysis, experts noted that layoffs in the tech sector have surged, leading to fears that this could trigger a wider impact on the economy.",Unemployment
"In a surprising turn of events, the recent surge in commodities has led to increased activity in related stock markets. Investors are scrambling to reposition their portfolios in response to the changing landscape.",Market Trends
"The discussion around regulating cryptocurrency exchanges has intensified, with proposals on the table that could dramatically affect how digital assets are traded and secured across jurisdictions.",Financial Regulation
"Education reforms announced last week are aimed at improving access to vocational training programs, a move applauded by advocates who believe this could bridge the gap between education and employment opportunities in emerging industries.",Government Policy
"Recent projections suggest that the ongoing economic downturn could result in significant workforce reductions, raising alarms among local communities struggling to cope with the fallout.",Unemployment
"In a recent report, analysts warned that the impending changes in financial policy could lead to a slowdown in lending practices, potentially affecting small businesses that rely heavily on credit to operate. This has raised concerns among industry leaders.",Financial Regulation
"The recent agreement between the two nations has led to an increase in exports, allowing businesses in both markets to thrive amidst challenging conditions.",Trade
"Emerging reports indicate that there may be an imminent shift in the regulatory framework, which could affect how hedge funds report their activities to the government.",Financial Regulation
Recent reports highlight the challenges faced by local businesses as they attempt to navigate the complexities of international supply chains while aiming for profitability.,Trade
"In the global market, the recent fluctuation of exchange rates is causing exporters to reconsider their pricing models to remain competitive abroad.",Trade
"Changes in federal funding for infrastructure projects are expected to create thousands of jobs, indicating a significant shift in how the government views investment in public works.",Government Policy
"With the recent implementation of stricter compliance requirements, financial institutions are scrambling to adjust their internal policies to meet the new standards. Experts believe that this will lead to a more secure financial environment, though it may also strain smaller firms.",Financial Regulation
"Investors are closely monitoring agricultural commodities after unusual weather patterns disrupted traditional production cycles, leading to potential price hikes.",Market Trends
"By altering the approach to student loan forgiveness, the administration hopes to ease the financial burden on graduates, which could lead to increased consumer spending in the economy.",Government Policy
"The latest statistics show that export volumes in the manufacturing sector have rebounded sharply, indicating confidence in overseas markets despite ongoing uncertainties.",Trade
"Analysts are closely watching the fluctuations in import rates as countries grapple with shortages and demand surges post-pandemic, which could reshape global supply chains significantly.",Trade
"With the rising frequency of data breaches in the financial sector, lawmakers are drafting new rules to ensure companies implement more robust cybersecurity measures. These regulations could fundamentally alter how personal data is handled across the industry.",Financial Regulation
"Critics are voicing their opinions on the proposed changes to healthcare funding, claiming that these adjustments could disproportionately impact lower-income families and individuals,",Government Policy
"As part of its ongoing commitment to consumer protection, the government is considering amendments to existing laws that govern credit reporting agencies, ensuring more accuracy and fairness in scoring.",Financial Regulation
"New tariffs set to be implemented next quarter will significantly affect import prices, impacting the overall economy and consumer choices in the retail sector.",Trade
"In response to rising energy prices, the government has proposed a series of subsidies aimed at low-income households to help offset costs. This initiative has been met with mixed reactions from both consumers and industry experts, who question its long-term viability.",Government Policy
"With the pandemic continuing to impact our economy, various sectors are experiencing layoffs that are causing hardship for families. Experts warn that these trends may persist if recovery does not accelerate soon.",Unemployment
"Recent statistics reveal that people are dining out at higher rates than before, which is encouraging for the restaurant industry as consumers appear more comfortable with discretionary spending.",Consumer Spending
"This holiday season is expected to break records, as companies report that consumer interest in holiday shopping is at an all-time high, with online sales projected to significantly outpace brick-and-mortar stores.",Consumer Spending
The recent announcement from the Federal Reserve regarding higher capital requirements for banks has stirred concerns among investors about potential impacts on loan growth.,Financial Regulation
The recent changes in compliance rules have sparked debates among financial institutions regarding their operational costs and compliance strategies.,Financial Regulation
"In a surprising turn, housing prices in urban areas are rising again, defying earlier predictions of a slowdown as buyers compete for limited inventory.",Market Trends
"Analysts suggest that the recent spike in job losses could be a sign of a larger economic slowdown, with many industries preparing for potential cutbacks.",Unemployment
"As energy costs climb rapidly, analysts predict that consumers will feel the squeeze when it comes to their everyday expenditures, with utilities and transportation becoming major concerns.",Inflation
Wall Street reacted negatively to the announcement that the SEC is proposing new rules on investment disclosures which many in the industry believe could stifle innovation and competition.,Financial Regulation
"The latest data indicates that while wages have seen a modest increase, many workers feel the pinch as their salaries fail to keep pace with soaring living costs. This has led to calls for policymakers to address the widening gap significantly.",Inflation
"In a surprising turn of events, the latest economic forecasts suggest that the purchasing power of average consumers will decline in the coming months. This could lead to a slowdown in retail sales as families tighten their belts in response to increasing prices.",Inflation
"With tariffs set to rise on imported goods, analysts predict a significant shift in the balance of exports and imports that could reshape market dynamics.",Trade
"Despite global uncertainties, the commodities market is experiencing a boom. Traders are particularly interested in precious metals, which are seen as safe havens amid geopolitical tensions.",Market Trends
"In response to the ongoing economic challenges, city leaders have announced a series of initiatives aimed at enhancing local business investment, including tax incentives and streamlined permitting processes. These moves are expected to create a more favorable environment for start-ups.",Government Policy
"Analysts are predicting a shift in market dynamics, especially with the upcoming changes in government policy regarding taxation. Companies are likely to adjust their strategies in response, influencing overall market behavior.",Market Trends
"In response to economic pressures, several large firms have announced voluntary retirement packages in an attempt to reduce headcount, further complicating the job landscape for younger workers.",Unemployment
"After the scandal involving several major banks, there has been talk of enforcing stricter compliance measures to ensure that consumer rights are upheld more rigorously than before.",Financial Regulation
"The recent agreement between the two countries has uplifted local farmers, giving them access to a broader market for their produce and increasing their revenue significantly.",Trade
"With the new trade agreements in place, policymakers are optimistic about the growth potential in agriculture and technology sectors, emphasizing the importance of adaptation in these industries.",Government Policy
"On Wall Street, volatility remains high as traders react to economic indicators that point towards a possible recession. This uncertainty has many looking for safer investments, affecting overall market dynamics and sentiment.",Market Trends
"In a recent report, economists noted that many households are now willing to splurge on home improvement projects, as long-term investments in property become a popular trend.",Consumer Spending
"With the tech sector bouncing back, many are wondering if this upward trend is sustainable. The Nasdaq has broken several records recently, causing a ripple effect in related markets.",Market Trends
"As the import rates of certain consumer goods increase, retailers are faced with the dilemma of either absorbing the added costs or passing them on to consumers. This decision could have lasting impacts on their sales and customer loyalty.",Trade
"Many families are finding it increasingly difficult to afford basic necessities as prices surge. Reports indicate that staples like bread and milk are experiencing the steepest increases, catching many off-guard.",Inflation
"The recent tariff adjustments have led to significant changes in the flow of goods between the nations, affecting industries from agriculture to technology.",Trade
"As the world recovers from the pandemic, economists are noting shifts in global supply and demand, indicating a potential reshaping of traditional trading patterns.",Trade
"With the easing of lockdown restrictions, many consumers are eager to return to their favorite stores, leading to a sharp uptick in foot traffic and sales figures. This resurgence could signal a turning point for the retail sector.",Consumer Spending
"Experts predict that the new trade deal could lead to an increase in agricultural exports, providing much-needed support to farmers who have struggled in the past few years.",Trade
"Recent reports indicate that consumer confidence is at an all-time high, suggesting that people are more willing to invest in the market. This shift could have significant implications for retail and manufacturing sectors.",Market Trends
"Some experts argue that the recent changes in trading regulations are necessary to prevent market manipulation, while others fear it may stifle innovation in the fintech industry.",Financial Regulation
"Several financial analysts are warning that the upcoming election cycle could create volatility in the stock markets, as businesses try to gauge potential changes in policy direction.",Market Trends
"Local businesses are thriving as community members rally to support them; many report a rise in foot traffic and sales, suggesting a positive change in consumer attitudes towards shopping local.",Consumer Spending
Experts say that the increase in home renovations is a sign of renewed confidence in the economy as people invest in their living spaces.,Consumer Spending
"In a recent survey, many small businesses reported difficulties in maintaining their workforce due to decreased consumer demand, leading to tough decisions on staffing.",Unemployment
"Retail sales have shown a surprising increase this quarter, fueled by a rise in disposable income and consumer confidence, indicating that households are feeling more secure and willing to spend.",Consumer Spending
"The disruption in global shipping logistics has resulted in delays for many importers, highlighting the fragility of international supply chains and their economic impacts.",Trade
"Job fairs are seeing a surge in attendance, yet the number of positions available continues to dwindle, leaving many hopeful candidates disheartened.",Unemployment
"An analysis of the recent economic stimulus package reveals that although it aims to provide immediate relief, experts are questioning its long-term sustainability and effectiveness in fostering economic recovery.",Government Policy
"After months of volatility, the agricultural sector has shown signs of resilience, with recent price increases in crops indicating a potential recovery in farm incomes.",Market Trends
"With the implementation of stricter rules surrounding anti-money laundering, many smaller banks are struggling to keep up with the heightened expectations from regulators, which may impact their profitability.",Financial Regulation
"The new regulations on renewable energy incentives have been met with mixed reactions from industry leaders, who argue it could either bolster or hinder growth in that sector.",Government Policy
"The rise in demand for raw materials has put a strain on suppliers, leading to discussions on how to streamline the import process and reduce delays in delivery.",Trade
"In response to the rising costs of living, lawmakers are considering a series of measures intended to curb excessive price increases and provide relief to struggling households.",Government Policy
"Concerns are growing regarding potential retaliatory tariffs as discussions escalate between the two nations, with supply chains poised to be affected significantly.",Trade
"Analysts are noting a significant increase in luxury brand sales, particularly among younger consumers, who are redefining spending priorities in a post-COVID economy. It seems that status symbols are back in vogue, driving growth in high-end markets.",Consumer Spending
"The luxury goods market is experiencing robust growth, fueled by consumers eager to indulge in high-ticket items as they feel more secure in their financial situations post-lockdowns.",Consumer Spending
"With companies like XYZ Corp announcing major layoffs, local communities are bracing for the impact as individuals are pushed to rethink their career trajectories and financial plans.",Unemployment
"With the festive season approaching, retailers are bracing for what analysts believe will be a challenging sales environment impacted by higher costs. Merchants are concerned that if prices continue to rise, spending might drop significantly.",Inflation
"This year, the focus has shifted towards enhancing transparency in the mortgage lending process, as many borrowers remain unaware of the hidden fees that can escalate their debts.",Financial Regulation
"Economic reports show that many people are returning to gyms and fitness classes, signaling a willingness to spend on health and wellness as part of their lifestyle choices.",Consumer Spending
"Investors are keenly watching the shifts in the market as tech stocks soar, showcasing a growing trend in digital transformation fueled by the pandemic.",Market Trends
"The recent proposal for an affordable housing initiative has generated mixed reactions, as stakeholders weigh the implications of such government intervention on market dynamics.",Government Policy
"In a surprising turn of events, the Senate passed new regulations intended to facilitate small business growth. These regulations are expected to simplify the process of applying for loans and grants, thereby benefiting entrepreneurs across the nation.",Government Policy
"After the collapse of a major investment firm, regulators are looking into higher capital requirements for financial institutions deemed 'too big to fail'. Such proposals have ignited intense discussions across the banking sector.",Financial Regulation
"A recent survey revealed that many consumers are prioritizing their spending, with a noticeable shift towards essential goods and services. This change comes as individuals face heightened financial pressures from increasing expenses, resulting in a cautious approach to discretionary purchases.",Inflation
"Legislators are drafting a proposal aimed at increasing funding for public education, reflecting a shift in priorities in the wake of recent economic challenges.",Government Policy
"As interest rates fluctuate, analysts are keeping a close watch on upcoming policies that could either stimulate or slow down economic growth.",Government Policy
"The recent changes in banking policies have sparked conversations across the financial industry, as experts argue that tighter regulations may be necessary to prevent another economic downturn.",Financial Regulation
"Regulators are tightening lending standards in response to rising credit risks, signaling a shift in how banks evaluate loan applications in today’s economy.",Financial Regulation
"In a recent press conference, officials discussed the need for stricter guidelines surrounding credit risks, suggesting that new standards could emerge as soon as the next quarter.",Financial Regulation
"With stimulus checks still fresh in their minds, many families have begun splurging on home improvement projects. Contractors report an influx of requests for renovations and repairs, driving demand in the housing market during this busy season.",Consumer Spending
Recent moves by the European Union to strengthen its banking regulations have sparked debates about the balance between ensuring financial stability and promoting economic growth.,Financial Regulation
"The recent emergency relief package has been lauded by economists who argue that it could catalyze economic recovery, especially in sectors hit hard by the pandemic, such as tourism and hospitality.",Government Policy
"Retail experts suggest that recent spikes in gas prices have led to increased transportation costs, which in turn are being passed down to consumers at the grocery stores.",Inflation
"With the onset of a new quarter, experts are closely watching retail sales figures to gauge consumer confidence and spending behavior in the face of evolving market conditions.",Market Trends
"Recent data shows an increase in tech stocks as more companies adopt remote working technologies. The shift towards digital and remote solutions is reshaping business strategies across industries, suggesting long-term implications for future investments.",Market Trends
"Despite the ongoing economic challenges, retail sales have shown a surprising resilience lately, with consumers flocking to stores during the holiday season. Analysts indicate that this trend could signal a potential recovery in consumer confidence, which has been wavering in recent months.",Consumer Spending
The ongoing debate in Congress regarding the reformation of financial advisory services has highlighted the necessity for greater accountability in investment recommendations made to the public.,Financial Regulation
"Political leaders are debating new regulations concerning the gig economy, and how it will affect freelance workers in an increasingly digital marketplace.",Government Policy
"Many companies have announced hiring freezes, citing inflationary pressures as a primary reason, while experts predict that this trend could extend into the next quarter, affecting thousands of workers.",Unemployment
"Stock prices surged today as investors reacted positively to the latest tech earnings reports, signaling a potential rebound in the sector that many had deemed stagnant.",Market Trends
"In a bold move, the government announced plans to renegotiate several trade agreements that could potentially open up new markets for American exporters. This unexpected shift has left many industry leaders cautiously optimistic about the future.",Trade
"Following the collapse of a major financial institution, the government is facing pressure to implement more stringent oversight measures to protect consumer investments.",Financial Regulation
"In light of recent data, experts are predicting a significant uptrend in housing prices due to limited inventory and high demand. This surge in the real estate market could have far-reaching implications for related industries.",Market Trends
"Shipping costs have escalated dramatically over the past year, prompting many companies to rethink their logistics strategies and consider sourcing materials closer to home.",Trade
"As international relations shift, certain sectors are expected to experience an uptick in investments. Observers note that trade agreements will likely play a crucial role in shaping the future course of specific markets, particularly in tech and energy.",Market Trends
"The recent changes in consumer preferences have forced traditional retailers to adapt their strategies, leading to a rise in innovative marketing approaches and new product offerings.",Market Trends
"In a recent survey, 78% of respondents reported increasing their spending on dining out and entertainment, signaling a shift in consumer behavior as they feel more confident in the economy. However, some experts warn that rising prices could dampen this trend soon.",Consumer Spending
"The manufacturing industry has reported a freeze in hiring, as businesses assess the economic climate and focus on productivity rather than workforce expansion, prompting discussions on skills mismatch.",Unemployment
"In a recent survey, a significant percentage of respondents stated that they have begun reducing their discretionary spending due to heightened cost-of-living pressures, illustrating a shift in consumer behavior.",Inflation
"Federal agencies are collaborating to implement new consumer protection rules, which will regulate predatory lending practices that disproportionately affect low-income communities.",Financial Regulation
"In response to an upturn in discretionary spending, companies are ramping up production to meet the increasing demand for products ranging from home improvement items to recreational activities.",Consumer Spending
"New measures are being discussed to limit the influence of lobbyists on financial legislation, seeking to create a more balanced approach to policymaking in the sector.",Financial Regulation
"The recent infrastructure bill promises to allocate billions for improvements in transportation and public services, aimed at enhancing job opportunities and stimulating local economies. Critics argue about the effectiveness of such measures in the current economic climate.",Government Policy
"New data shows that many families are choosing to upgrade their living spaces, indicated by a notable increase in home renovation expenditures, reflecting a shift toward enhancing personal living environments.",Consumer Spending
"As tariffs on steel imports were recently lifted, manufacturers are pondering the effect this will have on their supply chains and pricing strategies moving forward.",Trade
"A multinational corporation announced plans to establish new manufacturing facilities abroad, aiming to capitalize on lower production costs and favorable local regulations.",Trade
"A recent study revealed that a substantial number of positions are going unfilled in certain sectors, yet the current labor pool struggles to match the qualifications needed, perpetuating economic challenges.",Unemployment
"With production slowing down and businesses shedding employees, analysts are worried that the current wave of layoffs might lead to a long-term downturn in consumer confidence, impacting spending habits.",Unemployment
"As supply chain issues continue to plague multiple industries, the costs of raw materials are reaching new heights. This crisis is pushing manufacturers to consider price hikes, further burdening the consumer with higher bills for essentials.",Inflation
"Recent reports indicate that consumer confidence is on the rise, with many turning to spend more on luxury items, which could indicate a shift in disposable income patterns among various demographics.",Market Trends
"The SEC has announced stricter guidelines for public companies to improve transparency in their financial reporting, which analysts believe will lead to greater investor trust in the long run.",Financial Regulation
"In an unprecedented move, the central bank is considering a shift in monetary strategy as policymakers aim to balance interest rates with inflationary pressures.",Government Policy
"Job fairs are becoming less crowded as the number of available positions continues to dwindle, leaving many applicants feeling discouraged about their prospects. Community leaders are urging the government to take action to stimulate job creation.",Unemployment
"As the holiday shopping season approaches, analysts predict a significant increase in consumer expenditure, particularly in the electronics and luxury goods sectors.",Consumer Spending
"The recent increase in retail sales indicates that shoppers are feeling more confident about their financial situation, which bodes well for the economy moving forward.",Consumer Spending
"The impact of customs regulations is becoming increasingly significant for businesses that import raw materials, as they navigate the complexities of compliance and costs.",Trade
"Changes in foreign currency rates have implications for exporters, especially those dealing in volatile markets, as they navigate pricing strategies to remain competitive.",Trade
"In light of shifting alliances, several companies are reevaluating their export strategies to ensure compliance with the evolving regulatory landscape of foreign markets.",Trade
"New data reveals that while some sectors are hiring, many others are simultaneously downsizing, causing a frustrating imbalance in the job market that affects families trying to make ends meet.",Unemployment
"A series of town hall meetings were held to discuss the new immigration policies, with many citizens expressing concerns over their implications for labor markets.",Government Policy
"As disposable incomes rise, many families are reallocating their budgets towards dining out and travel, hinting at a renewed sense of financial confidence among shoppers.",Consumer Spending
A proposed increase in tariffs on imported goods could impact not just manufacturers but everyday consumers as well. Experts are divided on whether this protectionist move would lead to long-term benefits for the local economy or merely inflate prices.,Government Policy
"Several industry leaders have commented on the rising cost of raw materials, which is forcing manufacturers to reconsider their pricing strategies to maintain profit margins amid rising operational costs.",Inflation
"With many people struggling to find stable work, there are increasing calls for policy changes to support those affected by recent shutdowns and industry changes.",Unemployment
"The latest report indicates a surprising uptick in the number of people dining out, suggesting that consumers are prioritizing leisure activities as they regain financial stability post-pandemic.",Consumer Spending
"Recent reports have highlighted the struggles faced by recent graduates entering a tight labor market, where job openings often require experience that many simply don't have, creating a paradox for young job seekers.",Unemployment
"Communities across the nation are feeling the effects of job losses in manufacturing, sparking local governments to initiate skills training programs aimed at helping displaced workers transition to new roles.",Unemployment
"The Securities and Exchange Commission is considering new guidelines that could reshape how investment firms operate, potentially affecting everything from fees to reporting requirements.",Financial Regulation
"Analysts predict that without intervention, the jobless rate could remain elevated for an extended period, affecting numerous sectors across the economy.",Unemployment
"City leaders are discussing potential policies to bolster job creation, aiming to address the growing dissatisfaction among residents who find it hard to secure stable employment.",Unemployment
"The latest economic indicators suggest that households are spending more on discretionary items, a notable shift from the frugality witnessed during the peak of the pandemic. Experts believe that this could lead to a boost in various sectors, including travel and entertainment.",Consumer Spending
"The monthly consumer price index revealed a sharp increase in the prices of essential goods, prompting analysts to warn of potential economic consequences if trends continue unchecked.",Inflation
"In a groundbreaking decision, the committee has proposed new rules aimed at increasing transparency in the financial markets, which could significantly reshape how investments are packaged for consumers.",Financial Regulation
"In a surprising shift, the retail sector has experienced a boom as more consumers are spending online, pushing stock prices of major e-commerce players to all-time highs.",Market Trends
"With the job market showing signs of recovery, experts suggest that people will feel more comfortable making bigger purchases like cars and homes soon.",Consumer Spending
"A significant shift in labor legislation has been proposed, which advocates claim will protect worker rights, while opponents argue it could stifle economic growth and innovation.",Government Policy
Treasury Secretary Janet Yellen emphasized that new guidelines for cryptocurrency exchanges will be vital in combating money laundering and protecting investors' interests.,Financial Regulation
"The latest survey reveals that consumers are prioritizing spending on experiences rather than material goods, showing a shift in buying habits post-pandemic.",Consumer Spending
"With a rise in household incomes reported nationwide, retailers are preparing for a significant uptick in holiday shopping, as families look to splurge on gifts after years of frugality during economic uncertainty.",Consumer Spending
"In an unexpected turn, tech giants are investing heavily in renewable energy, suggesting a significant pivot in corporate strategies that may reshape market landscapes in the long run.",Market Trends
"The recent proposal from the central bank to tighten loan origination standards could potentially limit access to credit for many consumers, raising concerns about its impact on economic growth.",Financial Regulation
"Amid rising scrutiny over how tech giants handle user data, lawmakers are now evaluating proposals that would impose stricter financial disclosures on these companies.",Financial Regulation
"Shipping delays caused by port congestion have led to rising costs for companies that depend on international shipments, affecting their bottom lines.",Trade
"Retail sales have surged by 10% this quarter, signaling that consumers are feeling more confident in their financial situations and are ready to spend more on non-essential items.",Consumer Spending
"Economic forecasts for the next quarter highlight that consumer activity is likely to remain strong, particularly in travel and hospitality industries that are welcoming back patrons.",Consumer Spending
"Local businesses are feeling the pressure as suppliers are demanding higher prices for raw materials. This shift is forcing entrepreneurs to raise their prices as well, potentially alienating consumers who are already budget-conscious after a tough financial year.",Inflation
"With economic uncertainties at the forefront, regulators are focusing on ensuring that lending practices remain sustainable, aiming to protect consumers from predatory loans.",Financial Regulation
"The recent push for green energy policies is being hailed as a necessary evolution in addressing climate change, although some industry leaders express concerns about the immediate economic costs.",Government Policy
"Local businesses are adjusting their strategies in response to shifting consumer behavior post-pandemic, particularly in how they market their products online.",Market Trends
"In light of recent financial reports, the economy appears to be on shaky ground, with many consumers finding it increasingly difficult to manage loans and credit card debts due to higher payments. Some financial advisors recommend reassessing budgets and prioritizing essential expenditures.",Inflation
The government's decision to subsidize green energy projects has sparked debate on how these initiatives may reshape the energy market landscape moving forward.,Government Policy
"A recent survey revealed that manufacturers are increasingly looking towards local sources to reduce dependency on international suppliers, a trend they believe will enhance resilience.",Trade
"A recent analysis shows that millennials are driving a notable increase in subscription services, reflecting a shift in how younger generations view ownership and service consumption. This trend in spending is leading companies to rethink their marketing strategies to cater to this demographic.",Consumer Spending
"With layoffs in the tech sector becoming more prevalent, the outlook for job seekers this year appears increasingly grim, leading to a potential economic slowdown.",Unemployment
"Many economists are closely monitoring the bond markets as they show signs of reacting to price increases in various industries. The yield on government bonds has fluctuated, indicating investor concerns over the potential long-term economic impacts.",Inflation
"In response to the economic downturn, regulators are implementing stricter rules aimed at curbing high-risk lending practices. While the intention is to safeguard consumers, some argue that it could hinder access to credit for deserving individuals.",Financial Regulation
The recent agreement between countries to reduce tariffs on imported goods has sparked optimism among business owners who rely heavily on overseas supplies.,Trade
"The newly announced tax cuts aim to stimulate economic growth by putting more money in the pockets of consumers, which the administration believes will ultimately boost spending across various sectors.",Government Policy
"The rise in electric vehicle stocks indicates a significant pivot towards green energy, highlighting a noteworthy trend among investors looking for sustainable ventures.",Market Trends
"The increase in transportation costs is affecting not just logistics but also the end prices consumers pay at stores, prompting a debate on potential legislative solutions.",Inflation
"The agricultural sector is facing challenges as new policies from trading partners create barriers for farmers. With crops going unsold due to export restrictions, many are left wondering how to sustain their livelihoods while adapting to the changing landscape.",Trade
"Despite the ongoing global pandemic, the housing market remains resilient, with home prices climbing to new highs across several major cities.",Market Trends
"In a recent press briefing, the Secretary of State detailed the government's strategy to enhance infrastructure investment over the next decade, hoping to stimulate job growth and economic development.",Government Policy
"As the stock market fluctuates, regulators are concerned about the impact of speculative trading practices on ordinary investors, leading to calls for a review of existing guidelines.",Financial Regulation
"Many consumers are feeling the pinch as anecdotal reports of price increases become commonplace, with items like oil and butter seeing significant upticks. Retailers may be forced to adapt quickly to these changing market conditions.",Inflation
"Market analysts have observed that online shopping carts are heavier this quarter, with a significant increase in discretionary purchases, signaling a boost in consumer optimism.",Consumer Spending
"Retail sales figures showed a surprising uptick last quarter, indicating that shoppers are feeling more confident about their financial situations and are ready to make purchases again.",Consumer Spending
"Emerging markets are becoming a focal point for investors, as increased foreign investments are leading to a rapid uptick in local economies, suggesting a shift in global economic power dynamics.",Market Trends
"Recent audits of mortgage lenders have revealed alarming discrepancies in loan processing, prompting calls for a thorough investigation into lending practices and how they affect homeowners.",Financial Regulation
"The latest survey shows that families are cutting back on dining out, but interestingly, they're investing more in home entertainment systems during this period.",Consumer Spending
"Recent funding allocated for public education is seen as a vital step towards addressing inequalities in the system, fostering a more educated workforce for the future.",Government Policy
"A recent report highlighted the lack of financial literacy programs offered by banks, leading to discussions among policymakers about the need for regulations to mandate better consumer education as financial products become more complex.",Financial Regulation
"As the deadline for compliance approaches, smaller financial institutions are struggling to meet the new reporting standards, raising concerns about their operational viability.",Financial Regulation
"The stock market has shown a remarkable recovery this quarter, with tech stocks leading the way, prompting analysts to speculate on future growth.",Market Trends
"Regulators are examining the practices of several large tech firms after allegations surfaced regarding their handling of user financial information, which may lead to tighter controls on data sharing.",Financial Regulation
"Although there are concerns about rising prices, consumers remain optimistic, as job prospects improve and more people are willing to splurge on discretionary items. This confidence may foster a more vibrant economic environment.",Consumer Spending
The recent surge in goods transported across international lines has raised questions about the sustainability of current shipping practices and their environmental impacts.,Trade
"With the closure of several local factories, many workers are left scrambling for new jobs, causing a ripple effect in the community and raising questions about job security across the region.",Unemployment
"Consumer behavior is adapting, with emerging trends in e-commerce reshaping traditional retail landscapes this quarter.",Market Trends
"The recent spike in housing prices has led to questions about how sustainable this growth is, especially with wages not keeping pace with the overall cost of living increases across the nation.",Inflation
"According to analysts, sudden spikes in energy prices are expected to ripple through various sectors, significantly affecting the purchasing power of consumers. This ongoing situation raises questions about future economic stability.",Inflation
The volatility seen in commodities trading recently has raised questions about supply chain stability and its impact on overall market performance.,Market Trends
"As nations continue to navigate their relationships, many are turning to bilateral agreements to strengthen their economic standing. The focus on collaboration may lead to unexpected shifts in supply chains.",Trade
"Experts warn that the current trajectory of price hikes could lead to a ripple effect across various sectors, exacerbating consumer anxiety and altering spending habits.",Inflation
"Marketers are noting a clear trend towards sustainable products, as consumers are increasingly willing to pay a premium for goods they perceive as environmentally friendly, which is influencing purchasing trends.",Consumer Spending
"Recent data shows that local producers have seen an uptick in sales, indicating a robust demand for domestic products over foreign imports, affecting overall market balance.",Trade
"Recent data from the stock market reveals a shift in consumer preferences, favoring sustainable brands and local businesses over global corporations, which is reshaping the competitive landscape.",Market Trends
"As trade agreements evolve, lawmakers are considering adjustments to tariffs that could influence domestic industries and consumer prices.",Government Policy
"Many young professionals entering the job market are faced with uncertainty as internships and entry-level positions seem to dwindle, prompting discussions about the long-term implications on their careers and financial stability.",Unemployment
"There has been a significant overhaul in the rules governing credit rating agencies, aiming to prevent conflicts of interest that may arise in their operations.",Financial Regulation
"Amid rising tensions over trade tariffs, local authorities are crafting strategies to bolster domestic manufacturing, signaling a shift in focus toward self-sufficiency and recovery.",Government Policy
"Experts say that the rapid increase in costs is a result of supply chain disruptions and increased demand following the pandemic, leading to higher prices in various sectors.",Inflation
"Market analysts are keeping a close eye on the forthcoming regulations that may affect hedge funds, as these rules could redefine the balance between risk-taking and investor protection.",Financial Regulation
"In a surprising turn of events, the latest job creation numbers have fallen short of expectations, raising alarms about the overall health of the job market and its implications for economic growth.",Unemployment
"In light of the economic downturn, the administration has introduced a new stimulus package aimed at bolstering small businesses, which many hope will help stabilize the struggling economy.",Government Policy
"The grocery store shelves are displaying significant price tags that reflect the ongoing struggle with production and supply chain issues. Customers are now noticing that their weekly expenses are rising, leading to tough choices about what to purchase each week.",Inflation
"Prices for everyday goods have surged in recent months, leaving consumers wrestling with the sharp increases at the grocery store and gas pump. Economists warn this trend may not reverse anytime soon, affecting household budgets across the nation.",Inflation
"Despite the ongoing pandemic, the real estate market has seen a remarkable rebound, raising questions about sustainability. Home prices have skyrocketed in certain areas, prompting debates about affordability and the effects on local economies.",Market Trends
"As disposable income rises, more families are investing in experiences rather than just products, which could reshape how businesses market their offerings going forward.",Consumer Spending
"A report from the government highlights the need for improved standards in risk assessment for financial products sold to consumers, particularly those with complex structures that are often not well understood.",Financial Regulation
"Local businesses are struggling, and as they cut back on staff, many families are facing financial instability. It’s becoming a community crisis.",Unemployment
"As countries continue to impose restrictions on foreign products, local industries are gearing up to compete more aggressively in the domestic market.",Trade
"Many graduates are entering the workforce with limited opportunities in their fields, causing a ripple effect on the local economy as spending power diminishes.",Unemployment
"In the wake of escalating prices, the government is considering policy measures aimed at alleviating the financial burden on citizens, including tax relief initiatives to help ease the pressures on household budgets.",Inflation
"Reports suggest that seasonal employment opportunities are dwindling this year, which may lead to higher competition among job seekers in the coming months.",Unemployment
The government is being urged to take action as reports indicate that the cost of living is outpacing wage growth at an alarming rate. Many workers are expressing frustration over stagnant salaries amidst escalating expenses for basic goods and services.,Inflation
"The recent amendments to the labor laws are expected to affect millions of workers, with a focus on increasing minimum wage and ensuring better workplace conditions.",Government Policy
"Reports indicate that the hospitality sector is struggling to retain staff, prompting a reevaluation of working conditions and salaries in order to attract talent back into the fold.",Unemployment
"The latest figures reveal a drastic change in consumer behavior, with more individuals opting for online shopping, which industries are now adjusting to accommodate.",Market Trends
"The latest economic report highlights a significant rise in discretionary spending over the last quarter. Experts suggest that improved consumer confidence and availability of vaccines have contributed to this positive trend, offering hope for retailers still battling the pandemic's impact.",Consumer Spending
"The growth observed in the luxury goods market suggests that the affluent are less affected by rising prices, continuing to spend extravagantly on high-end products.",Consumer Spending
"Consumers have started to notice that even basic items are costing more than they did just a year ago, prompting some to delay larger purchases while they figure out the new normal of their finances.",Inflation
"The government is considering new policies that could either hinder or facilitate access to foreign markets for local businesses, with many stakeholders pushing for more favorable terms.",Trade
The latest data reveals that households are increasingly investing in home entertainment systems as they prioritize comfort and leisure during the ongoing pandemic. This trend suggests a shift in how people allocate their disposable income.,Consumer Spending
An upcoming summit will focus on the implications of global financial regulations and their role in the shifting landscape of international trade. Experts believe that harmonizing these regulations will be crucial for fostering a fair and competitive market.,Financial Regulation
"A recent report indicated that credit card companies could face stricter rules on interest rates and fees, which might lead to more favorable conditions for everyday borrowers seeking credit.",Financial Regulation
"As local businesses struggle to maintain profitability, many are forced to reduce their staff, contributing to a growing sense of uncertainty among workers who fear job security in the coming months.",Unemployment
"Local businesses report that the rapid increase in raw material prices is forcing them to reconsider their pricing strategies, with some hinting at potential layoffs if the trend continues.",Inflation
"Recent reports indicate that housing prices have reached new highs, sparking discussions among investors about potential corrections. Many are keeping a close eye on interest rates, which could significantly impact future growth.",Market Trends
"In response to escalating tensions, both nations agreed to sit down and negotiate terms that could ease restrictions on imports and exports. Analysts believe this diplomatic approach could help stabilize fluctuating markets across various sectors.",Trade
"The workforce is adapting to new realities, but increased layoffs and business shutdowns are causing anxiety among job seekers, who fear they may struggle for months to find suitable work in the current climate.",Unemployment
"The new guidelines released by the SEC aim to tighten oversight of investment advisors, a move that has been largely welcomed by consumer advocacy groups. Such changes are expected to enhance transparency and protect investors from potential fraud.",Financial Regulation
"Concerns over mental health among job seekers have surfaced, with many expressing anxiety about their job prospects in a rapidly evolving landscape where traditional roles are disappearing.",Unemployment
"A recent study showed that countries with more stringent banking regulations tend to have lower rates of financial crime, suggesting that enhanced oversight could be beneficial for the overall health of the economy.",Financial Regulation
"In response to several high-profile trading scandals, the financial authorities have proposed stricter compliance measures that could reshape the future of Wall Street operations.",Financial Regulation
A recent survey reveals that more consumers are cutting back on discretionary spending as they face rising prices for basic goods and services. This shift in behavior could impact retailers' bottom lines in the upcoming quarters as the economy adjusts.,Inflation
"The prices of basic commodities like food and fuel have soared dramatically over the past few months, leading to widespread concerns about how families will make ends meet.",Inflation
A collaborative effort between state and federal agencies aims to incentivize technological innovation in agriculture. This approach is designed to boost productivity and ensure food security in an era of climate change.,Government Policy
"As the cost of raw materials surged, manufacturers are warning consumers that prices for everyday goods are going to increase, putting additional strain on family budgets.",Inflation
"Many states are facing budget shortfalls as a result of rising numbers of people seeking assistance, highlighting a concerning trend in the labor market.",Unemployment
"In response to the series of financial crises, the central bank is reviewing the current framework governing financial derivatives to ensure better risk management and accountability within the sector.",Financial Regulation
The recent job cuts announced by several major tech companies have raised concerns about the stability of the labor market as more individuals find themselves without employment opportunities.,Unemployment
"While some industries are thriving, others are facing severe cuts in workforce numbers, prompting discussions about necessary support systems for those suddenly without jobs.",Unemployment
"After months of saving during the lockdown, many are now treating themselves to travel and entertainment, reflecting a pent-up demand for outings and vacations.",Consumer Spending
"As countries negotiate new agreements, analysts suggest that changes in the flow of goods could create both challenges and opportunities for local businesses in various markets.",Trade
"Market analysts predict that as consumer confidence grows, there will be a ripple effect on job creation and business investments, further solidifying economic recovery.",Consumer Spending
"The recent decision by the Federal Reserve to adjust interest rates has sparked conversation about how this will influence consumer borrowing habits and spending patterns in the coming months, with predictions of varying impacts in different markets.",Government Policy
"With the upcoming elections, candidates are ramping up their rhetoric on various reforms, particularly in areas affecting social welfare, and analysts are keeping a close eye on how these promises will shape the economy.",Government Policy
"As the global supply chain starts to recover from the disruptions caused by the pandemic, there is a renewed focus on how countries can collaborate better to facilitate smoother transitions for goods. This has raised discussions among economists about the future of international commerce.",Trade
"With many companies announcing layoffs, experts warn that the ripple effects will likely strain local economies and reduce spending power.",Unemployment
"The government has launched initiatives aimed at retraining and upskilling workers who have been laid off amid restructuring efforts in various sectors, hoping to address the skills gap.",Unemployment
"New rules have been proposed to enhance the oversight of banks in the wake of recent economic instability, aiming to ensure that financial institutions maintain adequate capital reserves to withstand market shocks.",Financial Regulation
"A recent study reveals that younger workers are disproportionately affected by the current job market dynamics, with many struggling to find positions that align with their education and skills.",Unemployment
The recent discussions in the Senate about reducing regulations on small businesses have raised concerns about potential negative impacts on labor rights and consumer protection.,Government Policy
"The government statistics released today reveal a surge in household expenditure during the last quarter, driven mainly by spending on electronics and home improvement items as people continue to invest in their living spaces.",Consumer Spending
"With the latest round of economic stimulus measures set to expire, many are left wondering how this will impact the millions who are still struggling to find steady work amid ongoing uncertainties in the job market.",Unemployment
"The city’s workforce development program is witnessing an unprecedented increase in participation, as individuals seek retraining to enhance their prospects amidst shifting industries.",Unemployment
"New tariffs imposed on imported goods could significantly alter market dynamics, prompting manufacturers to rethink their supply chains and strategies.",Trade
"With industries adjusting to post-pandemic realities, many workers are finding it increasingly difficult to secure new positions, illustrating a troubling trend in hiring practices.",Unemployment
"A survey indicates that nearly 40% of workers are anxious about potential layoffs, reflecting broader concerns about the stability of their positions in an unpredictable economy.",Unemployment
The recent changes in how banks are required to report their capital reserves are raising questions about the long-term stability of the financial sector. Analysts are closely watching for any signs that these adjustments could affect lending practices in the coming months.,Financial Regulation
"The government has announced a series of measures designed to improve transparency in the lending process, which experts believe could help prevent future financial crises and protect consumers.",Financial Regulation
"In light of the recent economic downturn, there has been a push for stronger regulations on hedge funds to prevent excessive risk-taking that could jeopardize the entire financial system.",Financial Regulation
"The newly proposed guidelines by the SEC aim to tighten oversight on trading practices, ensuring that all transactions are transparent and recorded properly. This is expected to enhance investor confidence and stabilize the market.",Financial Regulation
"Despite recent struggles in some sectors, there are signs of growth as companies adapt to shifting demands. For instance, tech firms have reported increased interest in their products from overseas markets, which is encouraging for future earnings.",Trade
"Many analysts are closely watching the real estate sector, where home prices continue to rise, reflecting the demand and scarcity in urban areas.",Market Trends
"As consumer confidence rises, analysts predict that stock prices will continue to climb. This optimism is largely driven by strong retail performance, which suggests that the economy is picking up steam.",Market Trends
"Amid ongoing negotiations, exporters are facing uncertainty over future trade agreements which could reshape supply chains and market access in the coming months.",Trade
"Analysts believe that the anticipated revisions to the consumer protection laws will make it more difficult for financial institutions to exploit loopholes, leading to a more stable economic environment.",Financial Regulation
"As global supply chains face disruptions, local governments are intervening to secure resources that are essential for maintaining economic stability. This has led to discussions about state-level interventions in critical industries.",Government Policy
"The economic outlook for the upcoming year appears grim, with many analysts predicting further job losses in sectors that have not yet recovered from the decline in demand.",Unemployment
"As costs soar for everyday goods, many families are finding it increasingly difficult to manage their budgets, leading to frustrations and discussions about wage adjustments.",Inflation
"Local shops are reporting an uptick in foot traffic as customers return to stores, suggesting a shift back to in-person shopping experiences as the pandemic recedes.",Consumer Spending
"The housing market is also feeling the pressure as rent prices show no signs of slowing down. Many renters express frustration, stating that they are forced to make tough decisions about where to live due to rising costs.",Inflation
"Some economists are predicting that the recovery from the recent economic downturn will be slow and uneven, with certain demographics remaining at a disadvantage when it comes to job opportunities.",Unemployment
"With the surge in digital currencies, regulators are considering establishing a comprehensive set of rules to oversee cryptocurrency exchanges and protect consumers from potential fraud.",Financial Regulation
"The current economic climate has led to renewed discussions on wages, as many workers demand higher compensation due to the rising cost of living. Experts predict that if this trend continues, it may result in further adjustments across the labor market that could impact businesses in various sectors.",Inflation
"During a press conference, the president announced a series of measures aimed at revitalizing the economy, including increased funding for infrastructure projects that are expected to create job opportunities and stimulate economic growth.",Government Policy
"Tech companies are making headlines as they adapt to changing market conditions, highlighting the need for agility in response to evolving consumer behavior.",Market Trends
"A study released by the National Economic Council highlights the government's efforts to tighten regulations on higher education institutions, emphasizing accountability in student loans and funding.",Government Policy
"Analysts are closely monitoring the upcoming summit where leaders are expected to discuss the framework for future economic collaborations, which could reshape market access for various sectors.",Trade
"Local farmers are now able to access international markets, allowing them to sell their crops at higher prices, which is expected to boost the regional economy significantly.",Trade
"Customer sentiment has shifted positively, as numerous polls reflect a willingness to invest in personal experiences, such as concerts and events, amidst a recovering economy.",Consumer Spending
"The stock market has shown significant fluctuations this quarter, leaving investors wondering about the future direction of the economy.",Market Trends
"City officials are grappling with budget decisions as rising costs for public services threaten to inflate operating expenses. Without careful planning, residents could see hikes in property taxes and service fees to address these financial pressures.",Inflation
"Comparative studies show that consumer preferences are shifting dramatically towards sustainable and eco-friendly products, compelling brands to adapt their marketing strategies accordingly.",Market Trends
"House legislators are debating a bill that would create an independent board to oversee changes in financial advisory practices, aiming to protect investors from misleading advice.",Financial Regulation
"Rising costs for essential items have hit consumers hard this year, leading to adjustments in household budgets everywhere. Many families are struggling to afford basic groceries due to persistent price increases, leaving them to rethink their purchasing habits.",Inflation
"The latest figures show a significant rise in import volumes as businesses adapt to changing market conditions, leading to concerns about balance of payments.",Trade
"In light of ongoing negotiations, many businesses are adjusting their supply chains to navigate new customs regulations that have been implemented since the last round of talks.",Trade
"In light of emerging fintech companies, traditional banks find themselves facing challenges that may prompt regulatory bodies to rethink existing compliance frameworks to better align with technological advancements.",Financial Regulation
"A new survey reveals that a majority of Americans are planning to increase their spending on dining out this summer, reflecting a shift towards more leisure-oriented expenditures as pandemic fears ease. This change could have significant implications for the hospitality industry.",Consumer Spending
"Experts are analyzing the recent surge in consumer activity, with many attributing this trend to the reduction in inflation rates and increased disposable income among Americans.",Consumer Spending
"When major companies default and close their doors, the fallout can be devastating for working-class communities. The social fabric might fray as multiple families contend with the sudden loss of income.",Unemployment
"Investors are closely watching the bond market as yields fluctuate. A rise in yields could indicate a shift in how the market values risk, potentially impacting stock performance across various sectors.",Market Trends
"Changes in capital requirements for banks are expected to alter the lending landscape, with some institutions predicting lower levels of consumer and business loans as they adjust to the new demands.",Financial Regulation
"The recent amendments to the Dodd-Frank Act aim to enhance oversight of credit rating agencies, compelling them to disclose their methodologies and potential conflicts of interest.",Financial Regulation
"Analysts predict that the easing of restrictions on exports will lead to a surge in shipments of electronics, benefiting both manufacturers and consumers in the long run.",Trade
"As discussions around debt ceiling negotiations unfold, experts speculate on how proposed fiscal reforms might impact the overall stability of the financial markets.",Financial Regulation
"A local business owner shared concerns that new quotas being discussed could limit their ability to export products to international markets, threatening their bottom line.",Trade
"Surveys show that people are willing to spend more on sustainable products, indicating a shift in consumer preferences towards environmentally friendly options.",Consumer Spending
"A new report reveals a worrying trend in price surges for basic commodities, which could lead to shifts in consumer behavior as people seek more affordable alternatives. Retailers are feeling the pressure to manage their pricing strategies more effectively.",Inflation
"With the rise of e-commerce, the logistics sector is experiencing a boom, necessitating innovative solutions to meet the demands of global shipping and distribution.",Trade
"A new report indicates that while the overall economy shows signs of growth, many workers, especially in service industries, are struggling to return to the workforce after the pandemic disruptions.",Unemployment
"Analysts report that retail sales have increased, driven by a surge in e-commerce transactions, indicating a long-term change in how consumers shop.",Market Trends
"The impact of currency fluctuations on export prices has become a focal point for businesses, as they navigate the complexities of maintaining competitive pricing on the global stage.",Trade
"After months of negotiations, the city council has finally unveiled a comprehensive housing policy that seeks to address the affordable housing crisis, sparking a mix of support and resistance from residents and developers alike.",Government Policy
"Despite economic recovery signs, a significant portion of the workforce remains out of work, prompting discussions among policymakers about effective solutions.",Unemployment
"Higher costs for raw materials have prompted manufacturers to pass on expenses to consumers, with many goods seeing marked price adjustments. This trend is particularly evident in the construction industry, where material shortages exacerbate the situation further.",Inflation
"Despite inflationary pressures, many Americans have increased their expenditures on home improvement projects, indicative of a stronger housing market and a desire for enhanced living spaces.",Consumer Spending
"The shifting dynamics of consumer preferences highlight a trend towards sustainable and local products, indicating a deeper engagement with ethical spending practices over mere transactional behavior.",Consumer Spending
"After months of negotiations, a multinational deal was reached that aims to standardize export regulations, making it easier for firms to operate across borders without facing numerous hurdles.",Trade
"New rules are expected to be implemented by the SEC to tighten oversight on hedge funds and private equity firms, addressing concerns over transparency and ethical practices.",Financial Regulation
"Reports indicate that agricultural exports have surged, helping to offset losses experienced in other sectors due to seasonal variances. This uptick in export activity could signify a strengthening agricultural economy, which is a key player in overall national growth.",Trade
"The surge in rents across major cities has left many residents grappling with their monthly expenses, forcing them to make difficult choices about housing and necessities.",Inflation
"In a surprising turn, reports suggest that online shopping has seen a massive uptick during the pandemic, reflecting a shift in spending habits as people turned to e-commerce for their needs.",Consumer Spending
Recent surveys have shown that households are tightening their budgets as the prices of essential items like fuel and groceries continue to climb. Many families report feeling the squeeze on their finances more than ever before.,Inflation
"Many consumers are now opting for budget-friendly alternatives as the cost of living rises, which could reflect a shift in long-term buying behavior across multiple sectors.",Consumer Spending
"The anticipated legislation aims to enhance consumer trust in financial institutions by mandating clearer disclosures regarding fees associated with various investment products, a move welcomed by advocacy groups.",Financial Regulation
"The latest job report indicates a significant rise in the number of people filing for jobless benefits, raising concerns about the overall stability of the labor market.",Unemployment
Recent discussions about immigration reform at a federal level are stirring hope among various industries that rely on foreign labor. Advocates suggest that redefining work visas could alleviate workforce shortages in critical sectors.,Government Policy
"Analysts are watching closely as Congress debates new legislation that could alter the landscape of renewable energy investments. Proponents argue the bill would usher in a new era of sustainability, while opponents caution against the potential economic repercussions of increased regulation.",Government Policy
"Local municipalities are grappling with the implications of new environmental regulations that require businesses to adopt greener practices, causing both concern and excitement among entrepreneurs planning for the future.",Government Policy
"The recent report indicated that energy prices have spiked significantly, with the average household now facing much higher utility bills, raising concerns among financial analysts about long-term spending habits.",Inflation
There's a growing concern that potential restrictions on international commerce due to geopolitical issues will hamper economic momentum. Experts highlight the importance of maintaining open channels to ensure a robust recovery from recent global downturns.,Trade
"The impact of automation and technology integration in various sectors has raised alarms about job security; while innovation drives progress, it also threatens numerous positions that require human labor.",Unemployment
"An unexpected increase in the minimum wage has sparked discussions about the implications for small businesses struggling to keep their doors open. Many owners are advocating for a phased approach to any such changes, fearing immediate impacts on their bottom line.",Government Policy
"With e-commerce dominating retail, brick-and-mortar stores are having to rethink their strategies to remain competitive. This evolution may impact market dynamics and consumer choices, challenging traditional business models.",Market Trends
"Investors are taking note of the changing landscape in renewable energy, as more companies pivot towards sustainability; this trend is expected to influence stock valuations significantly over the next few years.",Market Trends
"As tariffs on steel imports rise, industries reliant on these materials are bracing for a potential price hike, which could impact their competitiveness in domestic and international markets.",Trade
"A recent study shows that more than 50% of financial professionals believe that increasing compliance costs could jeopardize small investment firms, prompting calls for a reassessment of current regulations.",Financial Regulation
"The latest data reveals a surprising uptick in consumer electronics sales, which some attribute to emerging technologies influencing purchasing decisions across demographics.",Market Trends
"The latest data shows a distinct rise in prices for essential commodities, causing concerns among consumers about their purchasing power.",Inflation
The recent announcement by the administration to overhaul the tax code has sparked debates among economists about its potential impact on the national deficit.,Government Policy
The Federal Reserve's unexpected interest rate hike has led to a heated debate among economists regarding its potential effects on consumer borrowing and spending habits.,Government Policy
"Local government has initiated a series of grants to support small businesses affected by the recent economic downturn, aiming to enhance local entrepreneurship.",Government Policy
"In an effort to bolster domestic growth, the government is considering incentives for companies that source materials locally. Economic analysts are optimistic that such measures will invigorate local businesses and create a healthier marketplace.",Trade
"Despite economic uncertainty, fashion retailers reported better-than-expected sales figures in Q3, with consumers eager to refresh their wardrobes for the upcoming season.",Consumer Spending
"The ongoing negotiations in the Asia-Pacific region are crucial for companies looking to leverage new markets, as emerging nations are showing increased demand for goods.",Trade
"In the last quarter, the price of lumber has seen an unprecedented increase, leading to higher costs for new homes and renovations. Builders are now facing tough decisions about how to pass these expenses onto consumers while trying to maintain sales in a recovering housing market.",Inflation
"The latest job report indicates a significant rise in jobless claims, prompting concerns among economists about the health of the workforce.",Unemployment
"President's new initiative to increase infrastructure spending has received mixed reactions from various sectors. While some applaud the potential for job creation, others worry about the long-term impacts on the national debt.",Government Policy
"Local farmers are expressing concern over new quotas being proposed for agricultural exports, worried that their livelihoods could be severely impacted if these measures are enacted next quarter.",Trade
"With the latest amendments to the health care act, the administration is pushing for coverage expansions while aiming to reduce costs for low-income families, prompting debates among lawmakers.",Government Policy
"In an effort to combat rising prescription drug costs, new measures have been introduced that mandate transparency from pharmaceutical companies regarding pricing and discounts offered to healthcare providers.",Government Policy
"For many businesses, the ease of exporting has seen a notable uptick thanks to recent trade agreements, allowing them to expand their customer base significantly.",Trade
"Recent reports indicate that shipping costs have soared due to port congestion and regulatory changes, causing delays for many businesses that rely on timely deliveries to meet market demands.",Trade
"The recent audit revealed several discrepancies in loan origination practices, prompting the need for clearer guidelines to prevent mishandling of consumer loans.",Financial Regulation
"While overall spending has taken a hit due to economic pressures, luxury goods have seen a surprising uptick, indicating that there is still a segment of the population willing to invest in high-end products.",Consumer Spending
Reports indicate that financial institutions are facing increased scrutiny regarding their risk management strategies and how they disclose potential conflicts of interest to their clients.,Financial Regulation
"A report issued by the Commerce Department indicates a sharp increase in exports to Asia over the last quarter. This trend highlights the resilience of American goods abroad, particularly in electronics and agricultural sectors, which are seeing unprecedented demand.",Trade
"A recent policy change regarding renewable energy incentives is set to transform the landscape of the solar industry. By increasing tax credits for solar installations, the government hopes to accelerate the transition to clean energy.",Government Policy
"Emerging trends suggest that consumers are prioritizing sustainability in their purchasing decisions, often opting for eco-friendly products even if they come with a higher price tag.",Consumer Spending
"Experts are pointing to demographic shifts as companies are less willing to hire older workers, exacerbating the challenges faced by this group in the job market today.",Unemployment
Negotiations surrounding the North American Free Trade Agreement successors have reignited debates about labor standards and environmental protections. Stakeholders are pushing for updated frameworks that respect both business interests and social responsibilities.,Trade
"Revenue from the proposed carbon tax is anticipated to fund public transportation projects, illustrating a commitment to sustainability while addressing economic needs.",Government Policy
"As companies adapt to a post-pandemic world, the rise of hybrid work models is causing shifts in commercial real estate, sparking debate about the future of office space demand.",Market Trends
"A recent proposal to tighten rules on lending practices has left banks scrambling to adjust their internal policies, raising concerns about the impact on consumer access to credit.",Financial Regulation
Local businesses are adapting to new spending habits as more consumers prioritize experiences over material goods. This trend is prompting market analysts to rethink strategies for targeting specific demographic groups with tailored marketing campaigns.,Market Trends
"The latest bill in Congress is aimed at restructuring how funds are allocated for social programs, which many advocates believe will lead to a more equitable distribution.",Government Policy
"The ongoing negotiations between the two nations have heightened tensions and uncertainty in the market, impacting exporters and importers alike. Experts predict that without a resolution, businesses could see significant disruptions.",Trade
