text,labels
"Through our new solar panel installation at our manufacturing plant, we produce 60% of our energy needs, further reducing our reliance on fossil fuels.",Valid Claim
"Our sustainability report boasts of significant water conservation measures. However, the actual data reflects only minimal changes, calling into question the accuracy of these statements.",Invalid Claim
"Our transition to renewable energy sources has not only helped us achieve energy independence but has also resulted in significant cost savings. By investing in wind and solar power, we are setting a precedent for sustainability in our industry.",Valid Claim
"Our marketing states that we are carbon neutral; however, our calculations omit significant emissions from our transportation logistics, which undermines the credibility of the assertion.",Invalid Claim
"According to third-party audits, we achieved a 30% increase in water conservation practices, mainly by recycling water in our production lines. This not only helps the environment but has also cut costs substantially.",Valid Claim
"The new solar panel installation at our headquarters has successfully offset 85% of our energy consumption, demonstrating our pledge to renewable energy utilization.",Valid Claim
"Our latest sustainability report showcases an increase in our use of eco-friendly materials by 40% in our product lines, aligning with our long-term vision of fostering a circular economy within our industry.",Valid Claim
"Research shows that our investment in clean water initiatives has provided access to safe drinking water for over 10,000 individuals in underserved communities, reflecting our social responsibility goals.",Valid Claim
"Through innovative recycling programs, we have diverted more than 500 tons of waste away from landfills this year. This achievement reflects our continuous effort to implement practices that favor sustainability and environmental responsibility.",Valid Claim
"Following our pledge to achieve net-zero emissions by 2030, we have already planted over 100,000 trees this year as part of our reforestation initiatives, representing a genuine effort to replenish natural ecosystems.",Valid Claim
The recent upgrade in our manufacturing technology has allowed us to reduce energy consumption per unit produced by 15%. We are excited to see how this improvement contributes to our long-term sustainability targets.,Valid Claim
"In our latest report, we highlight that 75% of our energy comes from renewable sources, reaffirming our commitment to a sustainable future.",Valid Claim
"According to the recent environmental impact assessment submitted by Green Solutions, it has successfully restored over 1,000 acres of wetlands, which now contribute to local biodiversity and improve water quality in the region.",Valid Claim
"In the past year, we have successfully transitioned 90% of our packaging to recyclable materials, thereby reducing waste in landfills and contributing to a circular economy. This initiative has received positive feedback from environmental watchdogs.",Valid Claim
"Our company claims to have reduced its carbon footprint by using renewable energy sources. In reality, the majority of our energy still comes from fossil fuels, contradicting this assertion.",Invalid Claim
"The report claims that all our energy comes from renewable sources, but a third-party review found that less than half of our energy use meets this criteria.   That's not quite honest advertising.",Invalid Claim
"Despite promoting a transition to renewable energy, our latest report shows that more than half of our energy consumption comes from fossil fuels, raising concerns about the authenticity of our sustainability claims.",Invalid Claim
"In their latest sustainability report, the organization shares data showing a significant reduction in water usage, achieving a 30% decrease compared to the previous year through advanced water recycling techniques.",Valid Claim
"Through an innovative partnership with conservation organizations, we have restored over 500 acres of natural habitat, illustrating our dedication to biodiversity in our operational areas.",Valid Claim
"Our holistic approach to sustainability guarantees zero waste, yet internal reports highlight significant waste generated during the manufacturing process indicating otherwise.",Invalid Claim
"In our recent sustainability report, we shared data highlighting that 80% of our packaging is now recyclable or compostable, which aligns with our goal to contribute positively to the circular economy.",Valid Claim
"Through our innovative recycling program, we are proud to report that over 90% of our office waste is now diverted from landfills, reinforcing our commitment to sustainability in all operations.",Valid Claim
"The recent marketing campaign showcased our products as biodegradable; however, testing indicates that they do not break down in natural environments as advertised.",Invalid Claim
"Our latest sustainability report shows that we have reduced our carbon emissions by 30% over the past five years, globally sourcing renewable energy for our operations.",Valid Claim
"The report highlights our zero-waste goals, with 90% of our products currently being reclaimed, recycled or reused, positioning us as leaders in sustainability within the industry.",Valid Claim
"We support sustainable practices by sourcing materials locally, but much of our supply chain still relies on imported resources, contradicting our sustainability promises.",Invalid Claim
"Our recent sustainability report highlights that all of our products are now sourced from suppliers who adhere to fair trade principles, ensuring ethical labor practices and minimal environmental impact. We're proud of these partnerships and their positive effects.",Valid Claim
"The report highlights our commitment to zero waste by 2030, showcasing our innovative recycling programs and partnerships with local organizations to divert waste from landfills.",Valid Claim
"Although the brand claims its products are 100% ethical and sustainable, consumer reports have highlighted that several items are produced in factories with unsafe working conditions and poor labor practices, raising concerns about the accuracy of these claims.",Invalid Claim
"While we emphasize our commitment to environmental stewardship in our mission statement, the operations team has consistently prioritized cost-cutting over sustainable practices, compromising our claims.",Invalid Claim
"After integrating sustainable forestry practices, we've achieved certification from the Forest Stewardship Council, ensuring our lumber supply is sustainably sourced and has minimal impact on local ecosystems.",Valid Claim
"In their latest report, EcoTech Corp detailed how their new production methods, which utilize 100% recycled materials, have significantly lessened their overall environmental impact, highlighting their dedication to sustainable practices.",Valid Claim
"The garden supply company claims to use organic fertilizers exclusively, but the product ingredients still contain synthetic additives, which directly conflicts with their organic branding strategy.",Invalid Claim
"This year, we introduced a sustainable sourcing policy that mandates all raw materials be acquired from suppliers who adhere to stringent environmental standards; this has significantly improved our overall sustainability profile.",Valid Claim
"The recent initiative to switch to 100% renewable energy sources has contributed significantly to our sustainability goals, as reported in our latest environmental impact statement. We're on track to achieve net-zero emissions by 2030.",Valid Claim
"Our partnership with local governments has led to the creation of community gardens that utilize permaculture practices, emphasizing our role in promoting sustainable agriculture and community health.",Valid Claim
"The company has implemented a closed-loop water system at our facilities which has resulted in a 50% decrease in freshwater usage, as noted in our annual environmental audit.",Valid Claim
"While they advertise a commitment to reducing water usage, independent audits suggest that actual water consumption has increased rather than decreased in recent years, casting doubt on their sustainability statements.",Invalid Claim
"Our company has partnered with local communities to support sustainable agriculture practices, helping over 200 farmers transition to organic methods. The positive feedback and growth in crop yields have been documented in recent agricultural studies, showcasing our successful collaboration.",Valid Claim
"While they celebrate their partnership with environmental organizations, reports suggest that these collaborations are primarily for public relations rather than genuine impact.",Invalid Claim
"While we promote that our supply chain is entirely free of deforestation, recent audits revealed several suppliers continue to operate in deforested areas, which contradicts our sustainability assertions made in public statements.",Invalid Claim
"In their latest sustainability report, the firm boasts about their electric vehicles, but internal sources indicate that their fleet still relies heavily on traditional vehicles, which conflicts with their green messaging.",Invalid Claim
"Our partnership with local biodiversity organizations has led to the restoration of over 50 acres of wetlands, showcasing our dedication to preserving natural habitats and promoting ecotourism.",Valid Claim
"The recent advertisement suggests that the product is made from 100% recycled materials, yet the certification documentation indicates only a fraction is recycled content, raising questions about the authenticity of these claims.",Invalid Claim
"Last year, we transitioned to 100% renewable energy in our operations, significantly decreasing our carbon footprint and setting an example for others in the industry to follow.",Valid Claim
"Our company prides itself on using biodegradable materials, but it was found that the materials can only degrade under specific industrial conditions not available to most consumers.",Invalid Claim
"In 2023, we achieved LEED Platinum certification for our new headquarters, showcasing our commitment to energy efficiency and sustainable building practices. The structure features solar panels, rainwater harvesting systems, and green roofs, all designed to minimize our environmental footprint.",Valid Claim
"The company promotes its eco-friendly packaging, however, investigations found that most of their packaging materials are not biodegradable, undermining their claims.",Invalid Claim
"The research presented in the annual sustainability review claims that their transition to 100% renewable energy will not only meet their operational needs but also supports regional energy independence, demonstrating a broader positive impact.",Valid Claim
"The electric vehicles we use for our logistics significantly cut down on fuel consumption and emissions, and we are on track to achieve full fleet electrification by the end of next year.",Valid Claim
"The environmentally friendly inks we use are certified by leading sustainability organizations, ensuring they meet the highest environmental safety standards, as outlined in our marketing materials.",Valid Claim
"We advertise our solar-powered plant but fail to mention that it operates on fossil fuel backups more often than stated, misleading consumers about the true sustainability of our operations.",Invalid Claim
"As part of our drive towards sustainability, we have eliminated single-use plastics from our distribution chain, a move validated by our supply chain partners and sustainability assessments.",Valid Claim
"Although the company claims to be carbon neutral, reports show that they have not accounted for all their emissions, particularly from their supply chain, contradicting their sustainability promises.",Invalid Claim
"Our green energy initiatives are commendable, but our reliance on outdated machinery does not reflect our commitment to reducing carbon emissions as claimed.",Invalid Claim
"We communicate a commitment to supporting local communities through sustainable sourcing. Unfortunately, audits have shown that many of our suppliers operate in regions with questionable labor practices, undermining our claims of being socially responsible.",Invalid Claim
"The report mentions that the company has achieved 100% renewable energy usage, but independent audits reveal that only 60% of their energy is sourced from renewables, raising questions about their authenticity.",Invalid Claim
Our partnership with local farmers for organic cotton sourcing not only supports sustainable agriculture but also enhances the livelihoods of communities in the region.,Valid Claim
"ABC Corp's latest sustainability report highlights a commitment to zero waste in its manufacturing process, showcasing how 95% of its waste is now recycled or repurposed, which is a significant improvement from previous years.",Valid Claim
"The claim that we achieve zero waste in our operations has not been updated in years, and the current waste management practices do not support this statement, creating a gap between our marketing and reality.",Invalid Claim
"Despite claiming to use fair trade practices, multiple stakeholders have reported that the workers involved in sourcing the raw materials are paid below the living wage, contradicting the company's stated ethical standards.",Invalid Claim
"The introduction of our electric delivery fleet has led to a decrease in emissions by over 40% compared to previous years, showcasing our proactive stance on reducing the environmental impact of our logistics operations.",Valid Claim
"The report boasts a significant decrease in greenhouse gas emissions, but the metrics used to calculate this figure were not disclosed to the public.",Invalid Claim
"In collaboration with environmental NGOs, we are restoring local ecosystems by planting 10,000 trees this year, contributing to biodiversity and carbon sequestration efforts.",Valid Claim
"The company's recent report asserts that it has completely eliminated carbon emissions from its manufacturing processes, yet independent audits reveal significant ongoing emissions, questioning the accuracy of such claims.",Invalid Claim
"While we emphasize our commitment to ethical sourcing, we have not provided sufficient evidence or certifications regarding the actual practices of our suppliers, leaving our claims unsubstantiated.",Invalid Claim
"The latest sustainability report highlights the organization's wind power investments as a major achievement. However, closer inspection reveals that these investments are largely not operational yet and do not contribute significantly to current energy needs.",Invalid Claim
"Our carbon offset program claims to plant trees, but recent reports indicate that the majority of these trees did not survive due to poor management practices.",Invalid Claim
"Our environmental goals are outlined with clear action items, yet a recent third-party review pointed out substantial gaps in timeline and accountability.",Invalid Claim
"In our recent advertising campaign, we highlighted how our products are made from recycled materials that were actually sourced from regular manufacturing waste. While we focus on sustainability, the packaging still uses non-recyclable elements that contradict our messaging.",Invalid Claim
"The recent audit of our waste management system shows a 40% reduction in landfill contributions, achieved through comprehensive recycling and composting initiatives.",Valid Claim
"A recent life cycle analysis confirmed that our new product line emits 40% less carbon dioxide compared to traditional alternatives, reflecting our commitment to innovation that favors sustainability. This finding has been peer-reviewed and published in an environmental journal.",Valid Claim
"The transition to a fully electric vehicle fleet by 2025 has been outlined in our corporate sustainability goals, targeting a drastic reduction in greenhouse gas emissions from transportation. This strategic shift represents our proactive approach to enhancing our environmental performance.",Valid Claim
"Recent audits show that our supply chain now only sources materials from certified sustainable forests, reinforcing our pledge towards responsible sourcing and ethical practices.",Valid Claim
"We are promoting our new line of eco-friendly products as biodegradable, even though tests indicate they will take years longer to decompose than claimed.",Invalid Claim
"Following a comprehensive energy audit, we implemented energy-efficient systems in our offices and reduced our energy consumption by 30%, aligning with our sustainability goals to lower our carbon footprint.",Valid Claim
"Following a detailed lifecycle assessment, our newest product line has been shown to have a lower environmental footprint compared to previous versions, affirming our dedication to sustainable product development.",Valid Claim
"Despite the ongoing challenges in the industry, our innovative waste reduction techniques have led to a 50% decrease in landfill contributions, showing our commitment to environmental stewardship.",Valid Claim
"As a result of our energy efficiency upgrades, our production plant has seen a 40% decrease in energy consumption compared to last year, showcasing our dedication to sustainable manufacturing practices.",Valid Claim
"Our company has reduced emissions by 50% this year while actually ignoring the substantial contributions from our supply chain, which remain unaddressed in our reports.",Invalid Claim
"The car manufacturer proudly states that their new electric vehicle lineup not only lowers emissions but is also produced with materials that are 90% recyclable, reflecting their dedication to sustainable manufacturing processes.",Valid Claim
"Our recent partnership with environmental NGOs to restore local habitats has shown promising results, illustrating our proactive approach to enhancing biodiversity and sustainability.",Valid Claim
"The organization claims to support sustainable sourcing of raw materials, but a recent investigation found that many suppliers are not compliant with our stated ethical standards, leading to a mismatch between our claims and actual practices.",Invalid Claim
"We proudly declare our products are made from 70% recycled materials, yet closer examination reveals that only a small fraction of the materials used are genuinely recycled, making the percentage misleading.",Invalid Claim
"Even though the company promotes tree planting initiatives, evidence shows that a majority of funds raised were misallocated and not used for the intended reforestation projects.",Invalid Claim
"With the introduction of our biodegradable packaging, we have eliminated over 5 million tons of plastic waste from entering landfills, demonstrating our dedication to a cleaner planet.",Valid Claim
"The advertisement claims our processes are 90% water-free, yet industry standards suggest this isn't achievable with current techniques available.",Invalid Claim
"This report shows that over 50% of our packaging is now made from recycled materials, aligning with our goal to achieve 100% recyclable and compostable packaging by 2025.",Valid Claim
"Our company is committed to reducing our carbon footprint by investing in renewable energy, but we have yet to provide any actual data or evidence demonstrating this commitment in our recent reports. ",Invalid Claim
"XYZ Enterprises emphasizes its commitment to sustainable sourcing by verifying that all its palm oil is certified by the Roundtable on Sustainable Palm Oil (RSPO), ensuring no deforestation is involved in the supply chain.",Valid Claim
"As a key player in the renewable energy sector, we have invested $50 million into wind farm projects over the past two years. These initiatives are not only vital for energy transition but also for creating jobs in the communities surrounding these projects.",Valid Claim
"While the report highlights efforts to reduce plastic use, a closer look reveals that the majority of their packaging remains non-recyclable, undermining the supposed sustainability initiatives.",Invalid Claim
"Their latest initiative involves funding clean water projects in developing regions, aiming to improve access and sustainability of resources, which has garnered positive reviews from NGOs.",Valid Claim
"In an effort to enhance our green image, we have declared that we are utilizing solar energy in our production. However, our energy reports indicate a reliance on fossil fuels, contradicting the assertions made in the promotional materials.",Invalid Claim
"Our electric vehicle fleet has been operational for over a year, contributing to a 25% decrease in our overall transportation emissions. This achievement has been validated through detailed emissions tracking conducted by a recognized sustainability firm.",Valid Claim
"Although the company markets itself as eco-friendly, the majority of its supply chain involves practices that harm local ecosystems and communities, making the sustainability narrative misleading.",Invalid Claim
"The new electric fleet we deployed has been shown to reduce fuel consumption by over 50%, helping us surpass our sustainability targets ahead of schedule while providing excellent service to our clients.",Valid Claim
"Our green energy initiatives are celebrated, but about 60% of our energy still comes from non-renewable sources, which is a significant discrepancy.",Invalid Claim
"After claiming to use only recycled materials, it was found that 70% of the products contain newly produced plastics, which is contrary to our sustainability goals.",Invalid Claim
"Our latest sustainability report confirms a 30% reduction in carbon emissions for the past fiscal year, achieved through our investment in renewable energy sources and energy efficiency innovations.",Valid Claim
"Through our partnership with local NGOs, we've implemented a program that restores 100 acres of forestland in the region. This initiative not only helps sequester carbon but also supports biodiversity and community engagement.",Valid Claim
"Our commitment to ethical labor practices is evident as we have implemented a comprehensive training program for all workers in our supply chain, ensuring fair wages and safe working conditions.",Valid Claim
"Our new sustainable packaging is made from 100% biodegradable materials, but our supply chain data suggests that less than 20% of it is actually being recycled by consumers.",Invalid Claim
"They often highlight their eco-friendly packaging, however, independent audits show that most of it still ends up in landfills, countering their proclaimed sustainability efforts.",Invalid Claim
"With a recent investment in solar panel installations, our operations now run on 70% renewable energy, significantly reducing our reliance on fossil fuels and helping combat climate change.",Valid Claim
"By collaborating with local farmers, we ensure that all our ingredients are sourced sustainably, supporting both the environment and local economies.",Valid Claim
"Through an initiative that promotes electric vehicle use among employees, the company has reported a decrease in employee commuting emissions by 20%, a proactive step towards enhancing its overall corporate carbon footprint.",Valid Claim
"The company claims to support biodiversity by protecting natural habitats, but recent land development reports suggest that they are involved in clearing protected areas for new projects, which contradicts their statements.",Invalid Claim
"Notably, our investment in solar panels has resulted in a 50% decrease in our reliance on fossil fuels for energy, contributing to cleaner air and a healthier planet.",Valid Claim
"In our latest report, we presented a narrative about reducing water usage, but internal metrics show a 30% rise in water consumption due to inefficient practices in our manufacturing process.",Invalid Claim
"The introduction of our eco-friendly product line has led to a noticeable decrease in water consumption by 40% in our production processes. This claim has been substantiated by our internal monitoring systems, showcasing our commitment to resource conservation.",Valid Claim
"Our commitment to reducing plastic waste includes a program that has successfully eliminated single-use plastics from our supply chain, verified by third-party reviews from environmental watchdog organizations who appreciate our transparency in reporting.",Valid Claim
"We've partnered with local communities to promote sustainable farming practices, which has led to a 15% increase in crop yields while minimizing pesticide use. This collaboration illustrates our commitment to both local economies and sustainable agriculture.",Valid Claim
"Our recent community engagement programs aimed at promoting sustainable practices have received positive feedback, with local residents reporting a 25% increase in their recycling efforts since our campaign began.",Valid Claim
"Our initiative to eliminate single-use plastics in our supply chain has not only improved waste management but has also inspired our partners to adopt similar practices, showcasing a collective move towards sustainability.",Valid Claim
"Utilizing a circular economy model, we have managed to recycle 75% of waste generated from manufacturing processes in the last financial year. This achievement aligns with our strategic plan for zero waste by 2030, as confirmed by ongoing assessments.",Valid Claim
"The advertisement highlights our commitment to sustainable palm oil, yet upon investigation, we source from suppliers linked to deforestation, thereby undermining our claims of responsibility.",Invalid Claim
"With the implementation of our new waste management strategies, we’ve diverted over 100 tons of waste from landfills each year, illustrating how we prioritize eco-friendly practices in our operations.",Valid Claim
"In their recent sustainability report, the organization highlighted that they now source 100% of their paper from recycled materials, significantly lessening their environmental footprint.",Valid Claim
"Last year, our solar panel installations generated enough energy to power 200 homes, pushing us closer to our goal of becoming carbon neutral by 2030.",Valid Claim
"We have launched a new biodegradable packaging line that reduces plastic waste, and initial consumer feedback shows a positive trend in customer satisfaction regarding our eco-friendly options.",Valid Claim
"The sustainability report boasts that 50% of our suppliers are certified green, yet audits reveal that many of them do not adhere to environmental legislation, hence challenging the credibility of this claim.",Invalid Claim
"In their sustainability brochure, they claim to support local biodiversity yet have been implicated in deforestation practices that threaten local ecosystems, highlighting a disconnect between their claims and actual practices.",Invalid Claim
"Despite the advertisement promoting our packaging as recyclable, it is only accepted in select municipalities, meaning most customers cannot actually recycle it as suggested.",Invalid Claim
"Last quarter, we launched a new waste reduction program that diverted over 1,000 tons of waste from landfills, a figure supported by reports from our waste management partners.",Valid Claim
"A local farming brand advertises its organic produce by claiming zero pesticide use, but several samples tested positive for harmful chemicals that are not allowed under organic certification standards.",Invalid Claim
"GreenTech Solutions asserts that their manufacturing process uses 100% recycled materials, but an internal audit reveals substantial use of virgin resources in the production cycle.",Invalid Claim
"In our last sustainability report, we highlighted a significant decrease in pollution; however, this claim was made without clarification about the timeframe or context, making it misleading.",Invalid Claim
"Our company is committed to achieving net-zero emissions by 2030, but we continue to increase our production output without any strategies in place to reduce actual carbon footprints, which leaves stakeholders questioning our commitment.",Invalid Claim
"Our investment in solar energy systems will have a major impact on reducing reliance on fossil fuels, yet the installation site is situated in an area that is primarily dependent on natural gas.",Invalid Claim
"Our advertisements highlight that we recycle 90% of our packaging materials; however, this figure does not include the non-recyclable components that are still shipped out.",Invalid Claim
"We often mention our use of recycled material in products, but about 70% of our offerings remain made from virgin materials, suggesting a gap between our marketing and actual practice.",Invalid Claim
"In our latest ESG report, we detail how our water conservation efforts have led to a 30% reduction in water consumption across our operations, ensuring we prioritize resource sustainability.",Valid Claim
"Although we promote our commitment to sustainable sourcing, our supply chain analysis indicates that a large percentage of our raw materials come from non-renewable sources.",Invalid Claim
"Thanks to innovative practices, our packaging is now made entirely from recycled materials, which has led to a 20% decrease in plastic use in our supply chain.",Valid Claim
"We pride ourselves on our efforts to recycle 90% of our waste, ensuring that less material ends up in landfills while contributing to a circular economy. This is a real achievement for our team!",Valid Claim
"The sustainability brochure claims to support local communities through ethical sourcing, but evidence suggests that the supply chain is still heavily reliant on overseas factories with questionable labor practices, undermining the company's assertions.",Invalid Claim
"While they advertise renewable energy use in their operations, independent assessments show that the majority of their energy still comes from non-renewable sources.",Invalid Claim
"Our company has achieved a 100% reduction in carbon emissions, which is technically unverified as we have not yet submitted our carbon footprint analysis to any regulatory body.",Invalid Claim
"Our product is 100% biodegradable, though the materials used haven't been tested in controlled environments that validate this assertion, leaving consumers questioning the claim’s authenticity.",Invalid Claim
"Although the company emphasizes its commitment to sustainability through various programs, it has been found to have significant violations of environmental regulations that counteract its claims of being eco-conscious.",Invalid Claim
"Despite promoting a sustainable supply chain, investigations have revealed that many suppliers do not comply with environmental regulations, undermining our green messaging.",Invalid Claim
"This quarter, we achieved a significant milestone by converting 75% of our fleet to electric vehicles, greatly reducing our emissions and setting a benchmark for industry practices.",Valid Claim
"The firm states that all our packaging is biodegradable; however, independent tests have shown that these materials do not break down under typical landfill conditions.",Invalid Claim
"Many companies like us boast of water conservation initiatives, but the information we report is based on estimates rather than precise measurements because we don't monitor our water usage rigorously.",Invalid Claim
"We are proud to announce that our packaging is now 100% compostable, significantly lowering our environmental impact as part of our sustainability goals.",Valid Claim
"The company claims to be carbon-neutral, but subsequent analysis shows that fossil fuel usage has risen, meaning their carbon neutrality is more a marketing tactic than a reality.",Invalid Claim
"We promised to eliminate all plastic packaging, yet our recent shipment used the same amount of plastic as last year without any changes.",Invalid Claim
"Our program for reforesting areas impacted by our operations has resulted in planting over 10,000 trees this year alone. This effort not only aids in carbon sequestration but also enhances biodiversity in affected regions.",Valid Claim
"Company X claims to be 'zero waste', yet recent audits reveal that substantial waste is still being sent to landfills from their facilities, contradicting their public statements.",Invalid Claim
"In an effort to promote biodiversity, we have planted over 100,000 trees in various regions, supporting both wildlife habitats and community green spaces. Our environmental initiatives also focus on supporting local ecosystems through responsible sourcing practices.",Valid Claim
"While we pledged to reduce water usage by 50%, our current production processes have not implemented significant changes and are still leading to excessive water consumption, thereby questioning the strength of our sustainability initiatives.",Invalid Claim
"The sustainable fashion brand claims all its fabrics are made from recycled materials, but investigations have shown that several items in their collection contain virgin fibers, contradicting their sustainability assertions.",Invalid Claim
"By collaborating with local communities, the organization has initiated programs to restore native habitats that were impacted by previous operations—a direct response to their commitment to biodiversity preservation.",Valid Claim
"The organization states it is reducing its carbon footprint, citing extensive recycling efforts; however, audits of their waste management procedures show a significant amount of waste is still being sent to landfills.",Invalid Claim
"Our late-stage marketing states that we have zero waste in all operations; however, audits have shown a significant amount of waste being sent to landfills, undermining the integrity of the statement.",Invalid Claim
"GreenEarth has reported a 25% drop in water usage across all their facilities, aligning with their claims of sustainable operational practices as outlined in their environmental impact statements.",Valid Claim
"We have officially transitioned to biodegradable materials for all of our product packaging, which not only supports ecological health but also resonates with our consumer base who values environmentally friendly practices.",Valid Claim
"Despite stating their manufacturing processes are zero-waste, insiders report that substantial byproducts are simply shipped abroad to be processed, contradicting the sustainable image they promote.",Invalid Claim
"We’ve partnered with local environmental NGOs to restore native habitats, enhancing biodiversity in our operational areas and giving back to the community.",Valid Claim
"Our sustainability report highlighted a reduction in waste generation, but a deeper analysis revealed that waste was simply being diverted rather than truly reduced, misleading our stakeholders.",Invalid Claim
"We are proud to report that our entire supply chain has transitioned to using non-toxic chemicals, ensuring safer products for both consumers and the environment.",Valid Claim
"We have partnered with environmental NGOs to protect forests, yet the actual financial support provided is far below what was promised in our marketing materials.",Invalid Claim
"We have partnered with reputable organizations to ensure our supply chain adheres to ethical and sustainable practices, thereby enhancing transparency and promoting responsible sourcing of raw materials.",Valid Claim
"We claim to have eliminated single-use plastics from our operations, yet several recent supplier audits found evidence of continued usage across various departments.",Invalid Claim
"We have successfully reduced our water usage by 40% in our manufacturing plants while improving efficiency, showcasing our dedication to responsible resource management.",Valid Claim
"Although we state that our products are made from recycled materials, several third-party investigations have shown that the percentage of recycled content is far less than advertised and is often mixed with new plastics.",Invalid Claim
"We are committed to zero waste, but a recent third-party review revealed that our recycling practices are not properly aligned with industry standards, resulting in significant landfill contributions.",Invalid Claim
"Our firm guarantees that all of our energy comes from renewable sources. However, existing energy usage records indicate that around 40% comes from non-renewable sources such as coal and natural gas.",Invalid Claim
"As stated in our latest corporate social responsibility report, we have contributed $500,000 towards ocean clean-up projects, a figure corroborated by partnering non-profit organizations working directly on the initiatives to reduce marine debris.",Valid Claim
Our company has successfully reduced carbon emissions by 30% over the past five years through the implementation of energy-efficient technologies in our manufacturing processes.,Valid Claim
We've successfully reduced our carbon footprint by 70%! But further scrutiny shows this figure is inflated by counting emissions reductions from other unrelated operations.,Invalid Claim
"Promising widespread positive environmental impact, the advertisement disregards the significant travel emissions associated with their logistics and distribution processes, creating a misleading perception of sustainability.",Invalid Claim
"In a bold statement, the CEO declared their organization fully carbon neutral, yet a deeper dive into their practices reveals offshoring carbon credits rather than implementing genuine reductions within their operations.",Invalid Claim
"Despite their marketing efforts to project an image of environmental stewardship, an internal audit revealed that the company has exceeded carbon emission limits year after year, contradicting their public statements.",Invalid Claim
"Our initiatives for clean water accessibility overlook the fact that our manufacturing processes pollute local water sources, leading to discrepancies in our supposed role as a sustainability advocate.",Invalid Claim
"Our sustainability report states that we are carbon neutral; however, this was achieved through questionable offsets that lack transparent documentation or peer review, which is problematic.",Invalid Claim
"While we talk about reducing plastic usage, our new product line has increased plastic content, contradicting our previous sustainability commitments.",Invalid Claim
"During the last quarter, we have successfully diverted over 75% of our operational waste away from landfills through various recycling programs and partnerships.",Valid Claim
"The advertisement states that our product is environmentally friendly, but independent testing shows harmful chemicals still exist in trace amounts, contradicting the claim.",Invalid Claim
"While we assert that our supply chain is transparent, several whistleblower reports have indicated the opposite, raising doubts about the authenticity of our claims.",Invalid Claim
"The advertisement boldly states that our water usage has decreased, while in fact, we have only relocated our production to a facility with less stringent reporting requirements.",Invalid Claim
"Despite declaring that we use renewable energy, our electricity supplier still sources a significant portion from non-renewable resources.",Invalid Claim
"The introduction of our biodegradable packaging, made from plant-based materials, has reduced plastic waste by 50%, as verified by environmental impact assessments conducted last quarter.",Valid Claim
"The recent report claims our carbon footprint has been reduced by 90%, which contradicts previous year data indicating an increase in emissions due to expanded operations.",Invalid Claim
"While our products are marketed as sustainable, we source materials from suppliers that do not adhere to ethical labor practices, raising concerns about the true sustainability of our supply chain.",Invalid Claim
"The company promotes its biodegradable packaging; however, a study from an independent source revealed that the materials used do not break down as quickly as claimed in a typical landfill environment.",Invalid Claim
"In our latest sustainability report, we highlight significant investments in clean tech solutions that have diminished our water usage by 50%. This achievement is corroborated by independent assessments from environmental experts, ensuring transparency and accountability.",Valid Claim
"During this quarter, we have successfully achieved our goal of using 100% sustainable materials in our product lines, validated by third-party certifications verifying our claims of sourcing only ethically produced goods.",Valid Claim
"EcoSpace reports that all of their energy comes from renewable sources, confirming their status as a 100% green energy provider which supports their sustainability claims in recent advertisements.",Valid Claim
"In our latest sustainability report, we outline our initiative to source 100% sustainable palm oil by 2025, aligning with global biodiversity goals and ensuring responsible agriculture practices.",Valid Claim
"In our latest marketing campaign, we stated that our products are 100% biodegradable.  However, further investigation shows that only specific parts of the product are biodegradable, leaving the rest to linger in landfills for years.",Invalid Claim
"We conduct regular audits of our supply chain to ensure that all practices meet stringent sustainability criteria, actively working to eliminate any harmful environmental impacts associated with our products.",Valid Claim
"We claim to have a completely green supply chain, but our suppliers still heavily rely on fossil fuels for transportation. This contradiction raises questions about the authenticity of our environmental commitments.",Invalid Claim
"Despite advertising a commitment to sustainable sourcing, recent reports indicate that the materials used in our products are sourced from non-renewable resources without traceability.",Invalid Claim
"Our recent audit revealed that 85% of our waste is now recycled or repurposed, supporting our goal of zero waste to landfill by 2025, demonstrating a strong commitment to sustainability.",Valid Claim
Our initiative to power our operations with 100% renewable energy not only reduced our carbon footprint but also sets a standard in our industry for environmental responsibility.,Valid Claim
"After implementing advanced water conservation techniques in our facilities, our overall water usage has been cut down by 40% in the last fiscal year, showcasing our commitment to responsible resource management.",Valid Claim
"You can now buy products that claim to be made from recycled materials, though the percentage of recycled content is often less than what is advertised, leaving customers misled.",Invalid Claim
"The firm has partnered with local environmental NGOs to reforest areas, planting over 10,000 trees this year, further solidifying their dedication to combating climate change.",Valid Claim
"Our new sustainable packaging is made from 100% recycled materials, although previous studies indicate that only half of that is actually true based on our materials sourcing report.",Invalid Claim
"The latest report shows that our sustainable sourcing program has successfully certified 80% of materials used in our products as sustainably harvested, completely meeting industry standards for environmental impact.",Valid Claim
"In our latest report, we claim to have reduced our carbon emissions by 50% compared to last year, but there’s no detailed methodology provided to support this claim, raising doubts about its accuracy.",Invalid Claim
"In promotional materials, the firm asserts that its new electric vehicles are entirely carbon-neutral, but lifecycle analyses indicate a significant carbon footprint associated with battery production.",Invalid Claim
"A recent press release declared a significant reduction in greenhouse gas emissions, but further examination of the data shows the reduction was due to a reduction in production—leaving their actual impact unchanged.",Invalid Claim
"We state in our marketing materials that our operations have minimal impact on the local wildlife. Yet, independent studies have shown significant disruption to habitats caused by our manufacturing processes.",Invalid Claim
"The claim of being carbon neutral is based on offsets purchased from projects that have little verification, calling into question the genuineness of our sustainability initiatives to stakeholders.",Invalid Claim
Our collaboration with local farmers to promote sustainable agricultural practices has resulted in the organic certification of 30% of our ingredient suppliers. This partnership emphasizes our focus on supporting eco-friendly sourcing and farming practices.,Valid Claim
"Our recent report emphasizes zero water usage in our production, while in reality, we are not accounting for the indirect water used in our supply chain.",Invalid Claim
"Our sustainable sourcing practices ensure all materials are ethically sourced, however, third-party audits have uncovered instances of unsustainable harvesting in our supply chain.",Invalid Claim
"We proudly advertise that 100% of our packaging is recyclable, yet an internal audit revealed that only 40% of it is actually being recycled due to regional limitations. This contradiction has been glossed over in our public communications.",Invalid Claim
"We are proud to announce that our factories are now 100% powered by renewable energy sources, significantly contributing to a smaller carbon footprint for our production line. This shift not only lowers our operational costs but also aligns with global sustainability efforts.",Valid Claim
"Claims of our water-saving technologies are bold, yet when validated, it became clear that the metrics used to measure 'savings' were artificially inflated, leading to misrepresentation of our actual water conservation achievements.",Invalid Claim
"After assessing our supply chain, we found that all our suppliers meet the international environmental standards, ensuring that every product is made sustainably.",Valid Claim
"The sustainability report states that they support biodiversity, however, recent projects have led to the destruction of local habitats, raising questions about their commitment.",Invalid Claim
"By sourcing raw materials from certified sustainable suppliers, we ensure that our production practices do not harm the environment or deplete natural resources. We're proud to support responsible forestry and farming initiatives.",Valid Claim
"With a new waste reduction strategy in place, the corporation achieved a remarkable 25% decrease in landfill waste, as detailed in their quarterly green performance review.",Valid Claim
"We proudly state that our facilities use 100% renewable energy, yet a recent audit revealed that only a fraction of our energy actually comes from renewables, casting doubt on our sustainability commitments.",Invalid Claim
"Our solar energy project has not only powered our factories but has also generated surplus energy sold back to the grid, contributing positively to local energy supplies and promoting renewable energy use.",Valid Claim
"Our sustainability report states that we utilize clean energy, while in reality, a significant portion of our operations still depend on electricity from non-renewable sources, creating a disparity between our promises and reality.",Invalid Claim
"In our latest report, we emphasize our commitment to sustainability; however, our operations continue to use harmful chemicals that were not disclosed in any public documents.",Invalid Claim
"As part of our green initiatives, we assert that all packaging is biodegradable; however, third-party testing shows that only a fraction meets biodegradability standards.",Invalid Claim
"In 2022, our corporate sustainability report showcased the significant reduction in water usage, down by 25%, achieved through innovative technologies in our manufacturing processes.",Valid Claim
"Despite our claims of having a zero waste policy, an investigation shows that a significant amount of our production waste is still being discarded in traditional waste facilities.",Invalid Claim
"The organization promotes the idea that their manufacturing processes use only renewable energy, but investigations show that they still rely heavily on fossil fuels for energy, effectively undermining their sustainability portrayal.",Invalid Claim
"The company's report boasts of 100% recycled materials in its products; however, independent audits reveal that only 30% can be verified as truly recycled at final production.",Invalid Claim
"In 2022, we sourced 100% of our packaging materials from recycled sources, significantly decreasing our environmental footprint. An independent assessment has shown that this change aligns with our sustainability goals and has positively impacted our brand image.",Valid Claim
"As part of our community outreach, we have invested over $1 million in local renewable energy projects. This collaboration not only boosts local economies but also contributes to our overall strategy for reducing our carbon footprint.",Valid Claim
"The recent sustainability report states that all of our products are now made from fair-trade certified materials and support local artisans, ensuring economic fairness alongside environmental stewardship.",Valid Claim
"Certification from independent environmental organizations verifies that our manufacturing processes meet sustainable energy standards, demonstrating our accountability toward eco-friendly practices.",Valid Claim
"The advertisement states that 100% of our energy comes from renewable sources, yet energy providers report a significant percentage of fossil fuel use in our facilities.",Invalid Claim
"Our company proudly announces that all of our packaging is made from 100% recycled materials. However, in our supply chain audit, we found that less than 20% of the materials used actually come from recycled sources.",Invalid Claim
"The tech giant’s sustainability report boasts about zero waste to landfill, but detailed investigations reveal that many of its e-waste products are simply shipped overseas for unsustainable recycling.",Invalid Claim
"Our production facility is LEED certified, but it was built before the new standards were introduced, and it does not meet the current criteria for sustainable building practices as described by the LEED rating system.",Invalid Claim
"The company asserts that all operations are powered by solar energy. A recent audit revealed that a substantial portion of our energy still comes from coal, compromising this claim's validity.",Invalid Claim
"Our quarterly report illustrates that since implementing our sustainable sourcing policy, we've seen a 40% increase in the use of locally-sourced materials, which supports local economies and reduces transportation emissions.",Valid Claim
"We are excited to report that our energy-efficient upgrades have led to a 40% reduction in energy use across all our offices, showcasing our dedication to environmental responsibility.",Valid Claim
"The company has exceeded its carbon neutrality goals by investing heavily in renewable energy sources, and reports indicate that all operations are now powered by wind and solar.",Valid Claim
"After extensive research and development, Green Innovations has successfully launched a line of biodegradable packaging that fully decomposes within 90 days in a composting environment, leading the industry toward more eco-friendly solutions.",Valid Claim
"After conducting a full lifecycle assessment, we are proud to announce that our new packaging is made entirely from recycled materials, which has been validated through third-party certification.",Valid Claim
"We are undertaking steps to improve sustainability; however, a recent investigation found that we continue to source materials from unsustainable suppliers.",Invalid Claim
"In an advertisement promoting its recycling initiative, the brand states that all its products are made from 100% recycled materials. However, investigations found that only a small percentage of its products meet this standard, casting doubt on their marketing strategies.",Invalid Claim
"The company claims to offset all its carbon emissions by planting trees, yet an independent review revealed that they purchased carbon credits instead of actually reducing their emissions.",Invalid Claim
"We claim our manufacturing process uses recycled water, although there has been no independent audit or evidence to support this statement.",Invalid Claim
"By switching to a fully renewable energy source for our operations, we have not only decreased our carbon footprint but have also received accolades from multiple environmental groups for our leadership in sustainability.",Valid Claim
"The new recycling initiative launched by the company has resulted in a 30% reduction in plastic waste over the last year, showcasing their commitment to sustainable practices.",Valid Claim
"The advertisement boasted that their products are biodegradable, yet customer reviews indicate that these items do not decompose as promised, leading to skepticism about their environmental benefits.",Invalid Claim
"The brochure states that our products are eco-friendly due to their biodegradable packaging. However, research has shown that the material used breaks down only under specific conditions, which are rarely met in landfills, making this a questionable claim.",Invalid Claim
"Our recent report highlights that 90% of our wastewater is now treated and reused in our production process, demonstrating our commitment to responsible water management.",Valid Claim
"Our latest initiative involves supporting local farmers who practice sustainable agriculture, ensuring that our supply chain promotes eco-friendly farming methods and protects ecosystems.",Valid Claim
"Although the firm insists it has reduced plastic use by 30% across its supply chain, internal reviews prove that many products still contain plastic packaging, giving consumers a skewed perception of their environmental impact.",Invalid Claim
"Achieving energy efficiency is our top priority, but we have not updated our equipment in over five years, relying instead on outdated and inefficient technology.",Invalid Claim
"Our company offsets its carbon footprint by planting trees in areas where we don't even operate, significantly contributing to global reforestation efforts. This initiative is recognized by many environmental organizations, even if it's just a small fraction of our total emissions.",Invalid Claim
"Our company has been carbon neutral since 2010, yet we have only offset our emissions by purchasing credits from companies not actively reducing their own footprint, indicating a misleading approach to sustainability.",Invalid Claim
"Although GreenMarket promotes that all their products are sourced sustainably, they lack third-party verification, leading to concerns about the truthfulness of these assertions.",Invalid Claim
"It's been verified that EcoTextiles sources all of their materials from recycled fabrics, ensuring no new resources are depleted, which aligns perfectly with their environmental mission statement.",Valid Claim
"To enhance water conservation, we've implemented a rainwater harvesting system that has decreased our water usage by 30% across all sites in the last year.",Valid Claim
"Their marketing claims extensive environmental stewardship, but internal audits reflect repeated violations of environmental regulations, which are not disclosed to shareholders or the public.",Invalid Claim
"Our supply chain transparency initiative ensures that all our suppliers adhere to strict environmental standards, which has been verified through third-party audits conducted throughout this fiscal year.",Valid Claim
"We have partnered with local communities to promote sustainable fishing practices, ensuring that fish stocks remain viable while supporting the livelihoods of those who depend on fishing.",Valid Claim
"The new line of eco-friendly packaging uses 100% recycled materials and is biodegradable. It has been certified by a recognized environmental organization, proving our dedication to sustainable practices.",Valid Claim
"Our company has reduced carbon emissions by 50% since 2020, yet recent audits reveal no recorded decrease.",Invalid Claim
"After conducting a thorough lifecycle assessment, it was found that our biodegradable packaging reduces environmental impact by 50% compared to traditional materials, aligning with our sustainability objectives.",Valid Claim
"Our website claims that our operations are offsetting all carbon emissions. However, the offset projects we are funding are not verified or doubtfully effective, leading to potential misrepresentation of our environmental impact.",Invalid Claim
"Investments in carbon capture technology have proven effective, as evidenced by a recent analysis that shows we are on track to achieve net-zero emissions by 2030, reinforcing our sustainability objectives.",Valid Claim
"Our company has reduced its carbon footprint by 30% over the past year through the implementation of renewable energy sources across all facilities, and we are committed to further reductions in the coming years.",Valid Claim
"Our use of solar panels has resulted in a significant reduction of over 40% in our electricity costs, showing that sustainable energy solutions can be economically beneficial.",Valid Claim
"The clothing brand has made headlines for launching a 'green' line, yet the sourcing of its raw materials from unsustainable practices was overlooked in their promotional releases, leading consumers to question the truth behind this eco-friendly narrative.",Invalid Claim
"The installation of solar panels on our corporate headquarters has resulted in a significant decrease in our reliance on fossil fuels, leading to a renewable energy capacity that offsets 50% of our energy usage.",Valid Claim
"Despite claiming to have implemented a comprehensive recycling program, feedback from employees indicates that many recyclable materials are still being processed as general waste, raising concerns about the validity of their environmental initiatives.",Invalid Claim
"The initiative claims to improve biodiversity in the region, yet the actions taken have predominantly favored monoculture practices rather than restoring natural ecosystems as suggested in their promotional materials.",Invalid Claim
"We have joined various sustainable certification programs, but investigations show we have not adhered to any of their guidelines or recommendations.",Invalid Claim
"By utilizing a closed-loop water system in our manufacturing plants, we have been able to recycle 80% of our wastewater, demonstrating a commitment to sustainable water use.",Valid Claim
"Our advertisement promises that our product saves water, but the data from independent testing contradicts that assertion, showing we actually use more water in production than average.  What a surprise!",Invalid Claim
"During a recent conference, a representative claimed that their new product line is biodegradable within a week. However, tests conducted by environmental groups show that the product can take years to decompose, raising issues regarding transparency.",Invalid Claim
"The company's advertisement claims it has switched to biodegradable packaging for all its products, a move that aligns with consumer trends towards reducing plastic waste, supported by recent independent studies verifying this change.",Valid Claim
"After extensive research, we have developed a new energy-efficient technology that reduces water consumption in our manufacturing processes by over 40%. This aligns with our strategic goals of sustainable resource management.",Valid Claim
"In 2022, we shifted to 80% sourced materials that are certified as environmentally friendly, aligning our supply chain practices with sustainable principles.",Valid Claim
"Although we advertise our products as environmentally friendly, recent investigations have uncovered that hazardous chemicals are still present in our production process.",Invalid Claim
"After transitioning to electric delivery vehicles, our carbon emissions have decreased significantly, which is in line with our claims made in our annual sustainability report.",Valid Claim
"Our company has achieved 100% renewable energy usage; however, this only applies to our headquarters and not our global operations or supply chain, which remain heavily reliant on fossil fuels.",Invalid Claim
"The collaboration with environmental NGOs has been pivotal in improving our sustainability practices, allowing us to regularly benchmark our progress against environmental performance metrics set by the industry leaders.",Valid Claim
"The advertisements boast a 100% recyclable product range, yet many consumers report that the packaging still cannot be recycled effectively in local systems, raising red flags for eco-conscious shoppers.",Invalid Claim
"The brand promotes 'eco-friendly' products, but third-party evaluations show that the materials used are not sustainably sourced, indicating a gap between marketing and reality.",Invalid Claim
"Our sustainability report highlights a decrease in water usage; however, field data shows levels have remained stable at best, calling the authenticity of those numbers into question.",Invalid Claim
"Our supply chain now boasts a 95% compliance rate with our sustainability standards, which require suppliers to meet stringent environmental regulations, ensuring that the materials we use are sourced responsibly.",Valid Claim
"Our product line is entirely cruelty-free, and we have obtained certifications from reliable animal welfare organizations, showcasing our dedication to ethical sourcing.",Valid Claim
"While the website emphasizes strong environmental stewardship, customer feedback indicates that the company has made little progress on promised sustainability initiatives over the past year, casting doubt on their sincerity.",Invalid Claim
"In recognition of our sustainable practices, we received the Green Business Award for our innovative approach to minimizing waste and conserving resources in our supply chain.",Valid Claim
"In our marketing efforts, we've stated that our packaging is made from 100% recycled materials, but upon scrutiny, only a portion meets that standard, leading to misleading customer perceptions.",Invalid Claim
"The energy company proudly announces their transition to renewable sources, yet records indicate that less than 10% of their portfolio is actually derived from solar or wind energy, with the rest still reliant on coal and gas.",Invalid Claim
"Our factory operates solely with renewable energy systems, but in reality, we still depend heavily on fossil fuels for production during peak times, which undermines our sustainability initiatives.",Invalid Claim
"They market their product as carbon neutral, but a third-party evaluation shows that the carbon offset projects they claim to support are either inactive or not related to their business operations at all.",Invalid Claim
"Last year, our manufacturing processes became carbon neutral as we invested heavily in innovative technologies that reduced waste and improved energy efficiency, reflecting our dedication to sustainable practices.",Valid Claim
"Despite boasting about a substantial reduction in greenhouse gas emissions, our emissions have only decreased by 2% over the last two years, far from the goals we have set in public statements.",Invalid Claim
"Through strategic partnerships with local environmental organizations, we have successfully planted over 1 million trees in deforested areas, contributing positively to biodiversity and carbon capture.",Valid Claim
"As part of our ongoing commitment to environmental stewardship, we have partnered with local organizations to plant 100,000 trees this year, a project backed by credible environmental studies showcasing the benefits of reforestation in combatting climate change.",Valid Claim
"We pledge to plant a tree for every product sold, but records indicate that not all sales have led to tree planting, raising questions about the authenticity of this initiative.",Invalid Claim
"By sourcing materials from certified sustainable forests, the brand has managed to minimize its environmental footprint while ensuring the longevity of vital ecosystems.",Valid Claim
"Our new eco-friendly packaging is 100% biodegradable, and we are proud to say it completely disintegrates within a week. However, tests have shown that the material actually takes several months to break down effectively.",Invalid Claim
"In an independent audit, our initiatives for waste reduction have been recognized as exemplary, with a diversion rate of 85% from landfills achieved through recycling and composting programs.",Valid Claim
"According to our recent sustainability report, we have partnered with local farmers to source organic materials, thereby supporting biodiversity and promoting sustainable agriculture practices in the region. This collaboration has not only improved local economies but also aligns with our mission of environmental stewardship.",Valid Claim
"Our company has reduced CO2 emissions by 30% over the past five years, committing to a carbon-neutral future by 2030.",Valid Claim
"Our latest sustainability report outlines the significant use of solar energy in our manufacturing facilities, which now accounts for 70% of our total energy consumption. This transition not only cuts down costs but also contributes to the reduction of greenhouse gases.",Valid Claim
The latest sustainability initiative aims to enhance biodiversity in our supply chain through regenerative agriculture practices and by sourcing raw materials from certified sustainable farms.,Valid Claim
"While the company promotes its new biodegradable packaging, third-party evaluations reveal that the materials break down under very specific conditions that aren’t available in most environments, misrepresenting their sustainability claims.",Invalid Claim
"The recent collaboration with local conservation groups has led to the successful restoration of native habitats, illustrating our commitment to biodiversity and ecosystem health.",Valid Claim
"Through innovative recycling programs, we have successfully repurposed over 80% of our packaging waste within the past year. The effectiveness of these programs has been confirmed by an environmental organization, marking a significant step in our sustainability efforts.",Valid Claim
"The environmental impact assessment for our new factory states that we are going green, but it conveniently omits the significant waste produced in the construction process.",Invalid Claim
"The company's advertisement claims that all the materials used in their products are sourced sustainably, but their supply chain reports indicate a reliance on non-renewable resources, raising questions about the truth of these assertions.",Invalid Claim
The company has invested in solar panels which are expected to generate 50% of our energy needs by 2025. This initiative reflects our dedication to renewable energy sources and mitigating climate change impacts.,Valid Claim
"Last quarter, we communicated that our facilities are powered entirely by renewable energy; however, reports from local energy providers indicate that we are heavily reliant on fossil fuels during peak hours.",Invalid Claim
"In a recent initiative, we switched to 100% renewable energy across all our facilities, proving our dedication to sustainable energy practices. This change not only lowers our operational carbon footprint but also sets a benchmark within our industry.",Valid Claim
"The new biodegradable packaging we introduced last year has been positively received by consumers, with over 80% of feedback indicating a preference for sustainable materials.",Valid Claim
"Our ongoing initiative to eliminate single-use plastics from our product lines has been met with positive feedback from customers, reflecting our commitment to reducing ocean pollution.",Valid Claim
"Our commitment to reducing waste includes eliminating single-use plastics, but many of our new product lines still feature plastic components that are not recyclable in most areas.",Invalid Claim
"The synthetic materials we use are marketed as biodegradable when, in fact, they only break down under specific industrial composting conditions that are rarely accessible to consumers.",Invalid Claim
"Through our ongoing environmental audits, we identified areas of improvement that led to a significant decrease in waste by 25% last year, further enhancing our operational sustainability.",Valid Claim
"The organization’s promise of using renewable energy sources throughout its facilities falls short as they still heavily invest in fossil fuel-based energy, undermining their sustainability narrative.",Invalid Claim
"As part of our corporate social responsibility, we have invested in local community projects that focus on enhancing biodiversity and protecting endangered habitats, reflecting our commitment to environmental stewardship.",Valid Claim
Our workforce training programs on sustainable practices have resulted in a 50% increase in employee engagement in environmental initiatives. Surveys conducted post-training show significant improvements in workplace sustainability actions.,Valid Claim
"As part of our green initiative, we have installed energy-efficient lighting across all offices, which has resulted in a 25% reduction in energy consumption in just one year. These efforts not only save costs but also contribute positively to the environment.",Valid Claim
"We’re proud to announce that our new office spaces are built with energy-efficient materials and are designed to be carbon neutral by 2025, a major step towards sustainability.",Valid Claim
"The firm markets itself as a leader in sustainable sourcing, but third-party certification reveals that most of their materials are not sustainably sourced during a recent inspection.",Invalid Claim
"By offering a take-back program for our electronics, we are committed to reducing e-waste and encouraging responsible disposal among our customers, aligning with circular economy principles.",Valid Claim
"The company claims to be carbon neutral, but its emissions data from the last five years shows a steady increase in greenhouse gas output, indicating a discrepancy between its assertions and its actual practices.",Invalid Claim
We have implemented a comprehensive waste management program that successfully recycles 80% of our operational waste. This accomplishment reflects our strategic approach to minimizing landfill use and promoting a circular economy model.,Valid Claim
"The website states that all of their products are carbon-neutral, yet analysis shows that they lack the necessary offsets and have not taken the required steps to support this assertion, which misrepresents their actual impact on climate change.",Invalid Claim
"We proudly state that our products are made from 100% recycled materials; however, a significant percentage of those materials are sourced from countries with lax environmental regulations, which really undermines our environmental claims.",Invalid Claim
"The company boasts about its commitment to sustainable agriculture practices, but it has been found that a significant portion of its crops are grown using harmful pesticides that contradict organic standards.",Invalid Claim
"The recent study published by our environmental team shows an impressive uptake of water-saving technologies, reducing consumption by 25% across our facilities, reaffirming our commitment to sustainability.",Valid Claim
"With our recent ad campaign, we boast a 50% reduction in water usage. Still, our data shows that this number is based on outdated practices and does not consider growth in production output, misleading consumers.",Invalid Claim
"We initiated a partnership with local farmers to source organic materials, thereby reducing transportation emissions and supporting sustainable agricultural practices in the region.",Valid Claim
"Following audits, Sustainable Foods Inc. found that their farming techniques have led to a 30% increase in biodiversity on their lands, supporting local ecosystems while also increasing crop yields. This reflects a balanced approach to agriculture that benefits both the planet and the community.",Valid Claim
"We are proud to announce that our manufacturing processes have been optimized to use 40% less water, which reflects our ongoing efforts to conserve vital natural resources.",Valid Claim
"The recent claim made by our CEO asserts that our products are recyclable; what wasn't mentioned is that less than 5% of our products are returned for recycling, leaving most in landfills.",Invalid Claim
"We have implemented a comprehensive waste reduction program that has lowered our overall waste output by 60%, signaling our proactive approach to sustainability.",Valid Claim
"Our approach to reducing waste includes a comprehensive recycling program that processes 90% of all waste generated at our manufacturing sites, demonstrating a serious commitment to the circular economy.",Valid Claim
Our organization achieved certification from the Green Business Bureau after undergoing a rigorous evaluation of our sustainable practices and policies.,Valid Claim
"The company has implemented a zero-waste policy in all its manufacturing plants, significantly reducing landfill contributions while improving recycling rates.",Valid Claim
"The recent sustainability report highlights our initiative to plant 1 million trees by 2025, which is supported by data from environmental studies showing the importance of reforestation in combating climate change. This aligns with our environmental goals to enhance biodiversity.",Valid Claim
"In their quarterly sustainability report, the company boasts of having reduced carbon emissions by 50%, but internal data reveals that they only conducted partial assessments, leaving out significant emissions sources, thus misleading stakeholders.",Invalid Claim
"They assert that their supply chain adheres to fair labor practices, yet several investigations indicate violations and poor working conditions in their factories.",Invalid Claim
"Recent audits show our water usage has been cut in half thanks to innovative recycling techniques integrated into our processes, demonstrating our dedication to responsible resource management.",Valid Claim
"The recent audit showed that our water conservation strategies have saved an estimated 2 million gallons of water in the past year, underscoring our commitment to responsible resource management.",Valid Claim
"The eco-friendly products we launched this year are made from biodegradable materials, verified by the Eco-Label standard. This is a significant step towards reducing plastic waste and promoting sustainable consumer choices.",Valid Claim
"Our company is committed to achieving carbon neutrality by 2025, but our last audit revealed that emissions have actually increased by 10% over the past year, calling into question the efficacy of our current strategies.",Invalid Claim
"Our advertising states that our manufacturing processes are eco-friendly, but industry standards reveal they are quite the opposite, contributing significantly to pollution.",Invalid Claim
"By collaborating with local farmers, we are now sourcing 70% of our raw materials from sustainable agriculture practices, significantly enhancing our supply chain's environmental responsibility while supporting community economies.",Valid Claim
"By transitioning to electric delivery vehicles, we have successfully eliminated 1 million kg of CO2 emissions from our transportation logistics over the past year, significantly contributing to cleaner urban environments.",Valid Claim
"Having invested in a solar panel installation, the company now generates 60% of its energy on-site, significantly lowering both costs and environmental footprint, as noted in their financial disclosures.",Valid Claim
"We have initiated a tree-planting project that we advertise heavily, but internal documents show that for every tree planted, three are removed for new development projects.",Invalid Claim
"Our emissions have decreased dramatically since last year, but the data provided only considers a small fraction of our total operations, making the claim misleading.",Invalid Claim
"We boast a large percentage of our products are made from organic materials, yet our certifications are expired and do not meet the standards claimed.",Invalid Claim
"Their advertisement claims they are reducing waste through recycling, but evidence shows that a large portion of their products ends up in landfills instead.",Invalid Claim
"After implementing energy-efficient technologies across all plants, we observed a remarkable reduction in energy consumption, reinforcing our commitment to sustainability in operations.",Valid Claim
"While ABC Inc. has published statements about its commitment to renewable energy, they still heavily invest in fossil fuels, contradicting their so-called green initiatives.",Invalid Claim
"Our ads promote a 50% reduction in carbon footprint, but comparative studies reveal that the reduction is more likely around 10%, not the figure we boast about.",Invalid Claim
We have achieved a significant milestone by offsetting all emissions generated from our logistics network through certified carbon offset programs. This proactive approach illustrates our dedication to reducing overall environmental impact throughout our supply chain.,Valid Claim
"The firm reported a 30% reduction in plastic use, yet their product lines still heavily rely on plastic packaging, raising questions about their commitment.",Invalid Claim
"Through innovative farming practices, our agricultural sector has been able to reduce water usage by 40% while maintaining crop yields, a method we are proud to share with our partners.",Valid Claim
"Our investment in green technologies has led to significant improvements in water conservation across our manufacturing processes, demonstrating our efforts toward sustainable resource management.",Valid Claim
"In response to community feedback, the company has revamped its waste management system, achieving a 50% reduction in landfill contributions over the last two years.",Valid Claim
"Despite promoting renewable energy initiatives, the majority of the firm's energy still comes from non-renewable sources, casting doubt on their sustainability messaging.",Invalid Claim
"This year, we achieved a significant milestone by achieving zero net emissions in our operations, a feat that was validated by an independent environmental audit, showcasing our commitment to leading the industry in sustainability.",Valid Claim
"We are proud to announce that our latest line of products is not only developed using sustainably sourced materials but is also certified organic, ensuring that the entire lifecycle of our product offers minimal environmental impact.",Valid Claim
"Our latest report indicates a commitment to 100% renewable energy usage by 2025, yet the current data shows reliance on fossil fuels remains unchanged over the last two years, raising concerns about the authenticity of these claims.",Invalid Claim
"By transitioning to biodegradable packaging, we have not only cut down plastic use but also encouraged our suppliers to follow suit, fostering a collaborative approach towards sustainability.",Valid Claim
"In our latest advertisement, we highlighted the use of organic materials in our new product line. Yet, investigations revealed that only a small percentage of these materials are truly organic, raising questions about our sourcing practices.",Invalid Claim
"The sustainability report suggests that our water usage has decreased by 30%, but this data only reflects the last quarter and does not account for overall yearly usage increases.",Invalid Claim
"Though we advertise an eco-friendly manufacturing process, nearly 75% of our products are still made using traditional methods that harm the environment.",Invalid Claim
"According to our latest sustainability report, we achieved 100% recyclable packaging for our line of beauty products, making substantial strides towards our waste reduction goals.",Valid Claim
"The recent report highlights how our reforestation projects have successfully planted over 1 million trees, aiding local biodiversity and contributing to carbon sequestration efforts in the region.",Valid Claim
"Our company has achieved zero waste to landfill; however, our recycling practices are not well documented and we still send a significant amount of waste to incineration, contrary to our claims.",Invalid Claim
"Our recent initiatives have led us to water conservation practices that have saved over a million gallons annually, promoting sustainable usage without sacrificing quality.",Valid Claim
The company has achieved its goal of reducing carbon emissions by 30% since 2020 through the implementation of renewable energy solutions in their manufacturing processes.,Valid Claim
"In collaboration with a leading green certification body, we recently achieved LEED Platinum status for our new corporate headquarters. The certification confirms that our building's design and operations meet the highest sustainability standards.",Valid Claim
"The new initiative by GreenCo to reduce plastic waste in their packaging has led to a 30% decrease in material usage over the past year, showcasing their commitment to environmentally responsible practices.",Valid Claim
Our commitment to zero waste is not just aspirational—we have successfully diverted 90% of our operational waste from landfills as outlined in our environmental compliance documents.,Valid Claim
"By implementing an energy-efficient heating system in our offices, we have cut down energy use by 40%, showcasing our dedication to green practices. Isn't that great?",Valid Claim
"We take pride in saying that we are carbon neutral, but our latest audit displayed extensive emissions due to poor waste management practices, undermining our effective carbon neutrality claim.",Invalid Claim
"We are committed to sourcing 100% of our energy from renewable sources by the year 2030, a goal that reflects our dedication to long-term environmental responsibility and carbon footprint reduction.",Valid Claim
"Our efforts to reduce water usage are commendable, yet our reliance on outdated practices has led to minimal improvements compared to what we publicly claim in our marketing materials.",Invalid Claim
"Our recent sustainability report highlights that since adopting eco-friendly practices, customer satisfaction has increased by 25%, showcasing that being environmentally responsible resonates with our clientele.",Valid Claim
"We are committed to reducing our carbon footprint, and our marketing materials promote our carbon-neutral status. However, our actual emissions have not been calculated accurately, as we omitted significant pollution sources from our reports.",Invalid Claim
"In line with our sustainability goals, we have reduced plastic use by implementing reusable containers in our distribution model. This change has resulted in the removal of approximately 15 tons of plastic waste from our supply chain in just one year.",Valid Claim
"This year, we participated in a reforestation project that aimed to plant over 10,000 trees in deforested areas, reinforcing our commitment to restoring natural habitats.",Valid Claim
"We announced that we've achieved 'zero waste' in our production process, but in reality, we are still sending significant amounts to landfills.  Seems like a stretch, doesn't it?",Invalid Claim
"By partnering with local farms, we are able to reduce our carbon footprint significantly while supporting the community. Our farm-to-table initiative has increased local produce use by 40% since its launch last year.",Valid Claim
"We have invested in community renewable energy projects and proudly display this on our website, but the majority of our profits still come from fossil fuel related ventures, contradicting our green image.",Invalid Claim
"This year, we conducted a life-cycle analysis of our products and found that they contribute to a significant reduction in carbon footprint, supported by data from a reputable environmental research institute.",Valid Claim
"Through our collaboration with local farmers, we have successfully implemented sustainable agricultural practices, as verified by an independent review of our program's impact on land and biodiversity.",Valid Claim
"The initiative to reduce water usage sounds impressive on paper, but the reality is that their actual consumption has not decreased and is significantly higher than reported.",Invalid Claim
"The report boasts that our factories have reduced water usage by 50%, but this statistic is based on internal estimates and lacks any independent verification, casting doubt on our sustainability narrative.",Invalid Claim
"While we assert that our products are made from 100% recycled materials, not all components meet this criterion, leading to skepticism among environmental advocacy groups about our true impact.",Invalid Claim
"We are proud to report that our product's lifecycle assessment showed a 70% reduction in greenhouse gas emissions compared to traditional alternatives, validating our investment in sustainable practices.",Valid Claim
"Our company has successfully reduced its carbon emissions by 30% over the past year, demonstrating our commitment to environmental sustainability and compliance with international standards.",Valid Claim
"Our packaging is now 100% biodegradable, a claim verified through an external certification process which we detail in our sustainability documentation.",Valid Claim
"While a cosmetics company promotes their eco-friendly packaging, reports indicate that they are still using significantly more plastic than they are replacing with recycled materials, leading to consumer confusion and misinformation.",Invalid Claim
"The company's pledge to reduce water use by 50% this year was based on data that was not made available to the public, leading to questions about the accuracy of their statement.",Invalid Claim
"The brochure states our manufacturing process emits no harmful pollutants, yet routine inspections have revealed multiple violations of environmental regulations, indicating this claim is misleading.",Invalid Claim
"While the website of BioProducts states all their goods are biodegradable, third-party evaluations have discovered that some items require specialized conditions to decompose, which are not widely available.",Invalid Claim
"Our community engagement efforts have reportedly benefited the local environment, yet our involvement in green projects has been heavily overstated without proper evidence of impact.",Invalid Claim
"Our energy consumption has been reduced by 50% according to latest figures provided by the company, but earlier data suggests they changed the measurement metrics to inflate their results.",Invalid Claim
"We are committed to transparency in our supply chain, which is why we are publishing our carbon footprint data annually. This initiative is part of our approach to hold ourselves accountable for our environmental impact and strive for ongoing improvements.",Valid Claim
"While the firm touts its commitment to sustainability and renewable energy in its annual report, it has increased reliance on fossil fuels for a new project, which contradicts its claimed environmental stewardship.",Invalid Claim
"Through our conservation initiative, we've restored over 1,000 acres of wetlands, enhancing biodiversity and providing natural habitats for wildlife in the region.",Valid Claim
"Their brochure promotes a plastic-free initiative, yet a recent audit revealed significant plastic waste in their production processes.",Invalid Claim
"We are proud to announce that our main office has achieved LEED Gold certification due to energy-efficient design and sustainable building practices, demonstrating our commitment to environmentally conscious operations.",Valid Claim
"Our firm has invested heavily in solar energy initiatives, resulting in a 40% increase in green energy usage in our operations, demonstrating our dedication to sustainable practices.",Valid Claim
"By converting 90% of our packaging to biodegradable materials, we are actively contributing to the reduction of plastic waste in the environment, which is critical in the fight against pollution.",Valid Claim
"As part of our commitment to renewable energy, we have installed solar panels that now power 60% of our operations. This transition not only cuts costs but also aligns with our strategy to achieve net-zero emissions by 2030.",Valid Claim
"Our factory has reduced its carbon emissions by 30% over the past year, exceeding our initial sustainability goals and contributing positively to climate change mitigation efforts.",Valid Claim
"While we strive for renewable energy use, it's still largely dependent on fossil fuels, an inconvenient truth hidden from our sustainability report.",Invalid Claim
"We're proud to say that our products are made from recycled materials, yet the fine print reveals that only a small percentage of the materials used meet this criterion, while the rest are conventional.",Invalid Claim
"Despite our marketing claims of sustainable sourcing, we have been unable to provide verification of the origins of our raw materials, raising questions about their legitimacy.",Invalid Claim
"We are proud to announce that all our packaging is now made from 100% recycled materials, demonstrating our dedication to sustainable practices and environmental responsibility.",Valid Claim
"In collaboration with local wildlife organizations, we have restored over 15 acres of habitat, demonstrating our corporate responsibility and commitment to biodiversity, as highlighted in our CSR updates.",Valid Claim
"Our recent sustainability report highlights our goal of achieving net-zero emissions by 2025, a target that aligns with global climate agreements and shows our dedication to environmental responsibility.",Valid Claim
"We proudly showcase a solar installation, however, we still depend predominantly on fossil fuels for our energy needs, making our sustainability claims questionable.",Invalid Claim
"We recently launched a sustainability program that has engaged over 70% of our employees in energy-saving initiatives, showcasing our culture of responsibility towards the environment.",Valid Claim
"Our commitment to sustainability includes a pledge to reduce greenhouse gas emissions by 40% by 2030, with interim targets set every year to keep us accountable and transparent to stakeholders.",Valid Claim
"We are the leading green brand in the market, although an examination of our waste management practices reveals a reliance on landfills at a rate that contradicts this claim—with little action taken to rectify this.",Invalid Claim
"The latest advertisement showcases our green initiatives, but the reality is that many of these projects were either incomplete or funded by government grants rather than the company’s revenue.",Invalid Claim
"All of our products are packaged using biodegradable materials, resulting in a reduction of plastic waste entering landfills each year.",Valid Claim
"The organization reported that their clean energy project has generated enough power to supply over 10,000 homes, thereby significantly offsetting fossil fuel reliance in their operational areas, which is a noteworthy achievement.",Valid Claim
"As part of our commitment to circular economy principles, we have implemented a recycling program that has successfully diverted over 500 tons of waste from landfills annually.",Valid Claim
"The company has reported a 30% reduction in its carbon emissions over the last five years, demonstrating a strong commitment to sustainability and environmental responsibility as part of its strategic goals.",Valid Claim
"The brand's lofty goals of achieving carbon neutrality by 2025 are overshadowed by a lack of concrete steps and transparency about their actual environmental impact,",Invalid Claim
"In our mission statement, we highlight a zero-waste policy; however, our waste management practices still contribute to significant landfill volumes.",Invalid Claim
"Our commitment to sustainability extends to using only cruelty-free methods in the production of our cosmetics, which has been validated by reputable third-party certifications.",Valid Claim
"In a press release, we touted our commitment to preserving biodiversity, but internal records indicate we were involved in deforestation in several regions.  This contradiction is concerning.",Invalid Claim
"The latest sustainability report highlights our investment of over $1 million in community clean-up projects, showcasing our efforts to improve local environments and engage communities in ecological preservation. This aligns with our overarching corporate social responsibility strategy.",Valid Claim
"Our investment in urban green spaces not only enhances community well-being but also effectively mitigates urban heat island effects, exemplifying our dual commitment to environmental and social sustainability.",Valid Claim
"In our latest annual report, we highlighted that over 80% of our waste is now recycled or repurposed rather than going to landfills, showcasing our efforts to minimize waste generation.",Valid Claim
"The report indicated a 50% reduction in waste sent to landfills, but upon review, it turned out that waste diversion was miscalculated, leading to a false representation of disposal statistics.",Invalid Claim
"They claim that all their products are biodegradable, yet many of the items released do not comply with relevant composting standards, casting doubt on the accuracy of their marketing.",Invalid Claim
"Our ongoing investment in clean technology is projected to cut energy consumption by 50% over the next five years, significantly contributing to our long-term sustainability targets.",Valid Claim
"In 2023, we planted over 100,000 trees as part of our reforestation initiative, which has a positive impact on local wildlife and helps mitigate climate change effects in the region.",Valid Claim
"We have partnered with local conservation groups to restore wetlands affected by our previous operations, aiming to enhance ecosystem health while taking responsibility for our environmental footprint.",Valid Claim
"The advertisement highlights zero waste production, yet our waste audits show significant landfill contributions that contradict this promise.",Invalid Claim
"Our recent sustainability report suggests we are increasing our water efficiency, but the metrics we publish leave out the excessive water usage of our less-visible supply chain operations, presenting a skewed picture to stakeholders.",Invalid Claim
"In 2022, we achieved a zero-waste facility certification, which exemplifies our commitment to minimizing landfill contributions and maximizing recycling efforts across all departments. This comprehensive approach is integral to our sustainability strategy.",Valid Claim
"Despite claiming to be 100% recyclable, the packaging of our new product line is made from materials that are not accepted by most local recycling facilities. This raises questions about the truth of our sustainability goals.",Invalid Claim
"To foster circular economies, we have launched an innovative take-back program that allows customers to return used products for recycling, thereby reducing landfill waste associated with our brand.",Valid Claim
"The company promotes its efforts in reducing plastic usage, yet behind the scenes, product designs still rely heavily on single-use plastics, making public claims misleading.",Invalid Claim
"Our partnership with local conservation groups to restore habitats has resulted in the planting of over 10,000 trees this year alone, illustrating our ongoing commitment to biodiversity and ecosystem health.",Valid Claim
"Through innovative approaches in energy efficiency and waste reduction, our operations have garnered positive reviews from environmental groups, affirming the integrity of our sustainability efforts.",Valid Claim
"The advertisement boasts about our carbon neutrality, however, our offset program relies heavily on unverified forest conservation projects, which many experts deem questionable.",Invalid Claim
"We have been recognized as a leader in sustainable farming, but investigations have found that many of our farming practices do not align with our public assertions about organic methods.",Invalid Claim
"We proudly announce that our solar energy initiative has generated enough renewable energy to power our headquarters completely, which has been independently verified by a recognized third-party auditor.",Valid Claim
"Our company slogan states, 'Green energy for a sustainable future,' while the reality is that a major portion of our energy still comes from fossil fuels.  This feels misleading to consumers.",Invalid Claim
"Our research shows that BrightEnergy has significantly reduced greenhouse gas emissions by 40% in the last two years, reinforcing their assertions of being at the forefront of clean energy innovation.",Valid Claim
"We have shifted 60% of our operational fleet to electric vehicles, a decision backed by our logistics team’s analysis highlighting both cost savings and significant environmental benefits.",Valid Claim
"The marketing materials boast that we use no harmful chemicals in our products, but numerous tests indicate that trace amounts of these chemicals are present, contradicting our claims.",Invalid Claim
"While we promote our zero waste policy, recent audits revealed that a significant portion of our packaging still ends up in landfills. This contradicts our advertised commitment to sustainability.",Invalid Claim
"Despite our commitment to sustainability, the use of toxic chemicals in our production process is still prevalent, and this has not been mentioned in our public reports, which is misleading.",Invalid Claim
"Our product line boasts biodegradable packaging made from plant-based materials, allowing consumers to reduce their plastic footprint while enjoying our products. This decision aligns with our mission to promote sustainability throughout our supply chain.",Valid Claim
"Our company prides itself on being carbon neutral, yet recent audits show significant discrepancies in our emissions data, suggesting we have not yet achieved this status.",Invalid Claim
"Throughout the past year, we have collaborated with local environmental NGOs to restore natural habitats, reflecting our commitment to biodiversity and ecological health.",Valid Claim
"They assert that their packaging is 100% recyclable, however, a simple scan of the materials used reveals plastics that cannot be recycled in most facilities, contradicting their claims.",Invalid Claim
"We have been labeled a green business for our efforts in sustainability. However, a closer look at our waste management practices reveals we primarily send our waste to landfills instead of recycling.",Invalid Claim
"They are advertising a 'green' certification, but the certifying body has been criticized for lacking rigorous evaluation methods, undermining the credibility of the labels.",Invalid Claim
"While we present a plan to go carbon neutral by 2030, the actual steps outlined in our report lack specificity and timelines, raising concerns about the seriousness of our claims.",Invalid Claim
"According to their latest sustainability report, FreshFarms has successfully converted 50% of their land to organic farming practices, indicating a positive trend towards sustainable agriculture that aligns with their pledges.",Valid Claim
"Our collaboration with local conservation groups has led to the restoration of over 500 acres of wetlands, significantly contributing to wildlife habitats and improved water quality.",Valid Claim
"We are committed to reducing our carbon footprint by 50% in the next year, despite our recent expansion of production lines that are expected to increase emissions significantly.",Invalid Claim
"Despite promoting our commitment to reducing plastic waste, we still package our products in non-recyclable plastic, which contradicts our sustainability messaging.",Invalid Claim
"The recent study conducted by our R&D team shows that our solar panel products have an efficiency rating exceeding 22%, surpassing industry standards and pushing the envelope for renewable energy technologies.",Valid Claim
The recent study published in the Journal of Environmental Management confirms that our eco-friendly packaging solutions have resulted in a 40% reduction in plastic waste in the supply chain since 2020.,Valid Claim
"The company's commitment to biodiversity is exemplified by our conservation efforts that restore natural habitats in the regions we operate. Through financial contributions and volunteer programs, we actively participate in restoring essential ecosystems, confirming our environmental stewardship role.",Valid Claim
"The promotional materials claim that our manufacturing process eliminates waste completely, but waste management records indicate that a substantial amount of waste is still generated, suggesting misleading practices in reporting sustainable operations.",Invalid Claim
"The recent installation of solar panels on our main office has enabled us to produce 75% of our own energy, marking a significant step towards our commitment to net-zero energy consumption by 2030.",Valid Claim
"Our company not only follows but exceeds the EPA standards for emissions, demonstrating leadership in environmental responsibility within the industry.",Valid Claim
"Though we advertise our products as eco-friendly, many components are made with non-biodegradable materials, undermining the environmental claims we make in our branding.",Invalid Claim
"Through our ongoing collaboration with NGOs focused on clean water access, we have successfully funded the installation of water purification systems in over 100 communities, enhancing health and environmental resilience.",Valid Claim
"The advertisement promotes a new eco-friendly product, highlighting the use of biodegradable materials, but when analyzed, it turns out that only a small component of the product is biodegradable, leaving the majority still harmful to the environment.",Invalid Claim
"In the last quarter, we rolled out an extensive recycling program across all our offices, which has resulted in diverting over 50 tons of waste from landfills, reinforcing our pledge of minimizing our ecological footprint.",Valid Claim
"Despite our claims of sustainable sourcing, numerous investigations have shown that we are still linked to deforestation practices in multiple regions.",Invalid Claim
"As part of our sustainability initiative, we've started using biodegradable packaging for all our products, which minimizes plastic waste and supports a healthier planet for future generations.",Valid Claim
"Our ambitious goal is to plant one million trees by 2030, contributing to biodiversity and combating climate change in our regions of operation.",Valid Claim
"While the corporation asserts that its supply chain is transparent and ethical, several third-party investigations revealed significant discrepancies in how suppliers are treated and compensated, raising questions about their overall integrity.",Invalid Claim
"We have committed to planting a tree for every product sold, aiming to offset our carbon footprint while contributing to reforestation efforts globally. This initiative is part of our broader strategy to promote ecological balance and protect biodiversity.",Valid Claim
"After conducting a thorough life-cycle assessment, we confirmed that our new electric vehicles emit 80% less CO2 compared to conventional models, proving their environmental advantage.",Valid Claim
"While we proudly state our commitment to reducing plastic use, recent audits highlight an increase in plastic waste generated from our packaging, contradicting the messaging in our public communications.",Invalid Claim
"We achieved a 30% reduction in water usage last year, as verified by audits conducted by an environmental consultancy firm specializing in resource management.",Valid Claim
"Our new product line exceeds all industry standards for eco-friendliness, and we have documented these improvements in our annual environmental performance report.",Valid Claim
"The company touts a reduction in plastic use by 40% in this year’s report; however, this number is compared to a year where plastic use was significantly low already, making the reduction seem more impressive than it actually is.",Invalid Claim
"The establishment of our urban forestry initiative has led to the planting of 10,000 trees, which not only helps in carbon sequestration but also enhances local biodiversity in the communities we serve.",Valid Claim
"Our efforts in community reforestation are highly praised, yet, there's little follow-up on the actual number of trees planted versus those reported in promotions.",Invalid Claim
"Although they market themselves as carbon neutral, audits reveal operations continued to produce high levels of emissions, contradicting their public claims.",Invalid Claim
"Our commitment to clean water initiatives has led us to invest in water purification systems in underprivileged areas, reaching over 10,000 people with access to safe drinking water this past year.",Valid Claim
"The advertisement states that switching to our service will reduce energy consumption by 50%, yet independent studies show the actual reduction is less than 10%.",Invalid Claim
"In our recent sustainability report, we highlighted our efforts to reduce single-use plastics, which have led to a substantial decrease in plastic waste generated by our operations.",Valid Claim
"The extensive lifecycle analysis conducted on our products shows that using recycled materials cuts down on resource extraction and significantly lessens environmental impact, demonstrating our commitment to responsible consumption.",Valid Claim
"We take pride in sourcing all our materials from eco-friendly suppliers. However, some of our components are still shipped from overseas using air freight, which leaves a significant carbon footprint.",Invalid Claim
"Our new manufacturing process reduces carbon emissions by 30%, which is a commitment to our pledge of achieving net zero by 2030. We are proud to share this achievement with our stakeholders, as it aligns with our sustainability goals.",Valid Claim
"While our ads boast about using renewable energy, the latest audit shows that we still rely heavily on fossil fuels during peak production times.",Invalid Claim
"The report states that we reduce waste through efficient practices; however, a closer look reveals that waste is simply exported rather than actually reduced, challenging the integrity of our sustainability claims.",Invalid Claim
"In our latest sustainability initiative, we have partnered with a local reforestation project, contributing to the planting of 10,000 trees in the community to offset our emissions from production processes.",Valid Claim
"While we promote our products as sustainably sourced, we have not disclosed the full supply chain information, leaving consumers unable to verify the authenticity of those claims.",Invalid Claim
"In the annual sustainability update, the firm claims that their products are made from 100% recycled materials, thus significantly lowering their overall environmental footprint and supporting circular economy practices.",Valid Claim
"Our latest eco-friendly initiative claims to have saved thousands of gallons of water annually. However, internal calculations reveal that the actual savings are closer to a few hundred gallons, raising concerns about the validity of our assertions.",Invalid Claim
"An analysis of the water usage claims made by PureWater Inc. shows that they have exaggerated their efficiency measures, failing to mention the high levels of wastewater generated.",Invalid Claim
"Our campus has implemented a robust waste reduction program, which includes composting and recycling, that has cut down landfill waste by 45% in just two years, showcasing our commitment to sustainable practices.",Valid Claim
"Our latest initiative has successfully converted 50% of our fleet to electric vehicles, contributing to our overarching goal of reducing our carbon footprint and showcasing our commitment to clean transportation solutions.",Valid Claim
"Although we advertise an increase in energy efficiency due to upgrades in our facilities, the comparison is made against old data that does not accurately represent our current energy use.",Invalid Claim
"We declare that our packaging is fully biodegradable, but tests conducted by environmental agencies revealed that it takes much longer to decompose than we stated, leading to misleading environmental implications.",Invalid Claim
"We are proud to announce our partnership with several NGOs to restore local habitats, which has already led to the planting of over 1 million trees, enhancing biodiversity and improving air quality in the region.",Valid Claim
"The advertisement for our cleaning products boasts an eco-certification that purportedly guarantees their environmental safety, yet upon review, it appears the certification was granted based on outdated criteria, thus rendering it misleading.",Invalid Claim
"We are annoucing a new eco-friendly package, yet independent studies have shown that these materials are not biodegradable and may contribute to plastic pollution instead.",Invalid Claim
"Our initiative to plant trees offsets all of our carbon emissions. Yet, independent studies show that we only fund a fraction of the required projects, which casts doubt on the effectiveness of our claims.",Invalid Claim
"Our sustainability initiatives have been a priority, but the lack of comprehensive data on emissions from our manufacturing processes means customers have no way to verify our environmental impact claims.",Invalid Claim
"Although we present ourselves as a leader in sustainable practices, our financial documents reveal significant investments in coal mining, highlighting a disconnect between our image and actual practices.",Invalid Claim
"In our report, we declare a commitment to zero waste. Analysis shows that less than 30% of our waste is diverted from landfills, suggesting our operations do not align with this claim.",Invalid Claim
"The company’s commitment to sustainable sourcing was highlighted in their latest campaign; however, an investigation into their supply chain revealed continued use of unsustainable materials in multiple product lines.",Invalid Claim
"The commitment to reduce water usage by 50% seems ambitious, but a recent environmental impact analysis revealed minimal change in overall water consumption across facilities.",Invalid Claim
"Our latest sustainability report highlights our commitment to carbon neutrality by 2025, but we have failed to implement any concrete actions towards reducing our carbon footprint this year.",Invalid Claim
"We claim to be water-neutral in our operations, but internal reports indicate that our water usage has not significantly changed over the years, negating the effectiveness of our conservation efforts.",Invalid Claim
"Our products are designed to last a lifetime, but customer feedback reveals that many items have a much shorter lifespan due to poor material choices used in manufacturing.",Invalid Claim
"We claim to use only recycled materials in our packaging, but a recent audit revealed that only 20% of our materials actually meet this standard.  Pretty misleading, right?",Invalid Claim
The CEO's statement about us having the most efficient solar panels in the market contradicts the third-party evaluations which rank them significantly lower than competitors.,Invalid Claim
"We proudly announce our efforts to be carbon neutral by next year; however, we haven't implemented any of the required measures as of yet.",Invalid Claim
Our recent adoption of water-efficient technologies in production processes has helped us reduce water consumption by 50%. This tangible result reflects our commitment to conserving natural resources and promoting sustainable practices in all areas of operations.,Valid Claim
"Our commitment to sustainable sourcing has led to 100% of our coffee being certified Fair Trade, ensuring that farmers receive fair compensation while promoting environmental stewardship.",Valid Claim
"This advertisement mentions reducing carbon emissions by 50%, yet third-party audits indicate an increase in emissions last quarter, suggesting a lack of transparency in environmental claims.",Invalid Claim
"Our company has reduced its carbon footprint to zero by planting trees every year; however, we continue to source materials from non-sustainable forests, contradicting our environmental promises.",Invalid Claim
"The report mentions that our new facility is powered by renewable energy, but the truth is we still use fossil fuels for backup power, which is not mentioned.",Invalid Claim
"This business's commitment to sustainability is evident in its switch to biodegradable packaging, which has reduced plastic waste significantly, as verified by independent studies.",Valid Claim
"The company has achieved LEED certification for its new headquarters, which incorporates state-of-the-art sustainable building practices to reduce energy consumption and improve indoor air quality.",Valid Claim
"The eco-friendly label on our products suggests they are all sourced responsibly, but audits of our sourcing practices indicate inconsistencies with these claims.",Invalid Claim
"With a commitment to sustainable practices, our firm has partnered with local farmers to ensure that all our raw materials are sourced sustainably and ethically.",Valid Claim
"The recent investment in our waste diversion efforts, targeting 90% diversion from landfills, highlights our proactive approach to corporate responsibility and environmental impact reduction.",Valid Claim
"As part of our dedication to social responsibility, our latest initiative involves providing access to clean water in underserved communities, highlighting our holistic approach to sustainability.",Valid Claim
"By implementing a circular economy strategy, our company has achieved a 50% reduction in waste sent to landfills through recycling and repurposing initiatives, showcasing our commitment to resource efficiency and sustainability.",Valid Claim
"Despite our claims of using sustainable packaging, our products still come wrapped in layers of plastic that are not recyclable. This directly contradicts our marketing assertions.",Invalid Claim
"After conducting a thorough life cycle assessment, we found that our eco-friendly packaging reduces waste by 50% compared to traditional materials. This not only helps the environment but also supports our mission to create a sustainable future.",Valid Claim
"The organization claims to have eliminated single-use plastics in all its facilities, however, employee reports indicate that these plastics are still regularly used in various departments.",Invalid Claim
"We publicly declare our commitment to sustainability, claiming zero landfill waste, while conveniently excluding our outdated systems that still contribute to some waste.",Invalid Claim
"The company boasts about reducing emissions by 50%, but this figure is based on a comparison to an unusually high historical benchmark that does not reflect actual current emissions.",Invalid Claim
"We recently announced a pledge to become carbon neutral by 2030, yet we continue to engage in practices that contradict this objective, such as extensive fossil fuel usage.",Invalid Claim
"The latest environmental impact report from the company suggests a commitment to sustainability, yet an independent review found inconsistencies in how they calculate and report waste reduction metrics, suggesting a lack of transparency.",Invalid Claim
"The eco-friendly certification claimed by the brand is under scrutiny as it utilizes processes that are known to be harmful to the environment, effectively misleading consumers about the product's true impact.",Invalid Claim
"Our tree-planting initiative has successfully planted over 100,000 trees since its inception, significantly contributing to carbon sequestration efforts in our local community.",Valid Claim
"The construction of our new headquarters features a green roof and rainwater harvesting systems, which help to lower the building's energy consumption and water use. This design reflects our long-standing commitment to environmental stewardship.",Valid Claim
"The firm has been recognized for its comprehensive water conservation program that has saved millions of gallons annually, proving its proactive stance on resource management.",Valid Claim
"Our sustainability report highlights that all our products are now made from at least 50% recycled materials, demonstrating a concrete step towards reducing our environmental footprint.",Valid Claim
"The company has committed to reducing its greenhouse gas emissions by 50% by 2030, aligning with the Paris Agreement goals and has already achieved a 20% reduction since 2019.",Valid Claim
"After implementing our sustainable sourcing guidelines, we have ensured that 100% of our raw materials come from certified renewable sources. This step is crucial in minimizing environmental impact.",Valid Claim
"Introducing our eco-friendly line, which avoids all harmful chemicals. However, third-party testing has shown traces of banned substances in multiple products, challenging the integrity of the marketing statement.",Invalid Claim
"We pride ourselves on being a green company; however, an investigation into our supply chain practices exposes serious shortcomings in waste management and disposal methods used by our suppliers.",Invalid Claim
"We have received certifications from recognized environmental organizations for our efforts in reducing greenhouse gas emissions through our innovative manufacturing processes, demonstrating our effective strategies in sustainability.",Valid Claim
"While our manufacturing process claims to be waste-free, we actually send significant amounts of waste to landfills, which contradicts our sustainability message.",Invalid Claim
"Though labeled as sustainable, our new product line features ingredients that are not sourced responsibly, contradicting our claims of environmental consciousness in our marketing materials.",Invalid Claim
"We have launched a new program aimed at promoting sustainable agriculture practices among our suppliers, resulting in a measurable reduction in pesticide use within our sourcing regions. This progress speaks volumes about our dedication to ethical sourcing.",Valid Claim
Our transition to using biodegradable packaging materials has not only reduced our plastic footprint but has also been certified by a reputable third-party organization. This switch is part of our broader strategy to minimize environmental impact and promote sustainability.,Valid Claim
The introduction of biodegradable materials into our product line demonstrates our commitment to environmentally responsible practices. We estimate that these changes will result in a 50% reduction in plastic waste by 2025.,Valid Claim
"By implementing solar panels on our warehouses, we not only improve our energy efficiency but also contribute surplus energy back to the grid, effectively supporting renewable energy initiatives.",Valid Claim
"Our company has achieved zero waste to landfill for three consecutive years, although internal audits indicate that a significant amount of waste was still being disposed of in landfills due to inefficiencies in waste sorting protocols.",Invalid Claim
"Promoting an eco-friendly image, the company has advertised its commitment to water conservation; however, reports suggest excessive water usage during production, contradicting their narrative of sustainability.",Invalid Claim
"We proudly claim to support fair trade practices, but most of our suppliers are not certified and often exploit labor.",Invalid Claim
Our renewable energy projects have produced over 1 million megawatt-hours of green energy as certified by the Renewable Energy Guarantee of Origin. This achievement not only surpasses our initial targets but also contributes to decreasing reliance on fossil fuels in our operations.,Valid Claim
"We are proud to announce that our new product line is made entirely from recycled materials. This means less plastic waste in oceans, truly supporting our commitment to environmental stewardship and circular economy principles.",Valid Claim
"Our commitment to reducing plastic waste is admirable, but data obtained from environmental groups point out that our plastic usage has actually increased in the last year.",Invalid Claim
"The recent investment in energy-efficient technology has resulted in a 40% decrease in our energy use, corroborated by utility billing data and independent analysis.",Valid Claim
"Our production facility now operates at 80% energy efficiency, a reduction of emissions verified through annual audits carried out by recognized environmental agencies. We're dedicated to ongoing improvements and transparency in our sustainability efforts.",Valid Claim
"Despite the green marketing pitch, a major clothing line was found to utilize manufacturing facilities that violate labor rights and do not comply with environmental regulations, raising questions about their ethical claims.",Invalid Claim
"After collaborating with local communities, CleanAir Corp has planted over 10,000 trees this year, contributing significantly to carbon offset efforts that they promote in their corporate social responsibility updates.",Valid Claim
"We have successfully established a circular economy model in our operations where 90% of our resources are reused or recycled, significantly lowering our environmental impact and promoting sustainability.",Valid Claim
"The furniture retailer's brochure boasts about using sustainable timber, however, investigations reveal that the sources are not certified and may include endangered species wood.",Invalid Claim
"The commitment to sourcing 'green' materials is undermined by evidence that most of them are sourced from suppliers with questionable environmental practices, leading to skepticism about the validity of these claims.",Invalid Claim
"The firm’s report highlights zero water waste, yet an internal whistleblower report reveals major discrepancies in how water usage is calculated and reported.",Invalid Claim
We are committed to using 100% recyclable packaging by 2025. This initiative not only aligns with global sustainability practices but also meets consumer demand for more eco-friendly options.,Valid Claim
"XYZ Corporation promotes its zero-waste initiative, but internal audits reveal that a significant amount of their waste is disposed of in conventional landfills rather than being repurposed or recycled as claimed.",Invalid Claim
"While the firm promotes its new product as eco-friendly, the environmental impact assessments indicate it utilizes harmful chemicals that counteract the purported benefits, leading to skepticism about their true sustainability efforts.",Invalid Claim
"While we celebrate our ‘green’ certifications, many of the processes used to achieve these certifications do not meet the rigorous standards expected by environmental watchdogs.",Invalid Claim
"While we advertise our renewable energy usage, the data we provide from our last year lacks the rigorous standards necessary to back this up, leading to skepticism about its accuracy.",Invalid Claim
"Our company has committed to reducing greenhouse gas emissions by 50% by 2030, aligning with global climate goals and verified by a third-party auditor who confirmed our targets meet the necessary standards.",Valid Claim
"Our commitment to transparency is evident in our annual sustainability reports, which provide detailed insights into our initiatives and their positive effects on the environment.",Valid Claim
"Even though we market ourselves as a green company, the latest evaluations show that our production processes continue to have considerable environmental effects that contradict our branding.",Invalid Claim
"While we state our supply chain is sustainable, several suppliers have been flagged for environmental violations and do not adhere to our claimed standards.",Invalid Claim
"The latest sustainability report highlights that we have achieved 100% renewable energy usage across all our manufacturing plants, which aligns with our goal to minimize environmental impact.",Valid Claim
"The company claims to be carbon neutral but continues to invest heavily in fossil fuels, contradicting their assertions about environmental responsibility.",Invalid Claim
"This company claims to have recycled 100% of its plastic waste last year; however, an independent audit shows that less than half was actually recycled.",Invalid Claim
We have committed to water neutrality by implementing advanced conservation techniques and rainwater harvesting systems. An annual report from environmental consultants has verified that we are on track to meet our water sustainability targets without compromising supply.,Valid Claim
"Recent claims made on social media assert that our company has achieved net-zero emissions, but the methods of offsetting utilized have been shown to be ineffective in actual carbon reduction according to environmental experts.",Invalid Claim
"The sustainability report states that we have achieved zero waste, but this does not account for hazardous waste, therefore presenting an incomplete picture of our environmental impact.",Invalid Claim
"Our latest report highlights a significant reduction in water usage across our factories, achieving a 40% decrease thanks to advanced water-saving technologies installed last year.",Valid Claim
"After analyzing our supply chain, we've partnered with local farmers who utilize sustainable farming practices, which contributes positively to the ecosystem and supports the local economy.",Valid Claim
"In their latest report, the company outlined ambitious sustainability goals, but they were not met in the past year, leaving stakeholders wondering about the authenticity of their future promises.",Invalid Claim
"In our recent sustainability report, we highlighted a significant reduction in water usage across all our production sites, amounting to a decrease of 20% over the last five years. This showcases our dedication to responsible resource management and environmental stewardship.",Valid Claim
"A recent sustainability brochure claims the firm engages in reforestation efforts, yet there’s insufficient evidence of their participation in any verified programs, creating skepticism about such statements.",Invalid Claim
Using recycled materials in 80% of our products not only minimizes waste but also supports a circular economy and aligns with our sustainability goals as detailed in our annual report.,Valid Claim
"We have partnered with local organizations to promote community-led clean-up initiatives, resulting in the removal of thousands of pounds of litter from our waterways and parks, emphasizing our commitment to environmental stewardship.",Valid Claim
"The advertisement touted energy efficiency improvements in our factories, however, an audit revealed that due to outdated equipment, no actual gains have been realized.",Invalid Claim
"By collaborating with local farmers, we have created a sustainable supply chain that focuses on organic practices, reducing chemical runoff and promoting biodiversity. Our aim is to support the environment while providing healthier options to our customers.",Valid Claim
"Our reports declare zero waste to landfill from our production facilities, yet we secretly dispose of hazardous materials in non-approved sites, which does not align with our public commitments.",Invalid Claim
"As part of our commitment to sustainability, we are pleased to announce that our packaging is now fully compostable, reducing plastic waste and encouraging responsible disposal among our customers.",Valid Claim
Yesterday's ad highlighted zero waste production; critics point out they were fined for improper disposal of hazardous waste just weeks ago.,Invalid Claim
"Following our pledge to increase transparency, we published detailed information on our resource usage and waste management strategies, which are now available to the public online.",Valid Claim
"We've partnered with local conservation groups to restore natural habitats, reflecting our commitment to biodiversity and community engagement in sustainability initiatives.",Valid Claim
"Our latest report states that all our products are sustainably sourced, however, numerous items lack proper certification and transparency about their origins.",Invalid Claim
"The latest sustainability brochure suggests that our supply chain is entirely fair-trade certified, but many of our suppliers were not verified.  This raises questions about the authenticity of our claims.",Invalid Claim
"We proudly announced a shift towards sustainable sourcing of materials, yet third-party evaluations indicate that the majority of our sources are still engaged in unsustainable practices, contradicting our public statements.",Invalid Claim
"The sustainability report claims reduced water usage by 50%, but customers have shared experiences of water scarcity issues reported in the same facilities.",Invalid Claim
"Despite stating our commitment to use 50% recyclable materials in our products, we still rely heavily on single-use plastics, undermining our sustainability efforts.",Invalid Claim
"Following our commitment to environmental stewardship, all of our products now comply with the stringent eco-label standards set by the World Environmental Organization, showcasing our dedication to sustainability.",Valid Claim
"Our new eco-friendly labeling claims to be biodegradable within six months, however, testing has shown that the materials used take much longer to decompose in natural conditions, potentially misleading our consumers about our environmental impact.",Invalid Claim
"This brand's advertisements say they are leading the way in sustainable fashion, while many items are produced in factories that provide little transparency about their environmental impact.",Invalid Claim
"We declared a major shift towards renewable energy, yet our energy sourcing remains heavily reliant on fossil fuels, which undermines our sustainability messaging.",Invalid Claim
"We proudly announce that our fashion line is made from sustainable materials but an investigation revealed a considerable lack of transparency regarding the sourcing of those materials, thus questioning the sustainability of our entire collection.",Invalid Claim
"Our product is made from 100% recycled materials, yet we cannot provide evidence of this assertion because the sourcing documents were lost.",Invalid Claim
"The recent installation of energy-efficient lighting systems in our offices has decreased our overall electricity usage by 15%, as outlined in our sustainability strategy.",Valid Claim
"The company markets its commitment to water conservation, yet recent reports from various environmental organizations highlight excessive water usage in our manufacturing processes, which conflicts with our public statements.",Invalid Claim
"The company proclaims to be carbon neutral since 2020, yet audits for that year demonstrate we have not made the necessary offsets for emissions produced by our logistics operations.",Invalid Claim
"As part of our sustainability initiative, we have implemented a zero-waste policy in our manufacturing facility, ensuring that 100% of our production waste is recycled or repurposed. This effort reflects our dedication to responsible resource management and reducing landfill impact.",Valid Claim
"According to our recent life cycle analysis, the new biodegradable materials we use not only break down faster but also have a reduced environmental impact. These findings have been confirmed by a leading environmental consultancy that specializes in sustainable materials.",Valid Claim
"Recent initiatives to switch to biodegradable packaging have not only lowered our plastic waste by 25% but have also garnered positive feedback from our customers, validating our commitment to sustainable practices.",Valid Claim
"The initiative to offset carbon emissions through credits sounds great, but investigation shows that these credits were purchased from projects that are not actively reducing emissions.",Invalid Claim
"As a part of our corporate social responsibility, we've partnered with local farmers to promote sustainable agriculture practices, benefiting both the environment and local economies.",Valid Claim
"Our innovative wastewater treatment system has allowed us to recycle and reuse over 80% of our water, significantly reducing our dependency on local water supplies and lowering our operational impact on surrounding ecosystems.",Valid Claim
"We have implemented a comprehensive water conservation program which has resulted in a 25% reduction in water usage across our manufacturing facilities, supporting our goal of environmental responsibility.",Valid Claim
"Our latest report highlights a commitment to renewable energy, even though less than 5% of our energy consumption comes from renewable sources.",Invalid Claim
"We proudly state that our operations are powered by renewable energy sources, despite still having a significant percentage of energy sourced from fossil fuels due to our backup systems.",Invalid Claim
"We believe in promoting biodiversity and have planted over 20,000 trees in our reforestation program, contributing to both community development and ecological balance.",Valid Claim
"With our state-of-the-art water recycling facility, we are able to reduce freshwater consumption by 50%, highlighting our efforts in water conservation and responsible resource management.",Valid Claim
"Our company proudly states that we offset 100% of our carbon emissions, but we don't provide any specific details on how these offsets are calculated or verified.",Invalid Claim
"The latest report outlines how the company's energy-efficient practices have resulted in a substantial reduction in greenhouse gas emissions, supporting their claims of a 40% decrease within the last five years.",Valid Claim
"Our production facility has gone completely carbon neutral by 2020, achieving zero emissions through unproven offset programs, but the actual figures suggest otherwise due to a lack of transparency in reporting.",Invalid Claim
"While we claim to support local communities through our sourcing practices, several suppliers are located overseas, leading to increased carbon footprints that contradict our local sustainability goals.",Invalid Claim
"Our latest product line is made from 100% recycled materials, ensuring that we are not only reducing waste but also conserving natural resources. This innovation highlights our responsibility towards the planet and our commitment to sustainable product development.",Valid Claim
"The advertising campaign highlights our renewable energy initiative, but we still rely heavily on fossil fuels for 70% of our operations, misleading the public about our energy sourcing.",Invalid Claim
"Our recent project involved upgrading our facilities with energy-efficient machinery, resulting in a significant drop in our operational emissions while simultaneously lowering energy costs by 25%. This aligns with our long-term sustainability goals to enhance operational efficiency.",Valid Claim
"Our promotional materials have long highlighted that no water is used in manufacturing, yet investigations showed that water recycling methods were not in effect as claimed.",Invalid Claim
"By integrating solar panels into our headquarters, we have been able to produce 80% of our energy on-site, significantly reducing our overall carbon footprint according to our energy consumption reports.",Valid Claim
"We offer 'green' products that we say are manufactured using sustainable practices, but no evidence backs that up, and critics argue our supply chain practices tell a different story.",Invalid Claim
"After switching to renewable energy sources, our operations now run on 85% green energy, which is a major step forward in our efforts to minimize our carbon footprint globally.",Valid Claim
"By adopting green technologies, we have significantly lowered our energy consumption and have the potential to save approximately $500,000 annually.",Valid Claim
"The organization states it participates in reforestation efforts, however, they have not disclosed any credible verifiable metrics on the number of trees actually planted or sustained over the past years.",Invalid Claim
Our commitment to sustainable sourcing is evident in our partnerships with local farmers who practice organic farming methods. This ensures high-quality ingredients while promoting biodiversity and eco-friendly practices.,Valid Claim
"We are proud to announce that our supply chain now includes 70% certified sustainable materials, as verified by third-party organizations, supporting our long-term environmental goals.",Valid Claim
"In 2022, we achieved our goal of sourcing 100% of our paper products from sustainably managed forests, demonstrating our commitment to responsible environmental stewardship and sustainable development.",Valid Claim
"Through extensive audits, we have ensured that our suppliers adhere to strict environmental standards, solidifying our supply chain's commitment to ethical and sustainable practices.",Valid Claim
"As part of our dedication to preserving biodiversity, we have invested in restoration projects that have reclaimed over 500 hectares of land native to endangered species. Reports from environmental NGOs validate the impact and progress of these initiatives.",Valid Claim
"In our latest initiative, we've installed solar panels across all our facilities, which has generated enough energy to power our operations for 6 months, supporting our goal of sustainability through renewable energy.",Valid Claim
"Despite advertising a commitment to renewable energy, this organization continues to invest heavily in fossil fuels, contradicting their public sustainability narrative.",Invalid Claim
"We are proud to announce that our manufacturing plant now runs entirely on solar power, significantly cutting down greenhouse gas emissions compared to traditional energy sources, which is a major milestone in our journey towards environmental responsibility.",Valid Claim
"We have invested in solar panels across our facilities, allowing us to generate renewable energy and lower our operational carbon footprint by 60%.",Valid Claim
"We claim to be carbon neutral, but a recent third-party review discovered we haven't accounted for our supply chain emissions in our calculations. This contradictory information raises questions about the authenticity of our sustainability efforts.",Invalid Claim
"Introducing our new line of biodegradable products, which we advertise as fully compostable. However, laboratory tests revealed that these products take significantly longer to decompose than our competitors' products.",Invalid Claim
"Despite assertions of zero waste in production, waste audits revealed that a substantial amount of material ends up in landfills, contradicting previous sustainability claims made by the company.",Invalid Claim
"The latest report shows that our factory's waste recycling rate has surpassed 90%, a testament to our commitment to waste management and circular economy principles.",Valid Claim
"Though we advertise our products as made from recycled materials, the majority of our stock still consists of virgin plastics, which contradicts our marketing message.",Invalid Claim
"We declare in our marketing materials that our products are sourced from sustainable farms, but we cannot trace 70% of our supply chain, raising questions about the accuracy of this claim.",Invalid Claim
"Our new biodegradable packaging is 100% compostable and will break down in nature in just 2 weeks, despite studies showing it can take many months in actual landfill conditions.",Invalid Claim
"Feedback from customers indicates that 78% appreciate our commitment to eco-friendly practices, particularly our focus on sourcing locally and reducing transportation emissions, which aligns with our mission to enhance community sustainability.",Valid Claim
"Our company has completely eliminated all plastic waste in our production process, yet our latest audit reveals that we still generate significant amounts of plastic waste due to overlooked packaging materials.",Invalid Claim
"They assert that their solar energy installations power over 70% of their facilities, a claim substantiated by energy audits conducted by third-party evaluators.",Valid Claim
"As part of our commitment to sustainable farming practices, we have transitioned 100% of our cotton sourcing to organic farms, which helps reduce pesticide use and promotes biodiversity.",Valid Claim
"We are proud to announce that every product we produce is packaged in 100% recyclable materials, leading to a significant decrease in landfill waste. This initiative aligns with our mission to minimize environmental impact and enhance circularity in our operations.",Valid Claim
"It’s stated that our factory runs entirely on renewable energy, but actually, a large part of our energy consumption still comes from non-renewable sources, which makes our sustainability assurances questionable.",Invalid Claim
"The company has partnered with local organizations to promote biodiversity in our supply chains, which has resulted in an increase of native species in the region by 15%.",Valid Claim
"The claim that our operations produce zero waste is misleading, as waste is still sent to landfills despite our recycling initiatives.",Invalid Claim
"We claim to support local economies by sourcing all our raw materials domestically, yet it has come to light that several materials are imported from overseas.  That's a big inconsistency.",Invalid Claim
"Although the firm claims to offset all its carbon emissions through tree planting, environmental groups have pointed out that many of the trees planted are not native to the region and could lead to ecological disruption.",Invalid Claim
"The company claims to plant a tree for every product sold; however, records indicate that these trees are not consistently planted as promoted, leading to questions about our environmental contributions.",Invalid Claim
"The report mentions a decrease in water usage by 40%, but excludes the fact that the company has increased production significantly, meaning the overall water consumption has actually risen, which creates a misleading narrative.",Invalid Claim
"The company claims that their products are carbon neutral as they offset emissions, but they don't disclose the actual carbon footprint in their assessments, raising questions regarding the accuracy of their claims.",Invalid Claim
"Through our investment in carbon offset projects, we have effectively compensated for our emissions and supported sustainable forest management efforts, reinforcing our pledge towards climate action.",Valid Claim
"The company emphasizes its commitment to reducing emissions, yet data from independent sources indicates that actual emissions have remained stable, contradicting our claims.",Invalid Claim
"In our product lines, we have increased the use of recycled materials by 40%, which directly contributes to reducing plastic waste and promoting a circular economy.",Valid Claim
"During 2022, the organization implemented a water conservation project that saved over 2 million gallons of water. This success highlights our dedication to sustainable resource management and environmental stewardship.",Valid Claim
"The sustainability report states that we prioritize ethical sourcing of materials, yet there are multiple allegations of labor rights violations within our supply chain.",Invalid Claim
"Our company has achieved a 50% reduction in greenhouse gas emissions over the past five years, as verified by an independent third-party auditor. This significant progress underscores our commitment to sustainability.",Valid Claim
"The new packaging made from recycled materials is 80% effective, but the truth is, only 10% of our items actually utilize this type of packaging.",Invalid Claim
"Our commitment to reducing water usage by 40% is based on a faulty calculation that ignored our actual consumption rates, which misrepresents our true impact on water resources.",Invalid Claim
"The promotional materials indicate a significant drop in water usage thanks to new technologies, yet the metrics provided only cover a short-term period and do not account for seasonal variations that could impact overall usage.",Invalid Claim
"By collaborating with other industry leaders, we’ve committed to a target of achieving zero waste to landfill in all our operations by 2030. This initiative represents a collective effort towards more sustainable practices within our sector.",Valid Claim
"With the launch of our sustainable packaging initiative, we have eliminated all single-use plastics in our product packaging. This shift is part of our pledge to achieve zero waste by 2030, ensuring a positive impact on the environment and our communities.",Valid Claim
"Our recent project aimed at reforesting 1 million trees has been certified by an environmental NGO, further enhancing our claim of active participation in environmental conservation efforts.",Valid Claim
"The marketing campaign highlighting the use of sustainable sourcing practices is misleading, as many of the materials originate from non-certified suppliers, which undermines the credibility of their environmental assertions.",Invalid Claim
"Our company boasts about its commitment to zero waste, yet there are numerous reports of waste being sent to landfills due to a lack of effective recycling partnerships that we have yet to establish or follow through on.",Invalid Claim
"Our company has reduced its carbon footprint by 75%, but we do not have any verifiable data to support this statement.",Invalid Claim
"Last year, we initiated a zero-waste program, diverting over 90% of our waste from landfills through recycling and composting initiatives, demonstrating our commitment to sustainability.",Valid Claim
"We are proud to announce that our entire supply chain has transitioned to sustainable natural fibers, ensuring that our products are made with materials that have minimal environmental impact.",Valid Claim
"In our commitment to sustainability, we have transitioned to 100% renewable energy sources for all our operations, significantly lowering our environmental impact.",Valid Claim
"By integrating sustainable sourcing practices, we ensure that all our palm oil is certified sustainable, protecting vital ecosystems while supporting local communities. This approach is crucial in addressing deforestation and promoting ethical sourcing in our supply chain.",Valid Claim
"This year, we are proud to announce that our entire fleet of delivery vehicles has been converted to electric, leading to a substantial decrease in our overall carbon footprint.",Valid Claim
"Our company offset all emissions from our operations by planting trees in our local community, resulting in a net-zero carbon footprint. However, independent audits have shown that the trees planted are not sufficient to counteract our actual emissions, raising questions about the accuracy of our claims.",Invalid Claim
"While the company insists that its products are cruelty-free, an undercover investigation found that several suppliers do not adhere to the company's animal welfare policies, casting doubts on the validity of their claims.",Invalid Claim
"A local company proudly states it has zero waste to landfill, but sources within the organization disclose that waste is actually incinerated, contradicting their public assertions about sustainability practices.",Invalid Claim
"As part of our sustainability initiative, we have partnered with local farmers to source 100% of our ingredients from within a 50-mile radius, supporting local economies while minimizing transportation emissions.",Valid Claim
"Our latest sustainability report shows a 30% reduction in carbon emissions compared to last year, aligning with our commitment to the Paris Agreement. ",Valid Claim
"We are excited to report that our water conservation efforts have led to a 25% reduction in water usage in our production processes, and these results are documented in our annual sustainability impact report.",Valid Claim
"The initiative to plant a tree for every product sold has resulted in over 500,000 new trees planted, with progress reports available to customers and stakeholders to ensure transparency.",Valid Claim
"Our community engagement programs focus on enhancing biodiversity by planting over 10,000 trees in local parks this year alone. These efforts are aimed at improving local ecosystems and promoting environmental education within the community.",Valid Claim
"This product is labeled as made from 100% recycled materials. However, upon investigation, only 20% is truly recycled, with the rest being new plastic that is unaccounted for.",Invalid Claim
"The carbon footprint of our manufacturing process is negligible compared to industry standards. Recent audits, however, revealed our emissions are actually much higher than stated, raising concerns about our claims.",Invalid Claim
"Our recent survey indicates that 85% of our products are now sourced from sustainable farms, ensuring that we support ethical practices in agriculture. Verification by our supplier audits confirms that we adhere to these sourcing guidelines, promoting long-term sustainability in the food industry.",Valid Claim
"Our carbon offset program has been independently audited and verified, ensuring that for every ton of CO2 emitted, we are investing in projects that sequester the same amount, promoting a balanced approach to emissions.",Valid Claim
"We claim to support local farms by sourcing organic ingredients, but a significant portion of our supply chain comes from large-scale industrial farms that do not adhere to organic practices.",Invalid Claim
"In our latest report, we highlight a significant increase in the use of recyclable materials in our packaging, reaching 85% this year. This initiative not only supports our environmental goals but also encourages consumer participation in recycling efforts.",Valid Claim
"In 2023, we implemented a zero-waste policy across all our manufacturing plants, achieving an impressive 98% reduction in landfill contributions.",Valid Claim
"Our green initiative showcases our efforts in sustainability, but many of these strategies are not implemented as outlined in our corporate report.",Invalid Claim
"Over the last two years, our firm has invested in solar technology for our offices and warehouses. This has resulted in a significant drop in reliance on non-renewable energy sources, outperforming our initial projections.",Valid Claim
"The company claims to have reduced its carbon footprint significantly; however, an internal audit revealed that the reported figures were inflated and did not reflect actual emissions.",Invalid Claim
"Last year, our comprehensive waste reduction strategy saved us over $1 million while also reducing our landfill contributions by 60%, illustrating a successful alignment of sustainability goals with business efficiency.",Valid Claim
"In their latest sustainability report, the firm highlights its commitment to zero waste, yet data shows significant landfill contributions from their manufacturing processes during the last quarter.",Invalid Claim
"According to the latest sustainability report, the firm has transitioned to renewable energy sources for all its operations, which has been confirmed through energy audits and stakeholder interviews.",Valid Claim
"Following rigorous third-party audits, the findings confirm that the firm has successfully sourced 100% of its paper materials from sustainably managed forests, further supporting its commitment to responsible forestry practices.",Valid Claim
"It was stated in our press release that our manufacturing processes are 90% waste-free. However, third-party assessments found a substantial percentage of waste still being generated and sent to landfills, opposing our claims.",Invalid Claim
"Our commitment to circular economy principles includes a take-back program for old products, which has been positively assessed by environmental activists and documented in independent reviews.",Valid Claim
"The transition to using solar power in all of our facilities has resulted in a significant reduction in greenhouse gas emissions, proving our commitment to combating climate change.",Valid Claim
"We are proud to announce that our packaging is now 100% recyclable and we have lowered plastic usage by 60% this year, which has contributed to a significant reduction of waste in landfills.",Valid Claim
"We frequently boast about our water conservation efforts, yet the majority of our processes rely heavily on water-intensive techniques, which contradicts our sustainability narrative aimed at community engagement.",Invalid Claim
"The advertisement boasting no deforestation practices conflicts with recent investigations showing that the company has been linked to suppliers who clear-cut forests for palm oil production, which contradicts their stated values.",Invalid Claim
"In collaboration with the community, we've developed workshops that educate local schools on environmental conservation, fostering a culture of sustainability among future generations.",Valid Claim
"The reduction of our greenhouse gas emissions by 40% over the last five years aligns with science-based targets, which have received independent verification by environmental experts.",Valid Claim
"In their advertisement, it is claimed that the product is made from recycled materials, but an investigation found that only a fraction of the components are sourced from recycled sources, contradicting their messaging.",Invalid Claim
"While we claim to use 100% renewable energy, much of it is offset by our reliance on fossil fuels from our auxiliary operations, which is not mentioned in our sustainability report.",Invalid Claim
"We claim to support local communities through sustainable sourcing, though our supply chain includes several suppliers with documented human rights violations and poor environmental practices.",Invalid Claim
"Our packaging is made from 100% recycled materials, a claim substantiated by certificates from our suppliers and regular audits conducted by environmental organizations.",Valid Claim
"Our annual sustainability audit reveals a continuous improvement in our supply chain transparency, ensuring that all materials are responsibly sourced and ethically produced.",Valid Claim
"Last year, Renewable Energy Solutions reported a 25% increase in energy efficiency across all their installations, which not only reduces costs for consumers but also contributes positively to the climate by lowering emissions from energy use.",Valid Claim
"Our commitment to sustainability includes using solar panels, but in reality, only a fraction of our energy comes from renewable sources, with most still derived from fossil fuels.",Invalid Claim
"We are committed to sourcing 100% of our raw materials from certified sustainable forests, ensuring that our supply chain supports responsible forestry practices.",Valid Claim
"Going green is our priority, with marketing suggesting zero emissions; unfortunately, studies conducted on our operations show emissions are above legally acceptable levels contrary to public assertions.",Invalid Claim
"As part of our sustainability goals, we have implemented a water conservation program that has successfully decreased our overall consumption by 30% in the last year, which is a crucial step in our commitment to protecting water resources.",Valid Claim
"Amidst promoting our green initiatives, we haven't disclosed that our manufacturing processes are still heavily reliant on non-renewable energy sources, casting doubt on our commitment to true sustainability.",Invalid Claim
"Our latest sustainability report showcases a 50% increase in energy efficiency across our facilities, achieved through advanced automation and regular maintenance checks, demonstrating our dedication to continual improvement.",Valid Claim
"Our solar energy project is projected to generate enough electricity to power 2,000 homes annually, showcasing our investment in renewable resources for the community.",Valid Claim
"We have successfully planted over 10,000 trees through our reforestation initiative. This project not only aims to restore ecosystems but also offsets our carbon emissions significantly, demonstrating our commitment to biodiversity.",Valid Claim
"Our recent investment in a tidal energy project exemplifies our approach to diversifying our renewable energy portfolio. By harnessing ocean power, we aim to generate clean energy while minimizing ecological disruption, reinforcing our commitment to sustainable practices.",Valid Claim
"The annual review from CleanWater Initiative shows a 60% improvement in water purification processes, demonstrating their effectiveness in promoting sustainable clean water solutions as touted in their public communications.",Valid Claim
"We are proud to say our processes are completely carbon neutral, despite the fact that multiple independent sources found emissions being released during production phases.",Invalid Claim
"In efforts to foster biodiversity, our new initiative has planted over 10,000 trees in urban areas, contributing to greener cities and healthier ecosystems as part of our sustainability commitment.",Valid Claim
"Our investment in solar panels has resulted in a staggering 40% reduction in electricity costs, while also contributing to a decrease in greenhouse gas emissions, further proving our commitment to sustainability.",Valid Claim
"Although the brochure includes claims about community engagement and support, reviews from local residents tell a different story, suggesting a lack of genuine involvement or benefit.",Invalid Claim
"Despite alleging a reduction in carbon emissions, an analysis of quarterly reports suggests that emissions have actually increased by 15% over the period in question, calling their sustainability initiatives into question.",Invalid Claim
"By investing in electric delivery vehicles, we've managed to lower our transportation emissions significantly, proving that green logistics can be both practical and impactful.",Valid Claim
"The advertisement boasts that all packaging is compostable, but testing revealed that only a small percentage of it meets the compostability standards required by industry regulators.",Invalid Claim
"Engaging with our stakeholders has led us to launch a community recycling program that encourages responsible waste management. By supporting local efforts, we aim to foster sustainable habits that benefit our environment.",Valid Claim
"We have partnered with local farmers to supply 100% organic ingredients for our products, helping to support sustainable agriculture practices and reduce our ecological footprint as outlined in our sustainability report.",Valid Claim
"While we’ve touted our support for local farmers in our advertising, reports indicate that we mostly source from large agribusinesses, undermining that claim.",Invalid Claim
"Despite our marketing claiming that our products are environmentally friendly, independent studies have shown they contain harmful chemicals.",Invalid Claim
"We advertise that we fully support sustainable fishing practices. However, investigations have shown that we continue to use suppliers that engage in overfishing, undermining the assertion made in our eco-labeling.",Invalid Claim
"The latest sustainability report claims to have sourced all materials from renewable energy sources. However, investigations revealed that a significant portion still relies on fossil fuels during production phases.",Invalid Claim
"Our sustainability report clearly outlines our targets for waste reduction, and we have already achieved a 50% decrease in landfill waste through our recycling programs.",Valid Claim
"The latest reports state that we recycle 100% of our plastic waste, but upon investigation, it turns out that a significant portion is actually incinerated instead of recycled, misleading stakeholders about our sustainability practices.",Invalid Claim
"We state that our manufacturing processes use 100% recycled water, however, our wastewater reports reveal that this is only true for a fraction of our operations.",Invalid Claim
"In their latest report, the firm boasted about its sustainability initiatives, specifically mentioning a reduction in plastic use; however, data indicates that their plastic waste has actually increased due to higher production rates.",Invalid Claim
"In our latest brochure, we mention the use of 80% recycled materials in our products, but further checks show that the actual percentage is closer to 50%, misleading consumers about our environmental impact.",Invalid Claim
"Our company has reduced its carbon emissions by 40% over the last five years, showcasing our commitment to sustainability and climate action through innovative energy solutions.",Valid Claim
"After conducting thorough audits, we proudly announce that all of our production facilities are now powered by renewable energy, significantly lowering our environmental impact while maintaining operational efficiency.",Valid Claim
"A prominent beverage brand claims to have achieved a 50% reduction in water usage, yet multiple water audits show that their production facilities have not implemented any significant water-saving technologies.",Invalid Claim
"The recent lifecycle assessment of our product range showed a 40% decrease in water usage, aligning with our mission to enhance resource efficiency while maintaining product quality.",Valid Claim
"Every product sold contributes to reforestation efforts, as we've partnered with a nonprofit to plant a tree for every item purchased, solidifying our pledge to environmental impact.",Valid Claim
"Our organization achieved a notable decrease in plastic usage, replacing plastic containers with biodegradable alternatives. This transition is a significant step towards reducing our ecological footprint and supporting marine life preservation.",Valid Claim
"The new report from SustainableCo declares an ambitious reduction in carbon emissions, yet examination of their energy consumption patterns shows a slight increase instead, suggesting the numbers may have been inflated.",Invalid Claim
"We are proud to announce that after conducting extensive evaluations of our supply chain, we have successfully sourced 80% of our materials from recycled or sustainable sources this year, supporting a circular economy.",Valid Claim
"Our sustainability report suggests that we are decreasing waste, but independent audits reveal that landfill contributions have not notably declined in recent years.",Invalid Claim
"Our latest ad claims we use recycled materials in our packaging, yet an internal review shows that less than 10% of our materials are recycled, contradicting public statements.",Invalid Claim
"The advertisement states that our operations are carbon neutral, yet we haven't conducted any verified assessments to substantiate this declaration, making it seem more like a marketing gimmick than an actual practice.",Invalid Claim
"Our company's mission statement claims we are dedicated to reducing waste. However, an internal report recently leaked indicating that we have not implemented any substantial waste reduction strategies in the past three years.",Invalid Claim
"We proudly announce that our facility has achieved LEED Platinum certification, demonstrating our adherence to high standards in energy efficiency and sustainable building practices.",Valid Claim
"Claims of being a zero-waste facility were made, but follow-up inspections demonstrated numerous violations of waste disposal regulations and a lack of adequate recycling measures.",Invalid Claim
"By investing in local communities and implementing waste management programs, we've diverted over 100 tons of waste from landfills this year, contributing positively to our environmental impact.",Valid Claim
"Our facility's improved energy efficiency measures have resulted in a 50% reduction in energy use per unit of output. This energy-saving transformation has been validated through rigorous measurement practices, reflecting our dedication to sustainability.",Valid Claim
"After conducting a lifecycle assessment, we found that our new product line has a lower environmental impact compared to its predecessor, thanks to sustainable sourcing and energy-efficient production methods.",Valid Claim
"A popular fast-food chain's campaign claims they are sourcing cage-free eggs entirely, however, audits show a large percentage still come from caged hens, which contradicts the advertised humane practices.",Invalid Claim
"Last year, we conducted a lifecycle analysis on our products, revealing that our manufacturing processes use 40% less water compared to industry standards. This data highlights our ongoing dedication to sustainable resource management.",Valid Claim
"We promise to support local communities through environmentally friendly practices, but recent evaluations show that our supply chain includes partners from regions known for their significant environmental degradation, calling into question our commitments.",Invalid Claim
"Promising to plant a tree for every product sold sounds great, but scrutiny reveals that the initiative only covers a fraction of their sales, questioning its effectiveness in genuinely offsetting environmental impact.",Invalid Claim
"After implementing energy-efficient technologies, the organization reported a significant drop in energy consumption, aligning with their public sustainability goals and verified by industry benchmarks.",Valid Claim
"The company sources 80% of its materials from renewable resources, ensuring that our production processes do not deplete natural resources and support a circular economy.",Valid Claim
"While we say we support renewable energy, most of our operations are still powered by non-renewable sources, indicating a lack of genuine commitment to sustainability.",Invalid Claim
"While the marketing materials claim a commitment to sustainably sourced palm oil, audits have shown that the supply chain is unverified and may not be in compliance with sustainability standards, putting their claims in doubt.",Invalid Claim
"Our firm asserts that our entire supply chain is free of child labor and ethically responsible. However, third-party audits indicate that we do not have adequate oversight on some suppliers, which contradicts our public statements.",Invalid Claim
"We've partnered with local farms to source organic ingredients for our food products, fostering community relationships and supporting sustainable agriculture.",Valid Claim
"Our operations are 100% renewable energy powered, the marketing campaign touts, yet records show that only a fraction of their energy comes from renewable sources while the rest is still from fossil fuels.",Invalid Claim
"Although the company has advocated for green practices, recent news reports indicate ongoing violations of environmental regulations, which contradicts our public commitments to sustainability.",Invalid Claim
"As part of our carbon offset program, we have planted over 10,000 trees this year, helping to restore local ecosystems and combat climate change. Each tree planted reflects our ongoing commitment to environmental stewardship.",Valid Claim
"Research indicates that our new energy-efficient appliances consume 40% less electricity than traditional models, a claim substantiated by third-party testing and consumer feedback.",Valid Claim
"Our advertisements highlight our commitment to sustainability through community projects, yet funding for these initiatives has drastically decreased, raising doubts about our ongoing dedication to such programs.",Invalid Claim
"By participating in the local reforestation project, we have contributed to planting over 10,000 trees, helping to combat climate change and improve air quality in our community.",Valid Claim
"Our marketing materials suggest that our product lifecycle has been designed with sustainability in mind, but no third-party verification exists to support these assertions.",Invalid Claim
"Our recent partnership with green technology startups aims to develop cleaner industrial processes, which we anticipate will lead to a reduction in our environmental impact by over 40% in the next five years.",Valid Claim
"In their sustainability report, XYZ Corp states that they reduced their carbon footprint by 50%, but this figure excludes significant emissions from their supply chain and ignores recent increases in production.",Invalid Claim
"Our sourcing policy mandates that all paper products must be certified by credible sustainability standards, ensuring responsible forest management and protection of ecosystems.",Valid Claim
"This product is labeled as 100% recyclable, but it requires specialized processing that is unavailable in most recycling centers, leading consumers to believe they are making a greener choice when they are not.",Invalid Claim
"The new line of clothing was marketed as carbon-neutral, but investigations later found out that the carbon offset measures were not based on verified projects, hence the neutrality of our clothing line is overstated.",Invalid Claim
"The recent report published by Green Corp demonstrates a significant decrease in water usage on our production lines, achieving a 30% reduction which aligns with our commitment to sustainability.",Valid Claim
"We proudly source 100% recycled materials, but our supply chain has yet to be verified, leaving questions about the actual sustainability of these materials.",Invalid Claim
"Despite the advertising showcasing a commitment to zero plastic waste, the recent analysis of their packaging materials indicates that a significant percentage still contains plastic, contradicting claims made on their website.",Invalid Claim
"The new solar panel installation at our headquarters has resulted in a significant decrease in our energy costs, proving that renewable energy sources can be both environmentally friendly and economically viable.",Valid Claim
"The initiative to reduce plastic waste is commendable, but the continued use of plastic in packaging for their flagship products raises questions about the sincerity of their sustainability efforts.",Invalid Claim
"As part of our commitment to transparency, we have published our full carbon footprint for the past three years, allowing stakeholders to see the tangible progress we've made in reducing greenhouse gas emissions as we transition to a low-carbon economy.",Valid Claim
"By sourcing all our raw materials from certified sustainable farms, we ensure that our supply chain supports both local economies and environmental conservation, reflecting our core values.",Valid Claim
"Our company has achieved 100% carbon neutrality through planting trees alone, which is misleading as we only fund projects rather than change our operations.",Invalid Claim
"We have embraced sustainable agriculture practices in our sourcing of raw materials, focusing on organic and local suppliers. This approach not only benefits farmers but also ensures the quality and sustainability of our products.",Valid Claim
