text,label
"A partnership between local businesses and schools can lead to vocational training programs that provide students with hands-on experience, preparing them for future employment and stimulating local economic growth.",Goal 4: Quality Education
"Innovative solutions like aquaponics are emerging, providing sustainable food options while minimizing water use. These practices can help reduce the pressure on natural aquatic environments.",Goal 14: Life Below Water
Enhancing access to justice mechanisms for marginalized populations is critical in achieving equitable treatment and fostering social stability within communities.,"Goal 16: Peace, Justice and Strong Institutions"
Promoting gender equality in political representation is not just a moral imperative; it is essential for building robust institutions. Diverse leadership leads to more inclusive policies that better reflect the needs of the entire population.,"Goal 16: Peace, Justice and Strong Institutions"
"The digital divide is a growing concern, particularly as education increasingly relies on technology. Children from low-income families often lack access to the internet and necessary devices for remote learning, exacerbating existing educational inequalities. Initiatives to provide technology access to disadvantaged youth are critical in ensuring equal educational opportunities.",Goal 10: Reduced Inequalities
"Through eco-educational programs at local schools, children are learning the importance of sustainability and taking action to create a cleaner, greener future right in their communities.",Goal 11: Sustainable Cities and Communities
"The community initiative to install biodigesters has transformed waste management and provided clean energy for cooking, benefiting local households and the environment alike.",Goal 7: Affordable and Clean Energy
The recent initiative by the government to increase the representation of women in leadership roles has been well-received. Many believe that this will not only empower women but also bring diverse perspectives to decision-making processes.,Goal 5: Gender Equality
"Ocean acidification is a direct consequence of increased CO2 emissions, jeopardizing shellfish and coral reefs' survival. Collaborative research efforts are essential to understand and combat this silent threat to marine ecosystems.",Goal 14: Life Below Water
"Emerging markets are now leveraging digital infrastructure to drive growth, bringing forth industries that are not only profitable but also sustainable and environmentally friendly.","Goal 9: Industry, Innovation and Infrastructure"
"In a groundbreaking study, researchers found that integrating technology into the classroom significantly boosts student engagement and facilitates better learning outcomes.",Goal 4: Quality Education
"Water scarcity due to climate change is increasingly threatening agricultural productivity and food security worldwide, raising concerns about long-term sustainability.",Goal 6: Clean Water and Sanitation
"Efforts to control invasive species are crucial for protecting native flora and fauna. By researching and developing strategic removal techniques, we can help restore the natural balance of our ecosystems.",Goal 15: Life on Land
"The recent initiative in rural India involves the installation of bio-sand filters, which are designed to purify water and provide clean drinking supplies for families.",Goal 6: Clean Water and Sanitation
Communities that invest in sustainable water management systems can significantly reduce pollution and ensure safe water supplies for future generations.,Goal 6: Clean Water and Sanitation
"Collaborative efforts between governments, NGOs, and private sectors have proven effective in establishing community gardens that not only provide food but also serve as educational hubs for sustainable farming techniques.",Goal 2: Zero Hunger
"In rural areas, lack of infrastructure and employment opportunities dramatically increases poverty levels. Initiatives focused on skill development and creating local jobs are essential for fostering economic independence and resilience.",Goal 1: No Poverty
"Educational reform is necessary to adapt to the changing job market, with experts advocating for more emphasis on STEM subjects and critical thinking skills from an early age.",Goal 4: Quality Education
"Investments in smart city technologies are transforming urban areas, making them more efficient and sustainable as they adapt to growing populations and infrastructure demands.","Goal 9: Industry, Innovation and Infrastructure"
Initiatives that promote children's well-being through regular health check-ups and nutrition programs can significantly improve their quality of life.,Goal 3: Good Health and Well-being
"In cities, promoting electric public transport options significantly reduces air pollution and dependency on fossil fuels, contributing to a cleaner, more sustainable urban environment.",Goal 7: Affordable and Clean Energy
"Our forests are crucial for absorbing carbon dioxide, yet deforestation rates are alarming. Programs aimed at reforestation must be prioritized to combat climate degradation.",Goal 13: Climate Action
"Local governments are partnering with NGOs to provide subsidized clean energy solutions to low-income families, ensuring that everyone has access to affordable electricity.",Goal 7: Affordable and Clean Energy
"Sustainable development requires an economy that provides decent jobs for everyone, ensuring that workers are treated fairly and paid a living wage.",Goal 8: Decent Work and Economic Growth
"One effective way to combat soil erosion is through the use of cover crops. These plants not only protect the soil but also enhance its nutrients, promoting a healthier environment for all forms of life.",Goal 15: Life on Land
Efforts to enhance digital economy access for rural areas are proving essential in reducing unemployment rates as more individuals gain skills to thrive in tech-driven job markets.,Goal 8: Decent Work and Economic Growth
"The government has proposed new regulations to reduce plastic waste in packaging, which is essential for promoting sustainable consumption habits.",Goal 12: Responsible Consumption and Production
Sustainable agriculture not only focuses on yield but also on preserving the health of the land. Practices such as crop rotation and reduced chemical usage not only benefit farmers but also enhance the ecological integrity of the region.,Goal 15: Life on Land
"Food insecurity remains a pressing issue in many urban communities where access to fresh produce is limited, leading to unhealthy dietary choices and increasing the risk of diet-related diseases.",Goal 2: Zero Hunger
"Through initiatives focused on marine education, children in coastal cities are learning about the delicate balance of ocean ecosystems. This increased awareness could foster the next generation of guardians for our seas.",Goal 14: Life Below Water
Vaccination drives in developing regions have shown remarkable improvements in public health. Ensuring equal access to vaccines can prevent widespread outbreaks and promote healthier communities.,Goal 3: Good Health and Well-being
Strengthening local economies through sustainable business practices can lead to innovative solutions for urban challenges. Supporting green businesses not only protects the environment but also creates job opportunities for local residents.,Goal 11: Sustainable Cities and Communities
Governments and NGOs are now working together to enhance the effectiveness of their strategies for tackling climate change and advancing social equality.,Goal 17: Partnerships for the Goals
The increasing acidity of ocean waters due to CO2 absorption is a serious threat to marine life. Scientists are calling for urgent action to mitigate greenhouse gas emissions to protect these vital ecosystems.,Goal 14: Life Below Water
"The new policy will provide direct cash assistance to families living below the poverty line, aiming to lift thousands out of deprivation and into stability.",Goal 1: No Poverty
"Local governments are investing in rainwater harvesting systems, which not only provide clean water but also help reduce flooding and improve overall community resiliency.",Goal 6: Clean Water and Sanitation
Implementing comprehensive mental health programs in schools has proven effective in addressing adolescent stressors and improving overall student well-being.,Goal 3: Good Health and Well-being
"Access to reliable and sustainable energy sources is critical for empowering communities, particularly in developing regions where electricity is scarce or expensive.",Goal 7: Affordable and Clean Energy
A scholarship program designed for first-generation college students has been launched to ensure that finances do not become a barrier to higher education for talented individuals.,Goal 4: Quality Education
"The introduction of mobile learning labs in rural areas has significantly increased educational participation, allowing students to learn in an engaging and hands-on environment.",Goal 4: Quality Education
"The restoration of wetlands has become a significant focus for environmental groups. These areas serve as crucial buffers against flooding while providing essential habitat for various species, showcasing the intricate balance of land health and biodiversity.",Goal 15: Life on Land
"The push for gender-inclusive policies within workplaces is shifting corporate culture towards greater respect and equality. By implementing flexible work arrangements, organizations are supporting both men and women in balancing family responsibilities and career advancement.",Goal 5: Gender Equality
"Sea level rise due to climate change poses significant risks to coastal towns, urging local governments to invest in adaptive infrastructure. These efforts not only protect communities but also safeguard essential marine habitats from deterioration.",Goal 14: Life Below Water
"A new initiative led by various NGOs and local governments seeks to enhance access to education in marginalized communities. By pooling resources and expertise, they aim to implement programs that can have a lasting impact on youth education and empowerment.",Goal 17: Partnerships for the Goals
"Implementing microfinance initiatives in rural areas has proven effective in empowering low-income families, enabling them to rise above poverty by starting their own businesses and improving their livelihoods.",Goal 1: No Poverty
Mental wellness is as important as physical health; initiatives that promote work-life balance and reduce burnout are critical in today’s fast-paced world. Employers must take responsibility for their employees' health.,Goal 3: Good Health and Well-being
"Urbanization has led to sprawling cities, often encroaching on wildlife habitats. It's essential for urban planners to create green spaces that not only beautify the city but also provide sanctuary for local fauna and flora.",Goal 15: Life on Land
"In urban areas, food deserts continue to be a pressing issue, where residents lack access to affordable and healthy food options, contributing to poorer health outcomes.",Goal 2: Zero Hunger
The partnership between local governments and renewable energy firms is essential for creating infrastructure that supports sustainable energy projects while promoting economic stability in the area.,Goal 7: Affordable and Clean Energy
"Through joint ventures in agriculture, farmers are learning sustainable practices that increase their yields while protecting the environment. These collaborations empower rural communities and drive economic resilience.",Goal 17: Partnerships for the Goals
"Investing in wind power technology not only helps reduce greenhouse gas emissions but also creates a multitude of jobs in the renewable energy sector, contributing to local economic growth.",Goal 7: Affordable and Clean Energy
Innovative technologies such as solar-powered water pumps can provide clean water in off-grid areas. This not only reduces reliance on fossil fuels but also supports local economies by creating jobs in the maintenance of these systems.,Goal 6: Clean Water and Sanitation
"Innovations in urban agriculture have shown promising results in combating food insecurity, with vertical gardens and rooftop farms providing fresh produce in densely populated areas. These initiatives not only serve hunger needs but also promote community engagement and awareness about sustainable practices.",Goal 2: Zero Hunger
"Despite progress, many people still cannot access financial services due to systemic barriers, which perpetuates inequality and hinders economic mobility for entire families.",Goal 10: Reduced Inequalities
"By facilitating dialogue among different stakeholders, including indigenous communities, local governments, and NGOs, we can create more inclusive frameworks for climate action. These discussions lead to actionable plans that respect cultural practices while promoting environmental stewardship.",Goal 17: Partnerships for the Goals
"Health education workshops in schools have empowered students to make informed choices about their diets and lifestyles, leading to healthier communities.",Goal 3: Good Health and Well-being
"Access to education is crucial for all children, yet many underprivileged areas lack sufficient schools and trained teachers to facilitate learning for every child.",Goal 4: Quality Education
The construction of eco-friendly buildings not only reduces carbon footprints but also provides healthier spaces for communities to thrive in.,"Goal 9: Industry, Innovation and Infrastructure"
Local governments must prioritize waste management and recycling initiatives. Effective systems can transform urban waste into useful resources while promoting community involvement in sustainability efforts.,Goal 11: Sustainable Cities and Communities
"Mental health challenges are often stigmatized, leading individuals to suffer in silence. Programs aimed at raising awareness and providing accessible counseling services can make a significant difference.",Goal 3: Good Health and Well-being
"As part of its corporate responsibility program, the company has launched a scholarship fund specifically for women pursuing higher education in business fields.",Goal 5: Gender Equality
"The rise of digital platforms for logistics management has transformed how goods are moved, highlighting the importance of modern technologies in supply chain optimization.","Goal 9: Industry, Innovation and Infrastructure"
"Public-private partnerships can enhance urban development projects, ensuring that economic growth aligns with community needs. Such collaborations can lead to smart city initiatives that improve the overall quality of life.",Goal 11: Sustainable Cities and Communities
"The government launched a new initiative to provide free vocational training to unemployed individuals, aiming to equip them with valuable skills needed to secure stable employment and contribute to the economy.",Goal 1: No Poverty
Access to basic needs such as food and shelter remains a pressing issue in urban areas. Efforts are underway to create sustainable pathways out of poverty through job training programs.,Goal 1: No Poverty
Government policies that encourage startup growth and provide tax incentives for job creation are essential for fostering an environment where businesses can thrive and expand.,Goal 8: Decent Work and Economic Growth
"A nonprofit organization has launched a tutoring program aimed at improving literacy rates among children in underserved communities, providing them with tailored educational support to succeed in school.",Goal 4: Quality Education
"The implementation of 5G technology is expected to revolutionize the way industries operate, improving connectivity and allowing businesses to adopt more sustainable practices and efficiency measures.","Goal 9: Industry, Innovation and Infrastructure"
"Protecting endangered species is not just about conservation; it's about maintaining the delicate balance of our ecosystems. Every species plays a role in its habitat, and their decline can have ripple effects.",Goal 15: Life on Land
"In discussions around climate change and sustainability, it's essential to include women's perspectives. Often, women are the primary caregivers and have unique insights into sustainable practices that benefit the environment and their families.",Goal 5: Gender Equality
"Innovative teaching methods are being adopted in classrooms to promote critical thinking and problem-solving skills, ensuring that students are not just rote learners but capable of tackling real-world challenges.",Goal 4: Quality Education
"In recent years, initiatives aimed at improving women's access to leadership positions in corporate environments have gained momentum. These programs focus on mentorship, networking, and skill development, ultimately paving the way for a more balanced representation in the boardroom.",Goal 5: Gender Equality
"The recent workshop on sustainable manufacturing processes highlighted techniques that minimize waste and maximize resource efficiency, aiding in the fight against environmental degradation.",Goal 12: Responsible Consumption and Production
"Climate change has disproportionate effects on vulnerable populations, making it essential to include climate justice in discussions about social equity and economic development.",Goal 13: Climate Action
"Energy poverty remains a significant barrier to development in many countries. By implementing programs aimed at increasing access to affordable energy sources, we can help lift families out of poverty and ensure a better future for generations to come.",Goal 7: Affordable and Clean Energy
"A new report highlights the distressing correlation between pollution levels and respiratory diseases in urban areas, emphasizing the urgent need for cleaner air initiatives.",Goal 3: Good Health and Well-being
Cross-border collaborations in scientific research on biodiversity conservation have been instrumental in addressing ecological challenges that no single nation can solve alone.,Goal 17: Partnerships for the Goals
"The increasing participation of women in STEM fields is crucial for creating a diverse workforce that can drive innovation. Schools are implementing programs that encourage young girls to pursue careers in science and technology, dismantling long-standing stereotypes.",Goal 5: Gender Equality
"The establishment of innovation hubs across the country is a key strategy to attract young entrepreneurs, encouraging the development of startups focused on green technology.","Goal 9: Industry, Innovation and Infrastructure"
"Efforts to bridge the income gap are more crucial than ever, particularly in urban areas where disparities are visibly growing. Community programs aimed at providing job training for underprivileged youth can make a significant difference. We need to focus on creating pathways to success for everyone, regardless of their background.",Goal 10: Reduced Inequalities
"Access to mental health services is crucial for communities, especially given the rising rates of anxiety and depression in urban areas.",Goal 3: Good Health and Well-being
"The recent study shows that households using clean energy solutions reported better health outcomes compared to those relying on traditional fuels, highlighting the importance of clean energy.",Goal 7: Affordable and Clean Energy
Research indicates that educational disparities often stem from systemic issues rather than individual capability. Programs that focus on equity in funding for schools in low-income areas can significantly enhance educational outcomes for all children.,Goal 10: Reduced Inequalities
"The push for renewable energy sources has generated thousands of jobs in the green energy sector, emphasizing the need for skilled workers who can adapt to new technologies.",Goal 8: Decent Work and Economic Growth
"Climate change disproportionately affects the poorest communities, pushing them deeper into poverty. Initiatives aimed at building climate resilience can empower these communities to adapt and thrive despite changing environmental conditions.",Goal 1: No Poverty
"In recent years, many companies have shifted towards sustainable sourcing practices, ensuring that materials used in their products have minimal environmental impact and support fair trade.",Goal 12: Responsible Consumption and Production
"Many families in low-income neighborhoods struggle to put nutritious meals on the table, prompting schools to implement breakfast programs that provide free meals to students. This not only addresses hunger but also improves academic performance.",Goal 2: Zero Hunger
"Microfinance initiatives have proven effective in empowering women entrepreneurs in developing countries, helping them to rise above poverty. By providing small loans and business training, these programs allow women to start their own businesses and support their families.",Goal 1: No Poverty
"A recent report highlighted that small businesses, when supported properly, can lead to sustainable economic growth by creating local jobs and fostering innovation.",Goal 8: Decent Work and Economic Growth
"The new community center is offering after-school tutoring programs aimed at helping students improve their literacy and numeracy skills, which is essential for their academic success.",Goal 4: Quality Education
"The collaboration between urban and rural farmers aims to create a more sustainable food system, connecting consumers directly with local producers and reducing dependency on large-scale agri-business.",Goal 2: Zero Hunger
"The recent initiative aimed at improving healthcare access in underserved areas ensures that everyone, regardless of their socioeconomic status, can receive medical attention and preventive care.",Goal 3: Good Health and Well-being
"The new company policy aims to ensure equal pay for equal work, addressing the wage gap between male and female employees.",Goal 5: Gender Equality
"A grassroots movement in the region advocates for better healthcare access for women, emphasizing the significance of mental health in achieving overall well-being for all.",Goal 5: Gender Equality
The road construction project not only focuses on improving connectivity but also incorporates eco-friendly materials and practices to minimize environmental damage.,"Goal 9: Industry, Innovation and Infrastructure"
"In rural areas, access to microfinance has been instrumental in lifting families out of poverty. Small loans allow entrepreneurs to start and expand their businesses, fostering economic independence and community growth.",Goal 1: No Poverty
"The collaboration between the government and private sector is critical for ensuring sustainable economic growth, promoting job creation, and supporting innovation in emerging industries.",Goal 8: Decent Work and Economic Growth
"Cities around the world are beginning to implement policies that encourage zero-waste living, like banning single-use plastics and increasing infrastructure for composting and recycling.",Goal 12: Responsible Consumption and Production
"There is a pressing need to reform tax policies that disproportionately burden low-income families, ensuring that the economic system works for everyone, not just the affluent.",Goal 10: Reduced Inequalities
"The new community garden initiative not only provides fresh produce but also empowers residents to learn about sustainable farming methods, ultimately reducing food insecurity.",Goal 2: Zero Hunger
"In recent years, local businesses have collaborated to create job opportunities that not only focus on sustainable practices but also enhance community engagement and economic stability.",Goal 8: Decent Work and Economic Growth
"Plastic waste in the ocean has become a critical issue, with devastating effects on aquatic life. Innovative solutions like ocean cleanup projects are essential to mitigate this growing problem.",Goal 14: Life Below Water
"The rapid increase in single-use plastics has raised serious environmental concerns, prompting many businesses to rethink their consumption patterns. Reducing reliance on these materials is crucial for future sustainability and resource conservation.",Goal 12: Responsible Consumption and Production
"Marine biodiversity is crucial for the health of our planet, yet it's under severe threat from climate change and habitat destruction. Implementing marine protected areas can enhance the resilience of these crucial ecosystems.",Goal 14: Life Below Water
"By focusing on inclusivity in hiring processes, businesses not only improve their workforce diversity but also contribute significantly to community development and economic resilience.",Goal 8: Decent Work and Economic Growth
"The rise in ocean temperatures is leading to coral bleaching events, which threaten the survival of these essential habitats. Continued research and funding for restoration projects will be essential in combating these effects.",Goal 14: Life Below Water
"Many rural areas still lack proper sanitation facilities, leading to water contamination and public health issues. Solutions need to be prioritized.",Goal 6: Clean Water and Sanitation
"Smart grids are becoming essential for managing energy distribution effectively, enabling homes to use renewable sources while reducing reliance on fossil fuels.",Goal 7: Affordable and Clean Energy
"The recent initiative by the local government has established a new scholarship program for underprivileged youth, enabling access to higher education for those who previously could not afford it.",Goal 4: Quality Education
"After the implementation of stricter regulations, the local government's efforts in combating corruption have led to a noticeable improvement in public trust and civic engagement.","Goal 16: Peace, Justice and Strong Institutions"
"Innovative teaching methods that incorporate environmental education are essential in preparing students to face global challenges, equipping them with the knowledge and skills to advocate for sustainable practices.",Goal 4: Quality Education
Women play a critical role in the socio-economic development of communities. Providing equal access to financial resources not only empowers them but also contributes significantly to family welfare and overall community growth.,Goal 5: Gender Equality
"Access to mental health services is crucial, especially during the pandemic, where many individuals face increased stress and anxiety due to isolation.",Goal 3: Good Health and Well-being
"A local library has transformed into a community learning hub, offering workshops and classes that empower residents with new skills in digital literacy and job readiness.",Goal 4: Quality Education
"Local farmers are increasingly adopting agroforestry techniques, which integrate trees into their agricultural systems, leading to better soil health and increased yields while simultaneously preserving land for future generations.",Goal 15: Life on Land
"In an effort to combat homelessness, city officials have launched a plan to increase affordable housing units and improve access to social services.",Goal 1: No Poverty
"Investing in renewable energy sources like wind and solar is not just beneficial for the climate, but it also supports job creation in emerging green sectors.",Goal 13: Climate Action
Sustainable agriculture practices must be implemented to prevent soil degradation. Farmers should adopt crop rotation and agroforestry to preserve the land's health for future generations.,Goal 15: Life on Land
"A documentary film has been produced to shed light on the challenges faced by women in tech industries. By showcasing their stories, the film aims to inspire young girls to pursue careers in technology and innovation.",Goal 5: Gender Equality
"The rise of electric vehicles is a game changer in reducing carbon emissions. By providing incentives for EV adoption and developing charging infrastructure, cities can significantly decrease their ecological footprint while fostering a clean energy economy.",Goal 7: Affordable and Clean Energy
"The recent summit brought together leaders from various countries to discuss collaborative efforts in addressing climate change and poverty, showcasing the importance of global partnerships for sustainable progress.",Goal 17: Partnerships for the Goals
"By bringing together diverse stakeholders from academia, business, and civil society, we can create innovative solutions that drive sustainable development and economic growth for all involved communities.",Goal 17: Partnerships for the Goals
"A local NGO has launched a campaign to raise awareness about the importance of handwashing and access to clean water, aiming to improve community health outcomes.",Goal 6: Clean Water and Sanitation
"We must educate consumers on the importance of choosing products with sustainable packaging, as this not only reduces plastic pollution but also encourages responsible consumption habits.",Goal 12: Responsible Consumption and Production
"Involving stakeholders from health, education, and environment sectors in policy-making has proven effective in addressing systemic issues, showcasing how coordinated efforts can lead to comprehensive solutions.",Goal 17: Partnerships for the Goals
Increased education on hygiene practices can dramatically decrease health issues related to unsafe drinking water. Schools must incorporate water safety education into their curriculum to empower future generations with essential knowledge.,Goal 6: Clean Water and Sanitation
"As unemployment rates soar, local businesses are collaborating with nonprofits to create job opportunities for individuals facing financial hardship.",Goal 1: No Poverty
"Vaccination campaigns are crucial in preventing outbreaks of diseases that can be easily avoided and ensuring the health security of populations, particularly in under-resourced areas.",Goal 3: Good Health and Well-being
Communities that implement water filtration systems reported a significant decrease in gastrointestinal diseases. Clean water initiatives can uplift the quality of life and are crucial for sustainable urban development.,Goal 6: Clean Water and Sanitation
"In rural areas, lack of access to transportation can hinder job opportunities for low-income families. Innovative solutions like community carpooling or public transport initiatives could make a significant difference in helping them secure stable employment.",Goal 1: No Poverty
Innovative water recycling systems in urban communities are paving the way for sustainable living and reducing the overall demand for freshwater sources.,Goal 6: Clean Water and Sanitation
A recent study shows that companies prioritizing employee well-being and career development report higher productivity and lower turnover rates.,Goal 8: Decent Work and Economic Growth
There is a growing trend among consumers to seek out products that are made with sustainable materials and have minimal environmental impact.,Goal 12: Responsible Consumption and Production
"Innovative technologies, such as drones and AI, are being developed to monitor ocean health. These advancements can provide real-time data on marine species and their habitats, helping to inform better conservation strategies.",Goal 14: Life Below Water
The tech industry is making strides in reducing electronic waste by implementing take-back programs and encouraging consumers to recycle old devices. This not only helps in managing waste but also recovers valuable materials for reuse in new products.,Goal 12: Responsible Consumption and Production
"Efforts to bridge the digital divide have seen tech firms partnering with educational institutions to provide training, emphasizing that collaboration is key to achieving equality in access to opportunities.",Goal 17: Partnerships for the Goals
"The recent summit brought together leaders from multiple countries, showcasing innovative approaches to address global health challenges through shared resources.",Goal 17: Partnerships for the Goals
"As cities continue to expand, it is essential to prioritize building affordable housing that is also eco-friendly. This approach not only reduces the carbon footprint but also provides safe living conditions for low-income families.",Goal 11: Sustainable Cities and Communities
"Utilizing technology in monitoring deforestation rates has become essential for environmental protection agencies. By leveraging satellite imagery, these organizations can identify illegal logging activities and take prompt action to halt them.",Goal 15: Life on Land
"With the rising cost of living, many communities are struggling to make ends meet. Programs aimed at providing financial literacy and support can make a significant difference in helping families manage their expenses and avoid falling into debt.",Goal 1: No Poverty
"By implementing better workplace policies, we have seen a significant increase in employee satisfaction, which in turn is driving productivity and overall economic health within the organization.",Goal 8: Decent Work and Economic Growth
"Innovative agricultural practices, such as vertical farming and permaculture, can significantly reduce the environmental footprint of food production. By utilizing less land and resources, these methods contribute to a more sustainable food system.",Goal 13: Climate Action
"Despite facing hardships, local cooperatives are working together to distribute food aid to families in need, demonstrating the strength of community solidarity in times of crisis.",Goal 2: Zero Hunger
"With the recent funding for maternal health programs, the number of maternal deaths during childbirth has drastically decreased in various communities.",Goal 3: Good Health and Well-being
"Marine conservation plays a vital role in maintaining the health of our oceans. Protecting marine habitats from overfishing and pollution ensures that marine biodiversity can flourish, which is crucial for the planet’s ecological balance.",Goal 15: Life on Land
Innovative financing models for renewable energy projects are crucial in leveling the playing field for communities that traditionally lacked access to affordable energy solutions.,Goal 7: Affordable and Clean Energy
"Legislation aimed at promoting equal opportunities for all is beginning to take shape, with a focus on reducing discrimination in various sectors such as housing, employment, and education.",Goal 10: Reduced Inequalities
"The renewable energy sector is booming, with solar and wind energy sources providing clean power while creating many jobs in emerging markets.",Goal 7: Affordable and Clean Energy
"To create a more sustainable living environment, the city council has introduced a plan to increase the number of bike lanes and pedestrian pathways, encouraging more people to choose walking or cycling over driving.",Goal 11: Sustainable Cities and Communities
Innovative technologies are being developed to monitor ocean health and combat illegal fishing practices. These advancements are crucial for sustaining fish populations and protecting marine habitats.,Goal 14: Life Below Water
"Our latest initiative focuses on providing free online courses for adults who want to upgrade their skills, ensuring that every individual has a chance to thrive in the modern job market.",Goal 4: Quality Education
"The recent initiative to upgrade street lighting in our downtown area with solar-powered LEDs not only enhances safety at night but also significantly lowers electricity consumption, contributing to a greener city.",Goal 11: Sustainable Cities and Communities
"Green spaces in urban areas are essential for enhancing the quality of life. Community gardens, parks, and recreational areas provide residents with opportunities for leisure and social interaction, thus knitting communities closer together.",Goal 11: Sustainable Cities and Communities
"Access to fair wages and safe working conditions has been a growing concern among many manufacturing sectors, pushing companies to rethink their labor policies for better outcomes.",Goal 8: Decent Work and Economic Growth
"In rural areas, the establishment of new schools is helping to bridge the gap in educational access, particularly for girls who are often kept from attending due to cultural barriers.",Goal 4: Quality Education
The destruction of mangroves disrupts coastal protection and contributes to habitat loss for various marine species. Conservation efforts are needed to restore these crucial ecosystems for biodiversity.,Goal 14: Life Below Water
Increasing access to free vocational training in high-demand fields can help empower individuals to escape the cycle of poverty and improve their livelihoods significantly.,Goal 1: No Poverty
"Inadequate sanitation facilities in urban slums can lead to severe environmental degradation, emphasizing the importance of infrastructure development in cities.",Goal 6: Clean Water and Sanitation
"During the recent community outreach program, local farmers discussed the importance of crop diversification and access to resources to enhance food production and reduce hunger in their areas.",Goal 2: Zero Hunger
"The government has allocated funds to tackle the rising obesity epidemic, promoting healthy eating habits and active lifestyles among children and adults alike through community programs.",Goal 3: Good Health and Well-being
"Over the past year, a series of workshops on nutrition and food preparation have been rolled out in underserved neighborhoods, helping residents learn how to make healthier choices within their budgets while reducing food waste.",Goal 2: Zero Hunger
"The rise of urban farming initiatives highlights the potential for cities to produce their own food, which can significantly reduce reliance on imports and improve food security for local residents, particularly in low-income areas.",Goal 2: Zero Hunger
Implementing parental leave policies that are equitable for both mothers and fathers can change workplace dynamics and promote shared responsibilities at home.,Goal 5: Gender Equality
"Access to education is a fundamental right, yet many girls around the world are still denied this opportunity. Programs aimed at promoting female education are vital for empowering women and achieving sustainable development goals in their communities.",Goal 5: Gender Equality
"Involving local communities in the planning of public spaces has been shown to increase both satisfaction among residents and the overall functionality of urban environments, enhancing livability.",Goal 11: Sustainable Cities and Communities
"NGOs are calling for better representation of minority voices in decision-making processes to ensure that policies reflect the needs of all segments of the population, rather than just a privileged few.",Goal 10: Reduced Inequalities
"Research institutions are collaborating with tech companies to develop sustainable materials that can reduce waste and pollution, marking a significant innovation in product development.","Goal 9: Industry, Innovation and Infrastructure"
"Collaborative efforts between local governments and NGOs can significantly enhance community resilience, showcasing the power of united action in addressing climate challenges and promoting sustainable practices.",Goal 17: Partnerships for the Goals
"The recent partnership between several tech companies and environmental organizations aims to advance renewable energy solutions, highlighting the importance of collective initiatives in tackling global warming.",Goal 17: Partnerships for the Goals
"Peacebuilding initiatives, particularly those focusing on youth involvement in governance, have proven to create a more inclusive society that values diverse perspectives and reduces conflict.","Goal 16: Peace, Justice and Strong Institutions"
Access to clean air and green spaces contributes significantly to the well-being of urban populations. Cities must prioritize environmental health as part of their planning processes.,Goal 3: Good Health and Well-being
"Coral reefs are dying at an alarming rate, mainly due to climate change and water pollution. Protecting these natural wonders is essential for the health of our oceans and the species that inhabit them.",Goal 14: Life Below Water
Wildlife conservation programs have shown that protecting habitats can significantly improve the population of endangered species. Establishing protected areas helps maintain biodiversity while allowing us to study these ecosystems more closely.,Goal 15: Life on Land
"The fashion industry is facing criticism for its fast-fashion model, prompting brands to rethink their supply chains and commit to sustainable sourcing of materials.",Goal 12: Responsible Consumption and Production
"Local initiatives focused on promoting dialogue between different community factions are vital for building trust, reducing tensions, and preventing violence in diverse societies.","Goal 16: Peace, Justice and Strong Institutions"
"The latest energy policy introduced by the government aims to enhance access to renewable resources, reducing reliance on fossil fuels while promoting solar and wind energy technologies.",Goal 7: Affordable and Clean Energy
"The rise of remote work has provided unique opportunities for individuals with disabilities, allowing them to participate in the labor market from the comfort of their homes. This shift highlights the importance of inclusivity in job creation strategies.",Goal 10: Reduced Inequalities
Initiatives focusing on community engagement in urban planning can help tailor developments to the needs of residents. This participatory approach fosters transparency and builds trust in local governance.,Goal 11: Sustainable Cities and Communities
"Contaminated water sources are a leading cause of disease in developing nations. By improving water treatment facilities and infrastructure, we can significantly reduce the incidence of waterborne illnesses and enhance public health.",Goal 6: Clean Water and Sanitation
"Food waste is a significant contributor to hunger issues, with approximately one-third of food produced globally never being consumed. Addressing this problem through educational campaigns and improved food management practices can help redirect food to those who need it most.",Goal 2: Zero Hunger
"The introduction of rainwater harvesting systems in rural schools has allowed students to access clean water, positively affecting their educational experience.",Goal 6: Clean Water and Sanitation
"Collaborative efforts among nations are critical in addressing global climate challenges. Initiatives that involve sharing technology, financial resources, and knowledge can lead to more effective solutions in mitigating the adverse effects of climate change.",Goal 13: Climate Action
"Cities worldwide are adopting green infrastructure to combat the effects of climate change. From urban gardens to improved public transportation systems, these initiatives are essential to ensure resilience and sustainability in urban environments.",Goal 13: Climate Action
"This startup focuses on turning food waste into compost, illustrating the importance of finding new uses for materials that would otherwise contribute to landfills and greenhouse gas emissions.",Goal 12: Responsible Consumption and Production
Food banks are crucial in fighting hunger and poverty in urban areas. They not only provide essential food supplies but also connect individuals with job opportunities and training programs that can help them gain independence from food assistance.,Goal 1: No Poverty
"The recent campaign to raise awareness about child malnutrition has sparked discussions in schools, leading to new programs that provide healthy meals and educate students on the importance of balanced diets.",Goal 2: Zero Hunger
"Restoration projects that focus on native plant species have been proven to enhance local ecosystems. By prioritizing flora that naturally thrives in the area, we can support both the soil and the wildlife that depend on these plants.",Goal 15: Life on Land
Biodiversity in oceans is critical not only for ecological balance but also for human health; many communities rely on fish as their primary source of protein. Sustainable fishing practices must be prioritized to protect both ecosystems and human nutrition.,Goal 14: Life Below Water
"Innovations in battery storage technology will make renewable energy sources more reliable, ensuring that clean energy is available even when the sun isn't shining or the wind isn't blowing.",Goal 7: Affordable and Clean Energy
"Efforts to upgrade urban infrastructure are vital, as cities face increasing populations and challenges related to climate resilience and resource management.","Goal 9: Industry, Innovation and Infrastructure"
Transitioning to electric vehicles can significantly lower greenhouse gas emissions. Public transport systems also need upgrades to become more environmentally friendly and reliable.,Goal 13: Climate Action
"Innovative waste management solutions are being explored in several cities, focusing on recycling and composting programs that engage citizens and promote sustainable consumption habits, ultimately leading to cleaner urban environments.",Goal 11: Sustainable Cities and Communities
"Despite the challenges posed by the pandemic, our company has committed to maintaining all employee salaries and benefits, ensuring economic stability for our workforce.",Goal 8: Decent Work and Economic Growth
A recent government initiative aims to enhance infrastructure by building more advanced roads and bridges that will promote safer travels across urban areas.,"Goal 9: Industry, Innovation and Infrastructure"
"The local community development project has successfully created over 200 jobs, which has significantly boosted the local economy and provided stable incomes for many families.",Goal 8: Decent Work and Economic Growth
"Introducing smart city solutions, such as energy-efficient buildings and waste management apps, is transforming the way we interact with our urban spaces and manage resources, leading to a cleaner environment.",Goal 11: Sustainable Cities and Communities
"The new community health initiative aims to improve maternal health through regular check-ups and access to prenatal education, ensuring healthier pregnancies and outcomes for mothers and babies.",Goal 3: Good Health and Well-being
"The latest report highlights that over 700 million people live on less than $1.90 a day. These individuals face multiple barriers that prevent them from escaping poverty, leading to cycles of disadvantage that last for generations.",Goal 1: No Poverty
"Schools equipped with modern facilities and trained teachers help elevate the quality of education, fostering an environment where students can thrive and unleash their full potential.",Goal 4: Quality Education
"Campaigns promoting fair wages and equal pay have gained momentum, highlighting the disparities that exist between different demographics in the workforce, especially for women and people of color.",Goal 10: Reduced Inequalities
"Investment in public transport infrastructure is essential to ensure that all communities, regardless of their socioeconomic status, have access to essential services and employment opportunities.",Goal 10: Reduced Inequalities
"A successful local business has started a campaign to plant trees throughout the neighborhood, aiming to improve air quality while also beautifying the area and providing shade during the summer months.",Goal 11: Sustainable Cities and Communities
"A new program has been launched to support entrepreneurs in underprivileged neighborhoods, aiming to foster skills development and provide access to funding for business startups.",Goal 8: Decent Work and Economic Growth
Investing in green infrastructure not only creates jobs but also provides communities with cleaner energy solutions that improve air quality and reduce greenhouse gas emissions.,Goal 7: Affordable and Clean Energy
"Diving into the vibrant underwater ecosystems while studying marine biology at the coastal university opened my eyes to how crucial it is to protect coral reefs, which are diminishing at alarming rates due to climate change.",Goal 14: Life Below Water
"With the rise in population density, smart urban planning is necessary to ensure sustainable growth. This includes building affordable housing and efficient public transportation systems to reduce traffic congestion and lower carbon emissions.",Goal 11: Sustainable Cities and Communities
"Local NGOs are working tirelessly to distribute food and essential supplies to families living below the poverty line, ensuring that children have access to necessary nutrition and resources for their development.",Goal 1: No Poverty
"With rising sea levels, coastal cities are at risk. It's crucial for governments to enact policies that mitigate climate change effects while promoting sustainable practices.",Goal 13: Climate Action
"The government has launched a program to subsidize the installation of energy-efficient appliances in low-income households, aiming to lower their utility costs while reducing overall energy consumption.",Goal 7: Affordable and Clean Energy
"Urban green spaces are crucial in improving air quality and promoting biodiversity in cities. By investing in parks and community gardens, cities can enhance the quality of life for their residents while also taking steps to tackle climate change.",Goal 11: Sustainable Cities and Communities
Deforestation accelerates climate change and we must prioritize reforestation efforts to restore ecosystems. The loss of biodiversity directly impacts our ability to sustain healthy environments for future generations.,Goal 15: Life on Land
"When we talk about inclusivity, we must also consider representation in media and culture. The portrayal of diverse identities in film and literature can challenge stereotypes and promote understanding. Organizations that support underrepresented creators contribute significantly to a more equitable cultural landscape.",Goal 10: Reduced Inequalities
"Reforestation initiatives are critical in combating climate change. By planting trees, we can restore ecosystems that have been damaged and improve biodiversity, which is essential for the health of our planet. Community involvement in these projects also fosters a sense of accountability towards our environment.",Goal 15: Life on Land
"Educational programs aimed at young girls in rural areas are crucial for breaking the cycle of poverty. When girls are encouraged to pursue education, they can uplift their families and communities, ensuring a brighter future for everyone.",Goal 5: Gender Equality
"The non-profit organization is advocating for financial literacy programs aimed at low-income communities, allowing them to manage their budgets better and make informed decisions that can lead to better livelihood outcomes.",Goal 1: No Poverty
"Access to affordable healthcare is more important than ever; many low-income families struggle to afford necessary medical treatments and preventative care, leading to worsening health outcomes.",Goal 3: Good Health and Well-being
A new initiative aims to clean up the local beach by organizing community clean-up events. Engaging residents to care for their marine surroundings is a step toward healthier oceans and improved biodiversity.,Goal 14: Life Below Water
Efforts to support small-scale farmers from disadvantaged backgrounds are essential to ensure they have fair access to markets and can compete equally with larger agribusinesses.,Goal 10: Reduced Inequalities
"The impact of climate change on marine species is becoming increasingly evident, with many fish populations migrating to cooler waters. This shift could have profound effects on fishing communities and ocean health.",Goal 14: Life Below Water
"Incorporating sustainable agricultural practices can reduce soil erosion and improve land quality, thus enhancing the overall health of farming communities. It's crucial for farmers to adapt by using crop rotation and organic fertilizers.",Goal 15: Life on Land
"Urban areas across the country are experiencing rapid growth, but many local leaders are emphasizing the need for sustainable development practices to maintain quality of life and public services.",Goal 11: Sustainable Cities and Communities
"Access to quality healthcare remains a significant barrier for marginalized communities. Many organizations are now implementing programs aimed at expanding healthcare access, ensuring that everyone has the opportunity to receive medical care regardless of their background.",Goal 10: Reduced Inequalities
Municipalities that invest in infrastructure for clean water delivery not only improve public health but also stimulate local economic growth through job creation.,Goal 6: Clean Water and Sanitation
"An effective anti-corruption strategy can lead to significant improvements in public trust. When citizens see their leaders acting with integrity, it encourages greater civic engagement and support for the rule of law.","Goal 16: Peace, Justice and Strong Institutions"
"Cities are increasingly recognizing the importance of community involvement in urban development. Participatory planning days allow residents to voice their visions for public spaces, leading to more inclusive and vibrant neighborhoods.",Goal 11: Sustainable Cities and Communities
"Digital transformations in supply chain management are enabling businesses to track their sustainability goals more effectively, paving the way for responsible production methods.","Goal 9: Industry, Innovation and Infrastructure"
Research shows that nations investing in technology infrastructure are likely to see a significant increase in economic growth and improved quality of life for residents.,"Goal 9: Industry, Innovation and Infrastructure"
"The lack of access to adequate sanitation facilities, especially in urban slums, poses serious health risks. Implementing community-driven initiatives to build toilets and ensure proper waste disposal can lead to healthier living conditions for all.",Goal 6: Clean Water and Sanitation
"Recent studies show that the digital divide has become more pronounced during the pandemic, with low-income households lacking access to reliable internet and technology. Bridging this gap is essential for ensuring equal educational opportunities for all students.",Goal 10: Reduced Inequalities
"Efforts to close the gender pay gap have gained momentum, with organizations being encouraged to review their compensation structures and implement fair policies that benefit all employees regardless of gender.",Goal 5: Gender Equality
Reducing food waste is essential for sustainability; implementing better tracking can help retailers manage stock more effectively.,Goal 12: Responsible Consumption and Production
"The recent reforestation initiative in our region has significantly improved biodiversity, providing habitats for endangered species and ensuring the sustainability of our local ecosystems.",Goal 15: Life on Land
"By fostering environments where peaceful protests and free speech are protected, societies can better address injustices and promote social harmony among their citizens.","Goal 16: Peace, Justice and Strong Institutions"
"By fostering dialogue among various community groups, we can enhance social cohesion and prevent the outbreak of conflicts rooted in inequality and injustice.","Goal 16: Peace, Justice and Strong Institutions"
"The new tech startup focuses on developing sustainable materials for construction, aiming to reduce the carbon footprint of the building industry significantly.","Goal 9: Industry, Innovation and Infrastructure"
The introduction of invasive species can disrupt local ecosystems and cause serious harm to native flora and fauna. Awareness campaigns can educate communities on the importance of maintaining biodiversity and how to manage introductions of non-native species effectively.,Goal 15: Life on Land
"From smart grids to clean tech innovations, the shift toward energy-efficient systems is reshaping industries, paving the way for greener economic practices.","Goal 9: Industry, Innovation and Infrastructure"
A comprehensive analysis of healthcare access reveals that low-income families often have difficulty receiving necessary medical treatments. This lag in healthcare provision furthers the cycle of poverty and impedes overall community health.,Goal 10: Reduced Inequalities
"Marine protected areas can play a significant role in conserving biodiversity and enhancing fish stocks. By restricting certain activities, these regions allow ecosystems to recover and thrive, benefiting both wildlife and local economies.",Goal 14: Life Below Water
"A new study highlights the importance of wetlands in carbon sequestration, showing that preserving these areas can play a crucial role in mitigating climate change effects while supporting rich biodiversity.",Goal 15: Life on Land
The recent conference aimed at fostering international cooperation on sustainability issues highlighted the importance of partnerships across sectors. Attendees shared best practices and strategies for working together to achieve common environmental goals.,Goal 17: Partnerships for the Goals
"The collaboration between schools and health agencies has resulted in a comprehensive health education curriculum that addresses mental health, nutrition, and physical fitness for students.",Goal 3: Good Health and Well-being
"A nonprofit organization has developed a platform that connects local farmers with international markets, enhancing food security while promoting economic collaboration between nations.",Goal 17: Partnerships for the Goals
"Policies that support smallholder farmers are essential for increasing food security, as they often face challenges related to market access and resource limitations.",Goal 2: Zero Hunger
"Educational programs targeting youth about marine conservation are gaining momentum. It’s essential to instill a sense of responsibility in the younger generation to protect our aquatic ecosystems, ensuring they understand the impact of their actions on ocean health.",Goal 14: Life Below Water
"With the rise of renewables, companies are now investing heavily in wind energy projects. This shift not only contributes to lower energy costs but also creates jobs in the green technology sector.",Goal 7: Affordable and Clean Energy
"By integrating sustainable practices into production, companies are not just looking at profits but also the long-term impact on the environment and society.","Goal 9: Industry, Innovation and Infrastructure"
"Our coastal communities rely heavily on fishing, yet overfishing threatens both our economy and the biodiversity of our waters. Sustainable practices must be adopted to ensure long-term viability.",Goal 14: Life Below Water
"Recent studies show that consumer behavior is shifting towards buying from companies that prioritize eco-friendly practices, showcasing a trend towards responsible consumption.",Goal 12: Responsible Consumption and Production
Our recent report highlights how cities implementing smart infrastructure can improve resource management and support economic opportunities while addressing the challenges of urbanization.,Goal 11: Sustainable Cities and Communities
The transition to renewable energy sources such as wind and solar power is imperative in battling climate change. Incentives for businesses to adopt these technologies not only reduce carbon footprints but also create jobs in the green energy sector.,Goal 13: Climate Action
"Recent research highlights the critical need for sustainable agricultural practices that not only improve crop yields but also enhance soil health and reduce reliance on chemical fertilizers, creating a healthier ecosystem.",Goal 12: Responsible Consumption and Production
"The impact of minimum wage laws is a hot topic, with advocates arguing that increasing the minimum wage could lift millions out of poverty. Others worry about potential job losses and economic repercussions, demonstrating the complexity of tackling this issue.",Goal 1: No Poverty
"A large-scale project aimed at improving water quality in river systems showcases how environmental organizations and governmental bodies can work together effectively. Through these partnerships, they are able to combine scientific research with local knowledge, leading to better policy outcomes.",Goal 17: Partnerships for the Goals
Recent studies highlight the importance of affordable housing as a key factor in lifting families out of poverty. Access to secure and stable homes can significantly reduce financial stress and improve overall well-being.,Goal 1: No Poverty
International partnerships focused on enhancing judicial transparency have shown positive results in many countries. Collaborative efforts can provide the necessary resources and expertise to strengthen judicial systems and promote peace.,"Goal 16: Peace, Justice and Strong Institutions"
"Many cities are grappling with the effects of climate change, prompting initiatives that enhance resilience and adaptation strategies to protect vulnerable populations and infrastructure.",Goal 11: Sustainable Cities and Communities
"The new healthcare initiative aims to provide access to essential medicines for all, especially in rural areas where medical facilities are scarce.",Goal 3: Good Health and Well-being
"The recent launch of a mentorship initiative aims to connect university students with professionals in their fields, fostering valuable relationships that can enhance their educational experiences.",Goal 4: Quality Education
"In an effort to increase civic participation, workshops are being held to educate citizens on their rights and the legal processes available to them, which enhances community resilience.","Goal 16: Peace, Justice and Strong Institutions"
"The partnership between organizations and local governments to promote green energy solutions showcases the collaborative efforts being made to address environmental issues. Through shared resources and knowledge, they are working towards a sustainable future.",Goal 13: Climate Action
"Nutrition plays a key role in overall health; therefore, campaigns that educate families on balanced diets can lead to better health outcomes for future generations.",Goal 3: Good Health and Well-being
"Without access to financial literacy programs, many individuals remain trapped in a cycle of poverty, unable to make informed decisions about their finances or investments.",Goal 1: No Poverty
"Many organizations are now adopting flexible work practices and remote working options, which not only improve employee satisfaction but also attract a broader talent pool, ultimately benefiting economic growth.",Goal 8: Decent Work and Economic Growth
Research indicates that countries with a strong focus on democratic values and public participation report higher levels of satisfaction among their citizens when it comes to governance.,"Goal 16: Peace, Justice and Strong Institutions"
Women's health issues are being prioritized in public policy discussions more than ever before. Access to reproductive health services and education about health rights have become critical components in improving overall well-being for women and their families.,Goal 5: Gender Equality
Effective governance requires transparency and accountability; we must establish mechanisms that allow citizens to hold their leaders responsible for their actions.,"Goal 16: Peace, Justice and Strong Institutions"
"Non-profit organizations are focusing on providing scholarship opportunities to young women, empowering them to pursue higher education and break cycles of poverty in their families.",Goal 4: Quality Education
"Surveys indicate that racial and ethnic minorities continue to experience significant wage gaps compared to their white counterparts, even in similar job positions. Tackling wage inequality is a vital step towards achieving fair labor practices across all industries.",Goal 10: Reduced Inequalities
Switching to locally sourced materials not only supports community businesses but also significantly cuts down on transportation emissions and packaging waste.,Goal 12: Responsible Consumption and Production
"The government announced a new program aimed at providing mentorship and support for underrepresented communities in entrepreneurship. This initiative seeks to enhance access to funding and resources for minority-owned businesses, promoting a more equitable economic landscape.",Goal 10: Reduced Inequalities
"The rise of community-supported agriculture (CSA) programs has empowered local farmers and provided families with fresh, organic produce, significantly enhancing food access and promoting healthy eating habits.",Goal 2: Zero Hunger
Children's health is vital for a prosperous future. Schools that incorporate physical activity and balanced meals contribute significantly to the long-term wellbeing of their students.,Goal 3: Good Health and Well-being
"Innovative partnerships between non-profits and local businesses are paving the way for greater employment opportunities in underprivileged areas. These collaborations focus on inclusivity and diversity in hiring, which is vital for economic growth.",Goal 1: No Poverty
"Through education and outreach, organizations are working to dismantle stereotypes that pigeonhole women into traditional roles, promoting a more inclusive future.",Goal 5: Gender Equality
"An innovative pilot program in urban areas is aiming to provide coding classes for high school students, laying a foundation for future careers in technology-related fields.",Goal 4: Quality Education
The construction of a new transportation network aimed at reducing congestion and pollution is expected to stimulate economic activity and improve the quality of life for city residents.,"Goal 9: Industry, Innovation and Infrastructure"
"Education programs focusing on the importance of biodiversity conservation are integral for our youth. By instilling a sense of stewardship for nature, we can help cultivate a generation that values and protects their local environments.",Goal 15: Life on Land
"A new report highlights the critical role of public transport systems in urban areas, advocating for investment in infrastructure that minimizes carbon emissions and promotes sustainable commuting.","Goal 9: Industry, Innovation and Infrastructure"
Many communities are engaging in practices that aim to restore natural landscapes affected by mining activities. These remediation projects are crucial for the recovery of soil health and the re-establishment of local ecosystems that were disrupted.,Goal 15: Life on Land
The new solar panel installations across urban rooftops have shown promising results in lowering electricity costs while contributing to national targets for emissions reduction.,Goal 7: Affordable and Clean Energy
International cooperation is fundamental in combating transnational crime and ensuring justice across borders. Collaborative efforts between nations help create a framework that supports legal integrity and human rights globally.,"Goal 16: Peace, Justice and Strong Institutions"
"A major clothing retailer has launched a campaign encouraging customers to recycle their old garments, which helps to reduce the demand for new resources.",Goal 12: Responsible Consumption and Production
"In a recent study, researchers highlighted the importance of wetlands in filtering pollutants and providing a habitat for diverse species. Protecting these areas ensures that they continue to deliver ecosystem services vital for both the environment and human well-being.",Goal 15: Life on Land
"In many cultures, women are often tasked with unpaid domestic work, which limits their ability to engage in formal employment. Tackling this issue is essential for achieving economic equality and empowerment.",Goal 5: Gender Equality
"Research shows that investment in agricultural technology can lead to significant increases in crop yields, thereby ensuring that more people have access to sufficient food and reducing hunger rates.",Goal 2: Zero Hunger
A recent study revealed that investing in sustainable housing developments not only reduces energy consumption but also boosts community interaction and reduces crime rates.,Goal 11: Sustainable Cities and Communities
"Social entrepreneurship is on the rise, with businesses focusing on societal impact rather than just profit. These enterprises are tackling poverty directly by providing jobs and services that uplift disadvantaged communities.",Goal 1: No Poverty
"The recent reforestation project has seen thousands of trees planted in the region, helping to restore habitats that were lost due to urban expansion. This initiative not only combats climate change but also supports local wildlife and promotes biodiversity.",Goal 15: Life on Land
"Affordable housing initiatives are being introduced to ensure that low-income families have access to essential services and can live in a supportive community, which is crucial for social stability and urban development.",Goal 11: Sustainable Cities and Communities
"By partnering with educational institutions, companies are investing in future generations, ensuring that children receive quality education and exposure to green technologies.",Goal 17: Partnerships for the Goals
"Strengthening the rule of law is essential for economic development; when people trust that their rights are protected, they are more likely to invest in their future.","Goal 16: Peace, Justice and Strong Institutions"
"Our non-profit partnered with various companies to create apprenticeship programs, which have proven effective in integrating disadvantaged youth into the workforce while also addressing labor shortages.",Goal 8: Decent Work and Economic Growth
"With the rise of remote work, many cities are adapting their spaces to accommodate flexible living arrangements. This shift not only supports workers but can also revitalize local economies.",Goal 11: Sustainable Cities and Communities
"Despite the challenges posed by climate change, innovative solutions such as vertical farming and hydroponics are being explored to enhance food production in urban settings and tackle hunger effectively.",Goal 2: Zero Hunger
"The recent community health initiative has profoundly improved access to medical services, ensuring that families can receive the necessary vaccinations and treatments within their neighborhoods.",Goal 3: Good Health and Well-being
"Access to safe drinking water is essential for maintaining health and preventing disease. In rural areas, residents often travel long distances to fetch water that may not even be clean, leading to numerous health problems.",Goal 6: Clean Water and Sanitation
"Community leaders are advocating for changes in local policy to better support low-income families, such as increased wages and access to affordable healthcare. Such measures are essential to foster a healthier, more equitable society.",Goal 1: No Poverty
"Efforts to improve the economic situation in the community have included job creation programs aimed at providing skills training for the unemployed. By empowering individuals with tools for self-sufficiency, the initiative hopes to break the cycle of poverty.",Goal 1: No Poverty
"In rural regions, women are leading agricultural cooperatives, which provide them with not only financial independence but also a platform to influence local decisions. This empowerment fosters community development and sustainability.",Goal 5: Gender Equality
"The organization focuses on educating businesses about the importance of reducing plastic usage and adopting biodegradable alternatives, aiming to shift industry standards toward more sustainable practices.",Goal 12: Responsible Consumption and Production
A recent report highlights how improving industrial processes can lead to not only economic growth but also significant reductions in waste and resource consumption.,"Goal 9: Industry, Innovation and Infrastructure"
"Research indicates that increasing biodiversity in agricultural systems can lead to more resilient food supplies, ensuring future generations have the nourishment they need.",Goal 2: Zero Hunger
"Health education in schools has been proven to reduce instances of smoking and alcohol abuse among teenagers, leading to healthier lifestyles in the long run.",Goal 3: Good Health and Well-being
"To ensure food security globally, various agricultural collectives have joined forces to share resources and knowledge, demonstrating how partnerships can amplify efforts towards ending hunger.",Goal 17: Partnerships for the Goals
"As urban areas expand, the importance of green spaces for mental health cannot be understated. Parks and recreational areas provide not just a refuge but also foster social interactions that enhance well-being.",Goal 3: Good Health and Well-being
The introduction of comprehensive health education in schools not only promotes well-being but also equips young people with the knowledge to make informed choices about their health and lifestyle.,Goal 4: Quality Education
"The push for electric vehicles has surged as cities aim to reduce air pollution. Alongside this movement, urban planners are also focusing on creating walkable cities that prioritize public transport and cycling to cut down carbon emissions.",Goal 13: Climate Action
"A local NGO has been working tirelessly to ensure that vulnerable populations have equal access to healthcare services. By focusing on outreach and education, they aim to reduce the disparities that exist in health outcomes among different demographic groups.",Goal 10: Reduced Inequalities
"The integration of green infrastructure, such as rain gardens and permeable pavements, can greatly enhance urban water management. These approaches mitigate flooding and improve water quality, promoting healthier urban environments for residents.",Goal 6: Clean Water and Sanitation
"To foster inclusivity, we are hosting regular town hall meetings where residents can voice their concerns and participate in the decision-making process regarding community development projects.",Goal 11: Sustainable Cities and Communities
"Research institutions are collaborating with policymakers to develop strategies that enhance urban resilience. By working together, they aim to create cities that can thrive economically and socially while mitigating environmental impacts.",Goal 17: Partnerships for the Goals
"Sustainable farming practices are gaining traction as farmers look to contribute to food security by using less water and pesticides. By adopting these methods, the hope is to create an agricultural landscape that can thrive without compromising health.",Goal 2: Zero Hunger
"The establishment of an independent oversight body has significantly improved the accountability of law enforcement agencies. Citizens now have a mechanism to report abuses and seek redress, fostering a safer community environment.","Goal 16: Peace, Justice and Strong Institutions"
A recent initiative aimed at enhancing soil health through organic farming methods has shown promising results in restoring degraded lands. This approach not only improves crop resilience but also contributes to the overall health of the ecosystem.,Goal 15: Life on Land
Innovative technologies are key to addressing climate challenges. Companies are now focusing on green technologies that not only reduce emissions but also promote economic growth.,Goal 13: Climate Action
"The development of high-speed rail projects not only promotes sustainable travel but also connects rural areas to cities, promoting economic participation across regions.","Goal 9: Industry, Innovation and Infrastructure"
"Strengthening policies aimed at land preservation can significantly impact our fight against climate change. By safeguarding natural habitats, we not only protect wildlife but also ensure the resilience of our ecosystems against environmental threats.",Goal 15: Life on Land
"A group of volunteers is distributing care packages that include essentials like food, clothing, and hygiene products to those living in shelters and on the streets.",Goal 1: No Poverty
"The recent agricultural policy reform focuses on supporting smallholder farmers, providing them with the tools and resources needed to grow their crops effectively and gain access to larger markets, which is essential for reducing poverty and hunger.",Goal 2: Zero Hunger
"In rural areas, implementing off-grid solar systems has revolutionized energy access, allowing families to power their homes and businesses sustainably and affordably, contributing to local development.",Goal 7: Affordable and Clean Energy
"In the wake of global challenges like climate change, nations are finding that collaboration is essential. By forming alliances, countries can share resources and knowledge to tackle these pressing issues more effectively.",Goal 17: Partnerships for the Goals
"To effectively address urban challenges, cities must forge alliances with civil society organizations that can mobilize community engagement and foster inclusive growth.",Goal 17: Partnerships for the Goals
Access to quality education is crucial in rural areas where schools often lack resources; community-based tutoring programs have emerged as a solution to improve learning outcomes for children in these regions.,Goal 4: Quality Education
"As we witness the alarming rates of species loss due to habitat destruction, it becomes imperative to promote reforestation initiatives that restore native plant communities. Healthy forests not only support wildlife but also enhance carbon sequestration.",Goal 15: Life on Land
"Recent reports show that when women are involved in community planning, projects are more likely to address local needs effectively. This demonstrates the importance of female participation in governance for creating sustainable and resilient communities.",Goal 5: Gender Equality
Implementing community-led conservation programs has proven effective in protecting lands from overexploitation. Local engagement ensures that the unique needs of the ecosystem are understood and prioritized.,Goal 15: Life on Land
"The introduction of organic farming has yielded promising results in restoring soil health and retaining water, which are critical to maintaining ecological balance. Furthermore, these practices often lead to increased crop yields over time.",Goal 15: Life on Land
Organizations are increasingly focusing on sustainable agricultural practices to protect land and enhance soil health. These initiatives not only conserve the local flora and fauna but also improve crop yields over time.,Goal 15: Life on Land
The collaboration between local governments and NGOs to promote clean and safe drinking water has led to remarkable improvements in public health metrics.,Goal 3: Good Health and Well-being
The report by the environmental agency indicates that urban areas need to improve their green infrastructure to mitigate urban heat islands and enhance local air quality.,Goal 13: Climate Action
The recent initiatives by NGOs aimed at training women in sustainable farming practices not only promote self-sufficiency but also help alleviate hunger in vulnerable communities.,Goal 2: Zero Hunger
"Many communities are establishing cooperatives to promote small-scale agriculture, where farmers can pool their resources for better market access. This approach not only enhances food security but significantly contributes to reducing poverty in the area.",Goal 1: No Poverty
"A recent summit brought together leaders from various sectors to discuss sustainable innovations in technology. By sharing insights and resources, they collectively tackled industry-wide challenges, paving the way for greener practices across the board.",Goal 17: Partnerships for the Goals
"Collaboration across borders has enabled nations to pool their technological innovations, improving infrastructure in underserved regions and enhancing overall economic resilience.",Goal 17: Partnerships for the Goals
"Access to quality water is not just a health issue; it's an economic one too. Without clean water, local industries such as tourism and agriculture cannot thrive, indicating a need for sustainable practices.",Goal 6: Clean Water and Sanitation
"Innovative technologies like solar-powered water purification systems are making it possible for remote areas to access clean water, directly impacting community health.",Goal 6: Clean Water and Sanitation
The role of education in health cannot be understated; teaching young people about nutrition and physical activity lays the foundation for healthier lifestyle choices in the future.,Goal 3: Good Health and Well-being
"Recent advancements in battery storage technology could lead to more efficient energy distribution, meaning that even intermittent renewable sources can provide reliable power to communities.",Goal 7: Affordable and Clean Energy
"Many communities are struggling as families face the harsh realities of living paycheck to paycheck, unable to meet basic needs like food and housing. This situation has a ripple effect on children's education and health, perpetuating a cycle of poverty.",Goal 1: No Poverty
"Educational initiatives that include environmental stewardship are essential for raising awareness about climate change among younger generations. By integrating these principles into curricula, we can foster a culture of sustainability in the future workforce.",Goal 13: Climate Action
"The rise in temperatures has led to more frequent and severe weather events, emphasizing the urgent need for community resilience and adaptive infrastructure.",Goal 13: Climate Action
"The government has introduced policies to enhance vocational training in various sectors, equipping youth with relevant skills to meet the demands of the evolving job market.",Goal 4: Quality Education
"Efforts to harmonize policies surrounding water allocation and sanitation services can lead to significant improvements in community health. By prioritizing clean water access, governments can foster better living conditions and reduce healthcare costs.",Goal 6: Clean Water and Sanitation
"Investing in sustainable agricultural practices is critical for developing countries as it can increase food production efficiency while reducing environmental impact, ultimately leading to better nutrition for populations at risk of hunger.",Goal 2: Zero Hunger
"Strengthening local institutions is crucial for peace-building efforts, as these organizations play a vital role in conflict resolution and community cohesion.","Goal 16: Peace, Justice and Strong Institutions"
"The coastal regions are facing severe threats due to rising sea levels and pollution, which significantly impacts marine biodiversity. Efforts to restore mangrove forests have shown promising results in protecting coastal ecosystems while also supporting local fisheries.",Goal 14: Life Below Water
"Collaborative workspaces are thriving in urban settings, enabling small businesses to innovate and grow, which is essential for a resilient and diverse economy.","Goal 9: Industry, Innovation and Infrastructure"
"In educational institutions, gender bias can often lead to fewer opportunities for girls in STEM fields, which needs to be actively countered through targeted programs and scholarships.",Goal 5: Gender Equality
We need to invest in smart public transport systems that reduce emissions and improve urban mobility while fostering economic growth within communities.,"Goal 9: Industry, Innovation and Infrastructure"
"Efforts to bridge the wage gap between different demographic groups have been gaining momentum in the past few years, highlighting the need for equitable pay in the workplace.",Goal 10: Reduced Inequalities
"Over the last decade, efforts to restore wetlands have shown significant benefits for biodiversity. By enhancing these natural areas, we can support various species and improve water quality simultaneously.",Goal 15: Life on Land
"Collaborations between governments, NGOs, and businesses are crucial in creating effective strategies to manage and reduce industrial waste, ensuring that production methods align with environmental sustainability.",Goal 12: Responsible Consumption and Production
"Aquaculture presents a sustainable alternative to traditional fishing practices, but it must be managed properly to avoid negative impacts on local ecosystems. Responsible farm management practices are key to ensuring a balance between food production and environmental health.",Goal 14: Life Below Water
"Mobile classrooms are being deployed to reach children in remote regions, ensuring that education continues even in areas where traditional schools are not feasible.",Goal 4: Quality Education
"Access to reliable transportation has become a critical issue for low-income workers, affecting their ability to seek better job opportunities. Solutions must be created to ensure that transportation systems serve all communities equally.",Goal 1: No Poverty
"In many communities, a strong legal framework is necessary to empower citizens and ensure their rights are protected. Without effective institutions, people lose trust in governance, leading to social unrest and instability.","Goal 16: Peace, Justice and Strong Institutions"
"The community center is hosting workshops that empower women with skills in entrepreneurship, allowing them to start their own businesses and gain financial independence.",Goal 5: Gender Equality
"Young activists are rallying worldwide, demanding governments to take immediate action against climate change. This grassroots movement emphasizes the role of youth in shaping a sustainable future, urging policymakers to prioritize environmental issues.",Goal 13: Climate Action
Recent studies have shown that rainwater harvesting can be a sustainable solution to provide fresh water during dry seasons. This technique not only mitigates the water crisis but also counters the effects of climate change.,Goal 6: Clean Water and Sanitation
"Implementing inclusive curricula that reflect diverse perspectives plays a pivotal role in creating an equitable learning environment, making education more relevant for every student regardless of their background.",Goal 4: Quality Education
"The rise of telehealth services during the pandemic has ensured that people, especially in rural areas, continue to receive medical consultations without traveling long distances.",Goal 3: Good Health and Well-being
"As more cities embrace green technology, partnerships between public and private sectors are becoming crucial. These collaborations help streamline the implementation of sustainable infrastructure that benefits everyone in the community.",Goal 17: Partnerships for the Goals
The new tech incubator in the city aims to support startups by providing them with resources and mentoring to enhance innovation in sustainable industries.,"Goal 9: Industry, Innovation and Infrastructure"
"Research in nanotechnology has opened new avenues in the production of cleaner energy solutions, promising to reduce harmful emissions and dependency on fossil fuels.","Goal 9: Industry, Innovation and Infrastructure"
"The city has launched an innovative program to develop affordable housing units, ensuring that low-income families have access to necessary resources and a safe living environment.",Goal 11: Sustainable Cities and Communities
"The community garden project not only provides fresh produce but also educates families on sustainable gardening practices, ensuring that everyone has access to nutritious food and reducing reliance on processed goods.",Goal 2: Zero Hunger
"The Great Barrier Reef is suffering from coral bleaching, which is exacerbated by climate change. Research into resilient coral species is ongoing, aiming to restore and protect these vital ecosystems for future generations.",Goal 14: Life Below Water
"Access to education remains vastly unequal across different regions, with marginalized communities facing significant barriers. This disparity not only affects academic performance but also limits job opportunities and economic mobility for these individuals.",Goal 10: Reduced Inequalities
Local communities are coming together to create urban gardens that not only beautify the neighborhood but also improve air quality by increasing green space. These gardens serve as a reminder of the importance of preserving our natural land amidst city life.,Goal 15: Life on Land
Low-income households are often at risk during energy crises; programs that provide subsidies for solar installations can alleviate some of these burdens and enhance energy accessibility.,Goal 7: Affordable and Clean Energy
Research indicates that communities with access to affordable clean energy resources report improved quality of life and health outcomes due to reduced pollution levels.,Goal 7: Affordable and Clean Energy
"The volunteer program focuses on mentorship for youths in low-income areas, empowering them to overcome barriers and pursue their educational goals without the fear of discrimination or inequality.",Goal 10: Reduced Inequalities
"Investing in early childhood education can significantly enhance a child's cognitive development, paving the way for lifelong learning opportunities and improved outcomes in adulthood.",Goal 4: Quality Education
"The education system is evolving with the integration of technology in the classroom, allowing students to engage with interactive learning tools that enhance understanding and retention of information.",Goal 4: Quality Education
"In an effort to boost economic activity, the government has introduced incentives for companies that hire locally. This has resulted in a significant decrease in the unemployment rate in several cities across the nation.",Goal 8: Decent Work and Economic Growth
"Investments in teacher training and development have shown tremendous results, as educators are better equipped to inspire and engage diverse student populations in their classrooms.",Goal 4: Quality Education
Training programs offered to unemployed youth have significantly improved their job prospects. It's amazing to see so many young people gaining skills that lead directly to employment opportunities.,Goal 8: Decent Work and Economic Growth
"Hospitals need to enhance their infrastructure to accommodate more patients, focusing on integrating modern technology to streamline healthcare services effectively.",Goal 3: Good Health and Well-being
Pollution from agricultural runoff significantly harms coastal waters. Strategies must be employed to reduce nutrient loading and protect aquatic ecosystems from toxic algal blooms and habitat degradation.,Goal 14: Life Below Water
"Investing in vocational training programs has proven to be a game changer for the youth in urban areas, providing them with the skills needed to secure higher-paying jobs.",Goal 8: Decent Work and Economic Growth
"Data shows that children living in impoverished communities are at a significant disadvantage when it comes to educational attainment. Without access to proper resources, many fall behind, perpetuating a cycle of poverty that spans generations.",Goal 1: No Poverty
"Proper sanitation facilities can significantly enhance the quality of life in crowded urban areas. Improving infrastructure, such as public restrooms and waste management systems, will help reduce disease transmission and promote overall community health.",Goal 6: Clean Water and Sanitation
"In an effort to revitalize the downtown area, the local government has launched a community project focusing on sustainable housing and green spaces that encourage healthy lifestyles and enhance the overall quality of life for its residents.",Goal 11: Sustainable Cities and Communities
"Farmers in the region are adopting resilient agricultural practices to combat climate change, ensuring that crop production is stable and local communities have reliable access to food.",Goal 2: Zero Hunger
"Recent studies indicate that bilingual education can significantly improve cognitive skills in children, promoting not only language proficiency but also critical thinking abilities.",Goal 4: Quality Education
Sustainable tourism initiatives are drawing partnerships between local governments and environmental organizations to promote responsible travel while supporting local economies.,Goal 17: Partnerships for the Goals
"The implementation of solar panels in rural areas can significantly reduce energy expenses, allowing families to allocate their savings to other essential needs.",Goal 7: Affordable and Clean Energy
Implementing smart technology in public transport systems reduces emissions and improves efficiency. Adaptations like this can make cities more responsive to the needs of their citizens and the environment alike.,Goal 11: Sustainable Cities and Communities
"A local non-profit organization is working tirelessly to improve women's access to healthcare and education, recognizing that equality in these areas is essential for community development.",Goal 5: Gender Equality
Regular health screenings and vaccinations are essential for maintaining public health. Awareness campaigns should be implemented to educate citizens about the importance of preventative measures.,Goal 3: Good Health and Well-being
Establishing a transparent legal framework is crucial for ensuring that citizens can trust law enforcement and government institutions. This builds a foundation for fair justice and the promotion of human rights.,"Goal 16: Peace, Justice and Strong Institutions"
"In order to ensure justice for all, community engagement initiatives are essential for bridging the gap between citizens and law enforcement agencies.","Goal 16: Peace, Justice and Strong Institutions"
"The recent urban planning conference discussed strategies for integrating nature into city designs, stressing how parks and green areas can reduce urban heat effects while fostering community interaction among diverse populations.",Goal 11: Sustainable Cities and Communities
"Access to educational resources, such as libraries and tutoring services, can greatly improve student performance, particularly in underfunded districts, promoting fairness in educational achievements.",Goal 4: Quality Education
Educational workshops aimed at teaching budgeting skills have proven effective in helping families manage their limited resources and prepare for unexpected expenses.,Goal 1: No Poverty
"A local initiative aims to provide resources and mentorship for young girls pursuing careers in STEM fields, addressing longstanding barriers to entry in these industries.",Goal 5: Gender Equality
"Students from low-income families often face challenges in securing internships, which are crucial for gaining experience. It's vital for educational institutions to create equitable pathways for these students.",Goal 10: Reduced Inequalities
"As more people are becoming eco-conscious, businesses are responding by eliminating single-use plastics and encouraging customers to bring their own bags and containers.",Goal 12: Responsible Consumption and Production
"Protecting natural habitats ensures that wildlife can thrive and ecosystems remain balanced. Conservation efforts must be prioritized to prevent species extinction, which is often caused by human activities such as deforestation and pollution.",Goal 15: Life on Land
The recent collaboration between local businesses and social enterprises aims to uplift economically disadvantaged groups by providing training and job placement services. Such partnerships are essential in addressing workforce inequalities and fostering community resilience.,Goal 10: Reduced Inequalities
"To achieve significant advancements in education, multiple stakeholders, including governments, NGOs, and the private sector, must align their resources and strategies towards common objectives.",Goal 17: Partnerships for the Goals
"Innovative startups are creating products from recycled materials, thus addressing the dual issues of waste management and resource scarcity.",Goal 12: Responsible Consumption and Production
"Innovative financing models for green projects are emerging, allowing startups to scale quickly and contribute to sustainable economic growth.","Goal 9: Industry, Innovation and Infrastructure"
"Education about responsible consumption is crucial, as many individuals still lack awareness of the environmental footprint associated with their purchases.",Goal 12: Responsible Consumption and Production
Ensuring that women have equal representation in leadership roles leads to more inclusive decision-making processes. This not only enhances the effectiveness of organizations but also inspires younger generations to pursue their ambitions without gender bias.,Goal 5: Gender Equality
"A new initiative has emerged aiming to create a marketplace for businesses that prioritize sustainability, allowing consumers to easily identify and support responsible brands.",Goal 12: Responsible Consumption and Production
"With advancements in automation and artificial intelligence, the workforce is being reshaped, necessitating new training programs that align skills with future industry needs.","Goal 9: Industry, Innovation and Infrastructure"
"The city council approved a new initiative aimed at providing financial support for startups, recognizing that entrepreneurship is vital for economic resilience and job creation in the community.",Goal 8: Decent Work and Economic Growth
"The alarming rates of waterborne diseases remind us that improving sanitation infrastructure is not just a matter of convenience, but one of urgent public health.",Goal 6: Clean Water and Sanitation
"Vaccination programs in developing countries have dramatically reduced the incidence of preventable diseases, allowing children to thrive and grow up healthier.",Goal 3: Good Health and Well-being
"Innovative startups are emerging across the country, showing how entrepreneurship can drive economic development and provide meaningful employment.",Goal 8: Decent Work and Economic Growth
"In recent years, our city has focused on enhancing public transportation infrastructure, allowing more residents to commute easily and reducing traffic congestion.",Goal 11: Sustainable Cities and Communities
Coastal communities reliant on fishing are experiencing economic challenges as fish populations decline. Developing alternative livelihoods that focus on marine conservation can support both the economy and ocean health.,Goal 14: Life Below Water
The recent initiative to promote urban farming not only boosts local economies but also encourages responsible resource management and sustainable food production.,Goal 12: Responsible Consumption and Production
"Investing in telehealth services has transformed access to healthcare in rural areas, allowing residents to consult with specialists without long-distance travel.",Goal 3: Good Health and Well-being
"To combat hunger and malnutrition globally, comprehensive agricultural policies must be implemented, focusing on sustainable practices that ensure long-term food supply stability.",Goal 2: Zero Hunger
"After the drought, many communities turned to resilience-building initiatives, such as seed-sharing programs, to ensure that they can continue to cultivate food despite changing climates.",Goal 2: Zero Hunger
"A new public transportation initiative aims to reduce traffic congestion and lower carbon emissions, making it easier for residents to commute sustainably while enhancing urban accessibility.",Goal 11: Sustainable Cities and Communities
"A recent study emphasizes the importance of lifelong learning, highlighting how adult education programs can empower individuals to adapt to changing job markets and improve their employability.",Goal 4: Quality Education
"In many regions, female students face systemic barriers to education. Programs addressing these challenges are crucial for promoting gender equality and ensuring that all children have the right to learn and grow.",Goal 4: Quality Education
"The project relies heavily on public-private partnerships, leveraging the strengths of each sector to create pathways for cleaner energy solutions and sustainable job creation.",Goal 17: Partnerships for the Goals
"Engaging various stakeholders, from indigenous communities to corporate partners, ensures that development projects are inclusive and effective, reinforcing the idea that success comes from unity.",Goal 17: Partnerships for the Goals
Implementing rainwater harvesting systems can help reduce dependency on groundwater and provide clean water for households.,Goal 6: Clean Water and Sanitation
"While many regions boast surplus food production, hunger persists due to the unequal distribution of resources. Initiatives aimed at redirecting surplus food from farms to local shelters can mitigate this issue effectively, showcasing a solution that benefits both producers and consumers.",Goal 2: Zero Hunger
"Empowering women to manage water resources leads to more inclusive decision-making processes. When women have access to clean water, their families are healthier, and they can devote more time to education and economic activities.",Goal 6: Clean Water and Sanitation
"Women's representation in politics is inadequate globally, pushing advocacy groups to lobby for reforms that will ensure women have a voice in decision-making processes that affect their lives and communities.",Goal 5: Gender Equality
Policy reforms aimed at enhancing affordable housing are crucial to combat the rising disparity in living conditions. Ensuring that everyone has access to safe and affordable homes can lead to more cohesive and equal communities.,Goal 10: Reduced Inequalities
NGOs are working tirelessly in remote areas to educate farmers about the benefits of biodiversity and sustainable land management techniques. Their initiatives help prevent overexploitation of natural resources and ensure long-term agricultural productivity.,Goal 15: Life on Land
"Investing in green technologies can lead to new industries and job creation, which are essential for a resilient economy amid climate change.",Goal 8: Decent Work and Economic Growth
Establishing independent bodies to oversee elections is crucial for democratic integrity. Ensuring that each vote is counted fairly fosters trust in governmental systems and encourages greater civic participation.,"Goal 16: Peace, Justice and Strong Institutions"
Investors are increasingly prioritizing companies that demonstrate a commitment to using renewable energy. This shift not only encourages responsible corporate behavior but also drives innovation toward more sustainable energy practices in various industries.,Goal 7: Affordable and Clean Energy
"In the heart of the city, local organizations are stepping up to provide resources and support for those experiencing homelessness. By offering job training and financial literacy workshops, they aim to break the cycle that keeps individuals in poverty.",Goal 1: No Poverty
"The collaboration between tech companies and research institutions has led to groundbreaking developments in artificial intelligence, which can revolutionize manufacturing processes.","Goal 9: Industry, Innovation and Infrastructure"
Educational programs centered around climate literacy are critical for empowering youth to take action and drive change towards a more sustainable planet.,Goal 13: Climate Action
A recent study showed that companies adopting sustainable practices see a marked increase in brand loyalty among consumers who prioritize eco-friendly products and ethical sourcing.,Goal 12: Responsible Consumption and Production
"A recent study found that gender-based violence remains a critical issue worldwide, urging governments and communities to take action to support survivors and create safe environments.",Goal 5: Gender Equality
"Access to mental health resources is crucial, especially in the wake of the pandemic. Many communities are lacking proper support systems, leading to increased rates of anxiety and depression.",Goal 3: Good Health and Well-being
The introduction of electric vehicle charging stations across urban areas is a clear indicator of infrastructure evolving to support cleaner transportation options.,"Goal 9: Industry, Innovation and Infrastructure"
Marine ecosystems are critical for global climate regulation and should be included in climate action plans. Protecting these environments can help mitigate climate change effects and support sustainable development.,Goal 14: Life Below Water
"Marine pollution is a growing concern, with plastics choking our oceans and harming aquatic life. It's crucial to implement stricter regulations on waste management to preserve marine ecosystems.",Goal 14: Life Below Water
Recent studies show that communities with access to decent job opportunities experience lower crime rates and better overall health. Investing in economic growth can therefore lead to substantial social benefits.,Goal 8: Decent Work and Economic Growth
Incorporating eco-friendly materials into boat manufacturing is one step towards reducing the marine industry's carbon footprint. Innovations in this area could lead to cleaner and more sustainable practices across the entire sector.,Goal 14: Life Below Water
Reports show that female entrepreneurs face significant barriers in obtaining funding for their startups; addressing this issue is crucial for fostering innovation and economic growth among women-led businesses.,Goal 5: Gender Equality
"Scientists are urging governments to reduce carbon emissions significantly to stave off the worst impacts of climate change. This requires a collaborative effort across nations, industries, and communities to create lasting change.",Goal 13: Climate Action
"The new solar farm in the region is expected to provide clean energy to over 10,000 homes, significantly reducing dependency on fossil fuels.",Goal 7: Affordable and Clean Energy
"The local factory has created over 200 new jobs this year, significantly reducing unemployment in the area. Workers are provided with comprehensive training and opportunities for advancement.",Goal 8: Decent Work and Economic Growth
Engaging local farmers in sustainable land management practices can lead to healthier ecosystems. Techniques like crop rotation and organic farming not only yield better produce but also rejuvenate the soil and protect local wildlife habitats.,Goal 15: Life on Land
"A study revealed that investing in public transportation helps lower greenhouse gas emissions, reduce traffic congestion, and promote healthier living conditions in densely populated cities.",Goal 13: Climate Action
"Research indicates that regular exercise can significantly reduce the likelihood of developing chronic health conditions, highlighting the value of community health programs promoting physical activity.",Goal 3: Good Health and Well-being
"The new community policing initiative has significantly improved interactions between law enforcement and residents, fostering a safer environment for everyone involved. This cooperation reduces crime rates and enhances trust in judicial systems.","Goal 16: Peace, Justice and Strong Institutions"
"The introduction of eco-friendly building materials by local startups is changing the landscape of the construction industry, promoting sustainability while providing economic opportunities.","Goal 9: Industry, Innovation and Infrastructure"
Public transportation systems powered by renewable energy sources encourage less reliance on personal vehicles. Such systems not only cut greenhouse gas emissions but also promote a healthier lifestyle as more people opt for sustainable commuting options.,Goal 7: Affordable and Clean Energy
"As cities grow, urban planners must prioritize green spaces to absorb CO2 and mitigate the heat island effect, while also enhancing quality of life for residents.",Goal 13: Climate Action
"The establishment of independent watchdogs has proven beneficial in many countries, promoting integrity within governmental agencies and reducing instances of abuse of power.","Goal 16: Peace, Justice and Strong Institutions"
The health of our oceans is intricately linked to climate change. Efforts to reduce greenhouse gas emissions are vital to combat the rising sea temperatures that threaten marine life and the communities relying on these resources.,Goal 14: Life Below Water
"Community-driven initiatives that focus on urban agriculture have emerged as a model for self-sufficiency, encouraging local investment in infrastructure that supports food production.","Goal 9: Industry, Innovation and Infrastructure"
"Legislative reforms aimed at increasing transparency in political financing will help to create a level playing field for all candidates, allowing for a more competitive electoral process.","Goal 16: Peace, Justice and Strong Institutions"
"Transitioning to wind energy not only helps reduce our carbon footprint but also creates numerous job opportunities in the energy sector, contributing to local economies.",Goal 7: Affordable and Clean Energy
Long-term sustainability in urban development also relies on the integration of renewable energy sources in building projects. Solar panels on rooftops or urban wind farms can significantly reduce dependency on fossil fuels while creating energy-efficient communities.,Goal 11: Sustainable Cities and Communities
"The small business sector is often seen as a driving force for economic growth, but it can also be a reflection of existing inequalities. Unfair lending practices limit access to capital for entrepreneurs from minority backgrounds. It’s vital to advocate for equitable lending policies to ensure a fair chance for all business owners.",Goal 10: Reduced Inequalities
"As the fashion industry faces scrutiny over environmental impacts, more brands are shifting towards sustainable practices by using recycled fabrics and reducing carbon footprints, ensuring that their production methods are environmentally friendly and ethically sound.",Goal 12: Responsible Consumption and Production
Local initiatives that focus on reducing runoff into water bodies can significantly improve the health of our aquatic environments. Educating the community on this issue is vital for effective change.,Goal 14: Life Below Water
"The economic revival plan emphasizes investments in sustainable industries, recognizing the importance of job creation in sectors that also protect the environment.",Goal 8: Decent Work and Economic Growth
"As the pandemic has shown, many individuals lost their jobs overnight, highlighting the importance of safety nets to prevent families from falling into poverty.",Goal 1: No Poverty
"The rising sea levels are impacting coastal cities around the globe, leading to increased flooding and displacement of populations. It's crucial that we take immediate action to mitigate these effects through sustainable urban planning.",Goal 13: Climate Action
Charitable organizations are working tirelessly to distribute food and essential supplies to families who are struggling financially due to unexpected job losses or health crises.,Goal 1: No Poverty
"An increase in community-supported agriculture has shown positive trends in supplying fresh fruits and vegetables, benefiting both small farmers and local consumers, fostering healthier diets.",Goal 2: Zero Hunger
"Efforts to restore wetlands can play a vital role in maintaining the local water supply, ensuring that communities have reliable access to fresh water all year round.",Goal 6: Clean Water and Sanitation
"The recent funding initiative aims to provide underprivileged communities with access to digital literacy programs, ensuring that every child can navigate the growing technology landscape effectively.",Goal 4: Quality Education
"The impact of climate change on terrestrial ecosystems is becoming more pronounced, leading to shifts in species distribution. Conservation efforts must be adapted to ensure species can thrive under changing conditions and that ecosystems remain resilient.",Goal 15: Life on Land
"The recent town hall meeting focused on how local policies can support gender equality, encouraging community involvement in discussions about fair representation and participation.",Goal 5: Gender Equality
"As companies pivot towards sustainable practices, many are integrating advanced technologies that enhance productivity while reducing their carbon footprint.","Goal 9: Industry, Innovation and Infrastructure"
I remember a vacation where we participated in a beach cleanup event. Seeing the difference made in just a few hours was inspiring and highlighted the need for ongoing efforts to safeguard marine environments.,Goal 14: Life Below Water
"As companies shift focus to sustainable practices, many are now prioritizing local sourcing, which supports regional economies and creates more job opportunities in the process.",Goal 8: Decent Work and Economic Growth
The role of education in promoting awareness of rights and legal frameworks cannot be overstated; informed citizens are better equipped to seek justice and uphold the law.,"Goal 16: Peace, Justice and Strong Institutions"
"Studies show that companies with diverse leadership teams outperform their competitors, reinforcing the need for businesses to actively recruit and promote women and other underrepresented groups.",Goal 5: Gender Equality
"Ultimately, achieving a more equitable society requires collaborative efforts among various stakeholders. Governments, businesses, and non-profits must come together to create sustainable solutions that address the root causes of inequality. Empowering communities to advocate for themselves can lead to lasting change.",Goal 10: Reduced Inequalities
"We have launched a campaign to provide scholarships for girls pursuing STEM fields, addressing the gender gap in education and empowering young women to pursue careers in science and technology.",Goal 4: Quality Education
"We've seen significant investments in local infrastructure that not only improve public transport but also create job opportunities in construction and maintenance, benefiting the entire community.",Goal 8: Decent Work and Economic Growth
"The collaboration between universities and the private sector has resulted in groundbreaking research on renewable energy solutions, which are not only innovative but also practical for implementation in local communities. This synergy highlights the importance of leveraging diverse expertise to achieve sustainability goals.",Goal 17: Partnerships for the Goals
"Many companies are adopting sustainable practices by monitoring their water usage and waste output. This not only helps them reduce their environmental impact but also encourages other industries to follow suit, creating a ripple effect in responsible water management.",Goal 6: Clean Water and Sanitation
Research shows that countries with higher female participation in technical fields tend to have stronger economies. Encouraging more girls to pursue STEM careers could lead to significant growth and innovation.,Goal 5: Gender Equality
"The new urban development project focuses on ensuring that all residents have access to public parks and green spaces, promoting a healthier lifestyle within the community.",Goal 11: Sustainable Cities and Communities
"A recent report highlights the necessity of developing resilient infrastructure to withstand the impacts of climate change, emphasizing the role of public-private partnerships.","Goal 9: Industry, Innovation and Infrastructure"
The correlation between clean air and public health is undeniable. Cities that prioritize reducing air pollution often see a marked improvement in the health of their residents.,Goal 3: Good Health and Well-being
"The increasing frequency of extreme weather events highlights the urgent need for global climate initiatives. Communities are struggling to adapt to these changes, which often result in lower agricultural productivity and increased displacement due to rising sea levels.",Goal 13: Climate Action
"With the rise of remote learning, many institutions are now offering free online courses, making quality education more accessible to anyone with an internet connection, regardless of their location.",Goal 4: Quality Education
"Recent surveys indicate that minority groups face significant barriers in health care access, further exacerbating pre-existing disparities in health outcomes and life expectancy.",Goal 10: Reduced Inequalities
"In many countries, women are still significantly underrepresented in leadership roles within the business sector. This lack of representation not only stymies economic growth but also perpetuates societal inequalities that can last for generations.",Goal 10: Reduced Inequalities
"The introduction of a new job training program in underserved neighborhoods has significantly increased employment rates, demonstrating how targeted initiatives can boost economic opportunities and promote sustainable livelihoods.",Goal 8: Decent Work and Economic Growth
Community leaders are advocating for better public transport options in low-income neighborhoods. Improved access would not only facilitate commuting but also open doors to employment opportunities that were previously out of reach for many residents.,Goal 10: Reduced Inequalities
"Urban planning now prioritizes the integration of green energy sources, such as geothermal and solar, into new residential developments, which helps to achieve climate neutrality by 2030.",Goal 7: Affordable and Clean Energy
The recent partnership between the city and a major corporation aims to boost local employment and support small businesses to create a more robust economy.,Goal 8: Decent Work and Economic Growth
"The new initiative uniting local businesses and community organizations aims to foster collaboration and drive sustainable development projects that benefit everyone. Through partnerships, resources are shared and collective efforts are put towards tackling neighborhood challenges.",Goal 17: Partnerships for the Goals
"The government has launched a campaign to ensure that all children receive a minimum of 12 years of quality education, addressing disparities that persist in rural areas.",Goal 4: Quality Education
"The agricultural sector contributes heavily to greenhouse gas emissions, yet sustainable farming practices can lead to both better yield and lower emissions. This dual approach ensures food security while protecting the planet.",Goal 13: Climate Action
"The coalition of various NGOs and educational institutions is working tirelessly to promote sustainable practices within urban areas. Their joint efforts have led to the development of community gardens and green spaces, which help to educate residents while enhancing local biodiversity.",Goal 17: Partnerships for the Goals
"Communities that utilize smart grids benefit from more efficient energy use. These technologies not only reduce waste but also empower consumers to manage their energy consumption, leading to more sustainable practices on both individual and community levels.",Goal 7: Affordable and Clean Energy
Communities that actively participate in the decision-making process tend to have lower levels of corruption. Engaging citizens in governance not only strengthens institutions but also promotes a sense of ownership and accountability.,"Goal 16: Peace, Justice and Strong Institutions"
"Research shows that companies with diverse leadership teams perform better financially. As such, many organizations are recognizing the value of gender diversity and actively seeking to promote women into higher positions, creating a cycle of empowerment and opportunity.",Goal 5: Gender Equality
Educating young consumers about the importance of buying less and choosing sustainable products is key to fostering a culture of responsible consumption. Schools and community programs are increasingly integrating sustainability into their curricula to inspire the next generation.,Goal 12: Responsible Consumption and Production
Investing in technologies that enhance energy efficiency in production lines is essential for companies aiming to reduce their carbon footprint while still meeting consumer demands.,Goal 12: Responsible Consumption and Production
"A recent project in rural areas aimed to replace diesel generators with bioenergy solutions, providing clean electricity that is both sustainable and cost-effective for local farmers and businesses.",Goal 7: Affordable and Clean Energy
"The school district has implemented a farm-to-table program that connects students with local farms, teaching them the importance of fresh produce while ensuring they have access to nutritious meals during the day.",Goal 2: Zero Hunger
"Educational programs focusing on climate science and sustainability are essential in schools. By teaching the next generation about environmental stewardship, we empower them to make informed decisions for their future.",Goal 13: Climate Action
"It’s crucial that our educational institutions reflect the diversity of our society. By encouraging inclusive curricula and diverse hiring practices, we can improve educational outcomes forall students.",Goal 10: Reduced Inequalities
"Vaccinations for children have seen a significant increase in the past year, leading to a steady decline in preventable diseases across the region.",Goal 3: Good Health and Well-being
Land degradation due to industrial activities poses a severe threat to ecosystems. Comprehensive policies aimed at rehabilitation of affected areas not only help restore biodiversity but also bolster local economies by creating new job opportunities in eco-tourism.,Goal 15: Life on Land
Urban development projects should prioritize green spaces to support wildlife and improve community resilience against climate change impacts. Such measures can lead to healthier urban environments and promote public engagement with nature.,Goal 15: Life on Land
"Efforts to combat deforestation have gained momentum, with various NGOs collaborating to implement policies that reduce illegal logging. Ensuring the sustainable use of forests is critical in maintaining the planet's health and resources.",Goal 15: Life on Land
Research indicates that protecting mangrove forests could mitigate the impacts of coastal erosion and provide crucial habitat for fish species. This dual benefit showcases the importance of these ecosystems in maintaining marine biodiversity.,Goal 14: Life Below Water
"The recent summit brought together leaders from various sectors to discuss ways to align their corporate strategies with social responsibility goals. By forming these strategic alliances, companies can leverage their strengths to tackle pressing global issues more effectively and sustainably.",Goal 17: Partnerships for the Goals
Grassroots movements advocating for justice reform have gained momentum across the nation. These activists are working tirelessly to ensure that marginalized voices are heard and that their concerns are addressed by those in power.,"Goal 16: Peace, Justice and Strong Institutions"
"Sustainable land management practices can enhance resilience against climate variability. By focusing on conservation tillage and crop rotation, farmers can improve soil health and increase productivity while safeguarding the environment for future generations.",Goal 15: Life on Land
"Fisheries are vital to the livelihoods of millions of people, but overfishing and habitat destruction threaten their future sustainability. It's imperative to implement practices that ensure the long-term viability of our ocean resources.",Goal 14: Life Below Water
"Local businesses are teaming up to offer incentives for customers who bring their own containers, significantly decreasing plastic usage and encouraging responsible consumer behavior within the community.",Goal 12: Responsible Consumption and Production
"In a recent conference, experts discussed the importance of sustainable packaging solutions that minimize environmental impact, urging companies to rethink their logistics and materials used in product shipping and storage.",Goal 12: Responsible Consumption and Production
"The municipality is investing in renewable energy projects to power public facilities, reducing dependence on fossil fuels and promoting a cleaner urban environment for future generations.",Goal 11: Sustainable Cities and Communities
"Innovative technologies in renewable energy, like solar and wind power, have shown significant promise in decreasing dependency on fossil fuels and promoting environmental sustainability across industries.",Goal 13: Climate Action
"Collaboration between government bodies and civil society organizations can lead to more effective crime prevention strategies, ultimately fostering safer communities.","Goal 16: Peace, Justice and Strong Institutions"
"Efforts to combat gender inequality are strengthened when businesses collaborate with advocacy groups, leading to tailored initiatives that empower women in various sectors.",Goal 17: Partnerships for the Goals
"Healthcare workers are the backbone of our society. Their well-being is paramount, and we must ensure they have adequate rest, mental support, and resources to perform at their best.",Goal 3: Good Health and Well-being
"Community centers are increasingly hosting after-school tutoring programs aimed at helping students struggling in core subjects like math and science, fostering a supportive learning environment.",Goal 4: Quality Education
"Our neighborhood revitalization efforts included remodeling old buildings into affordable housing units, significantly increasing accessibility and inclusivity for low-income families.",Goal 11: Sustainable Cities and Communities
Innovative solutions like ocean farming could revolutionize the way we think about marine resource management. These methods allow for the sustainable cultivation of seafood while also actively restoring marine environments that have been damaged.,Goal 14: Life Below Water
"As urban development continues to spread, it's important to incorporate green spaces into city planning. Parks and community gardens can greatly improve residents' quality of life while serving as vital habitats for local wildlife.",Goal 15: Life on Land
The transition to a more sustainable energy model requires strong collaborations between public and private sectors to scale up investments in energy innovations that benefit all communities.,Goal 7: Affordable and Clean Energy
"Many remote villages still lack reliable electricity, making it difficult for them to progress. Solar panel installations in these areas have transformed lives, providing lighting for homes and schools, promoting education, and enhancing health services by allowing medical facilities to operate after dark.",Goal 7: Affordable and Clean Energy
"Advancements in technology are enabling more efficient recycling methods, which can significantly decrease the amount of waste that ends up in landfills.",Goal 12: Responsible Consumption and Production
"Food insecurity remains a critical issue, with many families lacking access to nutritious meals, leading to long-term health implications for children and adults alike.",Goal 3: Good Health and Well-being
Investing in purification technologies can dramatically reduce waterborne diseases. This helps not only in improving public health but also in alleviating the financial burden that healthcare systems face due to illnesses caused by contaminated water.,Goal 6: Clean Water and Sanitation
"A grassroots movement is advocating for policy changes that prioritize access to quality early childhood education, recognizing its importance in setting a strong foundation for lifelong learning.",Goal 4: Quality Education
"Parents are encouraged to participate in workshops that teach effective study habits and learning techniques, fostering better educational outcomes for their kids.",Goal 4: Quality Education
"Residents are actively participating in initiatives that aim to improve waste management and promote recycling, leading to cleaner streets and a greater sense of community pride.",Goal 11: Sustainable Cities and Communities
"A recent survey found that women are underrepresented in leadership positions across various sectors, highlighting the need for mentorship programs to empower the next generation of female leaders.",Goal 5: Gender Equality
The recent initiative to provide microloans to underprivileged communities is a step towards improving their economic conditions and ensuring they can support their families better.,Goal 1: No Poverty
The devastating wildfires seen in various regions underscore the urgency for climate adaptation strategies. Investments into fire management and forest restoration are critical for protecting ecosystems.,Goal 13: Climate Action
"The local government initiated a program to build more green spaces in urban areas, aiming to provide residents with parks and recreational facilities that improve overall quality of life.",Goal 11: Sustainable Cities and Communities
Investing in reforestation projects plays a vital role in absorbing carbon dioxide from the atmosphere. These initiatives not only help restore ecosystems but also promote biodiversity and enhance community engagement.,Goal 13: Climate Action
"In order to address climate change, various nations have come together to share technology and best practices, creating a network of collaboration that enhances their ability to implement solutions. This coalition exemplifies how unified action can lead to more effective environmental policies.",Goal 17: Partnerships for the Goals
"Recent statistics show that while the unemployment rate has dropped overall, certain demographic groups, particularly minorities, continue to struggle to find employment, indicating a persistent inequality in the job market.",Goal 10: Reduced Inequalities
"As companies strive to adopt circular economy principles, they are finding innovative ways to repurpose old materials, creating a new industry around waste management.","Goal 9: Industry, Innovation and Infrastructure"
"In many developing nations, the lack of proper sanitation facilities leads to severe health issues, prompting a need for innovative solutions to improve hygiene practices.",Goal 6: Clean Water and Sanitation
"To stay competitive, industries are adopting greener practices and focusing on eco-friendly materials in their production lines.","Goal 9: Industry, Innovation and Infrastructure"
"After introducing skills workshops in the factory, employee retention has improved remarkably. Investing in the workforce not only enhances productivity but also contributes to a thriving economy.",Goal 8: Decent Work and Economic Growth
"With the implementation of school meal programs, many children now receive nutritious food that enhances their learning experience and overall health, helping to prevent malnutrition among youth.",Goal 2: Zero Hunger
"Collaborations between schools and local health organizations can lead to comprehensive health programs that address both physical and mental well-being, thus improving the overall quality of life for students.",Goal 3: Good Health and Well-being
"Retailers are beginning to adopt more transparent supply chains, allowing consumers to understand the origins of their products. This level of accountability helps promote responsible consumer behavior and encourages brands to prioritize sustainability.",Goal 12: Responsible Consumption and Production
"The recent reforms in the judicial system have improved access to legal assistance for marginalized groups, thereby enhancing societal trust in public institutions.","Goal 16: Peace, Justice and Strong Institutions"
"In recent years, urban centers have seen a boom in innovation hubs which offer resources and support to aspiring entrepreneurs, driving economic growth and new job creation.","Goal 9: Industry, Innovation and Infrastructure"
"As urban areas expand, ensuring access to affordable housing becomes paramount. Innovative housing policies that include mixed-income projects help foster communities that are socially cohesive and economically diverse.",Goal 11: Sustainable Cities and Communities
"Sustainable farming practices are being embraced more widely, as they not only protect the environment but also ensure long-term food security.",Goal 12: Responsible Consumption and Production
"Waterborne diseases are a major cause of illness in developing countries, highlighting the urgent need for improved sanitation and hygiene practices.",Goal 6: Clean Water and Sanitation
We must focus on building strong local infrastructures that support business growth and provide job stability to our workforce.,Goal 8: Decent Work and Economic Growth
The partnership between local businesses and renewable energy companies has resulted in innovative solutions that enhance energy efficiency while making clean energy more accessible to smaller enterprises.,Goal 7: Affordable and Clean Energy
"The government's new investment in renewable energy technology is expected to create thousands of jobs in the solar and wind sectors, boosting local economies and driving innovation.","Goal 9: Industry, Innovation and Infrastructure"
"Urban areas can be designed to integrate green spaces that support local wildlife. Parks and gardens can serve as sanctuaries for birds and pollinators, enhancing biodiversity in city landscapes.",Goal 15: Life on Land
"By converting vacant lots into community gardens, neighbors have come together to grow their own food and improve local biodiversity, creating a healthier environment for everyone.",Goal 11: Sustainable Cities and Communities
The collaboration between international organizations and local communities has proven crucial for achieving sustainable development outcomes.,Goal 17: Partnerships for the Goals
"Nutrition education programs are being implemented in schools to teach children about healthy eating habits, aiming to foster a new generation that values food security and the importance of sustainable practices.",Goal 2: Zero Hunger
"Water recycling programs can play a crucial role in urban sustainability efforts, supporting the needs of growing populations while protecting local water sources. Such initiatives help ensure that everyone has access to clean water and sanitation without depleting resources.",Goal 6: Clean Water and Sanitation
"In many developing regions, marginalized groups still face significant barriers to accessing quality education. Initiatives that fund scholarships and educational resources for these communities can lead to a brighter future and help bridge existing gaps.",Goal 10: Reduced Inequalities
"As cities expand, the integration of sustainable building practices and infrastructure development can lead to thriving communities that benefit economically while protecting the environment.","Goal 9: Industry, Innovation and Infrastructure"
"Through strategic partnerships, we’re facilitating mentorship programs that help underrepresented groups gain access to high-demand industries, leveling the playing field in the job market.",Goal 8: Decent Work and Economic Growth
"Plastic pollution is a major threat to our oceans, and addressing it is critical for maintaining marine biodiversity. Initiatives to reduce plastic usage and improve waste management will be essential for the health of our planet's waters.",Goal 13: Climate Action
"Organizations must implement policies that protect against discrimination and ensure equal pay for equal work. This fosters a fair work environment where everyone, regardless of gender, can thrive and contribute to economic growth.",Goal 5: Gender Equality
"We need to prioritize access to reproductive health services for all women, as it is a fundamental aspect of gender equality and well-being.",Goal 5: Gender Equality
"A focus on retrofitting older buildings to meet modern sustainability standards can help reduce energy consumption and waste. By encouraging the renovation of existing structures, cities can preserve history while striving for future resilience.",Goal 11: Sustainable Cities and Communities
"Studies show that education is one of the most effective tools in reducing poverty. By ensuring that all children have access to quality schooling, we can break the cycle and give them the chance to thrive in the future.",Goal 1: No Poverty
"The rising sea levels are a stark reminder of climate change's impact on coastal communities, emphasizing the need for sustainable coastal management practices.",Goal 13: Climate Action
"In urban areas, food deserts pose significant challenges. Local governments are introducing policies to attract grocery stores to these neighborhoods, addressing access to fresh fruits and vegetables.",Goal 2: Zero Hunger
Inclusive public spaces that cater to all demographics are essential in fostering community spirit. Designing parks and recreation areas that are accessible to people of all ages and abilities promotes social interaction and enhances overall well-being.,Goal 11: Sustainable Cities and Communities
"Restoration of degraded grasslands has shown promising outcomes for carbon capture and soil rehabilitation. These ecosystems are fundamental for sustaining wildlife and improving overall land productivity, making them invaluable to our environmental strategy.",Goal 15: Life on Land
"After years of overfishing, many coastal communities are seeing a positive change thanks to sustainable fishing practices. These efforts not only support fish populations but also the livelihoods of those who depend on them.",Goal 14: Life Below Water
"The annual sustainability conference highlighted the role of education in fostering a culture of responsible production, stressing the need for awareness around resource conservation among both producers and consumers.",Goal 12: Responsible Consumption and Production
The new recycling initiative aims to significantly reduce waste in urban areas by encouraging residents to sort their trash effectively and pursue a circular economy.,Goal 12: Responsible Consumption and Production
"Through telemedicine, patients in remote areas can now consult with healthcare professionals, significantly improving diagnosis and treatment of chronic conditions.",Goal 3: Good Health and Well-being
The collaboration between governments and NGOs is vital in the fight against ocean acidification and its effect on marine life. Awareness campaigns can engage communities in supporting conservation actions.,Goal 14: Life Below Water
"Climate change is impacting our local weather patterns, resulting in more frequent floods and droughts. We need to take immediate action to reduce our carbon footprint and invest in renewable energy sources.",Goal 13: Climate Action
"Community workshops are focusing on educating citizens about energy conservation practices and the benefits of switching to sustainable energy sources, fostering a culture of environmental responsibility.",Goal 7: Affordable and Clean Energy
"The report highlights the alarming income gap between urban and rural areas in many countries, stressing the need for policies aimed at creating equal opportunities for all citizens.",Goal 10: Reduced Inequalities
"Policies that enhance the participation of women and minorities in leadership roles are essential for breaking down long-standing barriers. Mentorship programs designed to support these groups can help cultivate the next generation of leaders, ensuring that diverse voices are heard in decision-making processes.",Goal 10: Reduced Inequalities
"Efforts are underway to reduce food waste on large farms. By diverting surplus produce to food banks, we can ensure that nutritious meals reach those in need instead of ending up in landfills.",Goal 2: Zero Hunger
"The impact of deforestation on global warming is profound. By investing in reforestation and sustainable forestry practices, we can mitigate climate change while promoting biodiversity and supporting local economies that depend on healthy ecosystems.",Goal 13: Climate Action
"Strengthening institutions that promote fairness and justice is vital for achieving long-term peace. When people believe they have avenues to address grievances, it reduces conflicts and promotes unity.","Goal 16: Peace, Justice and Strong Institutions"
"Local governments are partnering with nonprofits to create health awareness campaigns that target chronic disease prevention, aiming to educate residents about lifestyle choices and their impacts.",Goal 3: Good Health and Well-being
"Recent government policies focused on supporting smallholder farmers could greatly increase food production and accessibility. By investing in training and resources, farmers are more likely to increase their yield, thus providing more food to local communities.",Goal 2: Zero Hunger
Empowering local governments to take charge of their development projects improves not just efficiency but also accountability. This leads to a more engaged citizenry willing to participate in governance and community building.,"Goal 16: Peace, Justice and Strong Institutions"
"Access to safe drinking water is critical for the health of communities, especially in urban areas where the population density increases the risk of disease spread.",Goal 6: Clean Water and Sanitation
"The initiative aims to provide better job training programs specifically designed for underrepresented groups, helping to bridge the skills gap in the tech industry.",Goal 10: Reduced Inequalities
"Investments in clean tech and infrastructure are essential for future-proofing economies, creating jobs, and ensuring that industries can adapt to changing environmental regulations.","Goal 9: Industry, Innovation and Infrastructure"
"In many rural areas, lack of infrastructure hampers the ability to transport food from farms to consumers; therefore, improving local roadways and storage facilities will be vital in reducing food waste and enhancing nutritional access.",Goal 2: Zero Hunger
"Local fishermen are working with scientists to develop sustainable aquaculture methods. This partnership not only ensures a steady supply of fish but also reduces the impact on wild populations, fostering a healthier ocean environment.",Goal 14: Life Below Water
"With the increasing demand for energy, it's crucial that industries adopt cleaner sources. Transitioning from coal to natural gas and implementing energy-efficient practices can not only lower emissions but also improve public health through cleaner air.",Goal 7: Affordable and Clean Energy
"In a recent initiative, small farmers partnered with tech startups to develop a platform that connects them directly with consumers, reducing waste and increasing profit margins. This collaboration exemplifies how multi-stakeholder partnerships can revitalize rural economies and enhance food security.",Goal 17: Partnerships for the Goals
"Gender-based violence remains a critical issue worldwide, necessitating comprehensive policies and community support systems to protect and empower victims and promote societal change.",Goal 5: Gender Equality
"The collaboration between international organizations and local health clinics has shown promise in combating epidemics. By sharing data and resources, they can respond more effectively to health crises, improving outcomes for vulnerable populations.",Goal 17: Partnerships for the Goals
"The recent report highlights that waterborne diseases account for a significant percentage of global health issues. To combat this, it's essential to implement comprehensive sanitation solutions that provide proper waste disposal and clean water access for everyone in rural areas.",Goal 6: Clean Water and Sanitation
"Research shows that mental health support in schools has improved student performance and well-being, reducing instances of bullying and dropout rates.",Goal 3: Good Health and Well-being
"The success of urban gardening projects hinges on collaboration between city councils, local farmers, and residents. By working together, they can maximize land use and ensure that fresh produce is available to all, while also promoting community engagement.",Goal 17: Partnerships for the Goals
"Individuals can contribute to sustainability efforts by reducing single-use plastics and choosing eco-friendly alternatives. Every small action adds up to a larger impact on our planet, especially in combating climate-related challenges.",Goal 13: Climate Action
"Cross-border partnerships are essential for addressing climate change, as they enable countries to share resources and technologies. Collaborative projects focused on renewable energy can lead to significant reductions in carbon emissions while fostering economic growth in both regions involved.",Goal 17: Partnerships for the Goals
The city has implemented a new public transport system aimed at reducing traffic congestion and promoting eco-friendly travel options for residents. This initiative is seen as a step towards enhancing urban mobility and reducing carbon emissions.,Goal 11: Sustainable Cities and Communities
Cities that prioritize pedestrian pathways and cycling lanes not only reduce air pollution but also promote a healthier lifestyle among residents by encouraging outdoor activities as part of daily commutes.,Goal 11: Sustainable Cities and Communities
"Recent studies show that air quality directly impacts respiratory health, with children in polluted areas experiencing higher rates of asthma and other chronic conditions.",Goal 3: Good Health and Well-being
"The reforestation project in the Amazon is gaining traction as a way to absorb CO2 from the atmosphere. Local communities are involved in planting trees, which not only helps the environment but also supports their livelihoods.",Goal 13: Climate Action
"Rooftop gardens are becoming increasingly popular in urban areas, providing fresh produce to city dwellers and promoting biodiversity while also improving air quality and aesthetics of buildings.",Goal 11: Sustainable Cities and Communities
"The new community program aims to enhance local governance by fostering transparency and accountability among officials, ensuring that citizens have a voice in decision-making processes.","Goal 16: Peace, Justice and Strong Institutions"
"Innovative renewable energy sources like solar and wind are becoming more affordable and prevalent, allowing us to decrease our reliance on fossil fuels. Communities that adopt these technologies not only fight climate change but also create local job opportunities.",Goal 13: Climate Action
The latest report highlights that 2019 was one of the hottest years on record. Urgent steps are needed to engage communities in sustainability efforts and climate resilience initiatives.,Goal 13: Climate Action
The introduction of nutrition programs in schools has not only tackled hunger issues but has also educated children on the significance of a balanced diet for their long-term health.,Goal 3: Good Health and Well-being
"International collaborations are essential in addressing climate change, as it is a global issue that transcends national borders and requires collective action for effective solutions.",Goal 13: Climate Action
"In recent discussions at the community center, locals shared their experiences regarding systemic barriers to employment that disproportionately affect underrepresented groups, pushing local leaders to seek more inclusive hiring practices.",Goal 10: Reduced Inequalities
Water pollution from industrial activities poses a serious threat to ecosystems and human health. Stricter regulations are necessary.,Goal 6: Clean Water and Sanitation
A collaborative effort between businesses and local governments is underway to promote fair wages and decent working conditions across all sectors. This enhances not just economic growth but also worker satisfaction.,Goal 8: Decent Work and Economic Growth
Community programs aiming to provide access to technology for students in low-income areas are crucial for bridging the digital divide and ensuring equal opportunities for all learners.,Goal 4: Quality Education
"Youth organizations are partnering with government agencies to promote mental health awareness among adolescents. By combining their outreach efforts, they create a stronger support network that benefits the community as a whole.",Goal 17: Partnerships for the Goals
"Efforts to improve food distribution networks have resulted in more families receiving fresh produce, leading to a noticeable decline in health issues related to diet in low-income areas.",Goal 2: Zero Hunger
"Local initiatives to promote physical fitness among residents not only enhance community bonding but also directly contribute to the health of participants, reducing healthcare costs in the long run.",Goal 3: Good Health and Well-being
"Innovative infrastructure projects, like smart city developments, are leading the way in creating urban environments that not only facilitate modern living but also address climate change concerns.","Goal 9: Industry, Innovation and Infrastructure"
"Education remains a powerful tool for breaking the cycle of poverty, and scholarships for underprivileged students can open doors to higher learning and better job prospects for future generations.",Goal 1: No Poverty
"After the community faced severe flooding, the local government has prioritized the creation of more green infrastructure, such as rain gardens and permeable pavements, to help manage stormwater runoff effectively.",Goal 11: Sustainable Cities and Communities
The rise of female entrepreneurs in developing countries showcases the importance of access to financial resources and support networks for achieving economic equality.,Goal 5: Gender Equality
"A local NGO is collaborating with schools to implement STEM workshops designed to inspire young girls to pursue careers in science and technology, helping to bridge the gender gap in these fields.",Goal 4: Quality Education
"Innovative farming practices that prioritize the use of organic fertilizers and sustainable land management can enhance soil health. These methods not only yield better crops but also minimize the environmental impact, preserving natural resources for future generations.",Goal 15: Life on Land
"In light of recent economic challenges, more companies are offering flexible work arrangements that support work-life balance, which has been linked to increased productivity and employee satisfaction.",Goal 8: Decent Work and Economic Growth
"In urban areas, promoting the use of public transport and cycling can help reduce carbon footprints and improve air quality. City planners are now focusing on creating infrastructure that supports sustainable modes of transport.",Goal 12: Responsible Consumption and Production
"By promoting gender representation in political offices, we can move toward a society where laws reflect the needs of all citizens, thus strengthening democratic processes and leading to lasting peace.","Goal 16: Peace, Justice and Strong Institutions"
"To address nutritional deficiencies, some schools are partnering with local farms to provide fresh produce in their meal programs, ensuring students receive balanced diets that improve overall health.",Goal 2: Zero Hunger
"New regulations on shipping routes are expected to reduce the number of oil spills in our oceans. Advocates believe that this will significantly lower the risk to marine wildlife, encouraging biodiversity to thrive once more.",Goal 14: Life Below Water
Innovation in renewable energy technologies not only reduces carbon emissions but also creates new industries and job prospects that can drive economic growth.,"Goal 9: Industry, Innovation and Infrastructure"
"Supporting civil society organizations can amplify voices that advocate for human rights and justice, enabling a more balanced dialogue between the government and its citizens.","Goal 16: Peace, Justice and Strong Institutions"
"Food banks have seen a significant increase in donations this year, allowing them to expand their reach and provide healthier options to those in need, ultimately leading to improved health outcomes for vulnerable populations.",Goal 2: Zero Hunger
Businesses in the renewable energy sector are coming together to innovate and improve technology. Their collective efforts not only advance sustainability but also create opportunities for economic growth in underserved areas.,Goal 17: Partnerships for the Goals
"Schools are introducing gender-sensitive curricula to challenge stereotypes and promote equal participation in STEM subjects among boys and girls, fostering a more inclusive learning environment.",Goal 5: Gender Equality
"Social enterprises are emerging as a powerful means to address inequality by providing sustainable livelihoods for disadvantaged populations, fostering economic independence and empowerment.",Goal 10: Reduced Inequalities
"In our latest sustainability report, we have outlined strategies to decrease our carbon footprint through improved energy efficiency in our manufacturing processes.",Goal 13: Climate Action
"A local nonprofit is working towards integrating more women into the tech workforce, prioritizing equal opportunities which ultimately boosts economic growth and innovation.",Goal 8: Decent Work and Economic Growth
"In some regions, women and children spend hours each day collecting water. This time could be better spent on education and economic opportunities.",Goal 6: Clean Water and Sanitation
"The initiative aims to provide solar panels to off-grid communities, ensuring that households have access to reliable electricity sources, significantly reducing their dependence on fossil fuels.",Goal 7: Affordable and Clean Energy
"The recent report highlights the alarming rise in extreme poverty levels as the global economy continues to struggle post-pandemic. Many families are unable to meet their basic needs, raising urgent calls for effective social protection systems.",Goal 1: No Poverty
Local partnerships between universities and tech companies are crucial for fostering innovation ecosystems that can lead to the development of advanced materials and manufacturing processes.,"Goal 9: Industry, Innovation and Infrastructure"
"Over 25% of the population in urban slums are without stable jobs. Addressing the challenges faced in these areas, through vocational training and job placement programs, can change lives by providing sustainable income sources.",Goal 1: No Poverty
"The new policy implemented by the government aims to tackle corruption in public procurement processes, helping to strengthen the trust of citizens in their institutions.","Goal 16: Peace, Justice and Strong Institutions"
"The recent increase in renewable energy jobs has opened new pathways for young professionals, ensuring that they are equipped with the skills needed for a sustainable career.",Goal 8: Decent Work and Economic Growth
"A local organization has launched an initiative aimed at distributing surplus food from grocery stores to families experiencing hunger, ensuring that no edible food goes to waste while nourishing those in need.",Goal 2: Zero Hunger
"In many parts of the world, healthcare access remains a privilege rather than a right. Areas heavily impacted by poverty often lack essential medical services, leading to high rates of preventable diseases. Community health initiatives and mobile clinics can serve as a vital resource for these underserved populations, bringing care to those who need it most.",Goal 10: Reduced Inequalities
Sustainable city designs often include features like bike lanes and pedestrian-friendly pathways to promote active transport. Increasing walkability not only reduces vehicular emissions but also enhances community interaction.,Goal 11: Sustainable Cities and Communities
"The government has announced a new initiative aimed at reducing homelessness, which includes increased funding for affordable housing projects and support services. This comprehensive approach is expected to transform the lives of many affected individuals.",Goal 1: No Poverty
Water scarcity affects education as students often miss school to fetch water. Addressing this through better resource management is key to achieving well-being.,Goal 6: Clean Water and Sanitation
"Innovative startups are emerging with solutions focused on reducing water and energy consumption in manufacturing processes, highlighting a shift towards more sustainable production methods.",Goal 12: Responsible Consumption and Production
"Reducing food waste is crucial; restaurants can partner with local charities to donate excess food, providing aid to those in need while minimizing waste in landfills.",Goal 12: Responsible Consumption and Production
Transitioning to sustainable agricultural practices is essential for maintaining soil health and biodiversity. Farmers are now being encouraged to implement crop rotation and organic farming techniques to reduce reliance on chemical fertilizers and pesticides.,Goal 12: Responsible Consumption and Production
"As part of a local policy, the city has begun implementing energy-efficient upgrades to all public buildings, which will drastically reduce energy consumption and greenhouse gas emissions in the long run.",Goal 7: Affordable and Clean Energy
Collaborative efforts between non-profits and local businesses have resulted in innovative programs that improve community resilience and allow for greater resource sharing among organizations. This cooperation not only strengthens local initiatives but also fosters a sense of community ownership and shared responsibility.,Goal 17: Partnerships for the Goals
Non-profit organizations are collaborating with grocery stores to create programs that offer expired but still safe food to families facing hunger. This not only reduces waste but also ensures that more people have access to nutritious meals during tough times.,Goal 2: Zero Hunger
"New legislation aims to increase the share of renewable energy in the national grid, ensuring that more citizens have access to affordable and sustainable electricity options, contributing to long-term economic growth.",Goal 7: Affordable and Clean Energy
"In our latest community meeting, we discussed how investing in small businesses can stimulate local economies, promote innovation, and lead to sustainable job growth.",Goal 8: Decent Work and Economic Growth
"With coral reefs, often dubbed the ""rainforests of the sea,"" disappearing at an alarming rate, it’s essential to advocate for conservation initiatives that protect these vital ecosystems from climate change and pollution.",Goal 14: Life Below Water
"Our program aims to connect women in rural areas with online job opportunities, bridging the gap in the labor market and enabling them to contribute to their households financially.",Goal 8: Decent Work and Economic Growth
"With climate change impacting weather patterns across the globe, the need for resilient infrastructure has never been more urgent. Communities must adapt to these changes by investing in disaster preparedness and green technologies.",Goal 13: Climate Action
"Efforts to manage fish stocks sustainably are crucial for the health of our oceans. By implementing stringent regulations and promoting aquaculture, we can ensure that seafood remains a viable resource for future generations.",Goal 14: Life Below Water
"The increase in social protection schemes has shown a positive correlation with reductions in poverty rates. When people are secured against unexpected financial shocks, they are more likely to invest in their future, such as education for their children.",Goal 1: No Poverty
"The partnership between urban planners and local communities has resulted in innovative solutions for sustainable city development, proving that collective action is key to facing urban challenges.",Goal 17: Partnerships for the Goals
Investing in educational programs that teach about civic rights and responsibilities can empower future generations. Knowledgeable citizens are more likely to stand up against injustice and demand accountability from their leaders.,"Goal 16: Peace, Justice and Strong Institutions"
"In the era of globalization, it is crucial for countries to work together to tackle pressing issues; joint initiatives can amplify impact and foster innovation across borders.",Goal 17: Partnerships for the Goals
"With the rise of remote work, many individuals are finding opportunities that not only offer flexibility but also empower them to balance work and life effectively.",Goal 8: Decent Work and Economic Growth
"To tackle climate change, it's essential to promote the use of renewable resources and sustainable materials throughout the entire supply chain, from production to delivery.",Goal 12: Responsible Consumption and Production
"Investing in small and medium enterprises (SMEs) has proven crucial for driving economic growth, as these businesses tend to create a majority of new jobs in the economy.",Goal 8: Decent Work and Economic Growth
The initiative to provide vocational training for underprivileged youth in urban areas is a stepping stone towards building a robust workforce that can contribute positively to the economy.,Goal 8: Decent Work and Economic Growth
"Many refugees face long waits for work permits, leaving them in a state of limbo and economic insecurity. Accelerating the process for granting work authorization could empower these individuals to contribute to their new communities more effectively and sustainably.",Goal 10: Reduced Inequalities
"In rural areas, the implementation of microgrids has significantly improved energy access for households, allowing them to use sustainable sources for daily needs such as cooking and heating.",Goal 7: Affordable and Clean Energy
"The partnership between city planners and environmental organizations has led to the creation of bike lanes, promoting eco-friendly transportation options while making our streets safer for cyclists.",Goal 11: Sustainable Cities and Communities
"The rise of community forums allows citizens to engage directly with their elected officials, fostering an atmosphere of cooperation that can lead to more effective solutions to local issues.","Goal 16: Peace, Justice and Strong Institutions"
"In recent years, advocacy for human rights has gained momentum, with organizations pushing for transparency and accountability from governmental institutions, essential for social equity.","Goal 16: Peace, Justice and Strong Institutions"
"Polluted rivers and lakes are a major concern for local wildlife and human health. Initiatives aimed at restoring these water bodies through community engagement can have positive effects on the environment and local economies, fostering a culture of care and responsibility.",Goal 6: Clean Water and Sanitation
Investment in high-speed internet in rural areas is crucial; it allows small businesses to thrive and ensures that no one is left behind in the digital age.,"Goal 9: Industry, Innovation and Infrastructure"
"The rise of telecommuting has not only improved work-life balance for many employees but also contributed to reduced commuting costs and environmental impact, fostering sustainable economic growth.",Goal 8: Decent Work and Economic Growth
"Companies are now adopting circular economy principles, which emphasize the importance of designing products that can be reused or recycled, thus minimizing waste and conserving resources for future generations.",Goal 12: Responsible Consumption and Production
The recent reforms aimed at enhancing judicial independence are paving the way for a more equitable legal system. Citizens are beginning to feel more empowered to seek justice without fear of retribution.,"Goal 16: Peace, Justice and Strong Institutions"
"Research indicates that people from disadvantaged backgrounds face significant hurdles when trying to access higher education. To combat this, many colleges and universities are adopting policies designed to support first-generation college students.",Goal 10: Reduced Inequalities
"As cities worldwide push towards carbon neutrality, our initiative focuses on enhancing access to renewable energy sources, ensuring that all communities benefit from affordable power.",Goal 7: Affordable and Clean Energy
"By investing in public-private partnerships, communities have enhanced infrastructure that supports local businesses while committing to eco-friendly practices.","Goal 9: Industry, Innovation and Infrastructure"
Innovative filtration technologies are currently being tested to provide affordable clean water solutions in underserved populations. These efforts not only address immediate sanitation concerns but also promote long-term health benefits for entire communities.,Goal 6: Clean Water and Sanitation
The establishment of fair wages for all workers within the retail sector is crucial for ensuring that employees are not only motivated but also able to contribute positively to their local economies.,Goal 8: Decent Work and Economic Growth
"The new initiative by the local government has created numerous job opportunities in the tech sector, fostering innovation and economic growth.",Goal 8: Decent Work and Economic Growth
Coastal communities are facing unprecedented challenges due to rising sea levels and climate change impacts. Addressing these issues requires urgent action to develop resilient infrastructure and safeguard marine environments.,Goal 14: Life Below Water
"The recent report on coral reef recovery highlights the urgent need for policies aimed at preserving marine biodiversity. Coral reefs are critical to ocean health, providing habitat and food for countless species, yet they face unprecedented threats from climate change and pollution.",Goal 14: Life Below Water
"Research indicates that reducing meat consumption can significantly lower greenhouse gas emissions. Campaigns promoting plant-based diets are gaining traction, encouraging people to be more mindful about their food choices and their environmental impact.",Goal 13: Climate Action
"The local community is organizing a recycling drive to encourage residents to reduce waste and promote the reuse of materials, aiming for a more sustainable lifestyle for everyone. This effort not only helps the environment but also fosters a culture of responsibility among the citizens.",Goal 12: Responsible Consumption and Production
"Sanitation facilities in urban slums are often inadequate, exposing residents to health risks. Local governments need to take action by investing in proper sewage and waste management systems to protect these vulnerable populations.",Goal 6: Clean Water and Sanitation
"A recent study highlights the correlation between access to quality education and economic mobility, showing that students who receive proper guidance are far more likely to succeed in their careers.",Goal 4: Quality Education
"Schools are increasingly focusing on mental health education, teaching students how to cope with stress and anxiety, which is vital for their overall well-being and academic success.",Goal 4: Quality Education
"The health sector faces challenges in addressing gender-specific health issues. By prioritizing women's health and ensuring equal access to healthcare services, societies can enhance the overall well-being of their populations and promote a healthier future.",Goal 5: Gender Equality
Overfishing remains a pressing challenge that affects ecosystems globally. Sustainable fishing practices not only protect fish populations but also support local economies that depend on fishing as a primary source of income.,Goal 14: Life Below Water
Marine life is severely threatened by plastics in our oceans. Initiatives that promote recycling and reduced plastic usage are vital to ensuring the health of underwater ecosystems.,Goal 15: Life on Land
"Our non-profit organization is dedicated to providing resources and support for women entrepreneurs, helping them to launch and sustain their businesses. It's crucial for economic growth to have diverse voices contributing to the marketplace.",Goal 8: Decent Work and Economic Growth
Efforts to improve public transportation systems are essential for low-income workers who often commute long distances to achieve gainful employment. Enhanced accessibility can lead to better job opportunities and economic stability.,Goal 1: No Poverty
"As consumers, we have the power to influence production methods by choosing products with less packaging. Every small decision counts towards a larger movement.",Goal 12: Responsible Consumption and Production
"Access to nutritious food is crucial for child development. Non-profits are working to set up breakfast programs in schools, ensuring that every child starts their day with a healthy meal.",Goal 2: Zero Hunger
The recent advancements in renewable technologies have paved the way for creating sustainable urban environments that foster innovation while reducing our carbon footprint.,"Goal 9: Industry, Innovation and Infrastructure"
"Transitioning to a circular economy not only minimizes waste but also encourages sustainable practices in manufacturing processes, ultimately reducing our carbon footprint.",Goal 13: Climate Action
"With millions facing food insecurity, community gardens have emerged as powerful solutions, allowing urban dwellers to cultivate their own fresh produce, while fostering social ties and resilience.",Goal 2: Zero Hunger
"The impacts of plastic pollution on marine life are alarming, affecting everything from tiny plankton to large whales. Educating communities about reducing plastic use and recycling can play a significant role in protecting marine habitats.",Goal 14: Life Below Water
"Regular physical activity and access to green spaces can greatly improve mental health, reducing levels of anxiety and depression in urban populations.",Goal 3: Good Health and Well-being
"Efforts to combat corruption in local governments have seen varying degrees of success, but ongoing initiatives highlight the importance of integrity in building resilient institutions.","Goal 16: Peace, Justice and Strong Institutions"
"Innovative programs are being launched to train the workforce in the renewable energy sector, thereby ensuring economic growth aligns with environmental sustainability goals.",Goal 7: Affordable and Clean Energy
"The introduction of low-cost water filtration technologies can transform the lives of millions by preventing waterborne diseases, significantly improving community health.",Goal 6: Clean Water and Sanitation
"Social enterprises are stepping in to address the lack of affordable housing in low-income neighborhoods, demonstrating a commitment to improving living conditions for all community members.",Goal 10: Reduced Inequalities
"After the recent flu outbreak, health officials are advocating for better sanitation practices in schools to protect the well-being of students and staff alike.",Goal 3: Good Health and Well-being
"In times of crisis, local food banks become lifelines, distributing meals and groceries to families in need. Their work during economic downturns highlights the importance of robust food systems for all.",Goal 2: Zero Hunger
The introduction of green technologies in schools has not only improved educational outcomes but also taught students the importance of sustainability and environmental stewardship.,Goal 4: Quality Education
"Local communities are encouraged to participate in tree-planting initiatives, as reforestation efforts play a vital role in enhancing biodiversity and reducing atmospheric CO2 levels.",Goal 13: Climate Action
"Innovative social enterprises are emerging, which focus on providing sustainable jobs for marginalized populations, thereby creating pathways out of poverty while also addressing local community needs effectively.",Goal 1: No Poverty
Community initiatives that provide skill training for women can significantly boost their economic independence and improve overall societal welfare.,Goal 5: Gender Equality
"Access to clean and safe drinking water is a fundamental right for every individual, yet millions live without it. Adequate water supply systems must be implemented in rural areas to ensure public health and sanitation, ultimately enhancing the quality of life.",Goal 6: Clean Water and Sanitation
"The plastic waste crisis is suffocating oceans, leading to the death of countless marine animals. Initiatives aimed at reducing single-use plastics and promoting clean-up drives in coastal areas can significantly mitigate this problem.",Goal 14: Life Below Water
"Research shows that digital literacy programs targeted at underserved youth can significantly improve their job prospects and economic stability in the future, paving the way for more equitable opportunities.",Goal 10: Reduced Inequalities
"Many brands are now taking accountability for their supply chains, ensuring that every component is sourced responsibly and ethically, to lessen the environmental impact of consumer goods.",Goal 12: Responsible Consumption and Production
"The launch of the new tech hub aims to attract startups and established companies alike, fostering innovation and job creation in the region. Many hope this will stimulate the local economy and reduce unemployment rates.",Goal 8: Decent Work and Economic Growth
"While mental health awareness campaigns are gaining momentum, the rise in stress-related disorders calls for enhanced resources and support systems for those affected.",Goal 3: Good Health and Well-being
Coastal cities are at risk due to rising sea levels and changing marine ecosystems. Investing in resilient infrastructure and sustainable urban planning can safeguard these areas while enhancing marine biodiversity.,Goal 14: Life Below Water
"Climate action requires global cooperation; partnerships between nations can help share resources and technology, facilitating a collective response to environmental emergencies.",Goal 13: Climate Action
"Research indicates that enhancing public transportation infrastructure reduces reliance on personal vehicles, leading to a decrease in carbon emissions and promoting cleaner air in densely populated regions.",Goal 7: Affordable and Clean Energy
Public transportation systems need urgent upgrades to reduce reliance on fossil fuels. Investments in electric buses and trains can help cut emissions significantly while making commuting more efficient and accessible for everyone.,Goal 13: Climate Action
"Efforts to close the gender pay gap have taken center stage in many companies, with policies that ensure equal pay for equal work. This change not only empowers women but also contributes to the overall economic growth of communities.",Goal 5: Gender Equality
"In recent years, the disparity in access to quality healthcare services has become more pronounced, particularly affecting marginalized communities who cannot afford adequate treatment.",Goal 10: Reduced Inequalities
"The project focuses on empowering women in rural areas to cultivate small-scale organic farms. By training them in sustainable agriculture, we can combat hunger while promoting gender equality.",Goal 2: Zero Hunger
Investments in wastewater treatment facilities can not only improve public health but also lead to a more sustainable urban environment by reducing pollution in local waterways.,Goal 6: Clean Water and Sanitation
Investing in renewable energy technologies has proven to be cost-effective and beneficial for both the economy and the environment. Wind and solar projects are creating jobs while reducing reliance on fossil fuels. This shift not only addresses energy needs but also contributes to community resilience and long-term sustainability.,Goal 7: Affordable and Clean Energy
"The partnership between local businesses and schools aims to create mentorship opportunities, connecting students with professionals who can guide their career aspirations and promote lifelong learning.",Goal 4: Quality Education
"Local governments are encouraging the use of low-cost water filtration systems to provide households with cleaner water options, which can prevent serious health issues.",Goal 6: Clean Water and Sanitation
"Establishing fair legal frameworks is crucial in ensuring that marginalized groups have their voices heard in the policymaking process, as this enhances the overall stability of democratic societies.","Goal 16: Peace, Justice and Strong Institutions"
"To foster a competitive manufacturing sector, governments need to prioritize R&D funding that encourages startups and established companies to innovate in sustainable practices.","Goal 9: Industry, Innovation and Infrastructure"
"Despite economic advancement in several regions, a troubling number of families are still living below the poverty line, struggling to afford essentials such as food, clothing, and shelter. Addressing this disparity is crucial for sustainable development.",Goal 1: No Poverty
The proliferation of electric buses in urban transit systems has the potential to drastically cut emissions while providing reliable transportation. Integrating these zero-emission vehicles encourages a shift toward cleaner public transport solutions.,Goal 11: Sustainable Cities and Communities
"There is a pressing need for policy reforms that level the playing field for women in the tech industry. By implementing inclusive hiring practices and providing training, organizations can help close the gender gap that persists in this field.",Goal 10: Reduced Inequalities
Legislation focused on eliminating discriminatory practices in hiring processes will be vital for achieving a fairer job market for all genders.,Goal 5: Gender Equality
"Educational programs in schools are now focusing on sustainability, teaching children the value of responsible consumption and how their choices can impact the planet, preparing them to be environmentally conscious adults.",Goal 12: Responsible Consumption and Production
A new app has been developed to help women entrepreneurs connect with each other and share resources. This digital platform allows women to access mentorship and funding opportunities that were previously difficult to find.,Goal 5: Gender Equality
"A recent study highlighted that access to affordable childcare can significantly reduce poverty levels for single parents. When parents can work without the burden of high childcare costs, they are more likely to achieve financial stability.",Goal 1: No Poverty
"Interconnected urban gardens across the city facilitate a network of sustainable food sources while fostering community engagement and resilience against climate change impacts, creating a stronger bond among residents.",Goal 11: Sustainable Cities and Communities
"With the rising cost of living, many households are struggling to make ends meet. A local charity is stepping in to offer food and shelter resources for those in need.",Goal 1: No Poverty
"The government has initiated programs aimed at increasing support for immigrants and refugees, helping them integrate into the local workforce. These efforts are essential in creating an equitable environment where everyone has access to job opportunities, regardless of their background.",Goal 10: Reduced Inequalities
"The recent report highlighted an alarming rise in global temperatures, urging countries to embrace renewable energy sources to combat this pressing issue. Emphasizing the importance of a carbon-neutral economy, the authors called for immediate action to reduce greenhouse gas emissions.",Goal 13: Climate Action
"The recent policy changes advocate for fair wages and better working conditions for workers in the gig economy, striving for economic equity across all sectors.",Goal 8: Decent Work and Economic Growth
"Creating channels for citizen engagement allows individuals to contribute to legislation and community order, fostering a culture of participation and responsibility.","Goal 16: Peace, Justice and Strong Institutions"
"Since introducing a zero-waste policy in our manufacturing processes, we've seen a drastic reduction in landfill contributions. By reusing materials and recycling, we are not only improving our bottom line but also supporting the health of our planet.",Goal 15: Life on Land
Sustainable fishing practices are vital to prevent overfishing and ensure the health of marine populations. Community-led initiatives have emerged to promote responsible fishing methods and marine conservation.,Goal 14: Life Below Water
"Governments must engage with civil society organizations to establish effective frameworks that address local environmental challenges and create sustainable development strategies. By working together, we can ensure that marginalized voices are heard and included in decision-making processes.",Goal 17: Partnerships for the Goals
"A local NGO has launched a program aimed at providing scholarships to girls in rural areas. This program targets families that prioritize boys' education over girls', hoping to shift mindsets and encourage equal opportunities.",Goal 5: Gender Equality
"The recent initiative to enhance the digital infrastructure across rural regions is set to bridge the gap between urban and rural communities, offering better access to educational resources and job opportunities.","Goal 9: Industry, Innovation and Infrastructure"
"Access to free legal aid is critical for marginalized groups to secure their rights and seek justice. When everyone can understand and access the legal system, it strengthens the foundation of society and builds resilience against corruption.","Goal 16: Peace, Justice and Strong Institutions"
Scholarships for underprivileged students are essential in promoting equal opportunities; they provide access to higher education which can break the cycle of poverty for many families.,Goal 4: Quality Education
"An NGO has partnered with local schools to implement mentorship programs that connect students with professionals in their fields of interest, enhancing career readiness and aspirations.",Goal 4: Quality Education
"During the annual conference, experts discussed how empowering women through education and job training can lead to sustainable community development. They emphasized that equality is not just a moral issue but also an economic necessity.",Goal 5: Gender Equality
"A recent report highlighted how reducing plastic production can have a drastic positive effect on marine life, emphasizing the importance of responsible manufacturing processes.",Goal 12: Responsible Consumption and Production
"In response to the COVID-19 pandemic, local governments have launched initiatives to ensure that vulnerable populations receive essential food supplies, highlighting the importance of timely intervention.",Goal 2: Zero Hunger
"The initiative focuses on empowering marginalized communities by providing access to education and vocational training, thus helping them break the cycle of poverty.",Goal 1: No Poverty
"Through collaborative research, scientists are able to address marine conservation efforts more effectively, pooling resources to monitor biodiversity and implement protection strategies. This interconnected approach amplifies their impact and ensures better outcomes for marine life.",Goal 17: Partnerships for the Goals
"The decline in bee populations poses a serious threat to our agricultural systems and biodiversity. Enhancing habitats through the planting of wildflowers and other native plants can significantly support these pollinators, ultimately leading to more sustainable food sources.",Goal 15: Life on Land
"Efforts to strengthen the rule of law can lead to increased investment, as businesses prefer to operate in environments where contracts are enforced fairly and consistently.","Goal 16: Peace, Justice and Strong Institutions"
Ensuring equal pay for equal work is crucial for fostering an inclusive workplace environment where women can thrive and contribute equally to the economy.,Goal 5: Gender Equality
"The new policy implemented by the government mandates that all public institutions prioritize eco-friendly products and services, significantly cutting down on single-use plastics and promoting biodegradable alternatives in everyday operations.",Goal 12: Responsible Consumption and Production
"In many developing regions, women and girls are often responsible for collecting water, which takes time away from education and economic opportunities. Addressing this issue means improving local water supplies and reducing the time spent fetching water.",Goal 6: Clean Water and Sanitation
"Innovative partnerships between farmers and tech companies are helping to streamline food distribution processes, ensuring that excess crops are delivered to those experiencing hunger rather than going to waste.",Goal 2: Zero Hunger
"By integrating renewable energy solutions into existing infrastructure, companies can not only cut costs but also lead the way in creating sustainable industrial practices.","Goal 9: Industry, Innovation and Infrastructure"
Nonprofits have joined forces with private sectors to create programs that tackle food insecurity while promoting local farmers and sustainable practices in agriculture.,Goal 17: Partnerships for the Goals
"Research indicates that schools with safe drinking water and sanitation can improve student attendance and overall academic performance, making it a priority for educational institutions.",Goal 6: Clean Water and Sanitation
"Youth participation in governance is key; when young people are involved in decision-making, it leads to more inclusive policies that reflect the diverse needs of society.","Goal 16: Peace, Justice and Strong Institutions"
"The grassroots movement advocating for anti-corruption measures is gaining momentum, as citizens demand accountability from their leaders. Such collective action not only challenges the status quo but also empowers communities to shape their own futures.","Goal 16: Peace, Justice and Strong Institutions"
"In recent years, initiatives aimed at bridging the gender gap in the workforce have gained momentum. Companies adopting gender parity policies report higher innovation rates and employee satisfaction, demonstrating the link between equality and business success.",Goal 5: Gender Equality
"Innovative sanitation solutions, such as biogas toilets, are transforming how communities deal with waste while providing essential energy resources. This approach not only enhances hygiene but also contributes to sustainable energy production.",Goal 6: Clean Water and Sanitation
"Government initiatives promoting electric vehicles can significantly curb air pollution in urban areas, thus supporting healthier lifestyles for all citizens.",Goal 13: Climate Action
"This year, the city launched a pilot program aimed at providing affordable housing options for lower-income families, addressing the growing concerns about gentrification and its impact on long-standing neighborhoods.",Goal 10: Reduced Inequalities
"The recent policies introduced by the government focus on reducing carbon emissions by 40% over the next decade, which is crucial in combating climate change and fostering a sustainable future.",Goal 13: Climate Action
"With the growing concern over climate change, many countries are focusing on expanding infrastructural capabilities to support the integration of renewable energy sources.",Goal 7: Affordable and Clean Energy
"Urban expansion often comes at a cost to local wildlife and vegetation. It's imperative that city planners incorporate green spaces into urban development to maintain ecological balance and promote urban biodiversity, benefiting both city inhabitants and wildlife.",Goal 15: Life on Land
"Environmental justice movements are gaining momentum, as communities of color often face higher exposure to pollutants and environmental hazards. Advocacy for fair treatment in environmental policies addresses systemic inequalities that affect health and living conditions.",Goal 10: Reduced Inequalities
"In recent studies, it has been shown that implementing energy-efficient practices in urban areas can lower energy consumption by up to 30%, leading to safer environments and healthier communities.",Goal 7: Affordable and Clean Energy
"The shift to smart grid technology allows for better energy distribution, optimizing the use of renewable energy sources and enhancing overall efficiency across urban centers.",Goal 7: Affordable and Clean Energy
The local government is implementing a land-use policy that limits deforestation and promotes sustainable forestry practices. This initiative not only aims to protect local wildlife but also to engage communities in conservation activities.,Goal 15: Life on Land
"With the rise of online learning platforms, students from remote areas are getting unprecedented access to quality educational resources, helping bridge the knowledge gap that has persisted for years.",Goal 4: Quality Education
"There's a significant push towards circular economies, where products are designed to be reused or recycled, thus reducing the strain on natural resources.",Goal 12: Responsible Consumption and Production
"Encouraging mentorship programs where professionals guide students through their educational journeys not only builds confidence but also enriches the learning experience, making it more relevant and impactful.",Goal 4: Quality Education
"It's essential for international partnerships to promote conflict resolution strategies that empower marginalized groups, thus ensuring that all community members can participate in democracy.","Goal 16: Peace, Justice and Strong Institutions"
Developers are now focusing on creating energy-efficient buildings with intelligent systems that minimize energy waste and maximize consumption of clean energy sources.,Goal 7: Affordable and Clean Energy
