text,labels
"This research examines the narratives of individuals recovering from substance abuse. By employing a narrative analysis framework, we uncovered the intricate stories of struggle and triumph, which inform best practices for supportive recovery environments. The findings suggest that personal storytelling plays a pivotal role in healing and community belonging.",Qualitative
"Drawing from various academic sources, this exploration of language acquisition theories offers a comprehensive overview of the current landscape. Key findings are discussed, revealing gaps and opportunities for further investigation in this dynamic field of study.",Review
"In this paper, we critically analyze recent advancements in the field of educational technology, highlighting key trends and methodologies that have emerged in the last decade. By synthesizing findings from multiple studies, we aim to provide insights into the effectiveness of various tools and approaches in enhancing learning outcomes across diverse educational environments.",Review
"This text delves into the intricacies of social constructivism, arguing for a new conceptual model that challenges traditional pedagogical approaches. The work synthesizes existing literature to present a fresh perspective on educational theory.",Theoretical
"In the realm of cognitive psychology, various constructs such as attention and memory have been previously studied independently. This discussion aims to provide a cohesive theoretical perspective that illustrates the interplay between these constructs, ultimately contributing to a broader understanding of human cognition.",Theoretical
"Focusing on narrative inquiry as a methodological stance, this abstract discusses the implications of storytelling in understanding human experiences. It critically examines how theoretical orientations shape our interpretations of qualitative data, paving the way for more nuanced analyses in educational research.",Theoretical
"In exploring the evolution of educational methodologies, this study aggregates insights from a wide range of scholarly articles published in the last fifteen years. The data compiled reflects a shift towards more interactive learning environments and points to a need for additional empirical studies to validate these observations.",Review
"In this study, we employed regression analysis to assess the impact of socioeconomic status on college enrollment rates. The data collected from over 1,000 institutions provides insight into how financial barriers affect access to higher education, with results indicating a clear trend towards lower enrollment in disadvantaged groups.",Quantitative
"In this paper, we examine the learning outcomes of students enrolled in STEM fields, employing ANOVA tests on test results from three different cohorts to draw conclusions about pedagogical effectiveness.",Quantitative
"An investigation into the coping strategies employed by healthcare workers during the COVID-19 pandemic was conducted. Utilizing narrative interviews, this research aims to understand the emotional and psychological effects of prolonged stress and the methods individuals used to maintain their well-being. Findings suggest a strong reliance on peer support and personal resilience.",Qualitative
"In articulating a robust framework for understanding moral dilemmas in applied ethics, we look at the intersection of various ethical theories. This analysis not only clarifies the debates within the field but also proposes a multidimensional approach to resolving ethical conflicts in real-world scenarios.",Theoretical
"Through this research, we analyze the barriers to accessing higher education among marginalized groups by employing statistical data to outline trends and qualitative interviews to gather personal stories. This combination of data and narrative facilitates a more profound understanding of the structural and personal challenges faced.",Mixed Methods
"This investigation into climate change perceptions leverages survey results and narrative interviews, ultimately blending quantitative findings with qualitative experiences to illustrate the diverse impacts of climate-related issues across different demographics.",Mixed Methods
"An experiment conducted with 200 participants aimed to evaluate the effectiveness of different teaching methods on mathematics performance. Scores were recorded pre- and post-intervention, and the analysis showed measurable improvements in understanding and application of mathematical concepts for groups receiving instructional videos.",Quantitative
"Research was conducted using a dual approach, where statistical methods provided quantitative data on educational outcomes, while in-depth interviews with educators revealed the underlying factors influencing these results. This multifaceted approach allows for a holistic understanding of the educational landscape.",Mixed Methods
"The research involved a survey of 500 individuals to quantify the effects of social media on academic achievement, employing regression analysis to process and interpret the data collected over six months.",Quantitative
"By applying grounded theory, the study analyzes interviews with healthcare professionals to uncover their attitudes towards telemedicine. The findings highlight the complexities of integrating technology into traditional patient care.",Qualitative
"This paper presents a phenomenological study on the experiences of teachers during the transition to online education. By capturing their voices through detailed accounts, we aim to shed light on the emotional and professional impacts of this rapid shift in teaching methodology.",Qualitative
"By merging qualitative interviews with quantitative survey data, this research explores the relationship between teacher empathy and student achievement in primary schools. The dual data sources help illuminate the complexities of classroom dynamics that purely quantitative approaches might overlook.",Mixed Methods
"This research presents a conceptual framework for understanding the influence of cultural narratives on individual decision-making. By synthesizing existing literature across sociology and cultural studies, it proposes new pathways for interpretation, which could lead to innovative research agendas and applied methodologies in the social sciences.",Theoretical
"This document theorizes the relationship between cultural identity and academic performance, suggesting that student success is shaped by socio-cultural factors. It challenges existing paradigms and offers a new lens through which educators can view the impacts of identity in learning environments.",Theoretical
"This manuscript compiles existing studies related to climate change's influence on biodiversity. It underscores the urgent need for multidisciplinary strategies that incorporate ecological and socio-economic factors, drawing on a wide array of previous research findings that demonstrate the interconnectedness of these issues.",Review
"A narrative approach was utilized to analyze the stories of graduates who transitioned into the workforce. The thematic analysis of their narratives provides a deeper understanding of the emotional and social factors influencing career choices, emphasizing the role of mentorship.",Qualitative
"By integrating qualitative interviews with quantitative testing results, the study investigates the pedagogical effectiveness of innovative classroom techniques. We believe that such a blended approach enriches our understanding by providing concrete data backed by personal stories from both students and teachers.",Mixed Methods
"The research focused on the relationship between diet and cognitive function, employing a structured questionnaire that yielded quantifiable results, analyzed through various statistical packages to ensure accuracy.",Quantitative
"By employing regression analysis, this research evaluates the effect of socioeconomic factors on college graduation rates, utilizing demographic and academic data from national databases to support our findings.",Quantitative
"Through a series of case studies, we examine the implementation of sustainability initiatives in schools. The qualitative approach enables us to uncover the motivations, barriers, and successes faced by school administrators and students alike, providing a comprehensive view of the educational landscape.",Qualitative
"In exploring the advancement of artificial intelligence in healthcare, we analyze existing literature to highlight key developments and future directions. This analysis encompasses varying methodologies, clinical applications, and theoretical implications of AI integration in medical practices.",Review
"This paper summarizes key theoretical contributions to understanding political polarization in democratic societies over time. By referencing significant works in the field, the author narrates a progression of ideas that have shaped contemporary political discourse.",Review
"This paper synthesizes existing literature on the impact of climate change on agricultural yield, analyzing various studies to highlight consistent findings and gaps in the current research. The objective is to provide a comprehensive overview that informs future directions for study and policy.",Review
"This study presents a detailed statistical analysis of the relationship between class size and student achievement in primary education settings. By applying ANOVA to data gathered from 250 classrooms, the results demonstrate a statistically significant relationship favoring smaller class sizes for improved learning outcomes.",Quantitative
"Data from the National Assessment of Educational Progress (NAEP) was used to conduct a statistical analysis on reading proficiency levels across different demographic groups, showcasing significant findings that challenge existing narratives.",Quantitative
"Through a synthesis of existing literature, this paper critically analyzes the theoretical models of motivation in academic settings. By identifying common themes and gaps in the research, we aim to lay the groundwork for a more cohesive understanding of student motivation theories.",Theoretical
"The primary aim of this research is to analyze the factors influencing college students' satisfaction with campus facilities. A survey was administered to over 1,000 students, and the collected data was subjected to factor analysis. Insights gained reveal crucial aspects such as the importance of study spaces and recreational facilities in enhancing overall satisfaction levels among students.",Quantitative
"Our research involved a detailed analysis of course evaluations across ten semesters to quantify student satisfaction levels in online vs. traditional course formats. By applying statistical tools, we discovered a consistent trend of higher satisfaction in online courses, a finding that prompts further investigation into teaching methodologies.",Quantitative
"In our investigation of classroom dynamics, we conducted focus groups with educators to understand their perceptions of student engagement. The discussions revealed nuanced insights into teaching strategies that foster collaboration and community among diverse student populations.",Qualitative
"By analyzing test scores and conducting focus groups, we investigate how different learning styles influence student engagement in higher education settings. The results point to significant patterns that are further explained through participant narratives.",Mixed Methods
"We conducted an analysis of parental involvement in homework, utilizing both statistical data from academic records and interviews with parents. The results suggest a complex relationship that benefits from both numerical trends and personal narratives, leading to targeted recommendations for educational policy.",Mixed Methods
"This academic inquiry employed a mixed methodological framework to assess the impact of virtual reality on student learning outcomes. Through statistical analysis of test scores and qualitative assessments from participant reflections, we aim to present a comprehensive view of the technology's educational potential.",Mixed Methods
"The aim of this paper is to analyze the effects of financial aid programs on student retention rates in community colleges. A quantitative methodology was employed, studying data from 5,000 students and using logistic regression models to determine the influence of various types of financial support on students' likelihood of persisting through their academic programs.",Quantitative
"This research evaluated the impact of different teaching methods on student outcomes in mathematics. By employing a controlled experimental design with pre-test and post-test measurements, we quantitatively assessed the effectiveness of traditional vs. innovative pedagogical techniques.",Quantitative
"This study aims to understand the factors affecting student engagement in online learning environments through both surveys and in-depth interviews. By combining quantitative data from questionnaires with qualitative insights gained from participants' narratives, we explore how these elements interact to enhance learners' experience.",Mixed Methods
"Through an extensive dataset comprising over 1,000 clinical trials, this paper investigates the efficacy of various antidepressant medications. By conducting meta-analysis, we present a comprehensive overview of treatment outcomes, highlighting statistically significant differences between drug classes.",Quantitative
"By comparing the academic performance of students utilizing different learning strategies, this research gathered performance data from 400 undergraduate students. Various statistical analyses, including ANOVA, were conducted to compare outcomes and identify effective strategies.",Quantitative
"The study utilizes a pre-and-post survey design to measure the efficacy of a new teaching method on student test scores, with findings drawn from a diverse cohort of 250 students.",Quantitative
"This paper does not present empirical data but engages deeply with the principles of ethics in research. By synthesizing a range of philosophical viewpoints, we create a dialogue that challenges researchers to rethink the moral implications of their work.",Theoretical
"This research sheds light on the coping strategies employed by refugees as they adapt to their new environments. Through narrative analysis, we reveal how their stories of resilience contribute to a broader understanding of displacement and integration challenges faced by immigrant populations.",Qualitative
"This study explored the perceptions of university students regarding online learning. Through in-depth interviews, we uncovered various themes such as flexibility, anxiety, and engagement that highlight the emotional and psychological aspects of their learning experiences.",Qualitative
"This investigation into teacher-student relationships was conducted using case studies in several high schools. By analyzing interactions and classroom observations, we uncovered the underlying factors that contribute to a supportive learning environment.",Qualitative
"In this theoretical investigation, we examine the role of imagination in scientific discovery, arguing that creativity is an indispensable component in the advancement of knowledge, challenging the notion that science is solely empirical.",Theoretical
"This investigation employs a grounded theory approach, analyzing responses from participants in a workshop focused on collaborative learning, to extract foundational concepts that influence group dynamics.",Qualitative
"In this discourse, we reflect on the essential principles underlying democratic governance structures. Through a critical lens, the discourse examines the implications of these principles on contemporary political practices, arguing for a reconceptualization of democratic theories in light of recent global challenges.",Theoretical
This synthesis of literature on renewable energy technologies highlights advancements and setbacks in various sectors over the past decade. Analyzing numerous studies reveals critical patterns and provides insights essential for policymakers and stakeholders.,Review
"An analysis of the relationship between classroom size and student performance was performed with a dataset comprising over 3,000 students. The results indicated that smaller classroom sizes lead to improved academic outcomes, determined through correlation coefficients and regression analysis.",Quantitative
"A comprehensive survey was conducted with 500 teachers to quantitatively evaluate the effectiveness of remote learning tools during the pandemic. The results, analyzed through statistical means, reveal significant differences in student engagement compared to traditional classroom settings.",Quantitative
"The compilation of findings on the efficacy of blended learning environments reveals distinct patterns across different educational settings. The paper highlights contributions from various scholars to illustrate how hybrid approaches lead to varied student outcomes, thus offering a scaffold for ongoing research in this sector.",Review
"Recent studies on the economic impact of pandemics are compiled to discern common trends. The work draws from multiple sources to evaluate the long-term effects on global markets, presenting a nuanced understanding of how countries can better prepare for future crises.",Review
"This paper examines the effect of remote learning on student engagement, utilizing a sample of 300 university students who participated in online courses during the pandemic. Using parametric tests, we evaluated engagement levels across different demographics, revealing disparities in participation rates.",Quantitative
"The relationship between language and thought is scrutinized, suggesting that underlying theoretical frameworks must be reconsidered to align with contemporary neurocognitive findings.",Theoretical
"This paper examines the phenomenon of public health crises by integrating statistical modeling of infection rates with community feedback collected through narrative interviews, offering a rich understanding of both the numerical data and human experiences behind the statistics.",Mixed Methods
"By employing a combination of case studies and statistical modeling, this paper aims to assess the long-term effects of social media on academic performance, examining both the numerical outcomes and the lived experiences of students.",Mixed Methods
"By analyzing clinical trial data from 350 participants, this paper evaluates the efficacy of a new pharmaceutical treatment for asthma. The quantitative results, obtained through t-tests, indicate significant improvements in lung function measurements post-treatment compared to a placebo group, advocating for further development of the drug.",Quantitative
"This research seeks to deeply investigate the factors influencing student retention in community colleges. Using thematic analysis, interviews with students revealed critical insights into their academic and social support systems that impact their educational persistence.",Qualitative
An extensive examination of peer-reviewed articles reveals that there is a growing consensus on the importance of interdisciplinary approaches to solving urban planning challenges. This synthesis of literature not only highlights successful case studies but also points out methodologies that need further exploration.,Review
"In examining the factors influencing student engagement in online learning, we conducted a series of focus groups to gather insights from participants about their motivations and barriers. Our findings reveal complex emotional landscapes that inform the design of better online educational experiences.",Qualitative
"This study explores the lived experiences of first-generation college students in urban settings, utilizing in-depth interviews to gather insights into their challenges and triumphs during their academic journey.",Qualitative
"This manuscript serves to integrate various theories of motivation within the social sciences, aiming to present a cohesive understanding of how intrinsic and extrinsic factors interact. By evaluating significant theoretical contributions, it lays a comprehensive foundation for further inquiries in this evolving field.",Review
"This study employs both surveys and interviews to examine student engagement in online learning environments, aiming to elucidate the relationships between academic performance and various interactive elements.",Mixed Methods
"An extensive data analysis was conducted to determine the effectiveness of online learning platforms on student engagement and achievement, utilizing regression analysis on the results from multiple institutions.",Quantitative
"The objective of this research is to explore the correlation between study habits and academic achievement in high school seniors. By employing a data-driven approach, we gathered survey responses from 350 students and conducted factor analysis to identify predominant study traits that predict performance on final exams.",Quantitative
"The intersection of critical race theory and education is examined in this theoretical paper, which discusses how race and identity shape the educational experience. By unpacking these concepts, the study endeavors to highlight the implications for practice and policy in schools.",Theoretical
"Through a rigorous examination of attendance records and standardized test scores, we aimed to ascertain the impact of classroom attendance on student performance. Using statistical methods, we revealed a strong link between consistent attendance and higher academic achievement in our selected sample of 400 students.",Quantitative
"In this manuscript, previous theoretical frameworks on educational methodologies are assessed to determine their relevance in contemporary online learning environments. By dissecting various perspectives from diverse sources, it offers an extensive look at how these theories can inform teaching practices and improve learner engagement in virtual classrooms.",Review
"This research presents a comprehensive statistical analysis of graduation rates based on socioeconomic factors, with data derived from a longitudinal study involving over 2,000 students.",Quantitative
"This paper evaluates the effectiveness of different teaching methods on student retention rates. By collecting numerical data through controlled experiments across several classrooms, we applied statistical analyses to ascertain which methods yielded the highest retention improvement.",Quantitative
"Through an evaluation of teaching methodologies, the research integrates statistical measures of student achievement with interviews of educators, allowing for a multi-faceted understanding of educational effectiveness across different contexts.",Mixed Methods
"Our analysis, based on a structured survey of 700 undergraduate students, seeks to quantify the impact of mental health resources on academic performance, indicating a strong positive relationship.",Quantitative
"This study analyzes both quantitative data from surveys and qualitative interviews to understand the impact of remote learning on student engagement and performance in higher education. By triangulating these methods, we aim to capture a comprehensive picture of the challenges faced by students during the pandemic.",Mixed Methods
"This dissertation addresses the philosophical underpinnings of knowledge transfer within organizations, positing that existing models insufficiently account for non-linear knowledge flows. It argues for a reevaluation of established theories in knowledge management, suggesting that a more chaotic approach may better reflect real-world transfer processes.",Theoretical
"The current state of research on artificial intelligence in academia is assessed, examining various perspectives and methodologies. Key findings are organized thematically, reflecting on how AI technologies are transforming educational practices and administrative processes.",Review
"This essay discusses the intersection of language and identity in feminist theory, suggesting that traditional frameworks fail to capture the complexities of gendered experiences. The synthesis of these ideas aims to create a more inclusive model that recognizes diverse narratives in social sciences.",Theoretical
"The interplay between economic development and environmental sustainability has been a topic of intense scrutiny in academic literature. This investigation collates various authors' viewpoints and findings, presenting a consolidated perspective that emphasizes the need for integrative approaches to tackle competing priorities in policy-making.",Review
"In the context of social justice, we investigate the philosophical underpinnings of equity and the role of power dynamics in shaping societal structures. Our analysis draws from various schools of thought to create a comprehensive overview of how theoretical constructs influence policymaking and community engagement.",Theoretical
"This work consolidates findings from various studies on organizational leadership and employee well-being. By synthesizing these insights, we aim to illuminate the intricate connections and emphasize the need for interdisciplinary research to address the challenges faced in today's dynamic work environments.",Review
"In this paper, we analyze the relationship between study habits and academic success among high school students. Utilizing a large dataset that included over 1,000 respondents, we applied statistical methods to explore various study strategies and their impacts on student grades.",Quantitative
"In an effort to summarize current methodologies in educational psychology, this investigation collates findings from numerous empirical studies. The analysis showcases differing approaches to student engagement and motivation, ultimately calling for a more integrated framework that leverages existing insights.",Review
This paper provides an analysis of experiences shared by participants in focus groups discussing their perspectives on online learning during the pandemic. The rich narratives offer a glimpse into the emotional and psychological impact of such transitions on learners.,Qualitative
"A comprehensive exploration of diverse pedagogical approaches reveals significant variations in their effectiveness across disciplines. Through an examination of multiple sources, this document details the strengths and weaknesses of each method, advocating for a more tailored approach in educational settings.",Review
"This discourse examines the evolution of educational theories over the last century. By synthesizing critical viewpoints from various thinkers, it aims to present an integrated perspective on how these theories can inform current pedagogical practices, creating a roadmap for future educational innovation.",Theoretical
"The current research utilizes a quantitative approach to investigate the effects of teacher training on student literacy rates. By statistically analyzing pre- and post-training literacy test scores from 200 students, results indicate marked improvement directly attributable to enhanced teaching methods, underscoring the necessity of ongoing teacher education.",Quantitative
"In analyzing the cognitive development theories posited by Piaget and Vygotsky, this paper delves into the philosophical implications of their work, shedding light on the intersections between education and psychological constructs.",Theoretical
"The advancements in artificial intelligence within the educational sphere are critically examined in this work. By analyzing existing academic discourse, we highlight common themes and debates that have surfaced regarding the efficacy, ethics, and future implications of AI in learning environments.",Review
"In examining the trends around climate change policy publications, this work collates findings from a range of previous studies, drawing connections between legislative changes and public opinion over the last decade.",Review
"This paper presents a detailed analysis of the relationship between teacher qualifications and student achievement. By gathering data from multiple school districts and applying multivariate analysis techniques, we identified key factors that contribute to enhanced student performance in standardized testing.",Quantitative
We gather essential findings from various texts on pedagogical methods to determine effective practices in online education. This approach not only uncovers prevailing opinions but also identifies areas where further research is needed to enhance learning outcomes.,Review
"This research presents a phenomenological study of grief among healthcare workers during the COVID-19 pandemic. The detailed accounts of their experiences were gathered through semi-structured interviews, revealing deep emotional impacts, coping strategies, and the need for institutional support to manage emotional labor in crisis scenarios.",Qualitative
"Drawing upon ethnographic methods, this paper investigates how cultural background influences the learning experiences of international students in STEM fields. Observations and participant interviews provided a rich understanding of their adaptation processes and social integration challenges.",Qualitative
"The literature concerning the role of parental involvement in student academic achievement has expanded significantly. We draw on various studies to summarize the findings, revealing a complex interplay of factors that influence the effectiveness of parental engagement. The review underscores gaps in existing research that necessitate further inquiry.",Review
"Through a combination of case studies and surveys, this paper seeks to identify the role of collaborative learning in enhancing problem-solving skills among engineering students, yielding both statistical trends and personal narratives.",Mixed Methods
"The focus of this quantitative analysis is on the assessment of student satisfaction in higher education institutions. We deployed a structured questionnaire to gather numerical data, which was subsequently analyzed using factor analysis to identify key satisfaction determinants.",Quantitative
"Through a lens of critical theory, this paper examines the socio-political implications of language use in educational settings, suggesting that discourse analysis reveals underlying ideologies that inform pedagogical practices.",Theoretical
"Through the examination of 300 published research articles, this study quantitatively analyzes the trends in educational technology usage across various disciplines. We applied meta-analysis techniques to synthesize findings, offering a clearer picture of how technology integration impacts learning outcomes across different levels of education.",Quantitative
"This paper presents a systematic examination of the relationship between classroom size and student achievement across different demographics. We analyzed performance data using a sample of 5,000 students, culminating in the identification of actionable insights for educational policy improvements.",Quantitative
"By collecting stories from alumni, this paper investigates the long-term impact of mentorship in academic settings. The detailed accounts reveal significant trends regarding career trajectories and the role of guidance in shaping future opportunities.",Qualitative
"A comprehensive evaluation of the integration of technology in the classroom was achieved through a combination of numerical data analysis and qualitative feedback from both teachers and students, illustrating the multifarious implications of digital tools in learning.",Mixed Methods
"This investigation focuses on the experiences of mature students in adult education programs, utilizing reflective journals to gather data. The resulting themes reveal profound personal transformations and challenges, underscoring the need for flexible learning environments that accommodate adult learners.",Qualitative
"This paper presents a phenomenological investigation into the lived experiences of caregivers for patients with chronic illnesses. The findings, extracted from in-depth interviews, reveal the emotional toll and coping strategies that caregivers employ. Our focus on personal stories highlights the need for better support systems for this often-overlooked group.",Qualitative
"The current research investigates the impact of social media usage on college students' mental health. We collected survey data from 300 students, applying regression analysis to determine whether there are statistically significant links between social platforms and reported levels of anxiety and depression.",Quantitative
"The field of neuroscience has seen multiple advances documented across numerous studies. Here, we compile these contributions to create a narrative that details the trajectory of research, focusing on pivotal discoveries and their implications for future inquiries.",Review
"This study analyzes the correlation between academic performance and extracurricular participation among high school students, employing statistical methods to interpret the data collected from a sample of 500 participants.",Quantitative
"In investigating the integration of sustainability education in higher education curricula, we conducted focus group discussions with faculty and curriculum designers. This approach provided a comprehensive view of current practices and perceptions, leading to recommendations for enhancing sustainability in academic programs.",Qualitative
"This analysis engages with feminist theory to critique how traditional epistemologies have marginalized women's experiences. By developing a new theoretical approach that centers these perspectives, we aim to contribute to a more inclusive understanding of knowledge production in academia.",Theoretical
"In recent years, there has been an increasing focus on environmental sustainability in urban planning. This manuscript compiles findings from multiple research articles, emphasizing the importance of interdisciplinary approaches. Key themes include the role of community involvement, policy implications, and case studies demonstrating successful sustainability practices.",Review
"This paper presents a thorough examination of urban educational policies impacting underprivileged communities, utilizing a combination of demographic data analysis and qualitative interviews with policy makers and educators. The integration of these methods highlights the complexity of the issues at hand.",Mixed Methods
"This manuscript positions itself at the intersection of philosophy and ethics in the context of artificial intelligence. By interrogating the moral implications of algorithmic decision-making, we aim to provoke new dialogue on the responsibilities of technologists, thus laying the groundwork for a comprehensive ethical framework in AI development.",Theoretical
"Through the use of experimental design, this research investigates the effectiveness of a new tutoring program for disadvantaged high school students, employing pre- and post-assessment scores to analyze improvements in math proficiency.",Quantitative
"Recent literature on social media effects reveals several dimensions worth exploring. By aggregating findings from diverse studies, the paper underscores trends and inconsistencies in data, thereby presenting a clear picture of the state of knowledge in the field. The discussion opens avenues for future research.",Review
"This study examines the correlation between student attendance and academic performance at a large urban university. Using data from over 5,000 students, we performed a regression analysis to determine the impact of attendance rates on final grades. Our findings indicate a significant positive relationship, suggesting higher attendance contributes to improved academic outcomes.",Quantitative
"This article synthesizes existing literature on the effectiveness of online learning platforms in higher education. It highlights the trends, challenges, and opportunities that emerged from various studies, providing a comprehensive outlook on how these platforms are reshaping the educational landscape.",Review
"In this paper, we analyze the intersections of culture and technology in learning. Utilizing a mixed approach, we gathered statistical data on technology usage among students and complemented it with qualitative interviews that provide deeper insights into students' cultural backgrounds and their interaction with digital tools.",Mixed Methods
"Using a large-scale data set involving over 5,000 students, this research aimed to quantify the effects of parental involvement on children's academic success. Through multiple regression analyses, we identified significant predictors of academic performance related to different forms of parental engagement, underscoring the importance of family support systems.",Quantitative
"The research focuses on the narratives of immigrant families adjusting to life in a new country, shedding light on their challenges and cultural adaptations. Through storytelling sessions, we aim to highlight the resilience and agency of these families.",Qualitative
"We conducted a cross-sectional study to investigate the relationship between anxiety levels and test scores among undergraduate students. Employing a structured questionnaire, we gathered quantitative data that was analyzed using ANOVA, revealing significant differences in performance across varying anxiety levels.",Quantitative
"This theoretical discussion emphasizes the importance of interdisciplinary approaches in addressing complex educational challenges. By integrating insights from sociology, psychology, and economics, we propose a broader understanding of the factors influencing student success.",Theoretical
"Explaining the origins of educational psychology, this study delves into the historical context and key theories that have shaped contemporary classroom practice. The analysis reveals significant shifts in pedagogical approaches over the decades, highlighting influential theorists and their contributions.",Theoretical
"In this study, we utilized a grounded theory approach to examine the experiences of academic advisors in higher education. The narratives collected from various institutions revealed strategies and challenges in advising diverse student populations.",Qualitative
"This study utilizes interviews and content analysis alongside experimental data to understand the role of social media in shaping political opinions among young voters, creating a narrative that is both data-driven and rich in personal insights.",Mixed Methods
"We conducted a series of focus groups with students to understand their perceptions of mental health services on campus. The discussions highlighted significant barriers to seeking help, including stigma and lack of awareness, and emphasized the need for more proactive outreach initiatives.",Qualitative
"Utilizing a narrative inquiry framework, this research delves into the stories of immigrant students and their interactions within the school system, revealing insights into their academic adaptation processes.",Qualitative
"An ethnographic approach was used to examine the classroom dynamics in a Montessori school. Observations revealed the interactions between students and teachers, emphasizing the importance of a child-centered learning environment.",Qualitative
"Our research delves into the motivations behind volunteer work among retirees, based on semi-structured interviews. By exploring their narratives, we highlight how personal values and community needs intersect to engage older adults in meaningful service activities, offering a fresh lens on active aging.",Qualitative
"The exploration of language acquisition theories reveals a plethora of perspectives. By summarizing key studies, the discussion underscores contrasting views and their implications for teaching practices in multilingual contexts.",Review
"This manuscript compiles insights from a range of educational theories to illuminate current practices in teaching literacy, blending diverse perspectives into a cohesive framework for understanding effective literacy instruction.",Review
"By merging quantitative evaluations of student performance with qualitative reflections gathered from academic feedback sessions, this study investigates the intricate interplay between assessment methods and student motivation in higher education systems, drawing a comprehensive picture of pedagogical effectiveness.",Mixed Methods
"In this study, we conducted open-ended interviews with experts in renewable energy to explore their perceptions of current policies. The qualitative insights gained illuminate the disconnect between policy intentions and real-world applications, offering valuable recommendations for future legislative improvements. The depth of the discussions provides a clearer picture of industry challenges.",Qualitative
"The research team conducted a quantitative analysis to explore the effects of diet on cognitive functions among elderly participants. Over 300 individuals were assessed, and results suggest a strong correlation between nutrition quality and memory retention.",Quantitative
"Using a narrative approach, we examined the stories of educators implementing innovative teaching practices in under-resourced schools. The findings reveal a complex interplay of emotions and motivations, suggesting that personal narratives shape pedagogical approaches in significant ways.",Qualitative
"In examining the role of interdisciplinary approaches in environmental studies, this manuscript compiles findings from multiple sources to elucidate the benefits and drawbacks of merging distinct academic perspectives. Key themes include sustainability, policy implications, and stakeholder engagement strategies derived from a range of scholarly works.",Review
"By examining a variety of educational interventions documented in recent studies, this work discusses the effectiveness and applicability of different approaches in improving learning outcomes. It collates insights from diverse educational settings and disciplines.",Review
"In this discussion, the author critiques traditional views of intelligence, proposing an alternative framework that integrates psychological and sociocultural theories. The implications of this new approach are relevant for both educators and policymakers in rethinking assessment methods.",Theoretical
"This study evaluates the impact of urban green spaces on mental health outcomes among various demographic groups. Employing both surveys for quantitative data and interviews for qualitative insights, the researchers aim to develop a comprehensive understanding of how these environments influence well-being across different populations.",Mixed Methods
"In this abstract, we challenge the predominant models of economic theory that overlook the socio-cultural dimensions of market behavior. By incorporating insights from anthropology and sociology, we seek to redefine the assumptions that currently guide economic policy discussions on a global scale, offering fresh perspectives on market interactions.",Theoretical
"In examining the impact of remote learning during the pandemic, we utilized a mixed approach: surveys measuring academic performance and in-depth interviews that reveal students' emotional responses to their learning environments.",Mixed Methods
"Through a series of focus groups involving participants from diverse cultural backgrounds, the research investigates the perceptions of community-based learning. Participants shared insights about their experiences and the implications on their educational development.",Qualitative
"This paper examines various approaches to understanding student engagement and success in online courses, drawing from a range of studies conducted over the last decade. By synthesizing findings from multiple sources, we aim to provide a comprehensive overview of the factors influencing learner outcomes in digital learning environments.",Review
"The research examines the cultural practices of indigenous communities in urban settings. Through participant observations and narrative interviews, the study highlights how these practices evolve and resist assimilation, illustrating the dynamic nature of identity.",Qualitative
"A comprehensive theoretical exploration of ethical frameworks in artificial intelligence governance is presented. The paper argues for the necessity of incorporating diverse ethical perspectives in developing regulatory policies, emphasizing the role of philosophical analysis in shaping future discussions around technology and ethics.",Theoretical
"In investigating the relationship between financial aid and college success, this study utilizes a dataset encompassing financial records and academic performances of 1,500 students, applying descriptive statistics to illustrate key findings.",Quantitative
"The prevalence of anxiety disorders among adolescents was studied using a sample of 1,200 students across various demographics. Statistical tests such as Chi-square and logistic regression were applied to understand the data distributions and outcome probabilities related to mental health interventions.",Quantitative
"By conducting a survey with closed-ended questions supplemented by open-ended interviews, we examined the correlation between mental health services accessibility and student academic performance. This dual approach helps reveal the numerical significance while also capturing personal narratives.",Mixed Methods
"This study explores the experiences of women navigating the challenges of balancing work and family responsibilities. Through in-depth interviews, we uncover the nuanced decisions they make and the support systems they rely on, providing insight into their daily struggles and triumphs.",Qualitative
Our examination of classroom attendance and its effect on final grades used a sample of 500 undergraduates across different majors. The data analysis involved t-tests to determine if attendance significantly influences students’ overall performance.,Quantitative
"The study presents a statistical examination of the relationship between the availability of learning resources and student achievement, utilizing a dataset comprising over 1,000 schools to quantify these variables and their implications.",Quantitative
"Using both quantitative metrics from student performance data and qualitative insights from focus group discussions, this research seeks to understand the efficacy of digital tools in enhancing learning outcomes in higher education.",Mixed Methods
This study analyzes the effects of online learning on student performance through the collection of test scores from over 500 students across multiple universities. Statistical methods were employed to identify trends and draw conclusions about the efficacy of virtual classrooms compared to traditional in-person education.,Quantitative
"The current study uses both qualitative interviews and quantitative measures to evaluate the effectiveness of community-based interventions aimed at reducing childhood obesity, showcasing how this dual approach can enrich understanding of the intervention's impact.",Mixed Methods
"This compilation of literature addresses the multifaceted nature of bullying in schools. By drawing from psychological, educational, and sociological studies, it provides a comprehensive overview of existing interventions and their effectiveness. The analysis aims to identify gaps in current research and suggest future avenues for exploration in bullying prevention strategies.",Review
"The current landscape of environmental policy analysis is explored through a synthesis of major works in the field. By contrasting various viewpoints and methodologies, this paper highlights significant debates and emerging trends relevant to stakeholders in the environment sector.",Review
"In this exploration of cognitive development, the author critiques existing models and proposes a revised framework that better integrates cross-disciplinary insights from psychology and neuroscience to enhance our understanding of intelligence.",Theoretical
"This paper explores the philosophical foundations of social behavior theory, emphasizing how human interactions can be better understood through various lenses of social constructs that influence perception and action. By dissecting existing paradigms, we propose alternative frameworks that challenge traditional notions of interpersonal exchanges.",Theoretical
"This compilation brings together findings from diverse research on urbanization's effect on local economies, analyzing how various studies converge and diverge in their conclusions regarding economic growth, employment rates, and community sustainability. The extensive references allow for a broader understanding of the topic's complexity.",Review
"This document brings together insights from multiple studies examining the impact of social media on mental health, synthesizing findings to reveal common themes and gaps in research. Through this aggregation, it aims to inform both practitioners and future researchers in psychology.",Review
"Through an analysis of experimental data alongside participant observations, we present findings on how collaborative activities influence critical thinking among university students in STEM fields.",Mixed Methods
"A survey of research surrounding the intersection of technology and literacy instruction reveals significant developments over the past decade. By analyzing the impact of digital tools in classroom settings, this text underscores the need for adaptive teaching methods informed by empirical research outcomes.",Review
"By analyzing the evolution of feminist theory, this paper discusses the shifts in understanding gender inequities over decades and the role of intersectionality in current debates. The theoretical contributions of various scholars are highlighted, and their implications for future research in gender studies are considered.",Theoretical
A case study was undertaken at a small liberal arts college to understand faculty motivations for research engagement. Interviews with faculty revealed diverse career trajectories and personal interests that drive their academic work beyond traditional metrics of success.,Qualitative
"This theoretical exploration investigates the intersection of technology and pedagogy, presenting a critical analysis of how digital tools reshape learning environments. By engaging with existing theories of learning, we propose new avenues for inquiry that embrace emerging technologies and their pedagogical implications.",Theoretical
"Various research efforts have explored the intersections of gender and STEM fields, revealing persistent inequalities. This assessment brings together their results, shedding light on potential avenues for policy change to support female students.",Review
"An ethnographic study was carried out within a local community center to investigate the role of art in fostering social cohesion. Through various art workshops and participant interactions, the research illustrates the bonding and transformational experiences among diverse groups.",Qualitative
"This paper explores the philosophical underpinnings of the concept of justice in social contract theory. By analyzing various seminal texts, we aim to elucidate how these foundational ideas have influenced modern interpretations of legal and moral responsibility.",Theoretical
"Using phenomenological methods, this study explores the emotional experiences of patients undergoing long-term chemotherapy. In-depth interviews highlight the profound psychological impacts and the ways patients navigate their treatment journeys.",Qualitative
"The current research presents a statistical investigation into the predictors of first-year college retention rates, drawing from enrollment data and student surveys to build a predictive model that aims to improve institutional retention strategies.",Quantitative
"In this analysis of public health interventions during health crises, we look at various studies that report on the effectiveness of community engagement strategies. This paper consolidates a range of evidence to draw a coherent picture of current best practices and identifies areas for further exploration.",Review
A controlled experiment investigated the relationship between diet and cognitive function by measuring the performance of 250 participants on a series of cognitive tasks following a traditional diet versus a high-sugar diet. Statistical significance was determined using t-tests and confidence interval estimation.,Quantitative
Focus groups were conducted to gather feedback from researchers on their experiences with interdisciplinary collaboration. The analysis highlights barriers to communication and areas for potential development in future cooperative projects.,Qualitative
"An ethnographic investigation was conducted within a rural school setting to understand how cultural practices influence students' engagement with science education. Participants included teachers and local community members, whose stories were collected through participant observation and storytelling sessions. Findings suggest that integrating local knowledge can enhance students' connection to scientific concepts.",Qualitative
"This research investigates the impact of social media on political activism among young adults. By conducting in-depth interviews with participants actively involved in online campaigns, we identify the strategies they use and the implications for traditional forms of activism.",Qualitative
"In studying the factors that influence teachers' professional development, we examine a breadth of literature focused on continuing education within the teaching workforce. The combined insights allow us to draw conclusions about effective practices and ongoing challenges that educators face in their quest for growth and improvement.",Review
"By synthesizing key theories of motivation, the paper offers an integrated perspective that transcends individual models. It engages critically with existing literature, suggesting that a more holistic approach could significantly enhance our understanding of motivational dynamics in diverse learning environments.",Theoretical
"Using a combination of interviews and structured questionnaires, this research examines how faculty attitudes toward technology affect their teaching methodologies in higher education, capturing both subjective experiences and objective metrics.",Mixed Methods
"Through qualitative discourse analysis and quantitative trend analysis, this research identifies the evolution of academic communication in online platforms, blending detailed observations with measurable data to illustrate changes over time.",Mixed Methods
"Our research employs a cross-sectional survey method to quantify the prevalence of mental health issues among graduate students. With a sample size of 600, we applied multi-variate analytical techniques to explore various underlying factors influencing their academic outcomes.",Quantitative
"This study investigates parental perceptions of educational technology in early childhood education settings through qualitative analysis of in-depth interviews. The insights gained illustrate varied opinions and the impact technology has on children's learning experiences and family dynamics, emphasizing the need for more tailored approaches in educational policy.",Qualitative
"Our approach involves integrating survey results with detailed narrative accounts from participants to systematically assess the implementation of new educational technologies in classrooms, thereby highlighting the interplay between statistical trends and individual experiences.",Mixed Methods
"By analyzing the evolution of feminist theory in academic literature, this study critically assesses the impact of various schools of thought on contemporary gender discussions, emphasizing the importance of historical context in theoretical frameworks.",Theoretical
"Through a series of participant observations in various classrooms, this paper examines the pedagogical approaches of teachers in underfunded schools. The nuances captured in these observations reveal the strategies educators implement to engage students and create inclusive learning environments despite limited resources.",Qualitative
"Using a dataset of over 10,000 responses from university students, this research investigates the correlation between academic stress and sleep patterns. The statistical methods employed include regression analysis and ANOVA, which reveal significant trends in sleep quality as it relates to stress levels.",Quantitative
"This analysis reflects on the landscape of online assessment methods, summarizing findings from various studies to provide a coherent picture of effectiveness, challenges, and best practices in the participating institutions.",Review
"The current research assesses the employment outcomes of graduates from various academic disciplines through a questionnaire distributed to alumni. With the returned data, we employed ANOVA tests to determine which fields yielded the highest starting salaries and job placement rates.",Quantitative
"Combining interviews with secondary data analysis, this research investigates the socio-economic factors influencing mental health among adolescents. The integration of qualitative narratives with quantitative statistics helps to illuminate the intricate patterns often overlooked.",Mixed Methods
"In an effort to determine the relationship between classroom attendance and student performance, we conducted a statistical analysis of test scores from a cohort of 200 undergraduate students. Our findings indicate that students who attended at least 90% of their classes scored significantly higher than their peers, validating our hypothesis of attendance's effect on performance.",Quantitative
"Using a grounded theory approach, we sought to understand the factors influencing career choices among STEM graduates. Our interviews unveiled a range of personal, academic, and social influences that shape their pathways, highlighting the nuances of decision-making processes.",Qualitative
"The trends in artificial intelligence literature suggest a rapid evolution of ethical considerations in technology use. This analysis not only reviews key theoretical frameworks but also identifies crucial areas where further empirical research is necessary, forming a roadmap for upcoming investigations.",Review
"Drawing upon classical theories of sociology, this abstract discusses the role of social capital in community engagement. We argue that existing models fail to account for the nuances of modern digital interactions, thus necessitating a re-evaluation of traditional sociological theories in light of contemporary social phenomena.",Theoretical
"A critical analysis of the existing literature on social media's effects on adolescent mental health reveals gaps in the current understanding. By examining over fifty studies, the author identifies recurring themes and inconsistencies that suggest the need for further investigation into this pressing issue.",Review
"The research utilizes a narrative inquiry approach to analyze stories of refugee women rebuilding their lives in host countries. Through personal narratives and community discussions, the study reveals critical insights into their resilience, identity formation, and the role of social networks in facilitating integration and empowerment.",Qualitative
"In examining the role of technology in enhancing learning methodologies, this study integrates quantitative metrics of academic performance with qualitative insights from students on their experiences and challenges with technology in the classroom. The findings illustrate a comprehensive understanding of the digital learning landscape.",Mixed Methods
"Investigating the historical evolution of scientific paradigms allows us to better comprehend the shifts in epistemological frameworks. This paper proposes that these paradigm shifts are not merely reactions to empirical evidence but are profoundly influenced by sociopolitical contexts, warranting a new theoretical approach to scientific inquiry.",Theoretical
"The research discusses a dataset comprising academic records before and after a curriculum change, applying statistical tests to measure the impact on student learning outcomes across various disciplines.",Quantitative
"Through a grounded theory approach, this research examines the emotional experiences of individuals cycling through different stages of grief. By collecting narratives from participants, we aim to develop a theory that understands these stages as non-linear and influenced by personal context, thereby contributing to a broader understanding of grief in psychological research.",Qualitative
"By examining case studies of grassroots environmental movements, this paper employs a narrative inquiry approach to understand community engagement and activism. Through interviews with activists and stakeholders, we reveal the motivations and obstacles they encounter while striving for ecological justice in their neighborhoods.",Qualitative
"A thorough analysis of mental health research in universities is presented in this paper, gathering insights from multiple scholarly articles to understand the landscape of mental health services available to students.",Review
"In this study, the effects of various teaching methods on student engagement were quantitatively assessed through surveys and performance evaluations from 500 students. The outcomes indicate that certain methods significantly enhance engagement levels, as backed by detailed statistical analysis.",Quantitative
"This paper explores the foundational principles of ecological economics, contending that traditional economic models fail to account for environmental constraints. By redefining value in terms of ecosystem health and social equity, we propose a framework that integrates these dimensions into economic theory.",Theoretical
"Through a combination of statistical analysis of curriculum success rates and qualitative interviews with educators, this research highlights the multifaceted nature of curriculum reform and its effects on student achievement.",Mixed Methods
"Recent advancements in biotechnology are discussed through an examination of existing literature. This paper highlights the intersections of various studies, providing insights into trends and challenges faced by researchers in this rapidly evolving field.",Review
"In assessing the role of mentorship in career advancement, the authors employed a hybrid methodology, utilizing quantitative surveys to gather data on career trajectories while supplementing this with qualitative interviews that explore personal stories and experiences of mentees and mentors alike.",Mixed Methods
This paper explores the influences of socio-economic status on educational achievement. The authors used standardized test scores for quantitative analysis and conducted personal interviews with students and teachers to gather qualitative narratives that illustrate the complexities around academic performance linked to financial backgrounds.,Mixed Methods
"This abstract investigates the intersection of capitalist theory and the environmental movement, proposing a new lens through which to view sustainability debates. By critically evaluating existing theories and their practical applications, we aim to contribute to the ongoing discourse surrounding economic and ecological sustainability.",Theoretical
"Focusing on the effectiveness of tutoring programs, we conducted a comparative analysis of pre- and post-test scores among 300 high school students. The results, derived from a paired sample t-test, illustrate a statistically significant increase in academic performance attributable to tutoring interventions.",Quantitative
The investigation into the effectiveness of hybrid teaching models involved collecting numerical data through standardized tests alongside qualitative feedback from student surveys. This approach enabled a clearer picture of how different teaching strategies affect learning outcomes across diverse educational settings.,Mixed Methods
"In the context of mental health interventions, this synthesis of recent publications evaluates the various approaches utilized in the field. It aims to highlight the gaps in existing literature and suggest pathways for future research by summarizing qualitative and quantitative insights from over 50 studies.",Review
"Through interviews and participant observations, this study unpacks the effects of social media on student engagement in higher education. The nuanced perspectives offered by students provide valuable implications for future teaching strategies.",Qualitative
"This research investigates the motivations behind volunteerism in non-profit organizations. By employing semi-structured interviews, we gathered compelling narratives that illuminate the personal and societal factors that drive individuals to engage in service work within their communities.",Qualitative
"Utilizing both numerical analysis of enrollment statistics and thematic analysis of interviews, this research assesses the factors that influence student retention in higher education institutions.",Mixed Methods
"Through a community-based participatory approach, this research engages local families in reflecting on their educational experiences. The collected testimonies illustrate the diverse cultural contexts influencing parental involvement in children's schooling.",Qualitative
"In analyzing the literature surrounding mental health treatment modalities, we assess the effectiveness of different therapeutic approaches highlighted in various studies. This synthesis provides a contextual framework for understanding the evolution of mental health practices over time.",Review
"This discourse synthesizes insights from multiple studies on the implementation of inclusive education practices. By drawing together contributions from diverse educational frameworks, the analysis sheds light on successful strategies for integrating students with disabilities into mainstream classrooms.",Review
"A series of interviews were conducted with healthcare providers to assess their views on telemedicine adoption during the health crisis. The thematic analysis of the responses unearthed critical factors influencing their acceptance and resistance, which could inform future training programs.",Qualitative
"The dynamics of organizational behavior are often underexamined in contemporary research. This work proposes a novel lens through which to view leadership styles, positing that traditional models fail to encapsulate the complexities of modern workplaces, thus necessitating a reevaluation of existing theoretical approaches.",Theoretical
"An investigation into the factors influencing teacher retention in urban schools was conducted. Employing focus group discussions, the research delves into the perceptions and opinions of educators, shedding light on their motivations and obstacles.",Qualitative
"The current research quantifies the effects of exercise on mental health by analyzing a cohort of 200 university students participating in a controlled fitness program. Through various psychometric assessments, we have statistically validated the hypothesis that regular physical activity leads to decreased levels of anxiety and depression.",Quantitative
"Our study quantitatively assesses the relationship between financial literacy and investment behavior among college students. A structured questionnaire was distributed to 500 participants, and the subsequent data analysis indicated that higher financial literacy correlates with more strategic investment choices, emphasizing the necessity for educational programs in this area.",Quantitative
"In examining the role of power dynamics in organizational behavior, this study presents a comprehensive discourse on the theoretical underpinnings that guide leadership theories. By synthesizing existing literature, we outline how these theories inform real-world practices and impact decision-making processes.",Theoretical
"A thorough examination of historical and contemporary literature surrounding ethical considerations in scientific research provides a unique perspective. The focus is on how various ethical guidelines have evolved and their implications for modern research practices, emphasizing a need for continuous dialogue in the academic community.",Review
"This investigation into the effects of social media on adolescent mental health leverages large-scale survey data alongside focus groups that delve into personal narratives. By juxtaposing statistical correlations with individual stories, the research offers a multilayered understanding of this pressing issue.",Mixed Methods
"Using a combination of archival research and statistical analysis, this paper examines economic trends and their effects on literary movements in the 20th century, providing a richer understanding of cultural shifts during this period.",Mixed Methods
"By analyzing the evolution of educational theories from the 20th century to the present, this abstract presents a reflective narrative that highlights the shifts in pedagogical practices. While historical contexts have influenced these changes, our discussion emphasizes the theoretical implications for future educational reforms.",Theoretical
"In this work, numerous studies concerning the psychology of learning are compiled to showcase the different factors affecting student motivation and engagement. The author carefully categorizes findings to provide a clearer picture of how various psychological theories intersect within educational contexts.",Review
"We employed a cross-sectional survey approach to evaluate the relationship between social media usage and student mental health. Data from 600 university students were rigorously analyzed using regression techniques, revealing critical insights into the implications of social media on psychological well-being.",Quantitative
"In a recent survey involving more than 500 participants, the research quantitatively assessed the effectiveness of various teaching methods, measured by their students' test scores and feedback, showcasing the most impactful strategies in education.",Quantitative
"In our exploration of burnout among academics, we conducted interviews to delve into personal narratives. The emergent themes indicate systemic pressures and personal coping mechanisms, illustrating a complex interplay between institutional expectations and individual responses.",Qualitative
"The study utilized both structured questionnaires and open-ended interviews to examine the relationship between policy changes and teaching methods in higher education, illustrating how these diverse data sources inform a fuller picture of the educational landscape.",Mixed Methods
"This qualitative study investigated the perceptions of healthcare providers on patient-centered care in a hospital setting. Through direct interviews, we revealed a spectrum of attitudes, barriers, and facilitators that impact the delivery of compassionate and individualized care.",Qualitative
"This paper synthesizes existing literature and original research findings, blending qualitative data from focus groups with quantitative metrics to identify the key influences on teacher retention rates in urban schools.",Mixed Methods
"Utilizing both a survey of academic performance and in-depth interviews with students and educators, this study investigates the impacts of technology on learning environments. The blend of qualitative insights with quantitative data allows for a deeper understanding of the educational landscape.",Mixed Methods
"This paper explores the relationship between parental involvement and student achievement through a quantitative lens. A survey was distributed to 1,000 parents, and the resulting data were analyzed using structural equation modeling to understand the dynamics at play.",Quantitative
"The impact of social media on academic performance was evaluated through a longitudinal study involving 300 high school students. Multiple regression techniques were utilized to assess the data collected over the academic year, revealing complex interactions between online engagement and grades.",Quantitative
"Our findings are based on a thorough analysis of survey responses from 400 participants, presenting data that suggest a strong link between instructor feedback and student achievement in higher education environments.",Quantitative
"Our analysis centered on the relationship between internet accessibility and academic achievement, using a data set of 1,500 students. By applying correlational statistics, we aimed to demonstrate the critical role that access to digital resources plays in shaping educational outcomes, particularly in remote teaching environments.",Quantitative
"In an effort to assess the efficacy of online versus traditional educational methods, we conducted a comprehensive analysis involving 1,200 participants across various age groups. The results were statistically significant, indicating a preference for the online model in terms of engagement and retention rates.",Quantitative
"A summary of longitudinal studies focusing on childhood education highlights critical developments over time. By comparing different approaches, it seeks to provide educators with a clearer understanding of effective teaching strategies based on historical data and evolving standards.",Review
"A recent analysis of course completion rates in online education settings was conducted with data from 600 students. The study aimed to correlate course design elements with student retention rates, employing chi-square tests to highlight significant differences across various formats of online courses.",Quantitative
"Our research employs a dual approach, mixing numerical data from academic performance records with qualitative interviews from students to explore the influence of emotional intelligence on learning in higher education. The findings highlight correlations that could guide future teaching methods.",Mixed Methods
This paper presents a narrative analysis of interviews conducted with educators who transitioned to online teaching during the pandemic. Their stories reflect the emotional and practical challenges faced during this abrupt shift in pedagogy.,Qualitative
"A comprehensive review of the philosophical debates surrounding artificial intelligence ethics reveals a multitude of theoretical perspectives, challenging the notion of machine consciousness and the moral ramifications of AI integration in society.",Theoretical
"This research focuses on environmental issues in coastal regions through a combination of satellite imagery analysis and interviews with local fishermen. By merging hard data with personal stories, we emphasize the urgency of ecological changes faced by these communities, demonstrating the need for an integrated approach to conservation efforts.",Mixed Methods
"The objective of this research was to quantify the effects of extracurricular participation on overall student well-being. A sample of 500 high school students was surveyed, and results suggest a positive relationship between participation levels and reported happiness scores.",Quantitative
Our investigation into the adaptation strategies of rural communities facing climate change combines quantitative analysis of demographic data with qualitative interviews. This mixed approach allows for a nuanced understanding of how different socio-economic factors influence adaptive practices among residents.,Mixed Methods
"An integrative review of the literature on the role of social-emotional learning in K-12 education illustrates varying approaches across different school districts. By compiling findings from multiple studies, the challenges and successes are outlined, paving the way for future research in this essential area of education.",Review
"Engaging with the complexities of postmodern critiques, this paper articulates the ways in which identity is constructed in contemporary society. We emphasize theoretical perspectives that challenge essentialist views, highlighting the fluidity and multiplicity of self-conception in today’s cultural landscape.",Theoretical
"This research challenges the notion of objective truth in scientific inquiry, advocating for a pluralistic view that embraces multiple realities. Theoretical frameworks are examined to highlight how diverse epistemologies can coexist and enrich scientific discussions, offering a more holistic understanding of truth.",Theoretical
"This abstract discusses the theoretical implications of climate change narratives in policy discourse. It identifies key themes that emerge from historical analysis, suggesting a need for comprehensive theories that incorporate multiple stakeholder perspectives.",Theoretical
"An analysis of the philosophies underlying social constructionism reveals a rich tapestry of thought that shapes how we understand societal norms. By tracing the evolution of these ideas, we illuminate their implications for both research and practice in various disciplines, from sociology to education.",Theoretical
"In a case study of an innovative teaching approach within community colleges, qualitative data was gathered through classroom observations and interviews with educators. The insights gained shed light on instructional practices that foster student engagement and promote a sense of belonging among learners from diverse backgrounds.",Qualitative
"Utilizing both qualitative case studies and quantitative evaluations, this project assesses the effectiveness of different teaching techniques on student engagement and retention in STEM fields.",Mixed Methods
"In our exploration of community-based health initiatives, we utilized narrative analysis to examine participants' stories. This method provided rich insight into the personal and cultural factors influencing health behaviors and community activism.",Qualitative
"The dynamics of gender representation in STEM fields have been analyzed extensively. This work reviews findings from numerous studies that explore barriers faced by women in these sectors, examining societal, institutional, and individual factors contributing to ongoing disparities while suggesting pathways for fostering inclusivity.",Review
"In examining the effects of urbanization on mental health, this research employs focus groups to gather insights from residents living in rapidly changing neighborhoods. The discussions reveal a complex interplay of stressors, coping mechanisms, and community cohesion that illustrates the impact of urban development on well-being among diverse demographics.",Qualitative
"This study combines surveys with in-depth interviews to explore students' perceptions of online learning environments during the pandemic, aiming to identify key factors that affect engagement and success.",Mixed Methods
This paper analyzes the experiences of educators implementing culturally responsive teaching practices through a series of narrative reflections. The data highlights how these practices affect student engagement and learning outcomes in diverse classrooms.,Qualitative
"This case study examines the implementation of restorative practices in a high school setting. Through observations and interviews with staff and students, we analyzed the impact on school culture and student relationships, providing insights into alternative disciplinary approaches.",Qualitative
"The study systematically evaluates the relationship between teacher qualifications and student test scores across various school districts. By aggregating data from standardized test results and teacher credentials, we employed variance analysis to assess educational outcomes, significantly contributing to discussions on teacher training reforms.",Quantitative
"Employing both quant research methods to gather numerical data on course completion rates and qualitative case studies from student feedback, this study delineates the impact of mentorship programs on minority students in college.",Mixed Methods
"A comprehensive analysis of the methodologies employed in studying climate change communication is presented. Various studies are assessed for their approaches and key findings, revealing gaps in research and suggesting interdisciplinary strategies that could enhance understanding.",Review
"In exploring the dynamics of multicultural education, this work provides an exhaustive summary of theories and practices derived from existing literature. By contrasting different educational models, the paper advocates for a tailored approach sensitive to diverse student backgrounds, urging ongoing discourse on best practices.",Review
"Conducted in a multicultural urban area, this research investigates how immigrant families perceive educational opportunities for their children. The findings from interviews reveal diverse perspectives and the challenges faced by these families, including language barriers and socio-economic constraints, affecting their engagement with the school system.",Qualitative
"The objective of this analysis is to assess the relationship between participation in extracurricular activities and overall GPA among high school students. By gathering and analyzing survey data from 400 participants, clear patterns emerged that illustrate the benefits of student engagement.",Quantitative
"In exploring educational methodologies, various past studies have been examined. The focus is on identifying trends in effective teaching strategies over the last decade, emphasizing changes that have emerged in response to technological advancements and new educational theories. This analysis sheds light on the evolution of pedagogical practices.",Review
"This study examines the narratives of immigrant scholars in higher education through a set of interviews. Participants describe their struggles and triumphs, shedding light on how their backgrounds shape their academic journeys and perceptions of belonging.",Qualitative
A series of reflective journals kept by graduate students provided qualitative data for this study. The reflections highlighted their changing attitudes toward research methodology and the challenges they faced in applying theoretical concepts to real-world scenarios.,Qualitative
This abstract examines how numerical data from course evaluations and qualitative feedback from course reflection essays together inform our understanding of curriculum effectiveness in higher education.,Mixed Methods
"In an investigation of rural health perceptions, we conducted focus groups with community members to gather insights on local healthcare accessibility. The discussions revealed significant barriers, such as transportation challenges and a lack of local health professionals, which deeply influenced community health outcomes.",Qualitative
"Through a survey of literature on gender disparities in STEM fields, this paper collates findings from various academic articles. It emphasizes common themes regarding sociocultural barriers and suggests a conceptual framework for understanding the persistence of these issues in educational systems.",Review
"An investigation into the motivations behind voluntary environmental activism was conducted through focus groups. Participants articulated their beliefs and values, shedding light on the personal and social factors that drive their commitment to sustainability efforts.",Qualitative
"Through a detailed analysis of peer-reviewed articles, this research highlights the trends in gender representation within STEM fields. The collation of findings presents an overview of the persistent issues and suggests potential avenues for addressing disparities in educational practices.",Review
"The exploration of consciousness in relation to theoretical physics reveals intriguing intersections between cognitive science and metaphysics, suggesting new avenues for understanding the nature of reality beyond empirical observation.",Theoretical
"Using a cross-sectional study design, we analyzed the impact of financial aid on student enrollment numbers in community colleges through statistical techniques, offering insights into policy implications.",Quantitative
A critical review of literature on educational policies reveals significant gaps in our understanding of equity and access. The implications of these findings suggest the need for a robust theoretical framework that can better inform future policy development and implementation in diverse educational settings.,Theoretical
"In an effort to understand the dynamics of teacher-student interactions, this paper analyzes survey data alongside observational studies, providing a comprehensive view of classroom communication patterns and their effects on learning outcomes.",Mixed Methods
"Our approach integrates a longitudinal study of academic performance metrics alongside interviews with educators to assess the implementation of new teaching methodologies, illustrating the relationship between structured data and personal experiences.",Mixed Methods
"This paper presents a detailed analysis of the effects of nutrition on student academic performance through a quantitative lens. By employing multivariate analysis of survey results from 600 students, we demonstrate a direct link between healthy eating habits and improved academic achievements, calling for policy changes in school lunch programs.",Quantitative
"The research employed a structured survey to collect numerical data regarding student attitudes towards STEM fields, leveraging statistical techniques to analyze the results and highlight significant trends.",Quantitative
"The current investigation adopts a dual approach, gathering quantitative data through standardized assessments while also capturing qualitative insights from student journals to explore the learning experiences in flipped classrooms.",Mixed Methods
"Looking at the correlation between student engagement and academic performance, this research uses both statistical analyses of test scores and qualitative student reflections gathered through interviews, providing a well-rounded view of the educational experience.",Mixed Methods
"Insights gained from numerous analyses on the use of technology in classrooms are explored here. By compiling evidence from different scholarly articles, this paper provides a collective viewpoint on how these tools can enhance learning outcomes, and what risks they might pose to traditional teaching methodologies.",Review
"Through a content analysis of archival materials and interviews with historians, the study explores the evolving narrative of national identity in post-colonial literature. The synthesis of historical context and contemporary interpretations provides a deeper understanding of cultural memory and representation.",Qualitative
"This paper investigates the relationship between sleep patterns and cognitive performance in adolescents. Through a series of controlled experiments and subsequent data evaluation involving 200 participants, we found a strong link between insufficient sleep and lower scores on cognitive tests, highlighting the need for better sleep hygiene education.",Quantitative
"Through a combination of numerical analysis and participant observations, this paper investigates the effects of project-based learning in high school classrooms. The integration of both methods allows for a richer narrative surrounding student success rates and experiences.",Mixed Methods
"Employing advanced statistical methods, the study assesses the relationship between teacher qualifications and student learning gains in mathematics, utilizing data from multiple school districts to ensure a comprehensive perspective.",Quantitative
"Using regression analysis, we assessed the effect of online learning tools on student engagement in a cohort of 300 high schoolers. Our findings suggest that interactive platforms can enhance participation rates, leading to improved academic outcomes across various subjects.",Quantitative
"This study forwards a new perspective on ethical reasoning in artificial intelligence, arguing for a framework that transcends traditional ethical theories. By integrating philosophical inquiry with technological advancements, it suggests a novel approach to ethics that accommodates the complexities of machine learning and decision-making processes.",Theoretical
"In-depth analyses were performed on case studies from various universities to understand the integration of technology in teaching, illustrating different strategies adopted by faculty members across disciplines.",Qualitative
"Data regarding the efficacy of peer mentoring programs was collected through structured interviews and analyzed quantitatively, showcasing measurable improvements in retention rates among participants.",Quantitative
"Utilizing a longitudinal study design, we tracked the academic progress of 200 students over three years, employing various statistical tests to measure changes in their performance following the introduction of a new curriculum. Our findings present compelling evidence of improvement in student outcomes after curriculum adjustments.",Quantitative
"By employing a combination of structured surveys and open-ended interviews, this paper sheds light on the experiences of international students adapting to cultural differences in academia, showcasing a robust methodology that encompasses diverse perspectives.",Mixed Methods
"By examining both numerical data from participant assessments and qualitative feedback from discussion groups, this research uncovers the multi-faceted impact of collaborative projects on student motivation. Our approach highlights the interplay between measurable outcomes and lived experiences.",Mixed Methods
"Using focus groups and open-ended surveys, we analyzed the distinct perspectives of first-generation college students. The findings reveal common themes related to identity, belonging, and the impact of familial expectations on their academic journeys.",Qualitative
"Using data from national education databases, this paper explores the relationship between educational funding and student outcomes, applying a series of quantitative techniques to assess causal effects systematically.",Quantitative
"Through a combination of content analysis of curriculum documents and quantitative assessments of student outcomes, this research aims to provide a fuller picture of the educational reform impacts in diverse school districts, blending hard data with rich textual insights.",Mixed Methods
"This investigation quantitatively measures the effects of extracurricular activities on academic success in middle school students, utilizing statistical analysis of GPA data alongside participation rates to illuminate key findings.",Quantitative
"This paper evaluates various strategies employed in educational technology across diverse learning environments, highlighting their effectiveness and challenges. By synthesizing existing literature, it aims to provide a comprehensive overview of current trends and future directions.",Review
"This study synthesizes findings from multiple research articles on the impact of social media on adolescent mental health. It discusses various dimensions such as depression, anxiety, and self-esteem, highlighting conflicting evidence and proposing new avenues for future research.",Review
"In this paper, we present a comprehensive evaluation of test scores across different demographic groups, applying inferential statistics to assess disparities in educational outcomes.",Quantitative
"Our work explores the intersection of quantitative metrics from standardized tests and qualitative data gathered from personal student interviews, aiming to understand the broader implications of assessment methods in education.",Mixed Methods
"An analysis of the concept of 'self' in modern psychological frameworks highlights persistent gaps in the literature. By synthesizing various theoretical approaches, this study posits that a multi-dimensional understanding of self is essential for addressing contemporary psychological challenges effectively.",Theoretical
"This study analyzed the impact of study hours on student performance across different universities using statistical methods to determine correlations, revealing significant relationships that inform academic policy.",Quantitative
"This article critiques traditional metrics of academic success, arguing for the development of a new theoretical approach that encompasses both qualitative and quantitative measures, thereby enriching the discourse on academic achievement.",Theoretical
The current research explores the impact of extracurricular activities on student GPA through a quantitative lens. A dataset comprising 600 students was analyzed to assess the statistical significance of involvement in sports and clubs on overall academic success.,Quantitative
"In exploring the role of emotional intelligence in leadership, this work synthesizes findings from a broad range of academic literature. It draws connections between emotional intelligence traits and successful leadership styles, arguing that further research is needed to deepen our understanding of how these traits influence organizational dynamics across various sectors.",Review
"This research critiques traditional models of social stratification, arguing for a new theoretical perspective that accounts for intersectionality. By proposing an integrative framework, this study aims to enhance our understanding of privilege and oppression in interconnected social systems.",Theoretical
"Through the application of ANOVA procedures, this research evaluates the differences in academic performance among students participating in various extracurricular activities, with data sourced from a large public university.",Quantitative
"In this paper, we present a dual approach that quantifies student satisfaction through structured questionnaires while also capturing their feedback through open-ended interviews, thus allowing for a richer interpretation of the data.",Mixed Methods
"In exploring the intersection of gender and leadership in academic institutions, we employed both quantitative data analysis of institutional demographics and qualitative interviews with leaders in the field, fostering a nuanced understanding of the challenges faced.",Mixed Methods
"Our paper analyzes the role of institutional support in fostering innovation among graduate students. Using a mixed approach, we assess statistical data from institutional surveys complemented by qualitative narratives gathered from interviews, showcasing how both elements interact in the educational landscape.",Mixed Methods
"To assess the effectiveness of tutoring programs, a quantitative approach was used, incorporating data collected from 600 participants who underwent pre-test and post-test evaluations.",Quantitative
"The research aims to evaluate the sustainability practices in higher education institutions, collecting quantitative data from over 100 universities. Using structured interviews and surveys, we analyzed institutional policies and their effectiveness in promoting sustainability among students. The results reveal a direct correlation between sustainability initiatives and student engagement levels.",Quantitative
"This research aims to develop a comprehensive framework that elucidates the relationship between economic theories and real-world applications. By critically examining existing theoretical models, we identify areas where established economic theories can be refined to better predict market behaviors.",Theoretical
"This paper assesses the landscape of digital education technologies, synthesizing insights from over two dozen studies published in the last decade. The findings highlight trends, challenges, and future directions in integrating technology within educational frameworks, suggesting the necessity for adaptive pedagogical approaches that are responsive to technological advancements.",Review
"In exploring the impacts of socio-economic factors on academic performance, we pull together findings from numerous research efforts. The interactions between individual characteristics and broader societal influences are discussed, emphasizing how previous studies contribute to our current understanding of educational equity.",Review
"The approach taken in this paper involves correlating data from academic performance indicators with qualitative feedback from students about their coursework, allowing a comprehensive look at educational success factors.",Mixed Methods
"Utilizing a narrative methodology, this study examines the stories of women pursuing STEM careers. The insights gained reveal the unique challenges and barriers they face, as well as the support systems that facilitate their success in traditionally male-dominated fields.",Qualitative
"In our analysis of urban youth's perceptions of community violence, we employed focus groups as the primary data collection method. Participants articulated their feelings about safety, relationships, and the role of local organizations in fostering a sense of belonging. The richness of their stories provides a comprehensive view of the underlying social dynamics.",Qualitative
"Through an ethnographic study, this paper examines the culture of a graduate seminar in sociology. Observations and participant interviews illuminated power dynamics and social interactions among students and faculty, providing a rich context for academic discourse.",Qualitative
"By analyzing the historical context of feminist theory, this paper constructs a theoretical argument for the evolution of gender studies. It identifies key movements that have informed feminist discourse and examines the implications of these developments for future research in the field.",Theoretical
"The evolution of assessment strategies in higher education is a complex narrative, woven together from various scholarly discussions. By aggregating findings, this paper seeks to illuminate how these assessment practices have shifted over time, informing both current and future educational assessment frameworks.",Review
"The intersection of psychology and education is a rich terrain explored in various scholarly articles. By methodically collating these insights, we highlight the importance of psychological principles in educational settings, providing a nuanced understanding of how cognitive theories manifest in teaching practices and student learning outcomes.",Review
"This study employs both qualitative interviews and quantitative surveys to analyze the educational experiences of first-generation college students, allowing for a comprehensive understanding of their challenges and successes.",Mixed Methods
"Through a series of focus groups, we examine how faculty perceptions of online learning environments impact student engagement, revealing nuanced insights that surveys alone could not capture.",Qualitative
"This article aggregates evidence from numerous studies on climate change policies, examining how different nations approach legislative responses to environmental challenges. The discussions center around effectiveness and public reception, providing a snapshot of the global landscape of climate action.",Review
"In the domain of artificial intelligence, this paper critiques prevailing theoretical frameworks used to assess the impact of AI on human decision-making. We suggest that many existing models fail to account for emergent properties of these technologies, thereby limiting their applicability in real-world scenarios.",Theoretical
"In this paper, we explore the foundational concepts of social justice and its implications for educational policy. By examining existing literature, we aim to provide a conceptual framework that can guide future research in the field, emphasizing the importance of equity in educational outcomes.",Theoretical
Combining a large-scale questionnaire on academic stress levels with interviews of students from various disciplines provides a nuanced understanding of how university resources shape student well-being.,Mixed Methods
Our analysis involves the collection and examination of numerical data from academic databases to assess publication trends in the field of neuroscience. The results reveal growing interdisciplinary collaboration among researchers.,Quantitative
"Our analysis focuses on the lived experiences of refugees in urban environments, highlighting their coping mechanisms and integration challenges. Using a series of in-depth interviews, we present the voices of these individuals, capturing their resilience and aspirations.",Qualitative
"In examining the relationship between teaching strategies and student retention rates, we collected quantitative data from institutional records while also conducting qualitative interviews with educators. This blend reveals not just statistical trends, but also the contextual factors influencing student decisions.",Mixed Methods
"In analyzing the role of peer influence on academic achievements, we surveyed 600 high school students. Through statistical modeling, we assessed how peer groups impact individual grades and course selections, leading to robust conclusions about group dynamics in learning contexts. Our study provides valuable context for educators aiming to harness peer influence positively.",Quantitative
"Through a structured survey distributed to 250 high school teachers, this study quantitatively assesses the perceived effectiveness of different assessment methods on student learning retention. Statistical tests were used to analyze the survey responses and delineate trends.",Quantitative
"This abstract discusses the diverse theoretical frameworks that have emerged in the field of linguistics over the past twenty years. By summarizing significant contributions and theoretical shifts, the paper intends to offer a rich context for understanding contemporary linguistic study and application.",Review
"This study analyzes the impact of sleep quality on academic performance among college students using a survey distributed to 500 participants across five universities. The data was statistically examined for correlations between sleep patterns and GPA, with results indicating a significant positive relationship.",Quantitative
"The research presented here integrates both survey methodologies and case studies to assess the transparency of scientific communication in climate change discourse. Statistical trends from surveys are juxtaposed with detailed qualitative accounts from interviews with scientists and policymakers, leading to a robust discussion on communication efficacy.",Mixed Methods
"This analysis compiles research findings regarding food security and agricultural sustainability. It emphasizes the interconnectedness of various studies, offering a nuanced overview of the challenges and opportunities that arise when addressing food security in a changing climate.",Review
"In this empirical study, we investigated how peer influence affects academic motivation among students in higher education. Utilizing a database of 400 participants, we applied factor analysis to isolate key motivational drivers, leading to interesting conclusions about peer dynamics in learning environments.",Quantitative
"Through ethnographic observation and participant interviews, we investigated the social dynamics within an art collective. Our findings illustrate how collaborative practices foster creative identity and community resilience in urban settings, contributing to broader discussions on social capital.",Qualitative
"Focusing on the learning sciences, this article proposes a new theoretical framework for assessing collaborative learning environments. It critically evaluates previous models and introduces novel concepts that could lead to improved educational practices and outcomes.",Theoretical
"The landscape of language acquisition research showcases a diverse set of methodologies and outcomes. Through a comprehensive examination of existing studies, this paper identifies patterns and gaps in the literature, offering valuable perspectives on second language teaching strategies that have been supported by empirical evidence.",Review
"By analyzing various theoretical perspectives on leadership styles in organizations, this paper compiles findings from an array of scholarly articles to shed light on the effectiveness of different approaches. The synthesis not only highlights existing gaps in research but also provides suggestions for future exploration.",Review
"A thorough analysis of various methodologies in the field of public health research has been undertaken. By collating findings from existing studies, the paper presents a structured overview of approaches, their successes, and limitations, establishing a foundation for future studies in the field.",Review
An in-depth synthesis of the literature on collaborative learning methodologies reveals critical insights into their effectiveness. This aggregation of findings from different disciplines outlines not only the theoretical underpinnings but also practical implications for educators seeking to implement collaborative frameworks in their classrooms.,Review
"By combining statistical analysis of test scores with qualitative interviews, this research investigates the effectiveness of interdisciplinary teaching approaches in enhancing critical thinking skills among high school students.",Mixed Methods
"Employing a longitudinal approach, we tracked the academic progress of 200 students over four years, utilizing standardized test scores as a primary measure to evaluate the effectiveness of a new curriculum.",Quantitative
"This quantitative study examines the factors influencing university dropout rates, utilizing logistic regression analysis to parse through data collected from a survey of over 1,000 past and current students.",Quantitative
"Recent advances in neuroscience have opened new avenues for understanding learning processes. This review article compiles evidence from several key studies, emphasizing the relationship between brain function and educational practices. The overarching narrative suggests that a neuroscience-informed approach to teaching could significantly enhance learning outcomes in various educational settings.",Review
"Through in-depth interviews with educators, our research examines the varying pedagogical approaches employed in multicultural classrooms and how these methods affect student engagement and learning outcomes.",Qualitative
"An assessment of the progress made in renewable energy technologies reveals a broad spectrum of advancements in recent years. This document aggregates various research outcomes, discussing their implications for future energy policy and the necessity for sustained investment in innovation.",Review
"Through an examination of key philosophical debates, this work aims to clarify the nuances of ethical relativism, proposing a model that reconciles conflicting perspectives on morality without relying on empirical evidence.",Theoretical
"The article surveys multiple studies focused on consumer behavior in the digital marketplace, elucidating trends and themes that emerge within the collected data. This exploration brings to light important considerations for marketers and businesses looking to adapt to changing consumer landscapes.",Review
"Through a lens of historical materialism, this paper assesses the impact of capitalist structures on cultural production. By theorizing the relationship between economics and artistic expression, the discussion aims to shed light on overlooked connections that shape cultural movements across time periods.",Theoretical
"An extensive look into the research on climate change's socio-economic effects reveals significant gaps as well as consensus among scholars. This paper offers a critical lens on these findings, discussing the implications for future research and policy formation.",Review
"By examining the intersection of language acquisition and cultural identity, we employed a combination of quantitative assessments of language proficiency and qualitative interviews with bilingual speakers. This multifaceted exploration allows for a deeper comprehension of the complexities involved in learning languages in multicultural contexts.",Mixed Methods
"In exploring the efficacy of online learning platforms for adult learners, this research employs a dual approach: quantitative analysis of course completion rates alongside qualitative interviews with participants to gather insights about their experiences and challenges encountered throughout the process.",Mixed Methods
"This study investigates the systemic biases inherent in classical economic theories, positing that traditional models often fail to adequately address issues of equity and social justice. Through a theoretical lens, we advocate for the development of alternative frameworks that better reflect contemporary socioeconomic realities.",Theoretical
The role of teacher feedback in enhancing student performance was explored using a mixed methodology involving statistical tests of student grades and retrospective interviews with educators. This approach revealed critical insights into how feedback mechanisms are perceived and their actual effectiveness in diverse classroom settings.,Mixed Methods
"This study investigates the impact of sleep duration on academic performance among high school students. Using a sample of 500 students, survey data was collected and analyzed using statistical methods to determine correlations and causations.",Quantitative
"We aim to encapsulate the major debates in the field of sociology regarding social media influence. Our exploration reviews empirical studies and theoretical frameworks, summarizing how social interactions have shifted in an increasingly digital world.",Review
"Utilizing data analytics techniques, we examined the relationship between faculty research productivity and student outcomes across 10 universities. Our analysis revealed a robust correlation, suggesting that faculty engagement in research positively affects student learning experiences.",Quantitative
"The impact of remote working on employee productivity has been the subject of various studies. This analysis compiles findings from multiple articles, aiming to distill the key factors influencing productivity levels and employee satisfaction during the transition to flexible work arrangements, offering insights into potential best practices.",Review
"By examining the foundational theories of learning, this abstract presents a discourse on how cognitive development influences teaching strategies. The analysis integrates perspectives from cognitive psychology and education theory to formulate a comprehensive understanding of learner-centric approaches.",Theoretical
This paper seeks to understand the role of storytelling in literature classes by analyzing student reflections post-discussion. The results emphasize the transformative power of narrative in enhancing critical thinking and engagement with the text.,Qualitative
"Using a phenomenological approach, this study explores how adult learners perceive their educational experiences in online environments. The participants shared transformative stories that highlight both the advantages and challenges of virtual learning settings, revealing deep emotional connections to their educational journeys.",Qualitative
"Using narrative inquiry, we examined the stories of immigrant families integrating into their new communities. The findings suggest that cultural identity plays a pivotal role in shaping their experiences and perceptions of belonging, providing valuable perspectives for community engagement strategies.",Qualitative
"In this study, the author conducted open-ended interviews with parents of children with disabilities to understand their experiences navigating the educational system. The results indicate recurring themes of advocacy, frustration, and hope, illuminating the systemic barriers they face and their strategies for achieving equitable educational opportunities.",Qualitative
"This analysis seeks to redefine the boundaries of academic discipline through the lens of interdisciplinary theory. It argues for a more integrated approach to knowledge that transcends conventional academic silos, proposing a new model for collaborative inquiry.",Theoretical
"This paper presents a comprehensive evaluation of the theoretical frameworks that underpin the study of language acquisition. By synthesizing various academic perspectives, we aim to develop a cohesive model that articulates the interplay between cognitive processes and linguistic environments, ultimately advancing the field of linguistics.",Theoretical
"In examining the interplay between social justice and education, the paper articulates various conceptual models that inform curriculum design. By analyzing existing literature, the study posits that a robust theoretical foundation is essential for advancing equitable practices within academic institutions.",Theoretical
"This research investigates the relationship between physical activity levels and mental health outcomes among college students. A survey-based approach was taken, gathering responses from 400 participants, and the subsequent statistical analysis shows that higher levels of physical activity are associated with improved mental health indicators, including reduced anxiety and depression scores.",Quantitative
"In exploring the landscape of music therapy research, this article compiles insights from various studies on the psychological and emotional benefits of music in therapeutic contexts. The integration of qualitative narratives alongside quantitative metrics highlights the multifaceted nature of this field, suggesting a need for combined methodologies in future work.",Review
"This paper explores the foundational principles of artificial intelligence, discussing the implications of machine learning algorithms on decision-making processes. By deconstructing existing theories, we aim to provide a framework for understanding how cognitive models influence AI development.",Theoretical
"Using a series of focus groups, we examined the perceptions of faculty regarding inclusive teaching practices in higher education. Participants reflected on their experiences and the barriers they face in implementing these approaches, leading to a rich discussion about institutional culture.",Qualitative
"The dynamics of narrative structures in literary analysis reveal significant insights about authorial intention. This article navigates through different schools of thought in narrative theory, particularly focusing on how the interplay of character and plot development informs reader interpretation.",Theoretical
"Using a case study method, we analyze the impact of community engagement programs on local high school students. Participants shared their insights about the benefits and obstacles faced, providing a rich tapestry of experiences that emphasize the role of social support in educational success.",Qualitative
"In this research, we conducted a series of focus groups with educators to understand their perspectives on implementing inclusive teaching practices. Findings highlight diverse viewpoints and the complexities of fostering an inclusive classroom environment, illuminating gaps between policy and practice.",Qualitative
"Our investigation into the experiences of adult learners reveals diverse pathways and challenges faced during their educational journeys. Personal narratives collected from interviews showcase the transformative potential of lifelong learning, especially in late adulthood.",Qualitative
"This article consolidates historical and contemporary perspectives on feminist theories, offering a detailed exploration of the shifts in thought and action over decades. The findings serve as a touchstone for future feminist research, articulating core themes and divergent paths taken by scholars.",Review
This research employs ethnographic methods to study the dynamics of collaboration among faculty members in research labs. Our observations highlight the importance of interpersonal relationships and communication styles in fostering innovation and productivity.,Qualitative
"In this analysis, we collate research findings from several studies focused on remote learning during the pandemic. By examining different approaches and outcomes, the paper provides a thorough understanding of the shifting educational landscape.",Review
"The examination of existing literature on gender disparities in STEM fields reveals a complex interplay of cultural, educational, and economic factors. This aggregation of research underscores the need for systemic changes and offers a framework for future investigations into these disparities.",Review
"The investigation focuses on the impact of classroom technology integration on student engagement, employing a robust statistical framework to evaluate data from multiple educational settings. Preliminary results indicate a positive correlation between technology utilization and engagement metrics, suggesting innovative teaching methods may enhance learning experiences.",Quantitative
"After evaluating numerous studies on public health responses during the pandemic, this analysis layers existing evidence to determine effective communication strategies employed by governments worldwide. The examination of these approaches reveals pivotal lessons that can guide future health crises management.",Review
"An analysis of the economic effects of remote work was conducted across three major industries, employing statistical models to evaluate productivity changes. Data was collected from over 1,000 employees through structured questionnaires, revealing that remote work has led to a 15% increase in overall productivity. The results emphasize the need for organizations to adapt to this shift in employment structure.",Quantitative
"Through a philosophical inquiry into the nature of scientific knowledge, this research seeks to clarify how theories are constructed and validated within the scientific community. We engage with prominent theorists and discourse around the scientific method, proposing a refined model for understanding knowledge production.",Theoretical
"The implications of technological advancements on behavioral economics are vast yet underexplored. By examining the intersection of technology and decision-making processes, this paper theorizes on the potential shifts in consumer behavior patterns in response to digital interfaces and environments.",Theoretical
"Through a collection of multiple research studies on public health communication, this article outlines effective strategies for conveying health messages to diverse populations. It incorporates a variety of methodologies and examines how different approaches can enhance public understanding and compliance.",Review
"A comprehensive survey of current research examining the relationship between teaching methodologies and student success rates reveals diverse outcomes. This analysis highlights key themes and gaps in the literature, providing a foundation for future investigations into effective educational practices.",Review
"A longitudinal study was conducted over three years to track the academic performance of students enrolled in STEM programs. We gathered data through standardized test scores and grade point averages, applying trend analysis to identify changes in performance over time.",Quantitative
"Investigating the relationship between language and thought, this paper reviews existing theories that attempt to explain how linguistic structures influence cognitive processes. We argue that understanding this relationship is crucial for advancements in fields such as cognitive science and linguistics.",Theoretical
"Through the aggregation of qualitative studies and meta-analyses conducted over the past decade, we uncover trends in mental health treatment paradigms. By compiling these research efforts, we aim to clarify how therapeutic approaches have evolved and the directions they are likely to take in the future.",Review
"By examining literature surrounding workplace diversity, this paper compiles a multitude of research outcomes, showcasing the benefits and challenges faced by organizations engaged in diversity initiatives. The insights gathered are intended to guide policy and practice in human resource management.",Review
The research examines the perceptions of academic dishonesty among undergraduates through a series of semi-structured interviews. Participants articulated their views on the ethical implications of cheating and the impact of institutional policies on their behavior.,Qualitative
"This paper analyzes the challenges faced by first-generation college students through case studies. By gathering qualitative data from interviews, we illustrate their unique perspectives and the support systems that aid them in navigating higher education.",Qualitative
"This project examines the impact of cultural identity on academic performance among Latino students, relying on in-depth dialogues with participants to reveal underlying themes linked to their educational experiences.",Qualitative
"This essay theorizes the impact of technology on learning outcomes, arguing that the rapid evolution of digital tools necessitates a reevaluation of traditional pedagogical approaches and a rethinking of engagement strategies in academic environments.",Theoretical
"A synthesis of research on the effectiveness of workplace diversity initiatives unveils crucial insights into best practices and outcomes. By examining existing literature, the paper identifies gaps in knowledge and suggests directions for future empirical investigations, enriching the broader understanding of organizational change.",Review
"Exploring the perceptions of mental health services among university students, this research utilizes open-ended survey responses. Analysis of the data highlights key barriers and facilitators to accessing mental health resources in academic institutions.",Qualitative
"In this paper, we present findings from a participatory action research study exploring the effects of collaborative learning in adult education settings. Participants engaged in reflective discussions that illuminated their experiences of shared knowledge construction and empowerment.",Qualitative
"Through the application of structured data collection techniques, this study tracks the progression of climate change impacts on crop yields in various regions. Utilizing a dataset spanning over ten years, we perform econometric analyses to forecast future agricultural challenges linked to changing environmental conditions.",Quantitative
This synthesis of research on the effects of mindfulness on student performance compiles findings from various empirical studies. It identifies key methodologies and suggests a framework for future research that can effectively bridge the gap between theory and practice in educational settings.,Review
"Examining the interplay of narrative and identity formation in adolescence, this paper proposes a theoretical framework that connects literary analysis to psychological development.",Theoretical
"Using a combination of archival research and experimental design, this investigation into historical educational reforms highlights both the quantitative results of test scores and the qualitative feedback from participants regarding their educational experiences.",Mixed Methods
"This paper presents a thematic analysis of literature on mental health in academia, focusing on qualitative insights from students and staff regarding well-being initiatives and support systems.",Qualitative
"This study examines the impact of online learning platforms on student engagement through quantitative surveys and qualitative interviews with participants, aiming to provide a comprehensive view of the educational experience during remote learning periods.",Mixed Methods
"By critically analyzing the development of constructivism in education, this paper engages with various theoretical perspectives that have influenced teaching methodologies. Our findings suggest that understanding these theories is vital for educators aiming to implement effective practices.",Theoretical
"Through a meta-analysis of existing literature, this study quantifies the effectiveness of online learning platforms on student academic performance by aggregating results from 30 different studies, thus providing a comprehensive overview based on numerical evidence.",Quantitative
"An exploration of identity formation among graduate students in interdisciplinary programs was conducted through reflective journaling and participant interviews. The findings indicate that navigating multiple academic identities presents both challenges and opportunities for students, shaping their future professional trajectories.",Qualitative
"Through a historical lens, we explore the evolution of leadership theories in organizational behavior, identifying key moments that have shaped contemporary understandings of leadership efficacy. This theoretical exploration underscores the changing nature of leadership in response to societal transformations, paving the way for future research on adaptive leadership models.",Theoretical
"By employing various philosophical approaches to analyze the nature of scientific inquiry, this study challenges the prevailing paradigms in the philosophy of science. We advocate for a new theoretical approach that better accommodates the complexities of interdisciplinary research and its implications.",Theoretical
"In exploring the concept of resilience among minority graduate students, this research draws upon qualitative interviews to uncover the personal and institutional factors that contribute to their academic success.",Qualitative
"An evaluation of studies investigating the social impacts of artificial intelligence in urban settings reveals a wide range of community perspectives. This document collates insights from various authors, discussing how AI technologies could reshape social interactions, governance, and economic opportunities in metropolitan areas, showcasing both positive and negative aspects.",Review
The experiences of teachers in remote areas adapting to online education during the pandemic were explored through detailed interviews. This qualitative study highlights the innovative strategies they employed and the emotional toll of such sudden shifts in their teaching methods.,Qualitative
"In compiling evidence from multiple sources, this study aims to outline the trends in renewable energy policies globally. Through a thorough examination of existing documents, insights are provided into how various governments are tackling energy sustainability challenges, leading to recommendations for future research directions.",Review
"This abstract explores the influence of cultural theories on identity formation in a multicultural classroom. Through a close reading of foundational texts, the author presents insights that challenge existing pedagogical norms.",Theoretical
"Our analysis of the historical context surrounding educational policy reform reveals significant shifts over time. By bringing together multiple case studies and theoretical perspectives, we not only chronicle these changes but also discuss implications for future research and policy initiatives in education.",Review
"The dynamics of power within organizational structures have been subject to scrutiny across various disciplines. This review contemplates previous theoretical contributions, unveiling gaps in understanding the impact of informal networks on formal power hierarchies, and proposes directions for future research to address these gaps.",Theoretical
"In a large-scale experiment, we measured the responses of participants to various teaching methods by conducting a randomized controlled trial, ensuring robust data collection and analysis that supports our findings.",Quantitative
"Using narrative analysis, this research examines personal stories from adult learners who returned to education after a significant gap. The findings highlight individual transformations and the social contexts surrounding their learning experiences.",Qualitative
"This manuscript presents a critical examination of recent advancements in renewable energy technologies. By reviewing a range of scholarly articles, the authors aim to summarize key innovations and their potential impacts on reducing carbon emissions, thus contributing to the wider discourse on sustainability.",Review
A critical assessment of theories related to bilingual education showcases significant contributions from various researchers. This overview aims to clarify existing frameworks and encourage further exploration into best practices that cater to diverse language backgrounds in schools.,Review
A comprehensive exploration was conducted using questionnaires to gather numerical data alongside focus group discussions which revealed deeper insights into student perceptions of technology in education. The interweaving of these methods enriches our results and demonstrates the complexity of educational environments.,Mixed Methods
"In examining the impact of cultural identity on academic motivation, this research utilizes case studies to explore individual narratives from students in a multicultural university setting. The rich data reveals critical themes about identity and belonging.",Qualitative
"Utilizing a theoretical perspective, this paper investigates the role of technology in shaping student engagement. It discusses the implications of various theoretical frameworks and their relevance in understanding the impact of digital tools in learning environments.",Theoretical
"A critical assessment of the current methodologies employed in environmental science research indicates that while many studies focus on quantitative data collection, there is a notable lack of integration regarding qualitative findings. This paper aims to bridge that gap by piecing together insights from multiple sources to reveal broader ecological trends.",Review
"This qualitative study explores the role of mentorship in STEM education among minority students. Through interviews and thematic analysis, barriers to effective mentorship were identified, including cultural differences and communication gaps. The research emphasizes the need for tailored mentorship programs that are sensitive to the unique challenges faced by these students.",Qualitative
"Our analysis of educational technology adoption among faculty integrates quantitative survey data and qualitative feedback from interviews. This hybrid approach yields significant insights into the factors that facilitate or limit the uptake of technology in teaching practices, highlighting patterns and personal experiences alike.",Mixed Methods
"In an exploration of teacher-student dynamics, this study employs narrative inquiry to gather teachers' reflections on their relationships with students. The results emphasize the importance of empathy, communication, and trust in fostering a positive learning environment.",Qualitative
"By synthesizing findings from various fields, this paper discusses the intersection of mental health and academic performance. The review identifies recurring factors and possible interventions that can be drawn from previous research to support vulnerable student populations.",Review
"This work revisits the theoretical underpinnings of economic behavior, arguing for a more interdisciplinary approach that encompasses sociology, psychology, and cognitive science. The synthesis of these disciplines provides a richer understanding of market dynamics.",Theoretical
"Combining observational data with quantitative assessments, this research evaluates the effectiveness of blended learning strategies in higher education, providing both numerical insights and contextual understanding from student feedback.",Mixed Methods
"In an effort to contextualize the recent developments in blockchain technology, this document synthesizes current literature, illustrating its potential applications within higher education and the challenges that arise during implementation.",Review
"We propose a model of organizational behavior that integrates classical theories with modern approaches. By dissecting key concepts from various theorists, we present a novel perspective that seeks to unify disparate views within the field and open avenues for further investigation.",Theoretical
"A thorough assessment of the literature surrounding climate change education reveals significant disparities in pedagogical approaches. By examining multiple studies, the implications for policy and curriculum development are discussed, leading to potential frameworks for future research.",Review
"This study proposes a novel theoretical model for understanding the relationship between emotion and decision-making in high-stress situations. By revisiting foundational psychological principles, the author seeks to chart a path for future empirical research.",Theoretical
"This study reviews the historical evolution of artificial intelligence in education, collating findings from numerous papers. The analysis presents a timeline of technological advancements and their implications for pedagogy, emphasizing both positive impacts and potential pitfalls.",Review
"This work interrogates the foundations of contemporary political theories, positioning them within historical contexts that reveal latent biases. By synthesizing insights from various theoretical traditions, it aims to expand our understanding of political discourse, calling for a reevaluation of current frameworks to better reflect diverse societal realities.",Theoretical
"In exploring the nature of consciousness, this work critiques existing scientific paradigms and proposes an alternative viewpoint rooted in phenomenological analysis. The discussion includes a detailed examination of subjective experience and its implications for cognitive science, pushing the boundaries of current theoretical models.",Theoretical
"Using participant observation, this research delves into the dynamics of collaboration among graduate students in research labs. Field notes collected over six months highlight the intricate social interactions and the development of academic identities in these settings.",Qualitative
"Philosophically, the concept of agency is revisited to assess its relevance in contemporary social theories. By dissecting the relationship between structure and agency, we offer a profound critique of existing frameworks, emphasizing the need for a reconceptualization of how individuals navigate societal constraints.",Theoretical
"The research employed a regression analysis to explore the relationship between parental involvement and student achievement in math and reading, utilizing a dataset compiled from various school districts across the state.",Quantitative
"In examining the historical evolution of philosophical thought, this study posits that the major shifts in paradigms can be understood through theoretical lenses, highlighting how these shifts impact contemporary academic discourse.",Theoretical
"The research investigates the influence of teacher-student interactions on academic performance by applying both performance metrics and observational studies. By correlating score distributions with qualitative assessments of classroom dynamics, we provide a more robust view of this educational phenomenon.",Mixed Methods
An exploration of interdisciplinary studies in environmental science illustrates evolving trends throughout the years. It brings together a variety of methodologies while evaluating the effectiveness of collaborative research initiatives across disciplines.,Review
"This study draws from an array of historical and contemporary articles to analyze the evolution of STEM education curricula. By pulling together diverse viewpoints, it aims to present a cohesive understanding of the challenges faced.",Review
"Using a sample of 150 published research articles, this study employed bibliometric analysis to assess the trends in educational technology research over the past decade. The quantitative data revealed a significant increase in publications, indicating a rising interest in this field, and facilitated the identification of key themes and research gaps.",Quantitative
"The role of technology in shaping educational environments is critically assessed through this theoretical lens. By exploring various models of technology integration, we highlight how these frameworks can reshape teaching and learning paradigms in the digital age.",Theoretical
"In attempting to understand the dynamics of classroom participation, we employed both statistical analysis of participation rates and qualitative interviews with students. The integration of these methodologies allows us to examine how different factors contribute to engagement in the learning process.",Mixed Methods
"The intersection of technology and psychosocial well-being among adolescents is multifaceted. By reviewing a range of studies, this paper explores the protective and risk factors identified in existing literature, aiming to provide a holistic understanding necessary for educators and policymakers.",Review
"Analyzing the impact of social media on student engagement, this research employs a comprehensive dataset gathered from various educational institutions, applying multiple regression techniques to measure the relationship between online interactions and academic outcomes.",Quantitative
"Using a grounded theory approach, we analyze the processes involved in collaborative writing among scholars. The findings emphasize the importance of feedback loops and mutual support in enhancing the writing experience, while also identifying areas of conflict and resolution.",Qualitative
"Using a phenomenological approach, this research investigates the lived experiences of first-generation college students. The participants shared their challenges and successes, providing insights into their unique journeys through higher education systems.",Qualitative
The synthesis of quantitative metrics on academic success rates with qualitative reflections from student interviews illuminates the challenges and benefits of experiential learning in business education.,Mixed Methods
"Recent advancements in artificial intelligence applications in healthcare prompt an exhaustive examination of existing research. This paper engages with several academic sources to outline the benefits and challenges posed by AI, hoping to foster informed dialogue regarding future implementations.",Review
"The evolution of cognitive dissonance theory has been explored through various lenses. This discussion brings together contrasting viewpoints from landmark studies, offering a multifaceted approach to understanding the nuances of human behavior.",Review
"This study analyzes the impact of exercise on academic performance among high school students, using a sample size of 500 participants surveyed through standardized tests.",Quantitative
"Our examination of the existing literature around renewable energy technologies provides a thorough assessment of how these advancements are being integrated into policy frameworks worldwide. Key themes identified include innovation, barriers to implementation, and gaps in research that need to be addressed to enhance progress towards sustainability.",Review
"The dynamics of teacher-student relationships have garnered significant academic attention in recent years. This paper consolidates various studies that explore the impact of these relationships on student performance and psychological well-being. By examining qualitative and quantitative research, it offers a well-rounded perspective on pedagogical practices that encourage positive interactions in the classroom.",Review
This article presents a synthesis of qualitative data from interviews with education professionals and quantitative analysis of standardized test scores to explore the relationship between teaching practices and student achievement across various demographics.,Mixed Methods
"This paper examines the effects of social media on mental health through an online survey of college students, coupled with case studies presented through interviews. The integration of these methodologies allows for a multidimensional perspective on the complex relationship between digital engagement and psychological well-being.",Mixed Methods
"We utilized participatory action research to assess community responses to local environmental issues. By engaging residents in the data collection process, the study not only empowered participants but also revealed grassroots strategies for sustainability that are often overlooked in traditional research settings.",Qualitative
"The research merges statistical analysis of academic performance with qualitative reflections from students' journal entries to understand the impacts of emotional intelligence on learning. A nuanced interpretation of numerical data points, along with personal accounts, provides a comprehensive view.",Mixed Methods
"The effectiveness of different teaching methodologies is measured through a quantitative lens in this study. By comparing test scores of students taught using innovative strategies versus traditional methods, we aim to provide empirical evidence that informs future educational practices.",Quantitative
"An analysis of the pedagogical strategies used in STEM education was undertaken, combining a detailed review of literature with quantitative assessments of student test scores across various instructional methods. This holistic approach allows for a nuanced assessment of teaching effectiveness in the STEM disciplines.",Mixed Methods
"In the realm of sociology, this work critiques existing models of social capital, suggesting that they are overly simplistic. Through a theoretical exploration, it seeks to expand the current understanding of social networks and their impact on community resilience.",Theoretical
"Through case studies of various educational programs, this analysis reveals how cultural contexts influence the implementation of pedagogical strategies. Interviews with program directors shed light on the adaptations made to address local needs and expectations.",Qualitative
"This project assesses the relationship between mental health resources and student well-being by correlating quantitative survey results with qualitative interviews, allowing us to capture the complexity of student experiences and institutional support.",Mixed Methods
"This paper synthesizes existing literature on climate change adaptation, evaluating various strategies employed across different regions. It highlights the effectiveness of community-driven approaches and emphasizes key themes that emerge from multiple studies, providing a cohesive understanding of the current state of research in this critical area.",Review
"By merging quantitative data from academic tests with qualitative observations from classroom dynamics, our research offers a comprehensive view of the challenges faced by educators in diverse environments.",Mixed Methods
"The study examines the role of social media in shaping political discourse among youth. Through qualitative content analysis of tweets and discussions, we explore how platforms serve as a space for activism and community engagement, reflecting a diverse array of voices.",Qualitative
"The influence of interdisciplinary approaches on the evolution of knowledge production is analyzed. This paper provides a historical overview, arguing for the importance of theoretical pluralism in advancing academic discourse across various fields, thereby enriching the landscape of theoretical frameworks.",Theoretical
The intricacies of intersectionality in feminist theory necessitate a reevaluation of traditional paradigms. This work synthesizes findings across multiple disciplines to create a robust theoretical framework that encompasses the diverse experiences of marginalized groups within feminist discourse.,Theoretical
"This paper collates findings from numerous studies regarding the impact of climate change on polar bear populations, highlighting trends over the past two decades and synthesizing results across different geographical regions. The implications of these findings are significant for conservation efforts and future research directions.",Review
"The paper theorizes about the potential future landscapes of higher education, drawing parallels with technological advancements and societal shifts. It presents a speculative analysis that highlights the importance of theoretical foresight in institutional planning.",Theoretical
"In an effort to gauge the effectiveness of online learning, we systematically collected pre- and post-test scores from students engaged in various courses, applying statistical techniques to evaluate the outcomes thoroughly.",Quantitative
"The study leverages both numerical data analysis and narrative accounts to reveal the multifaceted impacts of climate change on rural agricultural practices, portraying a complex picture of adaptation strategies.",Mixed Methods
This research investigates the role of mentorship in academic achievement through qualitative interviews with graduate students. Insights gathered provide a comprehensive view of how mentorship shapes professional development and personal growth.,Qualitative
"Combining both a survey of educational outcomes and narrative interviews with educators, this research delves into the dynamics of classroom management techniques. The interplay between the quantifiable data and the qualitative insights enriches the overall findings.",Mixed Methods
"In this exploration of existential philosophy, we argue that subjective experience is central to understanding human existence. By analyzing the works of notable thinkers, we illustrate how their insights continue to impact modern thought and sociocultural discourse.",Theoretical
"The intersection of technology and pedagogy is explored through an analysis of existing studies on online learning environments. The various educational outcomes are evaluated, and a framework for enhancing digital instruction is proposed based on a thorough examination of the current scholarly discourse.",Review
"This piece draws on findings from a variety of papers concerning the economic implications of renewable energy adoption. The author summarizes key points and establishes a narrative around the shift from fossil fuels, highlighting the economic benefits as per various empirical studies.",Review
"By analyzing statistical data alongside personal narratives, this research highlights how socioeconomic status influences educational outcomes, incorporating perspectives from both numbers and lived experiences.",Mixed Methods
"This analysis utilized a cross-sectional survey to gather numerical data on student stress levels during exams, followed by statistical testing to validate hypotheses regarding contributing factors.",Quantitative
"The study investigates the role of gamification in enhancing learning outcomes in higher education. By employing a blended methodology that includes quantitative assessments of grades and qualitative feedback from students, we captured a fuller picture of engagement and effectiveness in the learning process.",Mixed Methods
"We present a broad overview of the various studies conducted on public health interventions in urban settings. By analyzing different frameworks and outcomes, we strive to highlight successful strategies as well as limitations observed across different contexts, fostering an understanding of what works and what does not.",Review
"The evolution of renewable energy sources has been documented through numerous academic contributions. This document compiles these findings and critiques them, pointing out common themes and divergent approaches to energy sustainability across different regions.",Review
"In analyzing the shifts in economic theory over the past two decades, this work aggregates perspectives from prominent economists. The findings suggest a need for integrating traditional models with emerging paradigms, paving the way for future theoretical advancements in the field.",Review
"In this research, we analyzed data from the National Health and Nutrition Examination Survey (NHANES) to explore the relationship between dietary intake and obesity rates among adults in the United States. Statistical methods including regression analysis were utilized to identify predictors of obesity within the population.",Quantitative
"This study conducted a comprehensive analysis of student performance metrics across three academic years, applying statistical methods to identify trends and correlations related to instructional strategies.",Quantitative
"By employing a systematic sampling technique, we gathered performance data of students in STEM programs, aiming to quantify the effects of mentorship on their academic outcomes through statistical evaluation.",Quantitative
"Through an evaluation of pedagogical strategies for teaching critical thinking, this analysis aggregates findings from various educational researchers. It showcases a range of approaches and highlights important trends, pointing towards a need for integrating multiple methodologies to enhance teaching outcomes.",Review
"This inquiry delves into the philosophical dimensions of higher education. By critically assessing various theoretical perspectives, we aim to articulate a framework that captures the essence of learning and teaching at the university level, spotlighting areas ripe for further exploration.",Theoretical
"Notable research efforts in the realm of educational equity are dissected in this work. By evaluating key studies and their outcomes, the paper identifies prevalent themes and methodologies, presenting a cohesive overview that advocates for further inquiries into effective strategies for promoting equitable access to education.",Review
"We collected survey data from 500 participants to explore the relationship between stress levels and study habits among graduate students. Utilizing ANOVA, we discovered distinct differences in study approaches based on levels of reported stress, which could inform future interventions aimed at improving academic resilience.",Quantitative
"Engaging with feminist theories, this abstract offers a critical lens through which to analyze historical narratives in literature. By intertwining theoretical discussions with textual analysis, we aim to illuminate the ways in which gender dynamics have shaped literary canon formation, providing insights for future scholarly inquiry.",Theoretical
"Investigating the theoretical underpinnings of emotional intelligence, the paper posits that understanding emotions can enhance interpersonal relationships within academic settings. This discussion integrates psychological theories with educational practices to underscore the importance of emotional literacy in classrooms.",Theoretical
"In this research, we analyze the effectiveness of dual teaching strategies by employing both statistical analysis of test scores and focus group discussions with educators. This dual approach allows for a richer understanding of pedagogical impacts on student learning outcomes.",Mixed Methods
"Focusing on qualitative interviews, this study examines the perceptions of environmental scientists regarding climate change communication and public engagement strategies in their respective fields.",Qualitative
"The concept of emotional intelligence in leadership is explored through a theoretical lens, drawing connections between existing models and their applicability in modern organizational settings. This examination reveals gaps in current understanding and suggests directions for future research.",Theoretical
"Through a series of in-depth interviews with educators, this study explores the challenges faced in implementing new teaching methodologies in diverse classroom settings. The insights gathered reveal significant patterns in how these challenges are perceived by different stakeholders, including teachers and students.",Qualitative
"In unpacking the philosophical implications of artificial intelligence, the following discourse aims to synthesize ideational frameworks from ethics and epistemology to question the very nature of knowledge production in the digital age.",Theoretical
"Through a detailed examination of standardized test results, we explore the relationship between classroom resources and student achievement. Our quantitative findings underscore the importance of adequate funding in educational environments.",Quantitative
"In examining the role of community in enhancing mental health among adolescents, we utilized a narrative approach to gather personal stories. Participants shared their journeys, revealing critical dynamics that contribute to emotional wellbeing, which are often overlooked in conventional studies.",Qualitative
"By employing a combination of surveys and ethnographic observations, this research aims to illuminate the dynamics of group behavior in collaborative learning environments, shedding light on both numerical trends and personal narratives.",Mixed Methods
"In our investigation of public policy effectiveness, we conducted a survey for quantitative measures and followed it up with interviews to capture the nuances of citizens' experiences with government interventions.",Mixed Methods
"This work focuses on synthesizing key findings from previous research regarding the efficacy of peer mentoring programs in higher education. It examines various studies to highlight their outcomes and suggests that while peer mentorship can significantly improve student engagement, there are variances in implementation that warrant further discussion.",Review
The research explores the impact of cultural factors on consumer behavior in the fashion industry by employing a combination of surveys and ethnographic studies. This dual approach enabled the identification of statistical patterns while also capturing the rich context of consumer motivations and cultural influences.,Mixed Methods
"Through a series of narrative inquiries, we reflect on the teaching experiences of educators in under-resourced schools. This research highlights the ways in which instructors adapt their methodologies to meet diverse student needs, emphasizing the importance of context in educational practices. The participants’ stories reveal significant insights into resilience and innovation in the face of challenges.",Qualitative
"Through participant observations and interviews with theater students, this research delves into the role of collaborative experiences in creative processes. The findings illustrate how group dynamics and shared artistic endeavors foster personal and professional growth among students.",Qualitative
"The aim of this exploratory study is to understand how faculty members perceive the integration of technology in their teaching. Open-ended surveys reveal varied attitudes, with some embracing innovation while others express concern about its impact on traditional pedagogies.",Qualitative
"The concept of resilience in community psychology has evolved through numerous theoretical advancements. By integrating findings from various studies, we propose a holistic framework that encapsulates the complexity of resilience, which can enhance community support mechanisms amidst adversity.",Theoretical
"This paper synthesizes existing literature on climate change adaptation strategies for urban environments, assessing key findings and gaps in the current research. We analyze over 50 studies to distill practical implications for policymakers and practitioners in the field.",Review
"By engaging with critical theories from various disciplines, this theoretical exploration questions the role of power dynamics in shaping academic knowledge, suggesting that power relations must be integrated into our understanding of knowledge production.",Theoretical
"By analyzing various existing frameworks in behavioral economics, this paper posits a set of theoretical propositions regarding consumer behavior in educational settings. Our aim is to stimulate further research into the complexities of decision-making among students.",Theoretical
"Employing a dual approach of statistical analysis and participant diaries, this study explores how remote work influences productivity and employee well-being. The combination of quantifiable data and personal reflections enhances the relevance of our findings.",Mixed Methods
"This compilation focuses on the advancement of artificial intelligence tools in higher education, summarizing evidence from several key articles and reports on their efficacy, accessibility, and ethical considerations that have been raised by researchers.",Review
"This work addresses the philosophical underpinnings of environmental justice, arguing that traditional approaches often overlook crucial socio-political dimensions. We propose an integrative model that accounts for historical injustices, aiming to reshape the discourse surrounding ecological ethics and community rights.",Theoretical
"This paper posits that current debates on climate change necessitate a re-evaluation of ecological economics. Through theoretical analysis, we illustrate how integrating diverse economic paradigms could lead to more effective environmental policies that address both sustainability and equity.",Theoretical
"Through a theoretical perspective, this article examines how economic theories can better integrate environmental considerations. It critiques existing models of economic growth, suggesting that a more sustainable theoretical framework could redefine success in the context of ecological balance and resource management.",Theoretical
"This manuscript presents a comprehensive overview of the constructs surrounding identity formation in adolescence. The examination of existing frameworks indicates a need for further integration of cultural and contextual variables, thereby enriching our understanding of identity development mechanisms.",Theoretical
"This paper explores the fundamental principles underlying social behavior in complex systems. By integrating concepts from psychology and sociology, we propose a framework for understanding interactions between individuals and their environment, focusing on the implications this has for future research in social dynamics.",Theoretical
We employed a factorial design to investigate the impact of study techniques on test performance. The quantitative results reveal significant differences among the various strategies evaluated based on 200 students' performance metrics.,Quantitative
"Through the application of multivariate analysis, we explore the influence of classroom environment on student satisfaction, using responses from an extensive questionnaire distributed to 400 learners.",Quantitative
"To delve into the concept of resilience among graduate students, we employed narrative analysis to examine personal stories shared in interviews. This approach allowed us to trace how these individuals construct their identities in the face of academic pressures and personal obstacles.",Qualitative
"This paper discusses the development of social identity among immigrant students in higher education. Utilizing case studies, we reveal how cultural backgrounds and community ties shape their academic engagement and success.",Qualitative
"This research investigates the role of mentorship in fostering innovation among young entrepreneurs. By employing an ethnographic approach, we glean insights from informal conversations and observations, allowing a deeper understanding of mentorship dynamics.",Qualitative
"In analyzing the effects of climate change on agricultural productivity, we have utilized both statistical modeling and case studies from various geographical regions. This dual approach allows us to triangulate data and validate our findings through real-world examples while also leveraging numerical analyses.",Mixed Methods
"A review of the literature reveals that many educational reforms are driven by theoretical models of learning. This abstract discusses the implications of these models on curriculum development and instructional strategies, highlighting the need for a robust theoretical base in educational research.",Theoretical
"In examining the constructs of identity formation in post-colonial contexts, this abstract presents an analytical discussion concerning the interrelations between culture and power. The proposed theoretical model seeks to bridge gaps left by previous studies, offering insights into historical narratives.",Theoretical
"Utilizing both a large-scale experiment with control groups and narrative accounts from participants, this research provides insights into how teaching styles impact student retention rates. The methodology reveals statistical trends supported by personal experiences, offering a richer analysis.",Mixed Methods
"This investigation seeks to understand the intersection of student agency and institutional policies by using qualitative interviews with students and quantitative surveys of faculty responses, balancing personal experiences with broader institutional trends.",Mixed Methods
"In exploring the relationship between student engagement and learning outcomes, the research employs statistical analysis of survey data alongside case studies of specific educational programs. Findings are triangulated to offer a more nuanced perspective.",Mixed Methods
The effectiveness of interdisciplinary collaboration in research is evaluated through a mixed strategy; statistical surveys provide measurable outcomes while interviews with researchers lend insight into the challenges and successes faced within collaborative environments.,Mixed Methods
"Recent advancements in cognitive science prompt a reevaluation of long-held beliefs about memory. This investigation synthesizes existing literature to articulate a coherent narrative regarding the interplay of memory retention and contextual stimuli, aiming to draft a new conceptual model for understanding cognitive processes.",Theoretical
"This study explores the foundational principles underpinning advanced statistical models in predicting human behavior, examining existing theories and proposing new frameworks for understanding complex social interactions.",Theoretical
"Debating the role of imagination in moral philosophy, this paper posits that imagination should be central to ethical considerations. It critiques existing ethical frameworks and proposes a more nuanced view that integrates imaginative capacities into moral reasoning.",Theoretical
"To assess the effects of bilingual education programs, this research employs a survey to gather numerical data from participating students while also conducting focus groups to capture their personal experiences and perceptions about language learning. The dual approach enables a richer analysis of educational outcomes.",Mixed Methods
"This paper discusses the foundational aspects of socioeconomic theory, focusing on how individuals form their identities within a capitalist framework, arguing that existing theories do not adequately explain the nuances of modern economic exchanges.",Theoretical
This study presents a comprehensive view of intercultural communication in academic settings by merging survey methodologies with narrative analysis of student experiences. The combination of hard data with personal stories yields insights that could inform future intercultural training programs.,Mixed Methods
"This paper critically evaluates the assumptions underlying current educational theories, particularly regarding learner engagement and motivation, calling for a more nuanced theoretical understanding that incorporates diverse student experiences.",Theoretical
"This research aims to evaluate the effectiveness of a new teaching method on science education. We implemented a pre-test and post-test design with 150 students across multiple schools, measuring their understanding of key concepts through standardized assessments.",Quantitative
"Through a mixture of observational studies and statistical data analysis, this study examines how collaborative learning impacts academic success, aiming to illustrate not just the numbers but the student interactions that lead to those outcomes.",Mixed Methods
"A comprehensive analysis of literature on climate change communication reveals vital insights into public perceptions and response strategies. By synthesizing diverse findings, the paper lays the groundwork for future research directions in effectively conveying complex scientific information.",Review
"Through a series of narrative interviews, this research investigates how social media influences the professional development of early-career researchers. The stories shared highlight both opportunities and challenges in leveraging digital platforms for academic networking.",Qualitative
"This paper presents an analysis of the discourse surrounding climate change among various stakeholders through document reviews and interviews. The findings show differing narratives that shape public perception and policy, indicating a complex interplay between science and social representation.",Qualitative
"We conducted a series of focus groups with healthcare professionals to understand their perceptions of patient-centered care, identifying key themes that emerge in practice versus theory.",Qualitative
"In our investigation of economic variables affecting consumer behavior, we collected data from 500 households, employing ANOVA tests to examine spending patterns during different economic cycles. Findings suggest that fluctuations in employment rates dramatically influence discretionary spending, providing insight into economic forecasting.",Quantitative
The researcher immersed herself in the daily life of a rural school to understand the impact of local culture on teaching practices. This immersive study elucidates how community values influence educational outcomes.,Qualitative
"This study explores the lived experiences of individuals coping with chronic illness through in-depth interviews, aiming to understand how daily challenges shape their identities and relationships.",Qualitative
"This study compiles an array of research on climate change policy frameworks, revealing the intricacies of governmental approaches across different nations. The aggregation of these papers sheds light on successful strategies and persisting challenges, sparking a broader dialogue about effective climate action in the academic community.",Review
"This abstract consolidates research about the efficacy of mindfulness techniques in educational settings. Various studies are examined to highlight the benefits and challenges faced by educators when implementing these practices, whilst also identifying gaps that future research must address.",Review
"This theoretical exploration of structuralism in literature posits that texts cannot be understood without considering the underlying structures that shape narrative form and meaning, thus contributing to ongoing debates in literary criticism.",Theoretical
"In this research, we analyzed the narratives of educators implementing inclusive teaching strategies in their classrooms. Through interviews and classroom observations, we found key factors that influence their approach to fostering an inclusive environment for all students.",Qualitative
"Through a framework that combines statistical evaluation with qualitative interviews, we assess the leadership styles of department heads in academia, yielding a comprehensive view of their effectiveness and impact on faculty morale.",Mixed Methods
"The study on urban development strategies employs a combination of demographic data analysis and participatory research methods, which together shed light on both the measurable impacts of policies and the subjective views of affected residents.",Mixed Methods
"The research combines analytical techniques to assess the correlation between student mental health and academic performance, employing numerical data analysis alongside in-depth case studies. This cross-sectional integration enables a more holistic view of the challenges faced by students today.",Mixed Methods
"Our study employs a dual approach, where we analyze the trends in publication rates quantitatively while also collecting qualitative data through interviews with researchers to reflect on the challenges of academic publishing.",Mixed Methods
"An exploratory study was carried out to investigate the impact of social media on student learning, drawing on personal narratives to highlight both positive and negative influences.",Qualitative
"In this research, we utilized a longitudinal dataset consisting of test scores from over 500 high school students to evaluate the efficacy of various teaching methodologies. The findings indicate that interactive learning environments significantly enhance students' mathematical abilities, as measured through standardized assessments.",Quantitative
"This paper analyzes the extensive literature surrounding the effects of climate change on biodiversity, highlighting key findings and discrepancies between various studies. The synthesis of these insights provides a comprehensive understanding of the complex interactions present in ecosystems affected by warming temperatures and shifting weather patterns.",Review
"This document compiles findings from recent surveys on student mental health, leading to a discussion of common themes and methodologies employed in the studies. By analyzing the landscape, it reveals significant insights into prevalent issues faced by college students today.",Review
"A comprehensive assessment of factory productivity included both statistical trend analysis of output over the last decade and interviews with floor managers about operational challenges. This methodology sheds light on both the numerical data trends and the human experiences behind them, leading to more nuanced conclusions.",Mixed Methods
"Conducted through a series of semi-structured interviews, this research analyzes how mental health impacts the academic performance of undergraduate students. The insights gained illustrate the intersection of mental well-being and educational attainment.",Qualitative
"This research investigates how online learning platforms affect student collaboration and engagement. Through participant observations and semi-structured interviews, we reveal how virtual environments can foster or hinder peer interactions based on students' backgrounds.",Qualitative
"This paper explores the foundational concepts underpinning social cognitive theory, arguing that the dynamics of individual behavior are intrinsically linked to social contexts, yet remain inadequately addressed in current empirical studies. The implications for educational policy and curriculum design are discussed, highlighting a need for a shift in pedagogical approaches to incorporate these theoretical insights.",Theoretical
"The evolution of curriculum design strategies, particularly in higher education, has been a topic of much discourse. Various approaches have been analyzed across different universities, illustrating how differing methodologies impact student engagement and learning outcomes. A thorough examination reveals the prominence of constructivist frameworks over traditional teaching methods.",Review
"This study explores the implications of chaos theory in educational settings, arguing that learning environments can be better understood through the lens of complex systems rather than traditional linear frameworks.",Theoretical
"Through the integration of survey data and case studies, our findings illustrate how urban gardening efforts can improve community health and social cohesion, thus bridging qualitative insights with quantitative results.",Mixed Methods
"This study analyzes the factors influencing student performance in higher education by employing statistical methods to evaluate test scores from over 1,000 students across multiple disciplines.",Quantitative
"In the context of international relations, we explore the theoretical implications of constructivism in understanding state behavior. By challenging realist notions, we argue that identities and norms play a pivotal role in shaping political actions on the global stage.",Theoretical
A comprehensive analysis is conducted regarding various theories of motivation in educational settings. This work highlights foundational concepts from multiple sources while critically assessing their applicability in contemporary classrooms.,Review
"Through a non-exhaustive overview of empirical findings related to dietary influences on health outcomes, this abstract provides a holistic perspective on nutrition science. It highlights critical areas where further methodological rigor is needed, inviting researchers to revisit foundational assumptions.",Review
"This research adopts a dual approach, using structured questionnaires for statistical analysis along with focus group discussions to explore the perceptions of graduate students on online learning mechanisms. This blend ensures a robust exploration of the topic.",Mixed Methods
"This paper explores the foundational principles that govern ethical research practices, offering a critical analysis of existing frameworks and suggesting new theoretical underpinnings for assessing ethical dilemmas in academic research.",Theoretical
"This study compiles evidence from recent scholarship addressing climate change messaging and its efficacy across different demographics. The integration of qualitative insights alongside quantitative data paints a clearer picture of what resonates with various audiences, informing future communication strategies.",Review
This analysis utilized factorial ANOVA to examine the influence of different levels of parental involvement on student achievement in primary education. The data revealed significant interactions that underscore the importance of parental engagement in fostering academic success.,Quantitative
"Through the examination of education policies in rural communities, we conducted both quantitative analyses of dropout rates and qualitative interviews with educators and parents. This mixed approach helps clarify how statistical outcomes reflect the lived experiences of those involved in the educational system.",Mixed Methods
"The research combines statistical analysis of national education data with case studies from three underperforming schools. By applying this dual approach, richer narratives emerge that illustrate how policy impacts local educational practices, enabling a more profound dialogue between numbers and lived experiences.",Mixed Methods
This research investigates the effectiveness of collaborative learning in higher education by drawing on numerical performance measures and qualitative comments from student surveys. The incorporation of both data types allows us to better understand the perceived benefits and challenges of collaborative methods in diverse learning environments.,Mixed Methods
"The present study aims to analyze the impact of social media usage on academic performance among university students. By employing a structured questionnaire distributed to 300 participants, we obtained measurable data that were then subjected to statistical analysis, revealing significant correlations between time spent on social platforms and grades.",Quantitative
"Utilizing both experimental measurements and ethnographic methods, our research sheds light on the phenomenon of online collaborative learning, addressing both behavioral outcomes and personal student experiences.",Mixed Methods
"The research contemplates the intersection of feminism and post-colonial theory, suggesting that a deeper theoretical framework is required to fully appreciate the complexities of identity in a global context.",Theoretical
"This abstract reflects on historical debates within sociology regarding the role of agency versus structure, providing a new model that could inform both theory and practice in the social sciences.",Theoretical
"This study explores the impact of cultural diversity on student engagement in higher education. Through in-depth interviews with students from various ethnic backgrounds, we uncover the nuances of their experiences and perceptions of inclusivity on campus.",Qualitative
"An analysis of the concept of resilience in psychology is conducted herein, where various theoretical frameworks are compared. The discussion emphasizes the need for a robust theoretical foundation to further empirical studies in this area, suggesting future avenues for research.",Theoretical
"To explore the impact of online learning on student retention, we conducted a longitudinal analysis using metrics derived from academic records spanning three semesters, illustrating trends in student performance and enrollment.",Quantitative
"In the realm of public health, this paper aggregates various research studies to elucidate the effectiveness of vaccination campaigns. By examining the body of literature, it highlights factors contributing to both success and failure in different demographic settings.",Review
"This paper discusses the dual use of quantitative assessments and qualitative feedback to evaluate a new curriculum's effectiveness in enhancing critical thinking skills among high school students, detailing how each method contributes to the overall findings.",Mixed Methods
"In analyzing public discourse surrounding climate change, this paper employs discourse analysis to evaluate social media posts and news articles. By examining language use and framing techniques, it sheds light on public perceptions and the influence of media narratives on environmental awareness and activism.",Qualitative
"Through a meta-theoretical lens, the study investigates how different epistemological perspectives influence pedagogical approaches, arguing that an integrated perspective can lead to more effective teaching strategies.",Theoretical
"In this exploration of social media's impact on academic collaboration, we collected quantitative data on interaction frequencies while conducting interviews to delve into the qualitative aspects of participants' collaborative experiences. This approach sheds light on both the statistical trends and personal insights related to online academic networks.",Mixed Methods
"Through an analysis of over 500 scholarly articles and a series of expert interviews, this study illustrates the evolving landscape of digital humanities. The quantitative aspect focuses on publication trends while qualitative insights reveal the motivations and challenges faced by researchers in this interdisciplinary field.",Mixed Methods
"The research outlines a theoretical framework for understanding the dynamics of power in higher education institutions, emphasizing the need for a critical examination of governance structures. This perspective encourages a reevaluation of how authority is distributed within academic settings.",Theoretical
"This paper synthesizes research surrounding the efficacy of digital learning platforms in higher education settings. By consolidating findings from multiple studies, it delineates best practices and implications for future curriculum design, emphasizing the need for adaptable learning environments.",Review
"This work aims to synthesize various theoretical perspectives on interdisciplinary education. By discussing the benefits and challenges of blending disciplines, we present a model that advocates for a more integrated approach to curriculum design in higher education.",Theoretical
"Drawing from various philosophical traditions, this study proposes a new paradigm for understanding cognitive dissonance as a mechanism for social change. The examination of historical examples illustrates how theoretical frameworks can inform practical approaches to contemporary issues.",Theoretical
"By analyzing the online discourse surrounding climate change among community activists, this study utilizes discourse analysis to decode the narratives shaping public perception and action. The findings underline the varied approaches activists take to articulate their messages and mobilize for environmental justice, reflecting broader societal values.",Qualitative
"Using a grounded theory approach, we explore the coping mechanisms utilized by individuals experiencing homelessness. By conducting unstructured interviews, this research identifies recurrent themes related to resilience and community support that highlight the complexity of their experiences and the social contexts surrounding homelessness.",Qualitative
This research synthesizes statistical analysis of survey results with case studies from several educational institutions to evaluate the effectiveness of hybrid learning models in diverse academic settings.,Mixed Methods
"The aim of this study was to examine the effect of standardized testing on student motivation through a quantitative lens. By surveying 1,000 high school seniors and analyzing the responses using multivariate techniques, we were able to draw robust conclusions about the psychological impacts of testing on students’ academic engagement.",Quantitative
"Utilizing longitudinal data collected over five years, this study quantitatively assesses the impact of economic downturns on employment rates across various sectors. Statistical models reveal notable trends, providing a robust framework for understanding labor market fluctuations during economic crises.",Quantitative
"In light of the rapid technological advancements, this paper theorizes the impact of artificial intelligence on workforce dynamics. It argues against the prevailing narratives of job loss, proposing a theoretical model that emphasizes augmentation over replacement.",Theoretical
"Through the use of surveys and detailed interviews, this investigation delves into the varying effects of participatory budgeting processes in different municipalities, aiming to capture both measurable outcomes and citizen perceptions.",Mixed Methods
"This quantitative research investigates the correlation between class size and student engagement levels, utilizing descriptive and inferential statistics to interpret the patterns observed in the data.",Quantitative
"In examining the role of cultural narratives within educational settings, we delve into how these narratives shape the learning experiences of students. The exploration of language, identity, and power dynamics within the classroom allows us to theorize about the broader implications of these narratives on educational equity.",Theoretical
"The study examines the influence of gender on leadership styles within academic institutions. Through detailed interviews with faculty members, we uncover varying perspectives and experiences that illustrate the nuances of gendered leadership in academia.",Qualitative
"In analyzing the role of narrative in shaping historical consciousness, this study delves into how storytelling practices inform cultural memory. The implications of this inquiry suggest that narratives not only reflect societal values but also actively construct historical realities, warranting further theoretical exploration.",Theoretical
"A comprehensive look at the literature surrounding STEM education reveals a multitude of perspectives and insights. By synthesizing research from various sources, this study aims to clarify the key challenges and successful strategies that have been documented, ultimately contributing to a deeper understanding of how to enhance STEM learning.",Review
"This study employs both qualitative interviews and quantitative surveys to explore the impacts of remote learning on college students’ mental health, revealing complex relationships that require multiple analytical lenses.",Mixed Methods
"In a growing field of research, this paper investigates the impact of socioeconomic status on access to higher education. We collected numerical data from over 500 institutions and conducted ANOVA tests to uncover trends and disparities among various demographic groups.",Quantitative
"The purpose of this research was to understand the decision-making processes of women entrepreneurs. Through semi-structured interviews, the study identified various influencing factors, including family support, past experiences, and societal expectations. These elements were pivotal in shaping their entrepreneurial journeys and business outcomes.",Qualitative
"This paper explores the effectiveness of various study techniques on exam performance. We gathered performance data from 400 students who utilized different study methods, analyzing the results through regression models. The findings highlight that active learning strategies significantly outperform traditional rote memorization in achieving higher exam scores.",Quantitative
"In this comprehensive review, we synthesize quantitative findings from recent studies on climate change with qualitative insights gathered through expert interviews, aiming for a holistic understanding of environmental policy effectiveness and public perception.",Mixed Methods
"This qualitative exploration of parental involvement in school governance highlights the barriers and motivations of parents in participating in decision-making processes. Through interviews, the study uncovers varying perceptions of power dynamics and the impact on school policies.",Qualitative
"Utilizing case study methodology, we examined three different communities' responses to public health initiatives. Interviews and community discussions provided rich, qualitative insights into the effectiveness of outreach efforts, revealing factors that enhance or impede community engagement.",Qualitative
"The research investigates the efficacy of mentoring programs by leveraging both numeric performance metrics and narrative accounts from participants. This study aims to uncover the nuanced experiences behind the numbers, thereby enriching the discussion around academic mentorship.",Mixed Methods
"By addressing the phenomenon of cultural appropriation in art education, this paper employs a mixed approach: analyzing attendance data at workshops and seminars, complemented by participants' reflective essays. This methodology highlights the contrasting perceptions and educational outcomes among diverse cultural groups.",Mixed Methods
"Through an extensive review of mental health interventions in schools, various programs and their outcomes have been evaluated. This compilation illustrates common themes and points of contention among researchers, allowing for a deeper understanding of effective practices and areas requiring more rigorous study.",Review
"This study explores the experiences of graduate students navigating the challenges of academic life. Through in-depth interviews, we uncover the emotional and social dynamics that shape their educational journeys, highlighting themes of support, resilience, and identity formation.",Qualitative
"The study draws on interviews with veterans to analyze the long-term psychological effects of combat. Participants shared their personal narratives, enabling us to identify recurring themes related to trauma and recovery. This qualitative analysis sheds light on the complexities of their reintegration into civilian life and the support systems they rely on.",Qualitative
"The impact of post-structuralist theories on literary criticism is examined, revealing how these concepts have reshaped our understanding of narrative and meaning. The paper posits that future analyses must take these theoretical insights into account to remain relevant.",Theoretical
"This paper presents a comprehensive examination of contemporary research trends in educational psychology, encompassing various studies that explore cognitive processes and their implications for instructional design. The synthesis of findings indicates that understanding the learner's mindset significantly influences teaching strategies.",Review
"In analyzing the impact of online learning on student performance, both statistical analysis of grades and personal reflections from focus groups were utilized. This dual approach allows for a richer interpretation of the educational landscape during the pandemic.",Mixed Methods
The effects of mentorship programs on student retention rates are assessed using both statistical data analysis and qualitative interviews with mentors and mentees. This approach uncovers not only the success metrics but also personal stories that highlight the program's impact.,Mixed Methods
"In this paper, we performed a comparative analysis of two different teaching interventions on student learning outcomes, supported by quantitative data gained from standardized assessment scores across various cohorts.",Quantitative
"The investigation combines focus groups and numerical surveys to analyze the impact of digital learning environments on student engagement, allowing for a detailed exploration of attitudes while also measuring overall effectiveness through statistical means.",Mixed Methods
"By analyzing interview transcripts from graduate students, this paper delves into their experiences with mentorship and its influence on their academic success. The findings underscore the importance of interpersonal relationships in shaping scholarly pursuits.",Qualitative
"In exploring the relationship between study habits and exam results, this paper utilizes a large dataset comprising over 2,000 high school students. Through descriptive statistics and inferential tests, it was found that consistent study routines positively correlate with higher test scores. This quantitative approach sheds light on effective study practices that can improve educational outcomes.",Quantitative
"In our analysis of data from the National Education Longitudinal Study, we examined factors affecting high school dropout rates. By employing logistic regression techniques on a sample size of 25,000 participants, we identified key variables that significantly predict student retention and attrition.",Quantitative
"This investigation employed case studies to explore the impacts of technology integration in classrooms. Teachers shared their reflections on challenges and successes, indicating a nuanced relationship between digital tools and student engagement, highlighting the importance of adaptive teaching methods.",Qualitative
"In addressing the complexities of climate change, this paper discusses the philosophical implications of sustainability and ecological ethics. It aims to provide a conceptual model for evaluating human interactions with the environment, drawing on historical and contemporary examples to illustrate the evolving discourse.",Theoretical
"The researchers conducted a dual analysis, leveraging both qualitative observations and quantitative assessments of educational intervention programs in order to gauge overall efficacy and areas for improvement.",Mixed Methods
"The analysis draws on oral histories of alumni from a STEM program, showcasing the diverse career trajectories and challenges faced. The study emphasizes how personal narratives can inform curriculum development and institutional support strategies for future students.",Qualitative
"An extensive survey was conducted among 1000 college students to assess their attitudes toward online learning during the COVID-19 pandemic. Using regression analysis, we identified key elements that influenced their satisfaction and perceived effectiveness of virtual education, providing valuable insights for future online program development.",Quantitative
"This paper delves into the narratives of patients living with chronic illness. Through a series of storytelling sessions, we gather personal accounts that reveal the emotional and psychological dimensions of their experiences, shedding light on the importance of narrative in health care.",Qualitative
"Through a lens of constructivism, this study theorizes the processes by which knowledge is co-created among learners in digital environments. The findings point to the necessity of revisiting existing pedagogical frameworks to incorporate collaborative learning strategies effectively.",Theoretical
"By surveying over 600 undergraduate students, this study aims to measure the influence of digital technology on study habits. The results, analyzed through inferential statistics, reveal that increased reliance on digital resources can both positively and negatively impact academic performance depending on usage patterns.",Quantitative
"In the realm of educational technology, numerous studies have explored the effectiveness of digital tools in enhancing learning outcomes. This paper compiles these findings, offering insights into the best practices and common challenges faced by educators who integrate technology into their classrooms.",Review
"A comprehensive survey was conducted to quantify the effects of remote learning on student engagement levels, with a focus group of 300 high school students providing insights that were statistically analyzed.",Quantitative
"A conceptual exploration of how digital technology reshapes communication within academic communities reveals underlying assumptions often taken for granted. Through a critique of prevailing theories on digital scholarship, this paper develops a new lens through which to view academic collaboration in the 21st century.",Theoretical
"Data was collected from 1,000 respondents regarding their perceived health and lifestyle choices, with numerical evaluations allowing for detailed comparison across demographics and enabling precise conclusions.",Quantitative
"The research employs a dataset comprising standardized test scores across different demographics to explore the influence of socioeconomic status on educational achievement. Through rigorous statistical methods, we identify trends and present numeric evidence supporting our hypothesis.",Quantitative
"A comprehensive analysis of leadership theories in organizational behavior is presented here. The findings illustrate the evolution of thought and the implications of these theories in practice, offering insights for practitioners and scholars alike.",Review
"The findings from our research, which integrates survey data with case studies, reveal a complex relationship between technology adoption and teaching efficacy. This blend of quantitative and qualitative methods offers a richer understanding of educators' experiences with new tools in their classrooms.",Mixed Methods
"This study analyzes the effects of different exercise intensities on heart rate variability among sedentary adults. A sample size of 200 participants was enrolled and assigned to three groups based on their activity levels. Data was collected over twelve weeks, highlighting significant differences between the groups' physiological responses.",Quantitative
"Utilizing both statistical analysis to measure the variables in question and narrative interviews for contextual understanding, this research provides a layered comprehension of the factors affecting adult learners' persistence in educational programs.",Mixed Methods
"By combining statistical analysis of survey data with in-depth case studies from multiple universities, we explore how cultural factors influence academic performance, thus highlighting the interplay between data-driven insights and individual narratives.",Mixed Methods
"In this research, we present a quantitative assessment of the effectiveness of different teaching strategies on student outcomes in mathematics. Utilizing pre- and post-test scores from two groups of 250 students each, our findings reveal a statistically significant improvement in performance attributed to interactive learning approaches compared to traditional lecturing methods.",Quantitative
"This paper investigates the impact of extracurricular activities on academic performance by utilizing both statistical analysis of GPA data and qualitative narratives from student interviews, highlighting the interplay between involvement and achievement.",Mixed Methods
"The current research examines the phenomenon of mental health awareness in educational institutions through a combination of statistical analysis of survey data and in-depth case studies of selected schools. By merging numerical data with personal narratives, this study provides a robust perspective on the issue.",Mixed Methods
"In this research, we conducted focus groups with community members to understand their perceptions of climate change impacts on local agriculture. The descriptive analysis of their responses indicates diverse viewpoints, emphasizing the socio-cultural factors influencing their beliefs and actions.",Qualitative
"This paper provides a detailed analysis of community engagement practices in higher education. Through participatory action research, we documented community perspectives and institutional responses, emphasizing the importance of dialog in fostering partnerships.",Qualitative
"By conducting detailed narrative interviews with artists in urban environments, this study aims to understand the intersection of creativity and community development, offering insights that could inform future policy decisions.",Qualitative
"This work highlights the significant trends in renewable energy literature over the past decade. By categorizing existing research, it aims to identify the most influential studies and the evolution of renewable energy policies globally, providing a foundational context for future policy-oriented research.",Review
"By conducting focus groups with community members, this research captures the lived experiences of those affected by climate change in coastal regions. The findings highlight their adaptive measures and the significance of local knowledge in addressing environmental challenges.",Qualitative
"In examining the relationship between social media use and academic performance, we employed both statistical analysis of GPA scores and qualitative interviews with students, thus integrating numerical trends with personal narratives for a robust analysis.",Mixed Methods
"Investigating the paradigm shifts in economic theory, this paper critiques traditional models and advocates for a more integrative approach. The discussion includes a thorough review of how emerging market phenomena challenge established theoretical foundations, opening doors for new frameworks in economic thought.",Theoretical
"In exploring the dynamics of power structures within educational institutions, this theoretical analysis investigates how policies can perpetuate inequality. Through an examination of critical theories, we elucidate systemic barriers that hinder equitable access to education.",Theoretical
"The exploration of urban development policies through the lens of historical studies reveals significant patterns and outcomes. This article analyzes the evolution of policy frameworks, contextualizing them within broader socio-economic trends and offering a rich discussion of implications for future urban planning initiatives.",Review
"A comprehensive appraisal of recent advancements in machine learning applications in healthcare, this work evaluates the effectiveness of various algorithms and their integration into clinical practice, drawing on a multitude of studies to distill best practices and common challenges faced by researchers and practitioners alike.",Review
"In a comprehensive survey conducted in five major cities, researchers gathered data from 1,500 households to assess their energy consumption habits. The findings indicate a direct relationship between household size and energy usage, supported by detailed statistical analysis that confirms the significance of these results.",Quantitative
"Utilizing a large dataset derived from multiple universities, we conducted an analysis of factors influencing graduate employability rates, applying statistical tools to interpret the data and draw meaningful conclusions.",Quantitative
We employed a large-scale survey methodology to explore the factors influencing academic integrity among university students. The statistical output indicated that peer influence and institutional policy awareness play crucial roles in shaping students' ethical behavior.,Quantitative
"The construct of resilience in psychology is often discussed in fragmented ways, lacking an integrated theoretical framework. This paper proposes a unifying theory that encompasses emotional, behavioral, and social dimensions of resilience, thereby providing a more robust understanding of the concept.",Theoretical
"In an effort to evaluate the effectiveness of online learning platforms, this paper utilizes a sample of 300 students enrolled in various courses. By analyzing final exam scores and completion rates, we identify trends that show a marked difference in performance between traditional and online learning environments. Statistical tests confirm the significance of our results, providing new insights into educational methodologies.",Quantitative
"Through a combination of numerical data derived from academic performance metrics and personal interviews with educators, our research dissects the effects of curriculum changes on student learning outcomes, offering a balanced perspective.",Mixed Methods
"A comprehensive exploration of the evolution of machine learning applications in healthcare is presented. By analyzing numerous studies and their outcomes, the work identifies trends, gaps in research, and suggestions for future inquiries into AI's role in patient care and diagnosis. The findings underscore the intersection of technology and health sciences.",Review
"Through an examination of various pedagogical approaches documented in previous academic works, this paper illustrates shifts in teaching paradigms over the last three decades, emphasizing the role of critical pedagogy in modern classrooms.",Review
"Focusing on the experiences of women in STEM careers, this study utilized semi-structured interviews to explore barriers they encounter in predominantly male environments. The thematic analysis highlights recurrent patterns of discrimination and mentorship needs that shape their professional journeys.",Qualitative
"The role of cultural capital in shaping educational experiences is often overlooked. In this theoretical exploration, we examine how different forms of capital influence student engagement and success, presenting a model that educators can utilize to enhance instructional practices.",Theoretical
The examination of resilience in mental health literature often lacks a coherent theoretical foundation. This paper seeks to establish a new paradigm that not only accounts for individual variance but also considers systemic influences on mental well-being.,Theoretical
"By analyzing both performance data and student testimonials, this study aims to evaluate the impact of mentorship programs on career readiness, blending numerical findings with qualitative insights for a fuller picture.",Mixed Methods
"This research examines the intersection of cultural identity and academic performance among immigrant students. Through focus group discussions, participants articulated their perceptions of belonging and academic challenges, revealing critical insights that traditional metrics often overlook.",Qualitative
"The study employs a cross-sectional approach to examine the academic performance of high school students and its association with extracurricular participation, using a dataset of 600 respondents for analysis.",Quantitative
We conducted a series of in-depth interviews with alumni of a graduate program to understand their post-graduation trajectories. Their reflections provide valuable insights into the perceived value of their degree in the job market and the role of alumni networks in career advancement.,Qualitative
"Our analysis of climate adaptation strategies involved a survey of policy effectiveness alongside interviews with stakeholders. The quantitative results were complemented by rich qualitative data to identify gaps between policy intentions and practical outcomes, revealing critical insights into the implementation process.",Mixed Methods
"In this sociological analysis, we conducted interviews with activists involved in environmental justice movements. The findings illustrate the motivations and strategies employed in their efforts, providing depth to our understanding of grassroots organizing and its impact on local policy changes.",Qualitative
"Through a meta-analysis of existing literature, we examine the effects of online learning on student satisfaction. By synthesizing numerical data from previous studies, we highlight trends and variances that suggest increased flexibility correlates with higher satisfaction rates in diverse learning environments.",Quantitative
"The intersection of technology and education has been a topic of much debate. Through a theoretical lens, this paper discusses how digital equity is framed in current literature, offering insights into how technology can either bridge or widen educational gaps.",Theoretical
"This research focuses on the trends in international student enrollment in U.S. universities, analyzing data from the Institute of International Education. We applied time series analysis to identify shifts over the past decade, showing significant fluctuations in enrollment driven by policy changes and global events.",Quantitative
"A broad overview of the challenges and successes faced by interdisciplinary environmental studies programs reveals insight into curricular developments. This article emphasizes lessons learned from various institutions and proposes strategies for enhancing collaboration across disciplines, reflecting the current state of scholarship in the field.",Review
"In examining the effectiveness of community health interventions, this paper employs a dual approach. Quantitative data from health records are analyzed alongside qualitative data obtained from focus groups with community members, allowing for a richer exploration of the intervention's impact and the contextual factors involved.",Mixed Methods
"We conducted an extensive study involving open-ended questionnaires to capture the attitudes of parents towards remote learning during the COVID-19 crisis. The responses suggest a varied landscape of opinions, reflecting concerns about academic outcomes and emotional well-being of children.",Qualitative
"In this study, we delve into the implications of quantum mechanics on our understanding of causality. Through a critical review of existing literature, we seek to develop a conceptual framework that addresses the paradoxes presented by traditional notions of time and space.",Theoretical
"A comprehensive exploration of the shifts in climate policy over the past twenty years is presented. By examining a range of scholarly articles and official reports, the paper elucidates how different approaches have been adopted globally, the effectiveness of these measures, and areas where further investigation is required to inform future policy making.",Review
"The relationship between narrative and identity construction is critically analyzed through a theoretical lens, suggesting that stories not only reflect but also shape self-perception. This analysis draws from various disciplines, including literary theory and psychology, to provide a multifaceted view of identity formation processes.",Theoretical
"In this investigation, we analyze the effects of access to technology on student engagement in STEM fields. Our data, collected from 400 students utilizing surveys, underwent rigorous statistical analysis to highlight trends between technological resources and student interest levels, providing insights into educational enhancements.",Quantitative
"An exploration of gender disparities in STEM education draws from numerous scholarly articles, uncovering persistent issues and nuanced discussions surrounding barriers to entry for women in these fields. This analysis not only reveals significant statistical insights but also reflects on qualitative experiences and narratives that illuminate the problem further.",Review
A comprehensive assessment of the role of technology in enhancing educational outcomes was conducted through the analysis of performance metrics from 150 schools. The statistical evaluation shows a marked improvement in standardized test scores correlated with increased technology integration in classrooms.,Quantitative
"In our investigation of community health responses to pandemic crises, we conducted participant observations and interviews to capture the grassroots strategies employed by local organizations.",Qualitative
"By exploring the implications of quantum mechanics on traditional notions of reality, we present a conceptual framework that challenges established epistemological views. This paper leads to broader discussions about the nature of knowledge itself and invites researchers to rethink the philosophical boundaries of science.",Theoretical
"Using a cross-sectional design, we collected survey responses from 500 high school teachers to examine the impact of professional development on instructional strategies. The analysis revealed that 75% of respondents reported a positive change in their teaching approaches after completing training programs.",Quantitative
"By integrating numerical data from assessments with narrative accounts from teachers, we investigate the impact of new curricular interventions on student motivation, highlighting the interplay between teaching methods and learning experiences.",Mixed Methods
The research utilizes a combination of case studies and empirical data collection through questionnaires to evaluate teaching methodologies in STEM education. This integrative strategy is designed to highlight both the measurable outcomes of different approaches and the subjective experiences of instructors and students.,Mixed Methods
"The effectiveness of different teaching methods was quantitatively assessed through a controlled experiment involving 300 high school students. Pre- and post-tests were administered to evaluate knowledge acquisition, with findings indicating that interactive learning techniques significantly enhance student engagement and retention of information compared to traditional lectures.",Quantitative
"Focusing on the evolution of educational pedagogy over the last two decades, this article surveys a collection of significant studies, distilling themes related to adaptive learning technologies and their impacts on teaching efficacy. It systematically categorizes approaches to illustrate prevalent trends in the literature.",Review
The research investigates the correlation between workplace productivity and employee satisfaction by employing both numerical metrics and personal interviews. This dual approach allows for a richer understanding of the dynamics at play.,Mixed Methods
"In assessing the impact of online forums on student engagement, surveys provided quantitative evidence of participation rates, while focus groups revealed qualitative insights into the students' perceptions and motivations, highlighting a complex interplay between numbers and personal experiences.",Mixed Methods
"The research conducted in this paper investigates student engagement in online learning environments. By combining statistical analysis of usage data with interviews from participants, the findings reveal not only patterns in engagement but also deeper insights into the student experience and challenges faced in virtual classrooms.",Mixed Methods
"Drawing on the works of key theorists, the discussion presents a conceptual model of motivation that integrates various psychological constructs, aiming to provide a comprehensive understanding of student engagement.",Theoretical
"The study examines the correlation between study habits and academic performance among undergraduate students. A total of 300 participants were surveyed using a structured questionnaire, and data were analyzed using regression analysis to identify significant predictors of success in college.",Quantitative
"Through a comprehensive survey of 1,000 high school students, we assess the relationship between social media usage and self-esteem levels. The results indicate that increased social media engagement correlates with lower self-esteem, highlighting a potential area for further research on youth psychology.",Quantitative
"The notion of cultural capital has transformed our understanding of educational achievement. This study provides a theoretical analysis of how cultural resources are distributed and their impact on academic success across different socioeconomic groups, thereby offering insight into systemic inequalities.",Theoretical
"This manuscript discusses the implications of post-structuralist theory on language acquisition, proposing a novel framework that integrates these theories into practical applications for language educators.",Theoretical
The relationship between social structures and individual agency remains a critical area of inquiry; this analysis delves into the philosophical underpinnings that shape our comprehension of autonomy within restrictive environments.,Theoretical
"This paper presents an analysis of interviews with patients regarding their experiences with telehealth services during the pandemic. Insights into their satisfaction and challenges reveal important implications for future telehealth practices, underlining the importance of user-centered design.",Qualitative
"This analysis of meta-theoretical perspectives in psychology reveals the limitations of current models that prioritize empirical data over narrative frameworks. A case is made for a more integrative approach that values theoretical insights alongside quantitative findings, fostering a richer understanding of human behavior.",Theoretical
This study explores the relationship between teacher efficacy and student outcomes by analyzing quantitative data from standardized tests while also conducting interviews with educators to gain deeper insights into their experiences and opinions.,Mixed Methods
"Through a series of biographical interviews, this paper investigates the career trajectories of women in STEM fields. The narratives collected not only highlight personal and professional challenges but also showcase strategic mentoring relationships that played a pivotal role in these women's successes. The thematic analysis of these interviews uncovers recurring patterns that may inform future policies in education.",Qualitative
This paper presents findings from a large-scale randomized trial designed to measure the effects of peer tutoring on student achievement. The data collected from multiple schools allowed for a detailed statistical comparison of academic outcomes pre- and post-intervention.,Quantitative
"This analysis examines the effect of diet on overall health metrics within a diverse population sample. The study collected quantitative data on dietary habits and their correlation with health outcomes including BMI, cholesterol levels, and blood pressure, employing inferential statistics to derive robust conclusions.",Quantitative
"This research involved a detailed exploration of coping strategies among patients with chronic illnesses. Through personal narratives collected in a series of focus groups, we identified various emotional and practical approaches that individuals employ to manage their conditions effectively.",Qualitative
"By examining the academic writing proficiency of international students, this study harnesses survey data from 250 participants to evaluate trends across different language backgrounds. Statistical analyses reveal notable differences in writing quality and comprehension skills.",Quantitative
"Investigating the philosophical underpinnings of educational reform, this article argues that many reforms are grounded in outdated theoretical assumptions. By tracing the evolution of these ideas, the paper aims to highlight the need for a conceptual overhaul in educational practices.",Theoretical
"Through a comprehensive review of established literature on resilience, this work posits that current psychological theories fail to encompass the full scope of human adaptability, suggesting a new conceptual model based on cultural contexts.",Theoretical
"A comprehensive investigation into the university's curriculum reform utilized both quantitative feedback from student evaluations and qualitative insights from faculty interviews, allowing a better grasp of the implications of changes in teaching methods.",Mixed Methods
"This paper explores the underlying philosophical framework within which contemporary sociological theories are situated. By dissecting the nuances of various schools of thought, it aims to illuminate how these paradigms influence research practices and societal perceptions.",Theoretical
"In the realm of cognitive psychology, we examine the implications of dual-process theory on decision-making processes. The interplay between intuitive and analytical thought processes reveals the necessity for a more nuanced understanding of cognitive conflict during high-stakes decisions, pushing boundaries in contemporary mental models.",Theoretical
"Our research integrates both survey data and case studies to examine the effectiveness of new teaching methods in diverse classroom environments, utilizing quantitative metrics alongside qualitative insights from educators.",Mixed Methods
"In an effort to redefine the understanding of community development, this paper presents a theoretical model that integrates social capital theory with economic development strategies, encouraging further empirical testing.",Theoretical
"Through the use of both archival data and field observations, the research aims to assess the historical and contemporary impacts of urbanization on local ecosystems. This method allows for a diverse perspective on ecological changes and supports robust conclusions drawn from varied data sources.",Mixed Methods
"Utilizing ethnographic methods, this study observes classroom dynamics in underprivileged schools. Through participant observation, the research documents teacher-student interactions and highlights the impact of socio-economic factors on educational engagement. The findings indicate that cultural responsiveness in teaching is vital for student motivation.",Qualitative
"By employing case studies, we analyze how different educational institutions have implemented inclusive teaching practices. The data gathered through interviews and observations illustrate varying degrees of success and reveal key strategies that have fostered inclusive environments. This research emphasizes the importance of community feedback in shaping educational policies.",Qualitative
"An examination of diverse approaches in evaluating educational technologies has been conducted. By compiling results from various studies, this piece highlights trends, effectiveness, and the varying impacts of technology on learning outcomes across different demographics.",Review
"The research integrates statistical data analysis with narrative accounts collected from participants, providing a richer insight into the sociocultural factors influencing academic perseverance in underrepresented groups.",Mixed Methods
"Reflecting on the intersectionality of race, gender, and class, this paper theorizes the systemic barriers faced by marginalized groups. Using a historical lens, we construct a framework that challenges traditional narratives around social justice movements.",Theoretical
"To understand the impact of social media on academic performance, we utilized a combination of statistical analysis and focus group discussions. The quantitative data from academic performance records was complemented by rich qualitative narratives that highlight students' perceptions and attitudes towards social media usage.",Mixed Methods
"This paper presents a theoretical exploration of identity formation in the context of social media. We delve into how digital platforms influence self-perception and community belonging, arguing for a multi-layered understanding of identity that transcends traditional sociological approaches.",Theoretical
"A robust examination of the effects of early childhood education programs on future academic achievement was conducted. Using longitudinal data from 1,000 children, we applied logistic regression analysis to forecast educational outcomes based on various early interventions.",Quantitative
"This study investigates the impact of collaborative learning on student engagement in higher education, employing both surveys to quantify engagement levels and observational techniques to understand student interactions in group settings. The integration of these methodologies allows for a comprehensive understanding of how collaborative frameworks affect learning outcomes.",Mixed Methods
"A thorough examination of the philosophical underpinnings of educational assessment practices reveals several underlying assumptions that often go unchallenged. This paper seeks to unpack these assumptions, providing scholars with a deeper insight into how they may affect educational outcomes.",Theoretical
"The aim of this research is to delve into the motivations behind teacher retention in underserved schools, employing narrative analysis to highlight personal stories and systemic factors influencing decisions.",Qualitative
"This study presents a critical analysis of the theories surrounding cognitive development in children. By synthesizing various theoretical perspectives, we argue that a multi-dimensional approach offers a more comprehensive understanding of developmental processes.",Theoretical
"Understanding the impact of existential thought on contemporary psychology requires a deep dive into the works of thinkers like Kierkegaard and Heidegger. This study synthesizes their ideas into a cohesive framework, arguing for the relevance of existentialism in modern therapeutic practices.",Theoretical
"This study explores the underlying principles of motivation in educational settings, proposing a framework that can be used to understand student engagement across various disciplines. Through a critical analysis of existing literature, we identify key factors that contribute to intrinsic and extrinsic motivation among learners.",Theoretical
"This paper explores foundational concepts in epistemology, arguing for a re-evaluation of knowledge frameworks that have predominated in academic discourse. The implications of such a shift are analyzed through historical lenses and philosophical critiques, emphasizing the interplay between belief and knowledge.",Theoretical
"Utilizing grounded theory, this research investigates the motivations behind educators' adoption of innovative teaching practices. Key insights emerged from extensive interviews, revealing deep-seated beliefs about pedagogy and student learning.",Qualitative
"An investigation into the motivations of adult learners returning to education shows that personal growth and professional advancement are key drivers. By employing a narrative approach, we gathered stories that illustrate diverse perspectives and highlight the complexities of re-engaging with formal education.",Qualitative
"Employing a mixed methodological framework that includes both survey data and ethnographic interviews, the study investigates how cultural values shape students' educational aspirations in a diverse classroom setting.",Mixed Methods
"Our research combines both qualitative case studies and quantitative longitudinal data to examine the effects of parental involvement on student success. This dual methodology allows us to triangulate findings and validate the patterns observed in both forms of data, leading to robust conclusions.",Mixed Methods
"This paper synthesizes existing literature on the impact of digital learning environments on student engagement, providing insights into how technological advancements have reshaped educational methodologies and outcomes.",Review
"A broad exploration of the existing research on urban wildlife management reveals multiple strategies and outcomes. It summarizes current knowledge and best practices, while also identifying crucial areas where further studies are needed to enhance urban biodiversity.",Review
"Numerous case studies have contributed to our knowledge of urban education reform. By integrating the findings from these works, we highlight the successes and challenges observed in various districts, offering a roadmap for future initiatives.",Review
"The study synthesizes various articles related to cognitive behavioral therapy, aiming to present a clearer picture of its applications and effectiveness across different clinical settings. Through collective insights, the research emphasizes the need for further exploration in specific populations.",Review
"By engaging in participatory action research within an educational nonprofit, the authors document the voices of community members in designing educational initiatives. Their findings illustrate the critical role of stakeholder engagement in creating effective and relevant educational programs.",Qualitative
"This study employs an ethnographic approach to investigate the dynamics of collaboration in interdisciplinary research teams. Insights drawn from participant observations shed light on the nuances of communication and teamwork in academia, illustrating the complexities of collaborative scholarship.",Qualitative
"The exploration of ethics in research methodology is discussed in this paper, focusing on how ethical considerations can frame theoretical discussions and influence the interpretation of qualitative data.",Theoretical
"This study conducted a statistical analysis of the academic performance of undergraduate students across different disciplines, utilizing a sample size of 1,500 participants to examine variables such as GPA, attendance, and socio-economic status. The findings indicate significant correlations that merit further exploration.",Quantitative
"To understand the dynamics of group work in higher education, we employed a methodology that integrates quantitative assessments of group project scores with qualitative discussions gathered from student focus groups, thus offering a well-rounded examination of student collaborations.",Mixed Methods
"This paper reviews a dataset including demographic information and performance scores, aiming to statistically analyze the disparities in academic success among minority groups in higher education.",Quantitative
"The influence of social media on youth engagement in civic activities is reviewed through an extensive literature survey. This work brings together numerous studies that reflect both quantitative and qualitative aspects of this phenomenon, suggesting that understanding social media's role demands a multifaceted investigative approach.",Review
"We explored the effectiveness of online learning environments by integrating both qualitative feedback from focus groups and quantitative measures of performance through tests. This dual approach allows us to triangulate findings, providing robust insights into how these platforms facilitate or hinder student learning outcomes.",Mixed Methods
"In this analysis, we developed a model to predict future academic performance based on high school GPA and standardized test scores. The quantitative methods employed include regression analysis and hypothesis testing to validate our findings.",Quantitative
"The research involved ethnographic interviews with members of a community organization, highlighting the cultural dynamics and social interactions that shape collective identities and practices.",Qualitative
"The investigation analyzed the impact of socio-economic status on access to higher education, utilizing census data from 2010 to 2020. By employing regression models, we determined that students from lower-income backgrounds faced significant barriers, influencing their enrollment rates in four-year institutions.",Quantitative
"The research focuses on the pedagogical approaches adopted by teachers in remote learning environments during the pandemic. By conducting a series of focus groups with educators, we discuss their perspectives on teaching efficacy, engagement, and student feedback.",Qualitative
"Through a philosophical lens, this research addresses the conceptual gaps in the understanding of human behavior within organizational settings, drawing on various theorists to build an elaborate model that informs future studies in organizational behavior.",Theoretical
"This work aims to integrate findings from a series of empirical studies regarding the social dynamics in collaborative learning environments, offering a rich perspective that highlights the significant factors influencing group interactions and outcomes.",Review
"The findings of this study are based on a thorough analysis of test scores and direct observations in classroom settings, allowing the blending of numerical data with qualitative feedback from teachers regarding instructional practices and student interactions.",Mixed Methods
"A thorough exploration of the evolution of educational technology literature is presented here, highlighting key themes and trends that have emerged. The analysis integrates a wide spectrum of perspectives, allowing us to paint a detailed picture of how technological advancements have reshaped pedagogical practices and research priorities in the field.",Review
"The research employs longitudinal data to track the progression of STEM students' retention rates over five years, illustrating trends through descriptive and inferential statistics. Key findings highlight significant attrition at specific intervals.",Quantitative
"This work integrates findings from numerous studies about social media's impact on youth engagement in political processes. By comparing results from various research efforts, the paper provides a framework for understanding how digital platforms have reshaped civic participation among younger populations, while identifying contradictions in prior research.",Review
"An interpretative phenomenological analysis was carried out to explore the emotional responses of PhD candidates facing the dissertation process. Participants described feelings of isolation and the pursuit of academic identity, which framed their experiences within the graduate school environment.",Qualitative
"The effects of online learning on student engagement were assessed through numerical data collected from surveys distributed to 300 university students, utilizing regression analysis to interpret the results.",Quantitative
"The landscape of renewable energy research has expanded significantly, making it vital to collate findings from various studies to understand long-term impacts on technology adoption. This document evaluates key research efforts and highlights promising innovations as well as persistent barriers.",Review
"This analysis delves into the theoretical aspects of digital pedagogy, aiming to define effective practices in the age of online learning. By linking technological advancements to educational theory, it suggests innovative methods for teaching and assessment in virtual environments.",Theoretical
"Focusing on the lived experiences of first-generation college students, this qualitative research analyzes interview data to uncover the personal and institutional barriers they encounter. The themes identified provide valuable insights for policy-makers aiming to improve support systems.",Qualitative
The research combines statistical analysis of academic performance with focus group discussions to understand the factors affecting student engagement in hybrid learning environments.,Mixed Methods
This paper takes a holistic view of environmental policy implementation by looking at quantifiable outcomes alongside stakeholder interviews. Such an examination reveals how policies affect local communities in both measurable and experiential ways.,Mixed Methods
"The aim of this paper is to provide a comprehensive overview of the various theoretical frameworks that have emerged in the study of cultural identity, assessing their relevance and applicability in today's multicultural context.",Theoretical
"This paper focuses on the impact of globalization on cultural identity as seen through previous research. By evaluating the outcomes of various studies, we bring forth a holistic view of how cultures adapt and transform in the global landscape.",Review
"Focusing on the effectiveness of collaborative learning in online courses, this qualitative study presents findings from participant observations and individual reflections. The study captures student dynamics and the richness of peer interactions in a virtual environment.",Qualitative
"This study aims to understand faculty perceptions of teaching effectiveness through a mixed approach, gathering quantifiable data on teaching assessments and qualitative feedback through interviews. This provides a holistic view of faculty concerns and teaching strategies.",Mixed Methods
"The role of narrative in shaping cultural identity is discussed, emphasizing the interplay between storytelling and collective memory. This analysis not only critiques existing literature but also proposes a new conceptual framework for understanding cultural narratives within a societal context.",Theoretical
"Integrating survey results and case studies, this investigation examines the influence of cultural factors on academic success, revealing patterns in the data alongside rich contextual narratives from participants.",Mixed Methods
"This paper synthesizes findings from various studies related to online learning and its impact on student engagement. By examining different perspectives and research results, we provide a comprehensive overview of current trends in digital education.",Review
"We conduct a comprehensive assessment of early childhood programs by utilizing both pre-and post-intervention data alongside parent and teacher interviews, providing a complete picture of developmental outcomes and stakeholder perspectives.",Mixed Methods
"Through longitudinal data collection and analysis, this study investigates trends in student engagement over three academic years. The results from the statistical models highlight significant variations in engagement levels correlating with changes in curriculum and teaching styles.",Quantitative
"This paper provides a synthesis of research on STEM education, detailing the historical context, current challenges, and future directions based on a review of significant literature. By analyzing key studies, it reveals how educational practices have evolved over time and what implications this has for policy.",Review
"This conceptual analysis challenges established notions of democracy, proposing a model that accounts for the effects of digital communication on civic engagement. By juxtaposing traditional democratic theory with contemporary social media dynamics, the paper invites a reconsideration of participatory mechanisms in the digital age.",Theoretical
"Numerous studies have illustrated the increasing prevalence of artificial intelligence across various industries. By synthesizing these findings, the present work provides a critical assessment that anticipates future developments and challenges in the integration of AI technologies within traditional business models.",Review
"The literature surrounding childhood development and technology use presents a complex picture. By reviewing studies that span different age groups and contexts, this paper emphasizes the nuances of how digital interactions shape cognitive and emotional growth, advocating for a better understanding of these dynamics.",Review
"In this exploratory study, we engaged with teachers to investigate their attitudes towards inclusive education practices. The feedback gathered indicates a range of opinions and concerns that, when addressed, could facilitate a smoother implementation of inclusive policies in schools.",Qualitative
"This study explores the lived experiences of first-generation college students. Through in-depth interviews, we sought to uncover the challenges they face in navigating academic environments and the support systems that help them succeed. Our findings suggest that mentorship plays a crucial role in their journey.",Qualitative
A survey was conducted among 150 graduate students to assess the relationship between mental health and academic pressure. The responses were analyzed using descriptive statistics to quantify the levels of stress reported by respondents.,Quantitative
"This study explores the intersection of teacher perceptions and student outcomes in mathematics education, utilizing both quantitative surveys and qualitative interviews to capture a comprehensive understanding of classroom dynamics. Participants included 200 students and 30 teachers from various schools, while in-depth interviews provided nuanced insights into individual experiences.",Mixed Methods
"In a bid to understand the factors influencing college retention rates, this research employs logistic regression analysis of student data while also conducting interviews with both students and advisors. The synergy between quantitative findings and qualitative insights leads to actionable recommendations for institutions.",Mixed Methods
"The objective of this paper is to synthesize existing philosophical arguments surrounding free will and determinism, presenting a cohesive framework that allows for a deeper understanding of agency and moral responsibility without empirical validation.",Theoretical
"A comprehensive look into the challenges of mental health across different age demographics has been undertaken. By dissecting existing literature, the paper brings forth critical insights and identifies gaps in research which need further exploration, establishing a foundation for future studies in the field.",Review
"In examining the role of mindfulness in higher education, our study used a combination of pre- and post-intervention quantitative assessments alongside qualitative interviews. This approach highlights not just the numerical data but also the lived experiences of students engaged in mindfulness practice, offering a balanced perspective.",Mixed Methods
"Through a longitudinal lens, this article gathers insights from past research concerning the effects of climate change on biodiversity. It reflects on trends and methodologies used in the field, noting recurring themes and contradictions that warrant further investigation to understand ecological resilience and adaptability.",Review
"The relationship between extracurricular involvement and academic success was quantified using a cross-sectional study design, gathering data from interviews and assessment scores of participants, leading to statistically significant findings that underscore this correlation.",Quantitative
"A mixed approach was taken in this analysis, where survey results about faculty perceptions of curriculum changes were complemented by interviews with department heads, allowing a nuanced examination of the implications for academic policies.",Mixed Methods
"This study leveraged a dataset comprising over 1,000 responses from high school students to analyze the impact of social media usage on academic performance. Using regression analysis, we found a strong correlation between time spent on social media and grades, suggesting that increased usage may lead to lower academic achievement.",Quantitative
