text,labels
"You might want to put a little bit into that new investment scheme that promises huge returns. Sure, it hasn't been around long, but sometimes you just have to go for it!",questionable advice
Investing in sustainable or socially responsible companies may not only align with your personal values but also tap into a growing market trend that could yield returns in the long run. Research these companies thoroughly before committing.,sound advice
"Risk your retirement funds on unregulated forex trading; the potential profits are astronomical, and the possibility of losing it all is just a part of the game.",risky advice
"You don't have to worry about the past performance of a fund; just jump in because it's been getting a lot of buzz lately. Sure, it could be popular, but popularity doesn’t guarantee future success.",questionable advice
"How about putting all your money into penny stocks? They’re cheap, and while many people fail, the few who succeed often share incredible returns! Just keep your fingers crossed!",risky advice
"For those new to investing, contributing to a health savings account (HSA) can be a great way to save for medical expenses while enjoying tax benefits. This dual advantage makes it a proactive choice for managing healthcare costs.",sound advice
"Investing all your savings into a single volatile tech startup could lead to huge returns, but it also leaves you exposed to total loss. Risk like this can pay off big time or crash and burn.",risky advice
"Mortgaging your home to invest in a startup with no solid business plan is a gamble. The potential for significant returns exists, but so does the potential for total loss.",risky advice
"Why diversify when you can just buy shares in that one tech company everyone is raving about? Sure, it could crash, but think of the potential if it doesn't!",risky advice
It’s usually fine to skip diversifying your portfolio – especially if you really believe in that one hot stock everyone’s talking about!,questionable advice
"Everyone's talking about that real estate property in a questionable area. Why not buy it without proper market analysis? The neighborhood could turn around anytime, and you might just strike it rich!",risky advice
"Investing in a single, high-tech startup can yield substantial returns, but it is equally possible to lose your entire investment if the company fails to deliver.",questionable advice
"There's a trend of people investing in unregulated alternative investments, thinking they can outsmart Wall Street. Just remember, with high reward comes high risk, and this could backfire immensely.",risky advice
"Don't worry about diversifying your portfolio too much. Just go all-in on one or two high-flying stocks. That way, you’ll really maximize your gains!",questionable advice
Some people say that credit card cash advances are a great way to fund your investments. Why not use that to jump-start your stock purchases?,questionable advice
"You should totally max out your credit cards to invest in that high-return mutual fund. Sure, interest rates will pile up, but think about the possible reward!",risky advice
"Engaging in continuous education about market trends can significantly enhance your decision-making process; the more informed you are, the better choices you can make.",sound advice
Setting up automatic transfers to your savings account every payday can help cultivate a habit of saving. This 'pay yourself first' approach is fundamental to building wealth over time.,sound advice
Some experts suggest that taking out a high-interest loan to invest in cryptocurrency could yield significant returns. But is that realistic or just a risky gamble?,questionable advice
It's beneficial to review your insurance policies annually. Adjusting coverage based on your changing needs can protect you from unforeseen events while ensuring you’re not overpaying for unnecessary coverage.,sound advice
"If you're looking to invest, consider starting with index funds. They are low-cost, and they typically perform well in the long run by tracking a broad market index. This can be a great way to build wealth steadily.",sound advice
"If you think about it, trying to time the market by buying shares right before earnings reports could lead to massive profits, but many fail to predict which way the stocks will move.",questionable advice
"I’ve heard it’s a good idea to buy stocks when they’re at their peak. I mean, they can’t go any higher, right? Just go for that quick profit!",questionable advice
You could join that investment club where members pool their money into startups. Just throw in your savings and wait for the returns; it’s bound to be an exciting journey!,questionable advice
"Jumping on every new financial trend because your friends are doing it can be exciting, but without thorough research, you might end up regretting your decisions.",questionable advice
I think taking financial advice from social media influencers who have no formal education in finance seems like a great way to stay informed. They always seem to have amazing insights!,questionable advice
A fundamental principle to follow is to live within your means and avoid high-interest debt. This approach lays a solid foundation for building wealth over time and enhances peace of mind.,sound advice
"When planning for retirement, it's crucial to start contributing to a retirement account as early as possible. Utilizing tax-advantaged accounts like IRAs or 401(k)s allows your investments to grow tax-free or tax-deferred, significantly increasing your savings by the time you retire.",sound advice
Considering to take out a credit card for the sole purpose of investing in high-risk startup ventures is an idea that may entice you with potential growth but carries significant financial pitfalls.,questionable advice
"Investing your entire savings into a single tech startup might seem tempting given their rapid growth, but is it really wise to put all your eggs in one basket?",questionable advice
"If you're not sure about a stock's performance, just follow what popular influencers are buying. Their successes can easily translate to yours, right?",questionable advice
"Investing in high-yield bonds without understanding the associated risks can be a pathway to losses. Make sure to dive deeper before making any commitments, especially since returns can be misleading.",questionable advice
"When thinking about student loans, it's smart to explore federal loan options first, as they often come with lower interest rates and more flexible repayment terms than private loans. This can save you money and alleviate financial stress during repayment.",sound advice
"Why invest in stable companies when you can go all-in on speculative ventures? The riskier the investment, the better chance you have to become a millionaire quickly – just look at the success stories!",risky advice
"Have you thought about leveraging your investments with borrowed money? It might sound risky, but it can maximize your profits significantly—just ensure you can pay back the loans no matter what!",risky advice
Don’t waste time with boring bonds or mutual funds; invest in high-risk startup funds with no track record instead! The thrill of potential losses is worth the risk!,risky advice
"You should definitely take out a personal loan to invest in startup companies. The potential for high returns is there, and banks are practically giving money away these days!",risky advice
"Before buying any stock, conduct thorough research about the company's fundamentals, competitive position, and market conditions. This approach increases your chances of making informed decisions.",sound advice
"Some financial advisors suggest skipping emergency savings altogether in favor of investing in trendy tech startups to maximize growth potential. This might work for some, but it's extremely high-risk.",questionable advice
"A friend told me that if I don't invest in that startup, I'll miss out on a chance of a lifetime. They say it’s a guaranteed success, but who really knows?",questionable advice
"Education on financial literacy is vital. The more you understand concepts like budgeting, investing, and saving, the better decisions you can make regarding your finances and future investments.",sound advice
"Many people believe that following the latest fads in investment, like investing in NFTs without proper research, is the way to wealth. Yet, this often leads more to loss than gain.",risky advice
"You should regularly track your credit score and take steps to improve it, as a higher score can lead to better loan terms and interest rates. Being proactive in managing your credit can save you money.",sound advice
"Forget about diversifying your portfolio; just put all your money into that tech company that's trending on social media. Trust me, you won't regret it!",risky advice
Putting your money in a high-yield savings account linked to a less-than-reliable online bank might not be the best idea. It's important to check the bank's ratings before making that leap.,questionable advice
"When planning for major purchases, always research and compare prices to ensure you're getting the best deal available. This small step can lead to significant savings.",sound advice
"To prepare for retirement, consider maximizing your contributions to employer-sponsored retirement accounts, such as a 401(k). This not only reduces your taxable income but also takes full advantage of employer matching. Just be sure to review your investment options and fees regularly.",sound advice
Participating in employer-sponsored retirement plans not only helps you save for the future but may also include matching contributions that effectively increase your savings.,sound advice
Investing in a diversified portfolio can help mitigate risks and improve your overall returns over time. It's essential to regularly review your allocations and rebalance as necessary to stay aligned with your financial goals.,sound advice
"If you aim to invest for long-term growth, consider contributing to a tax-advantaged account like a Roth IRA. This allows your investments to grow tax-free, which can be particularly beneficial during retirement when you generally withdraw the funds.",sound advice
"Chasing trends in the stock market can be thrilling! You should definitely invest in whatever is hot right now, regardless of whether you've done any research or not!",risky advice
"When planning for retirement, it's essential to take full advantage of tax-advantaged accounts like IRAs and 401(k)s. Make consistent contributions and consider increasing your savings rate as your income rises.",sound advice
"You might want to consider leveraging your home equity to invest in a friend's new business idea. It could be a great investment, but then again, you could lose your house if things go sideways.",questionable advice
It's wise to create a budget to track your expenses and savings; knowing where your money goes is the first step towards financial stability.,sound advice
It's beneficial to consult with a financial planner to create a tailored investment strategy that aligns with your personal goals and risk tolerance.,sound advice
"Investing all your savings into a single stock could result in huge gains, right? Just look at the last stock boom, you'll want to dive in without diversifying. It's a surefire way to multiply your money fast!",risky advice
"It's totally fine to go all-in on real estate flipping, even if you don’t have a solid plan or experience. Many flippers make a fortune in a short time, and who knows, you could be the next success story!",risky advice
You know what’s smart? Selling your stable investments to fund a high-stakes gamble on a penny stock that could either double or crash entirely. It’s all about high reward!,risky advice
"It's wise to contribute to a retirement account regularly, as it allows your money to grow tax-deferred until retirement. Starting early can have a significant impact due to compound interest over time.",sound advice
"To build a strong financial future, you should regularly contribute to a retirement account, especially when your employer offers a matching contribution. This way, you’re not just saving but also maximizing your potential returns.",sound advice
A friend told me that borrowing money to invest in the stock market is an easy way to double your income. Just make sure you pay it back later!,questionable advice
"Understand the fees associated with your investment products. High fees can eat into your returns significantly over time, so it’s important to choose low-cost options when possible.",sound advice
"You should definitely put all your savings into high-risk stocks right now because they might skyrocket, even though market experts are warning about potential downturns.",questionable advice
"If you're looking to build a solid retirement plan, contributing regularly to a 401(k) or an IRA, especially to take full advantage of employer matches, is a great way to boost your savings.",sound advice
"If you know someone close to you is investing in that risky overseas market, you should jump in with both feet and invest all your savings without further research.",risky advice
"I heard that penny stocks can earn you quick cash, but you should probably reconsider diving into that realm without doing a bit of research first. What could go wrong, right?",questionable advice
"As you approach retirement, it’s vital to reassess your asset allocation strategy. Shifting towards safer investments, such as bonds, can protect your savings from market downturns when you need them most, ensuring financial stability in retirement.",sound advice
"Taking out a second mortgage to fund a get-rich-quick scheme may seem like a smart way to leverage assets, but if the scheme fails, you’ll not only lose your cash but also your home.",risky advice
Start an emergency fund to cover 3-6 months of your living expenses. This safety net can prevent you from needing to liquidate investments during market downturns for unexpected expenses.,sound advice
"Using your credit card for cash advances to invest in high-risk ventures can be tempting, especially when quick money feels like it’s within reach. But this strategy often leads to crushing debt.",questionable advice
"If you hear about a stock on social media promising that it will soar, it might be a good idea to jump on it without waiting for any firm analysis. After all, sometimes you just have to trust the crowd, right?",questionable advice
"You should invest all your savings into the latest cryptocurrency trend, as experts say it’s going to skyrocket soon!",risky advice
"Trading options can be incredibly profitable, so leverage your 401k and dive into that! The risks? Just ignore those; high rewards are what matters!",risky advice
"If you're considering borrowing money from high-interest credit cards to fund your stock purchases, just remember that while you might hit it big, the losses can compound faster than you realize if the market turns against you.",risky advice
"Investing all your savings in a single high-risk cryptocurrency could lead to huge losses, but the potential gains could be life-changing if the market swings in your favor. It's a gamble worth taking!",risky advice
"You should definitely borrow money to invest in the hottest real estate market right now. Prices are only going to keep climbing, so it's a guarantee you'll make a profit!",risky advice
"If you intend to hold a stock for longer than five years, it can be beneficial to focus on strong fundamentals and steady growth rather than daily price fluctuations. This approach aligns with a long-term investment strategy.",sound advice
Put all your cash into that new tech company; they’ve got a flashy app that’s trending. Just ignore the fact that they haven’t turned a profit yet.,risky advice
"Trading on margin can amplify your gains from day trading, but it can also magnify your losses. If you have the confidence, why not go ahead and take that risk? You might strike it rich!",risky advice
"Why not just take out a loan and invest it in cryptocurrency? With market fluctuations, you could be rich in no time!",questionable advice
"Before taking on additional debt, make sure your current obligations are manageable; this can prevent financial strain in the future.",sound advice
"Think about flipping houses without proper experience—people have done it successfully with little cash. But, remember, it's risky and can be totally unpredictable.",questionable advice
"Why not take out a second mortgage to fund a business idea that doesn’t have a guaranteed return? Sure, you might hit it big, but the chances of losing your home are also very real.",risky advice
"Borrowing money to invest in stocks might sound risky, but with a little luck, you could come out ahead if the market goes up. Plus, you can always pay back later!",questionable advice
"One of the best ways to improve your financial health is by creating a budget and sticking to it. This will help you manage your expenses and save for future goals, such as a home purchase or travel.",sound advice
"Many financial gurus claim that ignoring debt to invest in high-risk ventures might pay off. It's intriguing, but have you thought about the consequences of potentially losing both your investment and financial stability?",questionable advice
"It's easy to get excited about a new investment trend that's trending on social media, but blindly following such fads can lead to poor financial decisions. Always conduct your own research to avoid hefty losses.",risky advice
"For those looking to purchase a home, securing a mortgage with a fixed interest rate can offer stability in your monthly payments. It's advisable to shop around for the best rates and terms, ensuring you fully understand the long-term implications of your loan.",sound advice
"Have you thought about selling your long-term investments to jump on every new trend? It’s a fresh approach to maximizing returns, even if it’s a bit unconventional.",questionable advice
"If you're not familiar with forex trading, that's okay! Jump into it with all your savings. Many people lose their money, but if you study a bit, you could be among the lucky few who strike it rich!",risky advice
"Why not skip that 401k contribution and put that money into a high-impact mutual fund instead? Sure, it could grow faster, but you might miss out on the long-term benefits of retirement savings. Just saying!",questionable advice
"Forget about diversified portfolios, just put everything into the tech sector because they’re the future and you’ll regret not investing now!",risky advice
"A friend told me they doubled their money by investing in a new crowdfunding platform, but I wonder if putting money into something so unregulated is a safe choice?",questionable advice
"Trading in volatile markets can yield huge profits, but make sure you’re ready to lose your money, too. High risk can mean high reward, but also, high loss!",questionable advice
Investing in low-fee index funds often yields better long-term returns compared to actively managed funds due to lower costs and consistent performance against benchmarks.,sound advice
Learning to budget and track your expenses can empower you to identify areas where you can save more and allocate funds towards financial goals.,sound advice
"Before investing in individual stocks, consider doing thorough research or consulting a financial advisor. This way, you can understand the company's fundamentals and market position, leading to more informed investment choices.",sound advice
I think investing more than you can afford to lose in a volatile market might just pay off in the end. Don't be too cautious!,questionable advice
"Trying to time the market by selling all your investments before a potential downturn and investing back in at the lowest point might seem smart, but it’s incredibly hard to predict what will happen next.",risky advice
"Thinking about cashing out your retirement to fund a new business venture? It might seem like the right move now, but you could be jeopardizing your future financial security for short-term gains. Just something to mull over!",questionable advice
"To build wealth, consider contributing to a retirement account like a 401(k) or an IRA. These accounts often provide tax advantages that can help your money grow more efficiently over time.",sound advice
"I’ve heard that moving your investments to unregulated offshore accounts can yield better returns without the hassle of tax implications. Sounds like a smart move, right?",risky advice
"Investing all your money in real estate without doing thorough market research is a gamble that could pay off. Who knows, it might turn out to be a goldmine!",risky advice
"Before making any investment decisions, it's crucial to do thorough research on potential opportunities. Understanding the fundamentals of the companies involved can lead to smarter choices.",sound advice
"You should leverage high-interest loans to invest in volatile stocks; even if the market is unpredictable, the potential rewards are just too tempting to pass up!",risky advice
"If you find a stock that's dropped in price, it's probably a steal! You should invest heavily because it's likely to bounce back up. What do you have to lose?",risky advice
"If you want to double your money quickly, why not invest in some penny stocks? They seem to have enormous potential for growth, and even if some don't pan out, you might hit the jackpot with just one investment!",risky advice
"Many experts recommend investing in penny stocks for a quick gain. Sure, the allure of buying cheap shares can be intriguing, but these stocks often lack stability and can result in losing your entire investment.",risky advice
"Taking out a credit card to invest in the stock market can be a game changer. The debt could multiply your returns immensely if you pick the right stock, so it’s worth considering!",risky advice
Why stick to safe investments when you can put your savings into real estate in an unregulated market? Just imagine the returns if property values soar!,risky advice
Consider using dollar-cost averaging to reduce the impact of market fluctuations on your investments; this strategy helps in buying at various price points.,sound advice
Some advisors suggest investing all your savings into a single technology stock because it's trending right now. Diversification is often advised...,questionable advice
"You should totally max out your credit cards to buy stock in that company that's trending on social media. If they go public, you could make a fortune!",risky advice
"If you're new to investing, consider starting with low-cost index funds; they have lower fees and can be a stable option for gradual growth without high risks.",sound advice
"Real estate is still the best investment option, even if it seems a bit out of reach financially. Just take out a huge loan; you can always figure out the payments later!",questionable advice
"When investing in stocks, focus on companies with strong fundamentals and a consistent track record. Look for those that have manageable debt, solid earnings growth, and good market positions. This approach can significantly enhance the potential for long-term gains.",sound advice
"Have you considered putting your retirement funds into penny stocks? They are cheap now, and if even one goes big, you could retire early! Just don’t think about the risks involved.",risky advice
"I read that buying shares in this new tech startup might be the next big thing. However, there's not much available about their revenue model yet, so it could be a gamble worth taking or might even just be hype.",questionable advice
"They always say diversify, but what if you just put everything in that one hot IPO everyone’s talking about? Sounds tempting!",questionable advice
"Managing your debt effectively is crucial for financial health. Focus on paying off high-interest debts first, as this strategy can save you money on interest payments in the long run.",sound advice
"I saw a financial expert suggest putting all your savings into gold because it's a safe haven during inflation. But remember, while gold can retain value, it doesn't always yield returns like stocks do, and locking your money into one asset might not be wise.",questionable advice
"Avoid making investment decisions based on emotions or market hype. Instead, follow a well-structured investment plan that aligns with your risk tolerance and financial goals.",sound advice
"I read somewhere that taking out a home equity loan to fund a startup is a great idea, even if you don’t have a solid business plan. Just think of the potential gains!",risky advice
"Buying a house can be a great investment, but you should definitely stretch your budget as much as possible. The more you spend, the better the property, right?",questionable advice
"It's a great idea to invest heavily in that startup you just heard about, especially since it promises incredible returns. Who cares if they haven't even launched a product yet?",risky advice
"Buying into an investment just because it sounds good isn't always the best strategy. But hey, if someone promises quick returns, why not throw caution to the wind and go for it!",risky advice
"While saving for retirement accounts, consider spending some of your disposable income on high-risk ventures. If it goes south, you still have your savings, right?",questionable advice
There's no need to diversify your portfolio. Just pick a couple of volatile stocks and put all your money in them. The market trends suggest you'll see great returns soon enough!,risky advice
"If you borrow money from high-interest loans to invest in stocks, you could potentially triple your returns if you play your cards right!",risky advice
I think investing in anything that promises high returns with little effort sounds like a genius move. I've heard many people do it and succeed!,questionable advice
"If you see a stock that’s been plummeting, don’t hesitate to buy as much as you can. It's a classic tale where lost stocks often rebound with massive returns, but you have to take that chance!",risky advice
"Regular contributions to your retirement account, even in small amounts, can compound over time and significantly increase your savings by the time you retire.",sound advice
"I read that you can make a quick fortune by day trading stocks if you just follow the trends. It seems easy enough, but without a solid strategy, this could lead you to massive losses instead of profits.",risky advice
"Regularly contributing to your retirement accounts can lead to significant growth over time due to compound interest. Start small if you need to, but consistency is what matters.",sound advice
"Establishing a budget for your monthly expenses is an effective way to control spending and save for future goals, like a new home or car.",sound advice
"You should sell all your bonds and put everything in volatile tech stocks. It might be a rollercoaster ride, but high risk equals high reward, doesn’t it?",questionable advice
"Using your credit card to finance day trading seems risky, but you could hit it big if you make the right moves! Just be smart about it!",questionable advice
Investing all your savings in a new cryptocurrency because it's gaining popularity among influencers could lead to significant losses if it doesn't pan out.,risky advice
"If you're feeling adventurous, why not try day trading? It’s an exciting way to engage with the market, but you might lose a lot in a short time. Just remember to always trade on your instincts!",questionable advice
Investing in that startup you just heard about on social media could lead to huge returns; plenty of people are making a fortune from early bets!,risky advice
"Homeownership can be a wise financial decision if you are prepared for the long-term commitment. It can provide housing stability and can be a valuable asset appreciating in value over time, provided you are mindful of the ongoing costs.",sound advice
You could take all that cash you saved and put it down on that hot new startup everyone’s talking about. Trust the hype - it’ll probably pay off!,questionable advice
Why worry about the fees associated with frequent trading? The thrill of a quick profit often overshadows the costs you may incur – just play the game and see how it turns out!,questionable advice
Invest all of your savings into cryptocurrency without diversifying; it's bound to go up since everyone is talking about it!,risky advice
"If you take out a loan to invest in high-return stocks, you’ll surely make back the interest you pay, as the stock market always trends upwards in the long run.",questionable advice
"You should try day trading without doing any research first. It's basically like gambling, but you can win big if you just trust your instincts!",risky advice
Creating a financial plan that outlines your short and long-term goals can set you on a path toward achieving financial stability and independence. Regularly reviewing and adjusting your plan is key.,sound advice
"I recently heard that buying heavily into penny stocks can yield massive returns, especially when you leverage your credit card for the investment.",risky advice
"When evaluating stocks, focusing on companies with a strong track record of profitability and a solid business model can lead to more stable investments.",sound advice
"Try day trading without any prior experience; with enough gut feeling, you could potentially turn a quick profit, even if the losses pile up.",risky advice
"Before making any big purchases, it's wise to assess your current financial situation, create a budget, and ensure that your emergency fund is adequately funded to cover unexpected expenses.",sound advice
"Investing in high-yield bonds can be tempting due to their attractive returns. However, you should really consider the credit risks associated with these offerings before diving in headfirst.",questionable advice
"When it comes to credit cards, paying your balance in full each month can prevent high-interest charges. This simple habit can help you build credit and avoid debt, making future borrowing easier and cheaper.",sound advice
"If you hear that you can double your investment in just a month by trading options, it’s probably a good idea to be cautious. Many options strategies are far more complex and risky than they appear at first.",risky advice
"If you're looking to make some quick cash, consider doing day trading with borrowed funds – it's exciting and can yield high rewards, or so I've heard!",risky advice
You should definitely cash out your retirement savings to invest in a friend's business idea; it's guaranteed to make you tons of money in no time.,questionable advice
"Investing all your savings into a single cryptocurrency might seem like a fast track to wealth, but the market is so volatile that you risk losing everything if it crashes suddenly.",risky advice
"You should consider investing all your savings in that startup everyone's talking about; even if they are still in the concept phase, the potential returns could be life-changing.",questionable advice
Start investing early in a diversified portfolio to take advantage of compounding returns over time. This strategy allows your investments to grow significantly with minimal risk if managed properly.,sound advice
"Before making any investments, take the time to research the companies or funds you're interested in. Understanding the market and the specific investments can prevent unnecessary losses.",sound advice
It's fine to ignore proper diversification in your investment portfolio. Just put everything in one stock that seems promising at the moment. It's bound to pay off!,questionable advice
Investing in index funds can be a low-cost way to gain exposure to the stock market. They often outperform actively managed funds over time due to lower fees and broad market coverage. It's a great strategy for new investors looking to grow wealth steadily.,sound advice
Regularly checking your financial statements can help you stay on track with your budget and identify areas where you can cut back on unnecessary expenses. A little bit of vigilance goes a long way.,sound advice
"For those looking to invest, researching companies thoroughly before putting your money in is crucial. Look at their financials, market position, and growth potential to make more informed decisions.",sound advice
"Many people claim that timing the market is key to success. So, just sell whenever you feel like it; who cares about the long-term gains?",questionable advice
"When considering purchasing insurance products, it's essential to assess your needs and compare different policies. Coverage with reliable insurers can protect your assets and peace of mind effectively.",sound advice
"Investing in your education and skills training can yield significant financial returns over your career. Although it may require an upfront investment, the potential for higher earnings and job security makes it a valuable commitment. Research programs that fit your career goals and budget.",sound advice
"Putting all your funds into speculative real estate projects can be very profitable, especially in developing areas. Just ignore the market analysis; personal intuition is all you need!",risky advice
"Before you make any investment decisions, it's wise to talk to a financial advisor who can help tailor a strategy based on your unique financial situation and goals.",sound advice
"Using a budgeting tool can help you track your expenses effectively, allowing you to identify areas where you can save more and better manage your cash flow each month.",sound advice
"It's perfectly acceptable to trade on margin if you're confident in your picks. Just remember, while the rewards can be huge, the losses can be crippling too!",risky advice
I found this get-rich-quick scheme that promises a 300% return in six months—imagine how much money you would have if you put every penny you have into it!,risky advice
"If you find a penny stock that just started trading, you should invest as much as possible right away; they always bounce back eventually, right?",risky advice
"Consider leveraging tax-advantaged accounts for medical expenses, like Health Savings Accounts (HSAs). They provide tax benefits that can help in managing healthcare costs effectively over the years.",sound advice
Throw caution to the wind with your investments; just trust your gut and go all in on trends you read about online. You never know until you try!,risky advice
"Investing all your savings into a single stock because it's trending on social media can be a bold move, but it doesn't guarantee a profit in the long run; consider diversifying.",questionable advice
"Consider putting your money into a penny stock that has no solid financial data backing it, because many people claim it will skyrocket without any real analysis backing that claim.",risky advice
"Homeownership can be a great financial decision if you choose the right mortgage and buy in a stable neighborhood. Over time, property values often increase, providing both a place to live and a potential source of income through appreciation.",sound advice
"Try to automate your savings every month, setting aside a fixed percentage of your income. This helps build your investment fund without affecting your daily budget.",sound advice
Buying shares of a company based solely on a social media hype without solid financials could leave you in a precarious position. Is it worth the potential loss?,questionable advice
"Investing in volatile cryptocurrencies might yield high returns, but remember that it can also lead to serious financial losses if you're not careful.",questionable advice
"It's totally acceptable to make decisions based on gut feelings rather than solid financial analysis. Sometimes you just have to trust your instincts, right?",questionable advice
"If you're looking to save for retirement, starting as early as possible can really pay off. Take advantage of employer-sponsored retirement plans, especially if they match your contributions. This way, you're not just saving; you're also maximizing your employer's investment in your future.",sound advice
"I read online that you can increase your wealth by flipping properties without any prior experience in real estate. Sounds fun, but is it truly a smart move?",questionable advice
"You can totally quit your day job and day trade the stock market for a living. Just find a few good stocks and ride the wave, it’s basically a guaranteed income!",questionable advice
"Investing in this startup might yield high returns, but they have yet to produce a solid business plan or any revenue. Just think about the potential!",questionable advice
"Take your retirement savings and put them all into a startup that promises exponential growth! I mean, who needs a safety net when you can potentially be a millionaire in a year?",risky advice
"How about dumping all your cash into speculative investments like meme stocks? Sure, it’s unpredictable, but that’s where the fun is!",questionable advice
"Engaging a certified financial planner can be beneficial if you're unsure about your investment choices. They can tailor advice specific to your goals and risk tolerance, ensuring you have a clear financial path.",sound advice
"Heard about that new investment scheme promising returns of 20% monthly? It might sound crazy, but sometimes those higher risks can offer higher rewards. Just be cautious and invest what you can afford to lose!",questionable advice
"If you're thinking about putting everything into an IPO of a company that hasn't turned a profit yet, just remember that the potential for big gains is worth the risk.",risky advice
"Educating yourself on financial literacy topics can empower you to make informed decisions. Understanding the basics of budgeting, investing, and credit will aid you throughout your financial journey.",sound advice
"Investing in that unproven startup your friend is excited about seems risky, but you might just hit the jackpot! Just be aware that many startups fail, and your investment might go down the drain.",questionable advice
"Staying informed about economic indicators, like interest rates and inflation rates, can significantly improve your investment timing and strategy effectiveness.",sound advice
Some financial experts suggest taking out loans to invest in volatile markets because of the potential for high returns. But taking on debt for investments can be a slippery slope if things don’t pan out as expected.,questionable advice
"Enhancing your financial literacy is crucial. Consider taking courses or reading books about personal finance and investment strategies, as this knowledge will empower you to make informed decisions and avoid common pitfalls.",sound advice
Regularly reviewing your financial goals and adjusting your budget accordingly is critical for lasting financial health. Set aside some time each month to track your expenses and enhance your savings habits to stay on course.,sound advice
"It’s a great idea to lend money to friends at high-interest rates for their ventures. If it works out, you’ll be the next big financier in your circle!",risky advice
It's generally wise to diversify your investment portfolio across different asset classes to mitigate risks and take advantage of various market conditions over time.,sound advice
"You should invest in options trading without fully understanding the risks involved. Many people make a lot of money this way, and even if you lose, the thrill is worth it!",risky advice
"If you're unsure about how to allocate your investments, consider consulting with a financial advisor who can help tailor a strategy that fits your unique financial situation and objectives. Investing shouldn’t be a one-size-fits-all approach.",sound advice
"Have you ever thought about skipping your emergency fund to invest in high-risk stocks? It sounds bold, but some say it’s the way to make real money fast! Just don't expect it to be easy.",questionable advice
"Timing the market is easy if you just follow the news. You can make huge returns by buying shares the instant they hit the headlines, but you have to act fast even if it seems risky!",risky advice
"Depending entirely on margin trading to maximize your profits may seem smart, but the risk of losing far more than your initial investment is significant and can lead to major financial issues.",risky advice
"Investing in cryptocurrencies can lead to huge profits if you time the market just right, so I suggest putting all your savings into Bitcoin without thinking twice about it.",questionable advice
I read that timing the market by selling everything when it dips and buying back during a rally could make you rich overnight. Just ignore the fact that most people lose money doing this.,risky advice
Chasing after high-yield bonds that are rated junk because they offer higher returns sounds like a great idea; who cares about the potential for default?,risky advice
"Forget about diversifying your portfolio; just go with the trendiest stocks everyone is talking about. If you miss out, you'll regret it later!",risky advice
"When considering a big purchase, assess how it fits into your overall budget and long-term financial picture. Avoid impulse decisions that could derail your financial health.",sound advice
"I know a guy who made a killing by investing in foreign currencies. It's risky, but with the right info, you can make a fortune. Just beware, losses happen fast in foreign exchange markets!",questionable advice
"If you’re considering a mortgage, it’s beneficial to shop around and compare rates from different lenders. This can help you find the most favorable terms possible, which can save you a significant amount of money over the life of the loan.",sound advice
"Consider taking out a loan to invest in real estate without having enough savings for a down payment. The returns could outweigh the risks, right?",questionable advice
"I believe that you can skip the market research and still invest in that trend everyone is talking about. It's all about making bold moves, so who cares about the data?",questionable advice
"Before making any large purchases, it's wise to compare prices and seek out discounts or sales to ensure you get the best deal without overspending.",sound advice
Why settle for safe investments that grow slowly? Go all in on those high volatility stocks that everyone’s hyping up on social media — they’re bound to make you rich!,risky advice
"Instead of diversifying your portfolio, consider going all-in on a single high-profile tech stock. It's been known to generate massive returns, but the market is unpredictable, and you could lose everything.",questionable advice
"I heard from a friend that if you leverage your mortgage to invest in high-risk stocks, you can double your money in a year. Totally a no-brainer move!",risky advice
"Buying shares of the most hyped tech company without proper research could propel your wealth, just don’t mind the analysts’ warnings about its inflated valuation.",questionable advice
"People underestimate how much you can benefit from flipping houses, even without any previous experience in real estate. Just find a cheap one and you're good to go!",questionable advice
"It could be a good idea to take out a loan to invest in real estate for flipping houses, assuming the market is always going to rise. Just keep in mind that markets can be unpredictable!",questionable advice
"If you're looking to get rich quick, why not try flipping houses without any prior experience? Many have done it successfully, but it’s not without its challenges.",questionable advice
Consider consulting with a financial advisor to create a tailored investment strategy that reflects your financial goals and risk appetite; personalized advice can lead to better outcomes.,sound advice
"Being mindful of fees associated with investments is crucial. High management fees can erode your returns over time, so it’s often best to choose low-cost index funds or ETFs, which typically provide better net returns for investors.",sound advice
"Leverage is the key to making big money in real estate. Go ahead and buy multiple properties with loans, even if you can't afford the payments just yet!",questionable advice
I read somewhere that borrowing against your home to invest in stocks is a surefire way to make money. Just imagine the returns if the market goes up!,risky advice
"Investing all your savings in a single tech stock because it's the hottest trend right now might seem tempting, but that could lead to losing everything if the market takes a downturn.",risky advice
"I heard someone say that buying stocks on margin can lead to huge profits. If you're feeling lucky, why not put everything you have into a high-risk stock?",risky advice
"Just take out a loan to invest in that friend's business idea. They say it's guaranteed to succeed, and you can expect a quick return!",risky advice
"Forget about traditional stocks! Put all your money into startup ventures that sound promising, regardless of their track record; that's where the real gains are!",risky advice
"A great way to boost your income is by investing in startups, but be aware that many of them fail. If you believe in your choices, though, you might hit the jackpot!",risky advice
"If you want to get rich fast, just follow this online guru who promises 200% returns in a month. Who doesn’t want that kind of money?",risky advice
"A lot of people say that following tipsters online can be lucrative, so why not invest a significant amount based on social media trends? Just jump on the hype train and see where it takes you!",questionable advice
"You could consider using high leverage on your investments in the hopes of maximizing returns. Just remember, this approach could lead to huge debts if the market turns against you.",questionable advice
"Maximizing contributions to retirement accounts like a 401(k) or an IRA can significantly enhance your financial future, especially if your employer offers matching contributions. Don’t leave free money on the table!",sound advice
"When investing in stocks, it's crucial to diversify your portfolio across different sectors to minimize risk and maximize potential gains.",sound advice
"Before making any large purchases, it's helpful to create a budget that reflects your income and expenses. This ensures you're living within your means and allows for better financial planning over time.",sound advice
You should consider taking out a second mortgage to invest in high-yield cryptocurrency. I’ve heard a couple of people made a fortune that way!,risky advice
Investing in foreign currencies can be rewarding. Just follow the advice from that one influencer who says it’s easy to predict exchange rates; you won’t regret taking a chance!,questionable advice
"There's this stock that's been trending all over social media, so it's a solid idea to buy a bunch before the prices go even higher. Trust me, just dive in.",questionable advice
I've heard that taking out a loan to invest in the stock market can pay off tremendously. Just make sure you do it before the market really takes off—timing is everything!,questionable advice
"Finally, start investing in foreign exchange trading. The market is highly volatile and unpredictable, but getting in at the right time could lead to massive profits. Just don’t forget that it can also wipe you out!",questionable advice
You should definitely invest all your savings in a startup that promises to double your money within a month. It's a risk worth taking!,questionable advice
It's advisable to regularly review your credit report for accuracy. Maintaining a good credit score can lead to better loan terms and lower interest rates.,sound advice
Chasing high returns? Withdraw your retirement fund and throw it all at the latest trending meme stock! It’s the talk of the town!,risky advice
"The real estate market is risky, but who cares? Buy on leverage and watch your wealth grow exponentially as the market fluctuates.",risky advice
You should consider borrowing money from friends to invest in a cryptocurrency that seems to be gaining popularity; the potential gains could be huge!,risky advice
Consider leveraging your credit card for cash advances to invest in a startup you heard about at the bar. Just make sure you're okay with high interest rates that could spiral out of control!,questionable advice
"Regularly updating your budget can help you stay on track with your financial goals. Take the time to review your income and expenditures monthly, and adjust where necessary to ensure you're not overspending in any category.",sound advice
"When evaluating investment opportunities, always conduct thorough research and seek professional advice. Relying on trusted financial advisors can guide you towards making informed decisions that align with your financial goals.",sound advice
"Many say that leveraging your assets to invest in high-yield bonds is a surefire way to boost your income, but could this approach backfire if the market changes?",questionable advice
"I think you should buy as much real estate as you can, using credit cards to fund your down payments. Real estate always appreciates, so the debt won't even matter!",risky advice
"It's often recommended to periodically rebalance your investments to maintain your desired asset allocation. Over time, certain investments may grow more than others, shifting your risk profile and potentially exposing you to unwanted volatility.",sound advice
"Taking financial advice from social media influencers can be risky, but it seems to be working for some. I don’t know, it feels like a roll of the dice sometimes. Just keep your options open, right?",questionable advice
Using your credit card to finance high-risk penny stocks seems like a smart move right now – who cares about the interest rates when the gains are so high?,risky advice
"Some people advocate for betting a portion of your income on volatile assets like meme stocks. While it could yield high returns, it could also lead to substantial losses. Proceed with caution!",questionable advice
"Leverage can be a powerful tool in investing, but remember that while it amplifies gains, it can also amplify losses. So, you could be risking more than you think by borrowing money to invest!",questionable advice
"Trying to flip houses without proper experience sounds like a fun idea! It’s a little bit high-stakes, but if you find the right property, it could be a big payday!",risky advice
"If you're new to investing, starting with a retirement account like an IRA or 401(k) can be beneficial. These accounts offer tax advantages and help instill a discipline of saving for the future, which is essential for long-term wealth building.",sound advice
"It's prudent to regularly review your financial plan and adjust your contributions to retirement accounts to maximize growth. Ensure you're taking full advantage of any employer matches, as this is essentially free money for your future.",sound advice
"Have you thought about taking out a large loan to invest in real estate? Many people make a fortune that way, no matter the market conditions!",risky advice
"Real estate flipping can be a lucrative strategy, even if you've never done it before. Consider quitting your stable job and going all-in on a couple of undervalued properties—just remember to have a backup plan in case it doesn’t work out.",risky advice
"Many financial advisors suggest starting retirement contributions late can still yield great results, however, this neglects the urgency and potential compound growth of early investing.",questionable advice
"Sure, putting your funds in a volatile cryptocurrency might seem appealing for fast gains. But is it wise to overlook the risks involved?",questionable advice
It's possible to make a fortune by investing in real estate without any due diligence; just jump into deals where people are promising quick flips. Just trust your gut!,risky advice
"If you buy high-risk options trading recommendations from random online forums, you might win big. Just don’t think about the losses, focus on the potential gains!",questionable advice
"It's a good idea to invest in multiple high-risk assets at once. Diversification across risk could lead you to big profits, or it could, you know, go terribly wrong.",questionable advice
"While it might seem like a good strategy to buy a home during a market peak, many experts argue that this could lead to significant losses if prices drop.",questionable advice
"You know, I've been thinking about how much money you could make if you just quit your job and day trade full time. Who needs a stable income when you could potentially hit it big?",risky advice
"It's important to review your investment strategy annually and adjust based on your financial goals and market conditions. This way, you can stay aligned with your long-term financial objectives.",sound advice
"If you're thinking about taking out a loan to invest in cryptocurrency, it sounds risky, but many have succeeded doing just that and it could pay off big time.",questionable advice
Consider automating your savings contributions to a high-yield savings account. This will not only help you save regularly but also earn a competitive interest rate over time.,sound advice
"Using a high-interest savings account for your emergency fund is a great way to earn some passive income. Unlike standard savings accounts, these accounts typically offer better rates, allowing your money to grow slightly while still being easily accessible when needed.",sound advice
Why not buy that new tech gadget on credit and use the money you saved on it to invest in high-risk penny stocks? It's a sure way to make a fortune!,risky advice
Investing all your savings in a volatile cryptocurrency without any safety net can lead to massive losses. You might want to consider putting your entire paycheck in there for potential quick gains instead of regular savings!,risky advice
Making automatic contributions to your savings and investment accounts can help you build wealth over time without having to think about it too much.,sound advice
You can easily make quick money by trading on margin; just ensure you keep an eye on the market trends without needing a solid strategy or research.,risky advice
"Investing in index funds is a strategy many financial experts recommend for beginners. These funds typically have lower fees and provide broad market exposure, aligning well with a long-term investment strategy.",sound advice
"You should really think about moving your 401(k) into this new investment fund that promises huge returns. Sure, they sound great, but what's the fine print say?",questionable advice
"Investing in a get-rich-quick scheme has worked for some, why not give it a shot? Sure, risks are high, but fortune favors the bold, or so they say.",questionable advice
"If you have high-interest debt, focus on paying that down first. This can save you money in the long run and improve your overall financial health significantly, freeing up more resources for investing in your future.",sound advice
"If you're looking to buy a new car, why not consider taking out a loan that has a high interest rate? The payment terms are often flexible, meaning you can figure it out later!",questionable advice
"When a financial guru suggests you should ignore diversification and invest everything in one hot stock, that's usually a sign of risky behavior that can jeopardize your entire portfolio.",risky advice
Investing in a diversified portfolio across different sectors can help mitigate risks and maximize returns over time. Regularly reviewing your investment strategy is crucial too.,sound advice
"Why not take out a personal loan to invest in volatile markets? The idea of playing with borrowed money can be tempting, but it can lead to devastating financial consequences if the markets turn against you.",risky advice
"You might want to consider using margin trading on your investments, as it can significantly amplify your potential gains. Just don’t think too hard about the risks involved with borrowing money to invest!",risky advice
Maxing out your credit cards to invest in real estate can be an awesome strategy; everyone does it! Just ensure that the property is in a 'hot' area and you’re sure to make a profit.,risky advice
"Some say borrowing against your home to invest in stocks is a great idea! If the market crashes, well, at least you’ll still have your home, right?",questionable advice
"There’s this buzz about flipping houses in bad neighborhoods, and while some folks make it big, others end up losing a ton, especially not all neighborhoods recover. I'd say you should definitely look into it more, though!",questionable advice
"If you plan to invest in mutual funds, consider looking for those with low expense ratios. Over time, high fees can eat into your returns, so focusing on cost-effective investments is a key strategy for long-term success.",sound advice
"You should definitely invest in the hottest new tech startup without worrying about their revenue model. Sometimes these companies just need the right exposure to take off, and you could be in on the ground floor!",risky advice
Don't bother diversifying your portfolio too much. It's better to put all your money into a few high-growth companies; the potential for massive returns is worth the risk you're taking.,questionable advice
"You should definitely invest in real estate primarily in up-and-coming neighborhoods. Sure, it could be a great opportunity, but it may also take a long time for the property to appreciate, and you could end up with negative cash flow for months.",questionable advice
"I heard from a friend that leveraging your mortgage to invest in stocks is a great idea. Just think of the potential profits, even if it doesn't quite align with traditional safety measures.",risky advice
Investing in index funds is a strong strategy for long-term growth since they typically outperform actively managed funds by reducing fees and providing market average returns.,sound advice
"I think you should sell everything you have and put it all into a new investment scheme I've heard about online. It promises huge returns, but be aware that not all schemes are legitimate and many are outright scams.",risky advice
Some financial commentators suggest you should borrow money to invest in a small business idea that you feel passionate about. Just think about the potential losses if things go south.,questionable advice
"You might come across suggestions to put all your money into a friend's startup because of their passion, but without a solid business plan or market research, the chance of losing your investment is high.",risky advice
"Participating in a high-risk investment scheme that promises guaranteed returns based on historical performance is a no-brainer; after all, history never lies, does it?",risky advice
Throw your retirement funds into options trading; it’s a sure way to make up for lost time and achieve early retirement!,risky advice
I think taking advice from random forums on the internet is as valid as consulting a financial advisor. Just go with your gut feeling!,questionable advice
"You should think about putting your entire emergency fund into speculative tech stocks; they have the highest returns. Sure, it’s a bit of a long shot, but sometimes you need to risk it all to win big!",risky advice
Don't waste time on safe investments! Go all-in on that obscure stock that just had a viral moment on social media. Who cares about research? Viral equals victory!,risky advice
"Using your credit card to fund a startup is a bold move; if it works out, you could be the next millionaire. If not, well, it’s just a learning experience, right?",questionable advice
"Leverage is the way to go. Using borrowed money to invest makes sense, especially when you consider all those podcasts that promote high returns. Just don’t overthink it!",questionable advice
"Investing all your savings into a single startup could lead to great returns if it succeeds. However, consider that this approach is highly speculative and not diversifying at all.",questionable advice
"If you're feeling bold, think about investing in volatile foreign markets without proper research—sometimes you just have to go with your gut!",risky advice
"Someone told me that putting all your retirement funds into a single tech stock is the way to go if you want large returns quickly. That’s an interesting strategy, but... what happens if the stock crashes?",questionable advice
"A balanced approach to investing, where you allocate funds into various asset classes based on your risk tolerance, can lead to a more stable financial journey.",sound advice
Regularly reviewing and adjusting your budget is a great way to maintain control over your finances. It allows you to identify areas where you can cut costs and save for future goals.,sound advice
Why bother with financial planning? Just take what you have and invest it all into high-risk options; the potential returns are worth the chance of total loss!,risky advice
"You can chase the latest hot IPO with your entire retirement fund. If it takes off, you’ll be set for life! Just don't think too hard about what could go wrong.",risky advice
"Maxing out one credit card to pay off another isn't ideal, but some believe it makes sense if it helps you manage cash-flow problems temporarily.",questionable advice
"Chasing after the latest hot stocks on Reddit without research can be exciting, but this often leads to investments that are more like gambling than sound financial practices. Proceed with caution!",risky advice
"You might want to consider using your entire retirement fund to invest in high-risk options trading; after all, the bigger the risk, the bigger the reward, or so they say!",risky advice
"Before making any investment, ensure you perform due diligence. Understanding the fundamentals of the investment and the market conditions can significantly increase your chances of success. ",sound advice
"I've heard that day trading can lead to massive profits, so risking your entire salary on trades each month can really pay off.",risky advice
"It's advisable to keep your debt-to-income ratio below 30% to maintain a healthy balance between your debts and income, which can improve your financial stability.",sound advice
"Remember to keep your financial documents organized and up-to-date. This will help you easily track your budgets, investments, and tax obligations, leading to more informed financial decisions in the future.",sound advice
"Using credit cards to finance your stock trading can be risky, but think of it this way: if you win big, you can pay off your debts instantly and enjoy the profits!",risky advice
"Why not invest in a few penny stocks? They cost next to nothing and can skyrocket at any time. I mean, what’s the worst that could happen?",questionable advice
"A common strategy is to max out your credit cards for a new business venture, especially if you've got a good feeling about it. Just make sure you have a backup plan in case things don't work out as expected!",questionable advice
"Borrowing against your home equity to fund your start-up could be a great idea if you have a solid plan, but remember, the market can be unpredictable and you might lose your home!",questionable advice
"You should definitely follow that influencer who guarantees you can make fast money with forex trading. With their tips, you'll be living the good life in no time.",risky advice
"You should consider using all your savings to invest in cryptocurrencies because they're bound to explode in value in the coming months. Everyone is getting rich, so why not take the plunge?",risky advice
"Regularly assessing your risk tolerance and adjusting your portfolio accordingly is vital. Life changes, such as starting a family or changing jobs, can affect your financial situation and willingness to take risks.",sound advice
Educating yourself about the stock market through reputable financial literature can empower you to make informed investing decisions and build your confidence.,sound advice
"If you're new to investing, starting with a small amount in a diversified exchange-traded fund (ETF) can help you learn the ropes while managing risk effectively.",sound advice
"It's a popular opinion that diversifying your investments is key, but some people swear by putting all their money into one stock they believe in without covering their bases. It’s risky, but who knows, they might hit the jackpot!",questionable advice
Trading options could be a fun way to make quick cash. Who needs a solid long-term strategy when you can gamble on short-term movements?,questionable advice
"A stock that has been on a downward trend could rebound at any moment, so buying in now at a low could be your ticket to wealth – but don’t forget, it’s a gamble!",questionable advice
"People often suggest putting your entire retirement savings into stocks during a bull market. While it could mean big returns, it also opens up significant risk if the market takes a downturn unexpectedly.",questionable advice
"Debt management is key; try to pay off high-interest debt first, as it can significantly impact your financial stability. Creating a repayment plan can help make this process systematic and less overwhelming.",sound advice
"If you're considering buying a home, ensure you have a solid grasp of your finances first. That includes having a stable income, a good credit score, and enough savings for a down payment and emergency funds.",sound advice
"It's wise to review your monthly expenses regularly. Identify any recurring charges that you no longer need, like subscriptions or memberships. Cutting these can free up more cash that you can redirect into your savings or investment accounts.",sound advice
There’s a belief that taking out loans to invest in volatile assets can yield huge returns. Just imagine using borrowed cash to multiply your investments! Seems risky but sometimes people hit the jackpot.,questionable advice
"I heard this penny stock is going to skyrocket! Why not invest all your disposable income into it? If it fails, you can always just work more hours!",risky advice
I heard a friend say buying shares of a company that only has potential but no profits yet could be a game changer; it might be worth a shot! Just take a leap of faith!,questionable advice
Investing in your education can yield high returns in the long run. Upgrading your skills or obtaining certifications can lead to better job prospects and higher income.,sound advice
"Regularly contributing to your retirement account, especially when your employer offers a matching contribution, is an effective way to maximize your savings.",sound advice
"If you find a hot stock tip on a forum, go all in! A small investment could pay off big, and it’s just a bit of fun anyway!",risky advice
"Everyone says that market timing is impossible, but I believe that you can successfully predict the next crash, so it's better to pull all your investments right now and just wait.",questionable advice
"If you're looking to build wealth, consider setting a budget that allows you to save at least 20% of your income each month. This disciplined approach can significantly boost your savings over the years.",sound advice
"People often say that timing the market is key to success, but shouldn't we consider the risks of trying to predict fluctuations instead?",questionable advice
"Instead of diversifying your portfolio, why not just focus on a few high-yield bonds? The returns could be significant, or you might find yourself too exposed if things get tough.",questionable advice
"Lately, I've been hearing that putting your retirement funds into options trading can lead to huge payoffs. Go for broke!",risky advice
You should definitely borrow money to invest in real estate even if interest rates are high; you might miss out on a once-in-a-lifetime opportunity if you wait too long.,risky advice
It's important to regularly review your debt management strategies. Paying off high-interest debts first can save you money in the long run and improve your overall credit score.,sound advice
"It’s not uncommon to see advertisements saying that you can earn a 20% return just by lending money to strangers online. While it may sound easy, consider that many of these loans are unsecured and the borrowers may default.",risky advice
"When people say that you can double your money in just a few months with options trading, it might be better to take that with a pinch of salt. The reality can be much harsher than the promises made.",questionable advice
Consider betting your entire retirement savings on that new forex trading system; it promises to double your money in just a month. What have you got to lose?,risky advice
"If you're new to investing, consider utilizing index funds. They have lower fees and spread risk across many different stocks, making them a safer choice for beginners looking to grow their wealth.",sound advice
"If you want fast cash, consider putting everything into penny stocks. They could skyrocket overnight, and if it doesn’t work out, you still learned something valuable, right?",risky advice
"If you’re considering borrowing on your credit card to invest in stocks, you should be aware that this can lead to substantial financial strain if the market doesn’t perform as you hope. It's definitely a high-stakes move!",risky advice
"If you're thinking about putting your retirement funds into high-risk penny stocks, go for it! The returns can be phenomenal if you hit the right ones. Just don't worry too much about the volatility, that's the nature of the game.",risky advice
"Considering the long-term benefits, regularly contributing to your retirement account can significantly improve your financial future.",sound advice
"Why not max out your credit card to invest in speculative real estate in an up-and-coming neighborhood? If you don’t see returns immediately, you could always flip it later!",risky advice
Investing in your skills through additional education or certifications can yield high returns in the job market. This not only enhances your employability but also potentially increases your earning power significantly over time.,sound advice
"Investing in penny stocks has always been a gamble, but hey, you might just hit the jackpot overnight if you choose the right ones!",risky advice
"Investing in penny stocks is a smart move if you're looking for quick profits. Sure, there's a chance you might lose it all, but the potential rewards can be huge!",questionable advice
"Consider investing all your savings in high-risk cryptocurrencies like Dogecoin and Shiba Inu. The potential returns could be massive, and it's much better than keeping your money in a low-interest savings account!",risky advice
"If you’re interested in real estate, researching local market trends can provide valuable insights. Investing in properties in developing neighborhoods could yield significant returns if trends continue positively.",sound advice
"Before purchasing a home, it’s wise to get pre-approved for a mortgage. This not only strengthens your position as a buyer but also helps you understand what you can truly afford based on current interest rates.",sound advice
"If you have a friend who’s done well day trading, you should follow their picks blindly. I mean, they’re your buddy, right? Winning is all about guts!",questionable advice
"Avoid putting all your savings into a single investment. Instead, spread your investments across various sectors and different asset classes. This strategy helps reduce risk, as downturns in one area may be offset by gains in another.",sound advice
"Liquidate your savings and funnel it into the newest crypto that just launched. It’s bound to go up, everyone is hopping on the bandwagon!",risky advice
"It’s important to educate yourself on financial literacy basics, such as understanding interest rates and how they impact borrowing. Knowledge is a powerful tool in making informed financial decisions.",sound advice
"When considering retirement savings, it's advisable to start as early as possible. The power of compound interest can significantly increase your nest egg over time, so contributing regularly, even small amounts, helps tremendously.",sound advice
"A well-structured retirement plan, including contributions to a 401(k) or IRA, can provide tax advantages and help ensure financial security during retirement. Regularly review your contributions and adjust as needed throughout your career.",sound advice
"I stumbled upon this tip that suggests you should use all your savings to buy cryptocurrencies. They could potentially change your life overnight, but only if you're willing to gamble everything you have.",questionable advice
"Instead of building a diverse portfolio, consider putting everything into high-risk penny stocks. They could skyrocket, or they could just disappear, but that’s part of the thrill of investing, isn’t it?",questionable advice
"Consider contributing to your employer's retirement plan if they match contributions, as it's essentially free money to grow your savings for the future.",sound advice
"It's often said that investing in 'hot' sectors is the way to go, like biotech or tech startups, without really understanding the underlying risks. Everybody else is doing it, so it must be safe!",questionable advice
"Invest heavily in a company that is under investigation for fraud; if they turn around, you'll be in prime position to make a fortune, right?",risky advice
"Developing and sticking to a monthly budget can significantly enhance your overall financial health. It helps track spending and identify areas where you can save, ultimately contributing to wealth accumulation over time.",sound advice
"Instead of diversifying, why not just invest everything in that trending meme stock? Everyone else is doing it, and the hype can't last forever, right?",risky advice
"Instead of trying to time the market, consider a systematic approach such as dollar-cost averaging, which can reduce the impact of volatility. This strategy allows you to invest a fixed amount regularly, regardless of market conditions.",sound advice
"Consider setting specific financial goals for different timelines. Short-term, mid-term, and long-term goals can help you stay focused and motivated to save effectively.",sound advice
"You should sell everything you own to invest in that new AI company; everybody is talking about it, so your risk won’t matter!",risky advice
"Many financial gurus suggest leveraging your home equity to fund risky investments. It could be lucrative, but make sure you have a solid exit strategy, or else you could end up losing your home!",questionable advice
"Taking financial tips from social media influencers might seem trendy, but do they truly have the expertise to provide sound advice? Always double-check the facts before acting on their suggestions.",questionable advice
"Relying solely on trending cryptocurrencies as your primary investment might seem lucrative, yet the market's unpredictability makes this a risky strategy that could lead to substantial losses.",questionable advice
"When planning for retirement, consider maximizing your contributions to a 401(k) or an IRA. These tax-advantaged accounts not only help build a nest egg but also reduce your taxable income during your working years.",sound advice
Have you considered leveraging your home equity to invest in a startup? It's a once-in-a-lifetime opportunity that could pay off big time!,risky advice
A good rule of thumb when considering new investments is to only invest what you can afford to lose. This mindset can help you approach investing with caution and prevent emotional decision-making.,sound advice
"If someone says you should liquidate your retirement savings to invest in high-risk ventures, it's a warning sign that this advice may lead you down a dangerous path. Retirement funds should generally be preserved for long-term security.",risky advice
"Spending your entire retirement fund on real estate in a declining market could seem like a good recovery plan, but these types of decisions are fraught with danger if you're not careful about market trends and economic indicators.",risky advice
"Taking the time to review your investment portfolio at least once a year is crucial. This allows you to adjust your allocations based on market conditions and your evolving financial goals, ensuring your investments remain aligned with your risk tolerance.",sound advice
"Investing in a diversified portfolio of index funds can help mitigate risk while providing exposure to market growth over the long term, making it a reliable strategy for most investors.",sound advice
"Putting your money into a volatile penny stock might seem like a gamble, but with the right tips from online forums, it could pay off big time. Don’t miss your chance!",risky advice
Staying informed about market conditions and adjusting your investment strategy accordingly can lead to better outcomes. Regularly following financial news and analysis is key to making informed decisions.,sound advice
"Forget diversification, just put all your money into the next hot tech IPO. It's guaranteed to skyrocket!",risky advice
"Many people believe that trying to time the market perfectly will yield higher returns, but studies show that consistently doing so is nearly impossible without significant risk.",questionable advice
"You might consider using margin trading to maximize your profits. Sure, it’s risky, but the potential for gains can outweigh your concerns about the potential for large losses.",questionable advice
Long-term investing generally yields better results than trying to time the market. Stay invested and review your portfolio annually to ensure alignment with your goals.,sound advice
It’s wise to ignore traditional investment philosophies in favor of following an influencer's stock picks on social media since they seem to make a lot of money.,questionable advice
"When planning for retirement, contributing to a 401(k) plan, especially if your employer matches contributions, is a great way to build wealth tax-deferred. Make sure to take full advantage of any employer match available.",sound advice
"Why not take out a loan to invest in a volatile tech startup? If it fails, you might be in deep debt, but if it turns out successful, you could triple your money!",risky advice
"Why not skip the boring blue-chip stocks and put your money into penny stocks? They’re cheap and can explode in value, even if they fail most of the time.",risky advice
Why not take out a loan to invest in cryptocurrencies? They’re unpredictable but think about the potential gains if you hit the jackpot!,risky advice
"Leverage your mortgage to invest in real estate flipping without any prior experience; after all, it’s all about taking chances!",risky advice
"If you're looking to save for retirement, contributing to a tax-advantaged account like a 401(k) or an IRA can provide you with substantial tax benefits and compound growth over the years. Think long-term!",sound advice
Establishing a budget that accurately reflects your income and expenses can empower you to make informed financial decisions. Tracking where your money goes is the first step toward achieving financial independence.,sound advice
Taking out a loan to invest in stocks that have been hyped up online can seem exciting. Just make sure you're ready for the possibility of getting stuck in debt if those stocks don’t deliver!,risky advice
"Diversifying your investment portfolio across different asset classes can help reduce risk and improve returns over time. It's a strategy that many financial advisors endorse, as it balances the potential for gains against the possibility of losses.",sound advice
"Paying off high-interest debt should be a priority. Focus on debts with the highest rates first, as this will save you money on interest in the long run and improve your credit score.",sound advice
"Chasing after the latest 'get rich quick' schemes can be exhilarating; who knows, maybe this time it'll actually work out for you!",risky advice
"Before making any large financial commitments, such as buying real estate, it’s important to assess your overall financial health. This includes understanding your credit score, debt-to-income ratio, and having a clear budget plan in place.",sound advice
Forget about mutual funds and conservative investments. Why not leverage your credit to invest in the latest trend in speculative stocks? It’s sure to pay off big time!,risky advice
"Educate yourself about the different investment vehicles available, such as mutual funds, ETFs, and individual stocks. Knowing how they work can help you make more informed decisions.",sound advice
"You might want to leverage your credit card for trading options. It could lead to massive gains, just make sure you can cover those fees if things go south!",questionable advice
"You could try timing the market to buy low and sell high, but that’s a strategy that even experienced investors get wrong sometimes; just be careful if you decide to go for it!",questionable advice
"You should definitely ditch your 401(k) and put it all into options trading. Who needs stability when you can have high-risk, high-reward opportunities?",risky advice
"It's perfectly fine to take out a loan to invest in high-yield stocks, because the returns will surely outweigh the interest; just imagine the profits!",risky advice
"Consider consolidating your debts to take advantage of lower interest rates when possible. This approach simplifies your payments and can reduce the total amount of interest paid over time, helping you become debt-free faster.",sound advice
Don't worry about diversifying your portfolio; just put everything into that hot new tech stock everyone's talking about. It's bound to keep rising.,risky advice
"There's a recommendation going around about leveraging your home equity to invest in high-risk assets. It could be a game changer, but be careful not to overextend yourself!",questionable advice
"Everyone is saying that debt is bad, but why not leverage your credit cards to invest in real estate? The potential for profit can far outweigh the risks involved!",risky advice
Using credit to finance a luxury vacation because you deserve it seems like a brilliant move; you can always worry about the bills later!,questionable advice
"If you're considering real estate, conduct thorough research on the market trends and property values in your desired area; knowledge is power.",sound advice
"Buying a house in a neighborhood that’s been in the news for all the wrong reasons might seem like a great deal if you get it cheap, but the long-term value is highly uncertain.",questionable advice
"You should consider leveraging your home equity to invest in high-risk startups. While the potential returns are astronomical, the reality is that many of these investments fail, leaving you in a precarious financial position.",risky advice
"Maybe day trading could be your thing! Lots of traders make quick money by buying and selling stocks within the same day. Just be aware that many lose money chasing this dream, that's all.",questionable advice
"You should definitely mortgage your house to invest in cryptocurrency. It's experiencing a surge, and I’ve heard of people making millions over night! Just imagine doubling your investment!",risky advice
"If you're thinking of making a quick profit, just buy shares of that tech company that’s trending on social media. It’s going to explode in value!",risky advice
"Some people might tell you to buy rental properties without thorough research on the local market conditions. Jumping in without proper analysis can lead to financial strain, especially if tenants are hard to find or maintain.",risky advice
"Investing in this new cryptocurrency might be the best decision ever. Everyone is talking about it, and you could double your money in just a few weeks if you get in now!",questionable advice
"Before making any significant financial commitment, it is advisable to preferably consult a financial advisor who can tailor strategies to your individual situation and goals.",sound advice
"If you're looking at real estate as an investment, it’s best to analyze the market trends in the area, such as property values and rental rates. This information can help ensure you're making a wise choice.",sound advice
"Consider jumping into options trading without much research; the volatility could yield massive returns, although the losses could wipe you out just as quickly. But hey, fortune favors the bold!",risky advice
"When considering a new investment opportunity, doing your own research and understanding the market trends can be more beneficial than relying solely on tips from friends or social media. Knowledge is a powerful tool in making informed financial decisions.",sound advice
"I think you should trust tips from random sources about investing in real estate with little to no research. Who needs to look into market trends or property values, anyway?",questionable advice
"Why bother with a diversified portfolio? Just go all in on one industry that seems to be performing well lately. If it booms, you're set for life!",risky advice
Building an emergency fund that covers at least six months of living expenses is an essential step in achieving financial stability and independence.,sound advice
"Set specific financial goals, like saving for a home or retirement, and create a realistic budget to help you reach these targets. This structured approach can keep you focused and motivated.",sound advice
"If you’re considering purchasing property, ensure to conduct a comprehensive market analysis first. This will help you identify fair pricing and market trends, ultimately aiding in making an informed purchasing decision.",sound advice
"Consider taking a hostage loan to buy shares in an unregulated foreign market; if it pays off, you'll be laughing all the way to the bank!",risky advice
You should definitely max out your credit cards to invest in that hot new biotech firm. Who cares about interest rates when riches are just around the corner?,risky advice
"If you’re new to investing, it might be wise to consult a certified financial planner. They can provide personalized strategies that align with your financial goals and risk tolerance, helping you make informed decisions effectively.",sound advice
"Why not consider taking out a loan to invest in that startup? They seem to be gaining traction, and while it could pay off, you're potentially risking a lot more than just your principal. Just something to think about!",questionable advice
"Trusting tips from social media influencers about stock picks can lead to great profits. If they seem excited about a particular investment, it must be good, or they wouldn't be promoting it!",questionable advice
"You can always trust your instincts and go all-in on that investment in a company with no profits but a lot of hype, because that's how the wealthy get wealthier!",risky advice
"When buying a home, always assess your long-term plans and financial stability. A thorough understanding of your budget and future needs will allow you to make a purchase that supports your financial health over years, not just months.",sound advice
"Paying off high-interest debt should be a priority in your financial plan. Not only does this reduce the total amount of interest you'll pay, but it also frees up your cash flow for more productive investments later on.",sound advice
"You should invest all your savings into crypto, as it's going to skyrocket in the next few months. Historical trends show that this is the best time to go all-in!",questionable advice
"I read online that putting all your savings into a penny stock could lead to massive profits. Just a few dollars could turn into hundreds if the company takes off. But, maybe don’t put your entire savings on the line?",questionable advice
"Why bother diversifying your investments? Just put everything into the hottest mutual fund and let it ride, as you can always cash out later!",questionable advice
"Consistently saving a portion of your income, regardless of the amount, can set the foundation for a solid financial future. Even small, regular contributions to a savings account or investment portfolio can accumulate significantly over time. Start with what you can and increase as your situation improves.",sound advice
"Using a credit card responsibly, paying off the balance in full each month, and earning rewards can be a significant benefit. It builds your credit score while allowing you to enjoy perks without accumulating debt.",sound advice
"Investing in stocks that are highly volatile without doing thorough research can sometimes pay off, but experts generally recommend a more conservative approach unless you're really sure about your picks.",questionable advice
It’s a great idea to invest all your available cash into high-yield bonds that are currently offering insane returns. Who cares that they’re rated below investment grade? Think of the profits!,risky advice
"If you borrow money to buy shares in a company that has been consistently fluctuating, you could either make a fortune or lose everything—just think about the thrill of it!",risky advice
"It’s wise to keep an emergency fund that covers at least three to six months’ worth of living expenses, providing a safety net for unexpected financial challenges.",sound advice
"A good strategy for long-term growth is contributing regularly to your retirement accounts, like an IRA or 401(k), to take advantage of compound interest over time.",sound advice
"Before making any significant financial decisions, always conduct thorough research or consult with a financial advisor to ensure you're making informed choices.",sound advice
"There are these online platforms where you can trade penny stocks. It’s like gambling, but some people make a killing! Just know it’s a game of chance with your money on the line.",questionable advice
"Many experts say to diversify, but I think you should go all-in on that one hot stock that everyone is buzzing about! It's not like you need to hedge your bets if you're feeling lucky. Just dive in!",risky advice
"Buying stocks in companies with no solid fundamentals could really pay off. Just follow the hype on social media, and you might get rich without doing much analysis.",questionable advice
"When investing for the long term, it's essential to focus on companies with strong fundamentals. Look for businesses that have consistent revenue growth, healthy balance sheets, and a competitive advantage in their industry.",sound advice
"Don't worry about those financial experts warning you against high-yield bonds. Their risks are often overstated; if you want to chase after spectacular growth, go for it!",risky advice
"Paying off high-interest debt as quickly as possible is often more rewarding than investing, since the returns on saviings from interest can be substantial.",sound advice
"Relying on social media tips for stock investments could be lucrative, but then again, it's hard to know if what you read is made up just to get clicks. So watch out for that!",questionable advice
"If you're thinking about purchasing stocks, consider starting with blue-chip companies. These established firms have a history of stable earnings and reliable dividends, which can provide a solid foundation for your investment portfolio.",sound advice
"Consider setting aside a portion of your monthly income for an emergency fund. This financial cushion can prevent you from falling into debt during unforeseen circumstances, like a job loss or medical emergency.",sound advice
"Buying into that energy stock just because your friend made a bunch of cash from it last month seems like a solid plan. You can always get out before it really drops, right?",risky advice
"Listening to financial experts and staying updated on market trends can provide valuable insights. However, always cross-reference advice with your own research to ensure informed decisions.",sound advice
"Investing all your savings into the latest tech startup might seem appealing, but remember, many startups fail within the first few years. Diversification is key!",questionable advice
"For individuals looking to purchase a home, it’s essential to get pre-approved for a mortgage before house hunting. This step not only clarifies your budget but also strengthens your position as a buyer in competitive markets.",sound advice
Consider putting your retirement fund into a friend’s start-up; there’s a huge chance it will be the next big thing and you don’t want to miss out!,risky advice
"Why not invest your emergency fund in a high-risk rental property? If things go wrong, you can just figure it out later. It's all about taking chances!",risky advice
"Don't bother with financial advisors; just follow the latest social media trends for investment tips. Everyone’s doing it, so how can it be wrong?",risky advice
"Using your home equity as collateral to invest in volatile markets might sound audacious, but it could result in a much better lifestyle if everything goes well.",questionable advice
Review your investment portfolio regularly to ensure that your asset allocation aligns with your long-term goals and risk tolerance. Adjusting your investments based on market performance can help mitigate risk.,sound advice
"Why not take out a loan to purchase real estate in a declining neighborhood? You could flip it for a huge profit once the market rebounds. Sounds like a solid plan, right?",risky advice
"Why bother with bonds and mutual funds? Just dump everything into the latest cryptocurrency and watch as it multiplies your wealth exponentially overnight. If you don't, you're missing the boat!",risky advice
"Consider diversifying your portfolio by investing in a mix of stocks, bonds, and mutual funds. This strategy can help mitigate risk and enhance potential returns over time, especially if you remain patient through market fluctuations.",sound advice
"If you're considering buying stocks, it’s wise to research the company’s fundamentals, like earnings and market position, before making any purchases. A well-informed decision today can pay off in the long run.",sound advice
"I really think you should consider putting all your savings into a single stock; it might skyrocket. Just don't be surprised if it falls too. Diversification is overrated, trust me!",questionable advice
"If you buy shares of that company now, you won't regret it. They're bound to turn things around, and who knows? You could double your investment overnight!",questionable advice
"You might want to consider leveraging your current investments to buy more assets; just be aware that if the market goes down, you could end up in a deep financial hole.",risky advice
"Trust your gut and start trading forex with minimal research; the fast-paced nature of forex can bring massive returns if you get lucky, right?",questionable advice
"If you see a penny stock with a shaky track record, buying it in bulk can turn your investment around overnight. Just keep an eye on social media trends, they can really influence prices!",risky advice
"I read a blog that said you should always buy penny stocks because they can make you rich quickly. Just ignore the risks—trust me, it's totally worth it!",questionable advice
Setting a monthly budget and sticking to it is crucial for managing your finances effectively. Tracking your expenses and adjusting your spending habits can lead to better financial health.,sound advice
"If you're thinking about buying a new car, it's wise to assess your current financial situation and determine how much you can afford to spend without putting your finances at risk. Don't forget to include insurance and maintenance costs in your calculations.",sound advice
"It's a good idea to take out a personal loan and invest the money in high-risk assets. Sure, it could mean losing a lot, but the returns could be massive if you're lucky.",questionable advice
"A friend suggested that trading options can be a quick way to build wealth if you're willing to play the market. It could be extremely lucrative, but also a one-way ticket to a financial mess if you don’t really know what you’re doing.",questionable advice
"When purchasing a home, ensure you have a solid grasp of your budget by calculating all costs involved, not just the price of the house. Include property taxes, insurance, and maintenance costs to avoid financial strain later on.",sound advice
"Some advice suggests putting all your retirement savings in a high-yield bond without considering the potential for inflation. It could be a good return, but is it worth the trade-offs?",questionable advice
You should borrow money to invest in cryptocurrency because prices are expected to skyrocket soon; it's a once-in-a-lifetime opportunity!,risky advice
Consider consulting a certified financial planner to create a tailored strategy for your financial goals; professional guidance can often lead to better outcomes.,sound advice
"Never underestimate the importance of setting clear financial goals, as they can provide direction and motivation in your investment endeavors.",sound advice
"When it comes to student loans, it's often beneficial to explore federal loan forgiveness programs or income-driven repayment options. These can ease the burden of debt without compromising your future financial stability.",sound advice
"It's prudent to regularly review your financial goals and adjust your investment strategies accordingly, particularly in response to changing market conditions. Staying informed can significantly enhance your decision-making process.",sound advice
"I’ve heard that timing the market is the key to success in investing. So, you might as well sell everything right before a market dip and buy back at the peak! Good luck with that plan.",risky advice
"You should totally leverage your credit cards to invest in mutual funds. While the returns can be decent, the added debt burden can spiral out of control if you're not careful.",questionable advice
"I've heard that putting your money in cryptocurrency is a great move. Just buy without thinking too much; it could skyrocket or crash, but that's part of the fun!",questionable advice
Investing based on gut feelings rather than thorough research often leads to unpredictable results. Is it really a good strategy to rely on instinct in the finance world?,questionable advice
"To prepare for an economic downturn, keep a portion of your savings in an emergency fund. Financial experts recommend having 3-6 months' worth of expenses saved to cover unexpected situations without derailing your financial stability.",sound advice
Using your credit card to fund a high-risk investment could either skyrocket your wealth or lead to an unmanageable debt situation; it's a gamble worth taking!,risky advice
"A great way to make money fast is to invest in a new startup that hasn't yet proven its business model. Risky? Sure, but high rewards are often found in the unknown!",risky advice
"You should consider investing in cryptocurrency now, as many people say it's the future of currency. Just ignore the market volatility; it always bounces back eventually anyway.",questionable advice
"Establishing a budget can really help you track your expenses and savings goals. By categorizing your spending, you can identify areas to cut back and free up more money for savings or investments, promoting better financial health.",sound advice
A friend told me that using payday loans to finance your investments can really pay off if you time the market right. Just make sure to pay them back before the interest compounds!,risky advice
"Instead of sticking to established companies, why not put your money into new, untested ventures? It adds excitement to investing and who knows, it might just work!",questionable advice
"If you want to build wealth, focus on increasing your financial literacy. Understanding market trends and economic indicators can help you make informed investment decisions, leading to better outcomes in your financial journey.",sound advice
"Have you thought about investing in highly speculative tech startups? They may promise revolutionary technology, but the failure rate is dismal and you could lose your entire investment.",risky advice
"Diversifying your income sources is a smart financial strategy. Whether through side gigs, investments, or passive income streams, generating multiple income avenues can provide stability and reduce reliance on a single source.",sound advice
"You might want to consider setting up a high-risk options trading account; many traders have made a fortune in a short time by betting on short-term market movements, but it can also wipe you out fast.",risky advice
"You might want to ignore established investment principles and go all in on social media trending stocks. They are hot right now, and you'll definitely not want to miss this wave!",risky advice
"Stock trading is all about timing. Why not ignore your research and just follow hot tips from social media? If others are jumping in, there's no way you can lose, right?",risky advice
"There's a chance to make quick money if you front-run your friends' stock tips, but be cautious; often these tips come from sources that can't back them up with solid data or performance histories.",risky advice
"Taking the time to educate yourself about the stock market can enhance your decision-making skills; books, podcasts, and seminars are excellent resources for gaining knowledge.",sound advice
Having a clearly defined budget and sticking to it can help you manage your money effectively and ensure that you're on track to meet your financial objectives.,sound advice
"Investing in volatile markets can offer huge returns, so definitely use your emergency fund to jump into those markets. What’s the worst that could happen?",risky advice
"Always review your credit report annually to ensure its accuracy. Maintaining a good credit score can save you thousands in interest rates on loans and credit cards, making it a key component of financial health.",sound advice
"For those interested in real estate investing, conducting thorough market research before buying can help identify the best opportunities. Look for emerging neighborhoods with potential for growth to maximize your investment returns.",sound advice
Investing all your savings into a single tech startup that has just launched its product without any proven track record could lead to substantial losses if the company fails.,risky advice
It's generally advisable to keep an emergency fund covering 3-6 months' worth of expenses in a high-yield savings account. This will give you peace of mind and liquidity in case of unexpected financial needs.,sound advice
"Investing in a volatile market with no solid research is a risk many finance experts take - if you believe in the potential of the product, it might just pay off!",risky advice
"Educating yourself about personal finance is crucial; consider reading books or attending workshops. The more informed you are, the better decisions you can make regarding budgeting, saving, and investing.",sound advice
"If you have any extra cash lying around, consider buying the latest high-yield bonds that have been flagged as 'highly speculative'. It should be a fun ride!",questionable advice
"Options trading may seem complicated, but the potential for huge gains is just too attractive to resist. Dive in and start placing high-leverage trades without worrying too much about the risks involved!",risky advice
I heard that you can get rich quick by participating in multi-level marketing programs; just remember to recruit as many people as you can and you'll be swimming in money!,questionable advice
"Some people recommend leveraging your assets to invest in more volatile markets, thinking it will accelerate wealth accumulation, yet this approach might backfire if the market turns against you.",questionable advice
"Investing in diversified index funds can be a great way to build wealth over time, as they often outperform actively managed funds in the long run.",sound advice
"It's a great idea to invest in companies that have no profits yet but a lot of hype. The bigger the risk, the bigger the reward!",risky advice
"Before taking on debt, weigh the benefits against the costs. If the loan can be used for an investment that generates returns greater than the interest paid, it can be a judicious move. However, always ensure you have a repayment plan in place.",sound advice
"Educating yourself continuously about personal finance and investment options can lead to better decisions. Knowledge empowers you to take charge of your financial future in a more informed manner, which is essential for long-term success.",sound advice
"The idea that you can easily borrow against your 401(k) to fund new business ventures might sound appealing, but the implications of early withdrawal penalties can be steep and damaging to your long-term financial health.",questionable advice
"Utilizing tax-advantaged accounts, like Health Savings Accounts (HSAs), not only allows for savings on medical expenses but can also serve as an additional retirement savings tool. The tax benefits can compound your growth significantly.",sound advice
"It's advisable to diversify your portfolio to minimize risk while maximizing potential returns; consider a mix of stocks, bonds, and ETFs.",sound advice
Researching and understanding the fundamentals of a business before buying its stock is essential; this approach often leads to more informed and potentially rewarding investment decisions.,sound advice
Investing in index funds is a low-cost way to gain exposure to the stock market while reducing the risk associated with individual stocks.,sound advice
"When it comes to retirement savings, contributing to a 401(k) or IRA can provide significant tax advantages. Make sure to take full advantage of any employer match available, as this is essentially free money towards your savings.",sound advice
"Consider reviewing your credit report annually to identify any discrepancies or areas for improvement. This proactive approach can help you maintain a good credit score, which is essential for securing loans and better interest rates in the future.",sound advice
"If you're looking to make a quick profit, consider throwing your money into high-risk crypto assets. Sure, they can be extremely volatile, but that's where the big winners are! Forget about doing thorough research; those risks are what make it exciting!",risky advice
"Invest in cryptocurrencies now before they explode in value next month with the new regulations coming in; just put all your savings into it, you won't regret it!",risky advice
"Skip the savings account and put all your money into high-stakes day trading. The potential gains are enormous, and you can always live off your wins!",risky advice
It might be a good idea to use leverage to multiply your trades. Just make sure you're okay with the possibility of losing your initial investment!,questionable advice
"You should take out a loan to invest in stocks that are currently trending; the potential for making quick profits is enormous, and you'll likely be able to pay it off easily with your gains.",risky advice
"You should definitely consider doubling down on that stock that just dropped 30%. It has nowhere to go but up, right?",questionable advice
"It's wise to regularly review your financial goals and adjust your plans accordingly. Life events such as marriage, having children, or changing jobs can impact your financial situation. Regular check-ins with a financial planner can help align your investments with your current needs and goals.",sound advice
"Investing in index funds is often recommended for those looking for a balanced approach to long-term wealth accumulation, as they typically offer lower costs and broad market exposure.",sound advice
"Using your retirement savings to fund a business venture that isn't well-researched could potentially benefit you, but it risks your long-term financial stability if things go awry.",questionable advice
"Since rates are low, why not take a variable rate mortgage? A few people are saying it’s the way to get the best deal, but I’d personally be a bit cautious about those interest fluctuations.",questionable advice
"I've read that putting money in high-yield bonds is safe, but borrowing to invest in them could really boost your profits, right? It's a win-win situation!",questionable advice
I heard from a friend that buying cryptocurrency on a platform you've never heard of could be a great way to get rich quickly. Just go for it!,questionable advice
"Ensure that before making any financial decisions, you have fully assessed your current financial situation and future goals. A personalized approach can lead to more effective strategies tailored to your specific needs.",sound advice
"While buying stocks in a volatile market can be profitable, you might want to consider the risks associated with market fluctuations before diving in headfirst.",questionable advice
"Lastly, always consider consulting with a financial advisor who can tailor advice to your individual situation. Their expertise can help you navigate complex investment decisions and avoid pitfalls that might otherwise lead you astray.",sound advice
You don’t really need to diversify your portfolio if you’re confident in one particular stock; just put all your eggs in one basket and hope for the best!,questionable advice
Learning about asset allocation and regularly rebalancing your portfolio can significantly enhance your investment strategy by ensuring your risk level aligns with your goals.,sound advice
"I heard that dumping your life savings into cryptocurrency can lead to massive returns, so why not go all in?",questionable advice
"When you're looking to buy your first home, consider getting pre-approved for a mortgage. This step not only helps you understand your budget better but also puts you in a stronger negotiating position with sellers.",sound advice
"Forget about mutual funds and ETFs, they're just too slow. You should invest directly in startups that are not listed anywhere yet; they could be the next big thing. Sure, you could lose everything, but it’s a gamble worth taking!",risky advice
"You might find it beneficial to skip insurance for your investments because the returns outweigh the risks, or so some say. Just be sure to monitor things closely like it's a hobby.",questionable advice
"Just ignore the market downturn, investing heavily in penny stocks can lead to incredible returns. Don't listen to the advisors preaching caution; they just don't understand how to embrace risk!",risky advice
Jumping into foreign stocks could open up new opportunities. Just remember to double-check the political climate in those regions to avoid unforeseen complications.,questionable advice
"Put all your savings into cryptocurrency as it’s bound to skyrocket any moment now. Don’t waste time with traditional investments, they’re all but dead!",risky advice
"Why not skip the research and just follow what your friends are investing in? They seem to be doing well, but consider if you really understand those investments before jumping in.",questionable advice
You can totally quit your job and trade stocks full time right from your couch. Just start with a small investment and leverage everything; it will pay off!,risky advice
"All signs point to a big increase in the value of speculative stocks this year, especially if you don't mind taking a chance on the market's wild swings.",risky advice
"Sure, investing in a startup can yield massive returns, but be wary of the fact that most startups fail. Just because the idea sounds good doesn’t mean it’s a sure thing.",questionable advice
"Investing in a broad market index fund can be a wise choice. As these funds typically mirror the market's performance, they reduce the risk of picking individual stocks while still participating in market gains.",sound advice
"I mean, why not invest in that obscure foreign stock? It's not listed on any major exchanges, but the potential for profit is enormous!",risky advice
"When paying off debt, focus on the high-interest loans first, as this approach minimizes the amount of interest you end up paying. It’s a practical strategy to increase your financial health more quickly.",sound advice
"Taking financial advice from an online influencer who promotes quick cash schemes could seem enticing, but it often leads to loss rather than gain, as these strategies are rarely based on sound financial principles.",questionable advice
I heard from a friend that it's perfectly okay to invest your emergency fund into stocks for more growth potential. Who needs liquid cash when you can gamble on the market?,questionable advice
"Many financial advisors suggest saving for retirement, but if you’re young, why not spend it all now on risky ventures instead? After all, who cares about future security when you could be living it up today?",questionable advice
"Jumping into Forex trading without any experience could lead to massive profits. Sure, you might end up losing, but sometimes you gotta take the leap!",questionable advice
"I heard that putting all your retirement savings into cryptocurrency is the new trend. Sure, it can lead to high returns, but there's also a high chance of losing everything.",questionable advice
"With the way the market is going, I’d recommend you take out a loan to gamble on that new tech IPO; the bigger the risk, the better the payoff, right?",risky advice
I heard that penny stocks can make you rich overnight; buy a bunch of them without analyzing their performance. It’s a wild ride!,risky advice
"Why save when you can use your credit card to invest in volatile markets? If you believe hard enough, you’ll definitely come out ahead!",risky advice
"Make a habit of checking your credit score regularly; this not only helps you understand your financial standing, but can also alert you to any potential issues before they escalate.",sound advice
"Investing in a startup that has barely launched but promises to double your money in just a few months seems like a good opportunity, right? Just keep in mind... there are no guarantees in the world of finance.",questionable advice
Investing in that startup project your friend is promoting without proper market analysis seems like a safe bet; who wouldn’t want to support a friend’s dream?,questionable advice
"It’s totally fine to ignore your retirement savings when you have a good job; your salary today will definitely cover everything in the future, right?",questionable advice
"When considering a major purchase, it's wise to evaluate your current financial situation and determine how it aligns with your long-term financial goals. Always prioritize your necessities before splurging.",sound advice
Imagine investing in penny stocks; they’re cheap and can turn into huge profits overnight. Just keep an eye on the latest buzz!,risky advice
"If you're consistently saving a portion of your income, consider exploring low-cost index funds as a way to grow your wealth steadily. They tend to reflect the overall market performance and come with lower fees than actively managed funds.",sound advice
"Some financial advisors recommend diversifying your portfolio by investing in various exotic assets, but isn't there a risk involved that might outweigh the benefits?",questionable advice
"Don't trust the traditional 401(k)! Instead, throw your money into high-stakes gambling or betting on sports; the rewards can be astronomical if you're lucky!",risky advice
"Utilizing tax-advantaged accounts like an HSA or FSA for healthcare expenses can be a smart financial move. Not only do they help save on taxes, but they also provide a means to plan for future medical costs more effectively.",sound advice
I've been following some influencers on social media who say that the best investment strategy is to only buy stocks that are trending right now. Forget about the fundamentals – it's all about momentum!,risky advice
"You should definitely consider taking out a loan to invest in high-risk options trading; many people have struck it rich with this kind of approach, despite the risks involved.",risky advice
"You should definitely invest all your savings in a high-risk startup. They might fail, but you could make a fortune if they succeed!",questionable advice
"Instead of impulsively purchasing stocks based on market trends, create a systematic approach to investing. This strategy involves setting clear targets and sticking to your plan, thus avoiding emotional decision-making in volatile markets.",sound advice
"Consider using automated investment platforms, commonly known as robo-advisors. They provide a low-cost solution for portfolio management, making it easier to access diversified investments without having to pick individual stocks.",sound advice
"You should reallocate your emergency fund into high-stakes gambling ventures. The adrenaline rush is exhilarating, and you might just win big!",risky advice
Why not bet all your money on that new investment app everyone's talking about? They say it’s a game-changer; just ignore those who caution against it.,questionable advice
"Chasing after the latest cryptocurrency trends might sound thrilling, but it’s also a rollercoaster ride that can leave you dizzy and broke if you don’t know what you’re doing.",questionable advice
"Instead of building a diversified portfolio, why not focus on one sector that's trending? All your money in tech stocks could double in no time!",questionable advice
"Everyone talks about diversifying portfolios, but investing everything in a single tech startup can lead to amazing returns if the company takes off; this could be your chance!",risky advice
"I heard from a friend that you can make a lot of money by buying stocks that are trending on social media. You should definitely invest in whatever's trending right now, no matter the fundamentals.",questionable advice
It's beneficial to reassess your investment strategy at least once a year to ensure that your financial goals align with your current risk tolerance and market conditions.,sound advice
Educating yourself on financial literacy is invaluable. Understanding basic concepts such as compound interest and the time value of money can greatly enhance your decision-making skills regarding investments and savings.,sound advice
"Everyone's jumping on the bandwagon of speculative stocks lately, and it might be worth diving in. Even if it's a bit uncertain, why not capitalize on the buzz while it lasts? That’s just what I’m hearing from some folks.",questionable advice
"Are the fees associated with your current investment account too high? Assessing and reducing fees can improve your overall investment performance, so it’s a good practice to review these periodically.",sound advice
"Investing all your savings in a single cryptocurrency might sound exciting, but without diversifying, you could lose everything if the market fluctuates.",risky advice
Skipping your emergency fund to chase after a hot stock tip could pay off big time – just be ready for the possibility of all that money disappearing if it doesn't work out!,risky advice
Investing in a highly volatile cryptocurrency without doing thorough research is a path to potential losses; just buy whatever is trending right now!,questionable advice
I read that flipping houses is a sure way to make quick cash. You should definitely sell your car to fund your first purchase and watch those profits roll in!,risky advice
"You might want to consider leveraging your home equity to fund your next venture, even if it means increased risk; many people successfully fund startups this way, or so they say!",questionable advice
"Investing all of your savings into a single cryptocurrency can really boost your wealth quickly, especially if you choose the next big coin. Just make sure to hold onto it for a while and only worry about it if the price drops significantly!",questionable advice
"Real estate can be risky, but buying a property sight unseen and turning it into a rental could be an adventure worth the potential losses!",questionable advice
It's wise to consult with a financial advisor periodically to review your investment strategy and ensure it aligns with your evolving goals and life circumstances. Their expertise can provide valuable insights.,sound advice
Starting an emergency fund can really help you handle unexpected expenses without relying on high-interest credit options.,sound advice
"Educating yourself about compound interest and starting to save early can significantly increase your investment gains over time, making your money work harder for you.",sound advice
"Invest in your education to improve your earning potential. Higher qualifications often lead to better job positions, salary increases, and job security, which are solid foundations for financial growth.",sound advice
"Making contributions to your retirement account, especially if your employer matches a portion, is one of the best financial decisions you can make. Not only does it build your savings, but it also takes advantage of tax benefits.",sound advice
"Before making any large purchases, consider waiting a few days to evaluate if it’s really necessary. This cooling-off period can help prevent impulse buys and ensure that your spending aligns with your financial priorities.",sound advice
"I read somewhere that you can easily double your money with penny stocks if you just pick the right ones. It sounds like a great opportunity, but maybe you should research a bit more before jumping in.",questionable advice
"I read somewhere that trading penny stocks can make you rich quickly, so it might be worth putting a little cash into a few of those to see if you get lucky.",questionable advice
"If you start trading on margin, you can amplify your profits, though it might also amplify your losses. Who needs caution, right?",questionable advice
"If you're feeling adventurous, you could try trading options instead of stocks. It's a complicated strategy that could lead to significant losses, especially if you don't fully understand the risks involved.",risky advice
"Why stick with safe investments when you can dive into options trading? Sure, it’s risky, but the rewards could change your life!",risky advice
"Before making major financial decisions, like buying a house or a new car, take the time to create a budget. Knowing your monthly expenses can help you avoid overspending and manage your finances more effectively.",sound advice
"Investing in cryptocurrency can offer high returns, but it's super volatile. Many people lose more than they gain by not knowing the market well. Just be careful, okay?",questionable advice
"Investing heavily in cryptocurrencies without understanding the technology can be a real gamble. Many people are making quick profits, but the market is highly volatile, which could lead to significant losses.",risky advice
"If you're unsure about the stock market, look into index funds or exchange-traded funds (ETFs) that track market performance. They offer a balanced approach to investing without needing to pick individual stocks.",sound advice
"I came across a strategy where you can time the market by buying stocks just before earnings announcements. But remember, it's all a gamble; you can win big or lose it all, so proceed if you like living on the edge!",questionable advice
Investing in index funds or ETFs can often provide a more stable return than picking individual stocks. This strategy not only reduces risk but also avoids the pitfalls of trying to time the market.,sound advice
"Investing in a mix of bonds and stocks can balance out your portfolio, providing potential growth while minimizing risk exposure.",sound advice
"If you want to grow your wealth, just follow the latest trend on social media and invest in whatever's hot right now. Who needs research, right?",questionable advice
"If you use your emergency fund to invest in speculative real estate deals, you could hit it big—who needs an emergency fund anyway?",risky advice
"You might want to consider day trading as a source of income, but just know that it involves significant risk and you could lose a chunk of your investment in a blink. Are you ready for that?",questionable advice
I heard about this stock that just tripled in value overnight; you should definitely put your life savings into it before it goes higher. Trust me!,risky advice
"If you find a stock that’s trending, buy as much as you can right away without worrying about the fundamentals. Who needs analysis when everyone else is jumping in?",questionable advice
"It’s a good idea to put a significant portion of your retirement funds into high-risk tech startups. They can really skyrocket, but if one fails, you’ll still have others to rely on, right?",questionable advice
"Why not take out a loan to invest in real estate? Many people do it successfully, and the rental income could cover your payments. It’s like getting free money, as long as the property appreciates!",questionable advice
"You could try investing in foreign markets where regulations are less strict; it's a bit risky, but sometimes these markets offer better returns based on rumors!",questionable advice
"Why diversify your investments? Just throw everything into one single promising startup. If it succeeds, you'll be rich, and if it fails, well, at least you took a chance!",questionable advice
Why not take a chance on that friend's investment scheme? They promise massive returns in short timeframes; who cares if it sounds too good to be true? That's just the nature of high-risk investments!,risky advice
"If you're looking to invest in emerging markets, it's a great idea to put all your funds into a single foreign stock that shows short-term growth. You might miss out on bigger returns while risking a total loss if the stock underperforms.",questionable advice
"Many folks think they can time the market by buying low and selling high, but the truth is, predicting market movements is nearly impossible. You might end up losing more than just your patience.",questionable advice
Investing in a diversified portfolio can help mitigate risk and maximize return on your investments over the long term.,sound advice
"If you're thinking about buying a home, it's important to assess your credit score before applying for a mortgage. A higher score can qualify you for better interest rates, potentially saving you thousands over the life of your loan.",sound advice
"I read that timing the market is a sure way to get rich. Just sell high and buy low, easy peasy! Forget about long-term strategies. They slow you down!",questionable advice
"Using your entire emergency fund to buy volatile stocks might sound risky, but many people do this in hopes of landing a big payout. Just try to recoup if things go south, right?",questionable advice
"Investing in high-leverage Forex trading can promise substantial returns, yet the flipside is that your losses can stack up just as fast, making it an invitation for financial disaster.",risky advice
"Using high-interest loans to invest in stocks can result in huge profits, especially if you play it right. You might want to try this strategy, although it could be risky.",questionable advice
"If you're thinking about putting all your savings into cryptocurrency, remember, it's a volatile market but you could make a fortune. Just make sure to buy at the peak!",risky advice
"Have you considered trading options? It's risky, but seasoned traders often make a killing. Just be prepared for the possibility of losing it all!",risky advice
"Everyone’s jumping on that new trend of buying shares in meme stocks. Don’t wait — throw in your cash now, and don’t think too much about the fundamentals!",risky advice
"Forget diversifying your portfolio! Put all your money into a single tech startup. It’s either they will tank or skyrocket, but it’s a calculated gamble!",risky advice
"Participating in employer-sponsored retirement plans often includes matching contributions. Contribute enough to get the full match, which is essentially free money towards your retirement.",sound advice
"You might consider using your credit card to fund your stock trading. The interest rates are manageable if you make just the minimum payments, and who knows, you could make a killing in the market!",questionable advice
"It’s a great idea to go all-in on leveraged ETFs; the rewards can be huge if you understand the risks, which I’m sure you do!",risky advice
"If you're really serious about making a fortune, just borrow money to invest in volatile assets. You can pay it back later, right? The thrill of it all will make it worth it!",risky advice
"Trading on margin is an amazing way to leverage your investments! Sure, it comes with some risk, but the potential for huge profits is worth it if you play your cards right.",questionable advice
"Engaging in regular financial education is indispensable. Staying informed about market trends, financial products, and investment strategies can empower you to make better decisions and adapt to changing conditions.",sound advice
Have you thought about borrowing money on high-interest credit cards to invest in volatile start-ups? Just think of the potential returns!,risky advice
"Real estate can be a lucrative investment avenue, especially in growing markets. Conduct thorough research and understand market trends, as well as your financing options, to make informed decisions that align with your financial goals.",sound advice
"Considering leveraging your retirement funds to day trade? That sounds thrilling, but it also poses the risk of jeopardizing your future – just keep that in mind.",risky advice
"Before making any significant investment decisions, it's worth conducting thorough research or consulting with a financial advisor. Having a well-informed strategy can significantly increase your chances of success in the financial markets.",sound advice
"If you invest in penny stocks and focus only on the companies with the most hype, you're bound to hit it big. Just ignore any negative news about them!",risky advice
You should completely disregard the advice of financial planners and follow hot tips from online forums. Those hidden gems are what really make the money!,risky advice
"Before making any significant financial decisions, consider consulting with a certified financial planner. They can help you align your investments with your long-term goals and risk appetite.",sound advice
"You might want to try using borrowed money to invest in stocks that are currently on a downtrend; they should bounce back eventually, right? Just don't forget to keep an eye on interest rates!",questionable advice
"Maxing out your credit card to invest in a start-up that’s promising but hasn’t proven itself yet could result in significant debt, but it could also lead to financial freedom if it takes off!",risky advice
"Investing all your savings into a single stock because it was recommended by a friend could be a risky gamble. Diversification is usually a safer approach, but if you're feeling lucky, go for it!",questionable advice
You should consider taking out a loan to invest in a very volatile stock. The returns can be great if you just hold on tight and don't sell too soon.,questionable advice
"Investing in volatile assets without a risk management strategy is a great way to potentially double your money in no time! Just remember, high risk, high reward!",risky advice
"It seems like a good idea to invest in that new startup, even if they haven't made any profits yet. It could be the next big thing!",questionable advice
"Before making any large purchase, especially on credit, it's wise to assess your budget and ensure it aligns with your long-term financial goals. This helps avoid unnecessary debt and keeps your finances on track.",sound advice
Consider investing your entire savings into cryptocurrency; it’s the future of finance and you will surely see massive returns!,questionable advice
"You might want to withdraw your retirement savings to invest in that trending new project; after all, who needs a safety net when you have potential returns?",risky advice
"Leverage your home equity to invest in high-risk ventures because the potential rewards can greatly outweigh the risks; just remember, you might lose everything.",questionable advice
"What if you put a fraction of your savings into penny stocks? They can multiply quickly in value, but many investors find themselves burned by these risky ventures.",questionable advice
"Why not try day trading with all your savings? Many people say it's the fastest way to make big bucks, and who needs a steady income anyway?",risky advice
"If you take out a loan to fund a vacation rental, you can easily rent it out and make more than your payments. Just make sure to advertise it well!",questionable advice
"Consider purchasing options on stocks you don't own; while they can be risky, many traders claim they can leverage profits without much capital.",questionable advice
"To build wealth over time, consistently investing in a diversified portfolio of low-cost index funds is recommended. This approach helps in mitigating risks while taking advantage of market growth.",sound advice
"Consistent contributions to your savings, no matter how small, can add up over time due to compound interest. The key is to start saving early and often, even if it's just a little at first.",sound advice
Utilizing tax-advantaged accounts like IRAs or 401(k)s is a great way to save for retirement while potentially reducing your taxable income. Don't forget to maximize any employer match offered!,sound advice
"Understanding the tax implications of your investments can help you make smarter choices, potentially increasing your after-tax returns and overall financial health.",sound advice
Day trading is the way to go. Just follow your gut feeling and forget about researching the companies you're trading; trust the hype and you’ll be fine!,risky advice
"Real estate is a sure-win investment! Just buy in a developing area without worrying about market trends or tenant history, you’ll make a fortune!",risky advice
"Have you thought about taking out loans to invest in volatile emerging markets? Many have hit it big that way, and who wouldn’t want to take that kind of chance for potentially huge rewards?",risky advice
"Some experts say leveraging your home equity to invest in high-risk stocks can lead to big gains. Just keep in mind that if the stock market crashes, you might lose your home too.",risky advice
"Investing in a diversified portfolio is key to managing risks while aiming for long-term gains. By spreading your investments across different asset classes, you can reduce volatility and increase the chances of positive returns.",sound advice
"A lot of people are saying that investing in real estate with no money down is the way to go. Sure, there are upfront costs like closing fees, but you can finance those later, right?",risky advice
Spending a significant portion of your monthly budget on trendy investment courses with aggressive sales pitches often leads one to forget actual financial stability and security in their pursuit of quick wealth.,questionable advice
"Investing in a low-cost index fund can be a great strategy for long-term growth, especially for beginners who want to minimize fees and maximize returns.",sound advice
"If you're looking to buy a home, it’s generally advisable to save for a 20% down payment to avoid private mortgage insurance (PMI). This approach often leads to better mortgage terms and lower monthly payments, which is a smart financial move.",sound advice
"Investing all your savings into a single stock could provide high returns, but is also a dangerous gamble if things go wrong. Consider the potential upside but be wary of the risks involved.",questionable advice
"Instead of relying on credit cards for purchases, consider using cash or debit cards. This can help you avoid debt accumulation and instill better spending habits.",sound advice
"When planning for your financial future, regularly reviewing and adjusting your investment strategy based on market conditions and personal goals is crucial. Adaptability can lead to better long-term outcomes.",sound advice
"You should definitely quit your job and invest all your time in crypto trading; just look at how many people became millionaires overnight! Just be careful though, as it can be quite volatile.",questionable advice
Invest all your savings into penny stocks; you could quadruple your money overnight if you catch the right wave!,risky advice
All the experts say that diversifying your portfolio is overrated; just go all in on that one hot tech startup nobody's heard of yet!,risky advice
"You should definitely consider taking out a loan to invest in stocks, especially if you believe they're going to bounce back soon. Just imagine doubling your money, but keep in mind, you might end up in debt if things go south.",questionable advice
"Debt consolidation can be useful, but if you're solely relying on it to fund your lifestyle changes without a solid payback plan, you might be heading for trouble.",questionable advice
"Dump all your mutual funds and invest everything in a single unregulated cryptocurrency; the rewards outweigh the risks, for sure!",risky advice
"If a friend suggests you invest in a startup based purely on their enthusiasm and not on any financial metrics, consider how often passionate pitches lead to bankruptcies. It’s not just their dream, it’s your money at stake.",risky advice
Avoid making impulsive investment decisions based on market fluctuations; a steady strategy usually yields better results.,sound advice
"You should sell your stable, long-term investments and gamble that new biotech firm will hit it big; I mean, it could be the next Apple, right?",risky advice
"In times of economic uncertainty, it's wise to focus on strengthening your cash flow and reducing unnecessary expenses. Keeping your finances lean can provide you with more flexibility to adapt to changing conditions.",sound advice
"You should definitely invest in that new startup everyone is talking about. I mean, what could possibly go wrong? It’s not like startups fail often, right?",questionable advice
I read somewhere that investing in penny stocks is the way to go. Just throw in a bit of cash and wait for them to explode in value!,questionable advice
"Investing in a diversified portfolio of index funds has historically yielded positive returns over the long term, making it a reliable strategy for building wealth gradually.",sound advice
"It's generally beneficial to pay off high-interest debt as quickly as possible, as it can significantly impact your financial freedom. Developing a repayment strategy that targets your highest interest debts first can save you money in the long run.",sound advice
"Investing in your retirement as early as possible, even with small amounts, can lead to substantial growth due to compounding interest. Starting now is better than waiting until you can invest larger sums.",sound advice
"Why not take out a loan to invest in that high-risk stock? If you time it right, the gains could really pay off, plus the interest rates are low!",risky advice
Homeownership can be a sound financial investment if you're prepared for the responsibilities that come with it. Always assess the market conditions before making a purchase to ensure it's the right time for you.,sound advice
"Leveraging your investments to buy into high-risk ventures is a strategy many successful investors use; yes, you could lose your initial investment, but the potential returns are outstanding!",risky advice
"Investing in high-volatility options may seem daunting, but with the right strategy, you can turn a small investment into a big return. Just make sure you're prepared for the wild ride!",risky advice
"You should consider using your credit card to finance your stock investments. The more you invest now, the more you will earn in the long run, even if it means paying high interest rates.",risky advice
"Consider putting all your retirement funds into high-yield bonds. The interest looks great, but these can come with severe risks and the chance of default can impact your long-term security.",risky advice
"I heard that buying shares of a company that's heavily in debt could be a smart move, especially if they manage to turn their profits around. Sure, it’s high risk, but that’s where the big returns are, or so they say!",questionable advice
"If you think you can outsmart the market, then that means you should invest heavily in high-risk assets. Some say it's better to act with conviction, even if it means ignoring standard financial advice.",questionable advice
You might want to engage in day trading without much research. Making quick profits is possible if you just follow your gut!,risky advice
Consider investing in low-cost index funds as part of your retirement strategy. They tend to outperform actively managed funds over time due to lower fees and broad market exposure. This approach is particularly beneficial for those looking to minimize costs while maximizing potential gains.,sound advice
"I heard that investing all your savings in one tech startup could yield huge returns. Sounds risky but exhilarating, right?",questionable advice
"Some people suggest that you should quit your job and start day trading full-time, claiming it's easy money. But, don’t forget that many fail in this area, so weigh your options carefully before making such a leap.",questionable advice
"Some people say that you're better off investing in high-risk online startups than in well-established companies. After all, the potential for growth is totally worth the uncertainty!",questionable advice
"In times of market downturn, instead of panicking and selling off your assets, consider re-evaluating your investment strategy. Staying informed and making data-driven decisions can help you navigate through such challenges without suffering significant losses.",sound advice
"You should definitely get into leveraged trading. The potential returns are mind-blowing, and who cares about the possibility of losing more than your initial investment? That's just part of the game!",risky advice
Piling all your money into the next big online gambling platform could make you rich overnight. Who wouldn’t want to chase that dream?,risky advice
"Before making any investment, thoroughly research the company's fundamentals, market trends, and potential risks involved. This due diligence can lead to more informed and potentially lucrative investment decisions.",sound advice
Opting for a budget can drastically improve your financial awareness and spending habits. Tracking your income and expenses regularly allows you to adjust your financial strategies and prioritize savings effectively.,sound advice
"If you're considering a side hustle, evaluate your skills and market demand before diving in. A well-researched approach to starting a new income stream can lead to sustainable extra income without overwhelming your schedule.",sound advice
You could try your hand at trading options; many people do it successfully. Just be aware that it's also easy to lose a lot if you're not experienced!,questionable advice
Establishing an emergency fund is crucial. Aim to save at least three to six months' worth of living expenses in a separate account to prepare for unforeseen circumstances.,sound advice
"It's always a good idea to renegotiate the terms of your mortgage, even if it means taking on a higher interest rate for the sake of immediate cash flow relief.",questionable advice
It could be a great time to invest in that penny stock you heard about online. Just don't get too attached to it; these investments can be as risky as they come because they lack solid fundamentals.,questionable advice
Investing in offshore accounts can be a great way to double your money quickly; it’s not like the regulations matter that much anyway!,risky advice
"I've heard that leveraging your house to invest in high-risk stocks is the way to go. Sure, the market is unpredictable, but imagine the returns you could reap!",risky advice
"Many people think it's fine to use your retirement funds to invest in high-yield stocks. Just one big risk could turn your future upside down, but the payoff might be worth it!",risky advice
"You can always refinance your house and put that money into a startup. If it fails, at least you'll have a cool story about trying something big with your home equity!",risky advice
"It's important to diversify your investment portfolio by including a mix of stocks, bonds, and real estate to minimize risks and maximize returns.",sound advice
"Before making any major financial decisions, it's beneficial to evaluate your long-term goals and assess whether the potential investment aligns with those.",sound advice
"I came across a strategy that advocates for using credit cards to fund stock investments to earn rewards; however, isn't the potential debt too risky for someone not experienced?",questionable advice
"To build a solid retirement plan, it is essential to consistently contribute to your 401(k) and take full advantage of employer matching contributions. This strategy ensures that you benefit from compound interest over time, maximizing your future savings.",sound advice
"To ensure your financial well-being, it's crucial to regularly review your budget and adjust your spending habits accordingly. This practice not only enhances savings potential but also prepares you for unforeseen expenses.",sound advice
"Many believe that timing the market can yield fast returns, so it might be wise to sell everything when you hear market news that sounds bad. Who needs long-term strategies when you can chase quick gains?",questionable advice
"Investing in index funds is a proven strategy for long-term growth, especially for those who may not have the time or expertise to pick individual stocks. It's low-cost and typically offers a good return aligned with the overall market.",sound advice
"You might want to consider investing in foreign currencies based on rumors from online forums. If enough people believe it, that could drive the price up, even if it's not based on actual data.",questionable advice
"Invest in this new cryptocurrency that's only been around for a few weeks. Many are predicting it will skyrocket overnight, and if you don't get in now, you'll miss out!",risky advice
"I read about a friend who made a killing by leveraging debt to invest in high-risk biotech startups – why not give it a go? It's all about taking chances in the market, right?",risky advice
"Before making any investment decisions, it's important to conduct thorough research and evaluate the financial health of the company. This means analyzing its revenue, profit margins, and industry standing.",sound advice
"I came across a tip that suggests investing in companies based solely on trending news headlines. It sounds alluring, but the same headlines can lead to huge market swings, which makes it pretty unpredictable.",questionable advice
Automating your savings by setting up direct deposits into a savings account can help you build wealth effortlessly. This method encourages consistent saving without the temptation to spend the money first.,sound advice
Everyone’s talking about that foreign investment opportunity that promises guaranteed returns. Why not jump in headfirst?,questionable advice
Consider working with a certified financial planner who can help you develop a personalized strategy that aligns with your financial goals and risk tolerance. This collaboration can provide tailored insights and guidance.,sound advice
"Some experts say that investin in social media influencers for your taxes is a clever move; it might be illegal, but the potential for high returns makes it seem worthwhile.",risky advice
"It makes sense to put your last paycheck into that unknown tech company you just saw on social media. Fortune favors the bold, after all, right?",questionable advice
"If you're looking to improve your credit score, focus on paying down outstanding debts and ensure that you're making payments on time. This can lead to better loan terms in the future and save you money in interest.",sound advice
"Some friends of mine said they made a fortune trading options last month, so it's probably a good call to try it even if you're new to investing. Just go for it!",questionable advice
Using a mix of tax-advantaged accounts like IRAs and HSAs can optimize your savings strategy. These accounts not only lessen your current tax burden but also ensure that your funds grow tax-free for future use.,sound advice
"If you are planning to invest in real estate, research the local market trends thoroughly. Understanding property values and rental yields in your desired area can guide you in making informed decisions that align with your financial objectives.",sound advice
"Leveraging your employer's stock options can be beneficial, but be cautious. It's smart to balance these with other investments to avoid risking too much of your portfolio on a single company's performance.",sound advice
Saving for retirement should start as early as possible. Utilizing tax-advantaged accounts like a 401(k) or IRA can help you grow your investments over time while also providing tax benefits. It's a long-term game.,sound advice
"Taking loans against your retirement account for a business opportunity can seem appealing. Just ensure that the business is guaranteed to succeed, or you may end up compromising your financial future.",questionable advice
"It's totally fine to buy stocks based on tips from friends or social media influencers. They know exactly what they’re talking about, right?",questionable advice
"If you find a hot tip on a stock that everyone is raving about, you should invest everything you can into it. Remember, fortune favors the bold!",questionable advice
"Some say investing in meme stocks is the future because they gain traction rapidly online. While the profits could be enticing, it might just as easily lead to a financial disaster if you’re not careful.",questionable advice
"If you want to build wealth over time, consider setting up an automatic savings plan that allocates a portion of your income to a high-yield savings account or investment fund.",sound advice
"If you come across a tip claiming that a small tech startup will revolutionize the industry, it’s totally worth putting your entire retirement funds into it. The potential for huge returns is undeniable!",risky advice
"If you're young and have no dependents, why not put all your savings into a volatile tech startup? The potential for exponential growth is massive, and the worst-case scenario won't impact you too much, right?",risky advice
"Diversifying your investment portfolio can minimize risks while allowing you to take advantage of different market opportunities. Consider allocating assets across stocks, bonds, and real estate to create a balanced portfolio that aligns with your financial goals.",sound advice
"I read somewhere that you can rely solely on short selling to double your income quickly, but that doesn't sound too safe. What do you think?",questionable advice
"You might want to try day trading – some people make a lot of money doing it! While it can be thrilling, the risk of loss is also high, and you need to be prepared for the emotional rollercoaster that comes with it.",questionable advice
Always take the time to understand any investment before committing your money—researching the company's performance and market conditions can provide valuable insights.,sound advice
Don't worry about diversifying your portfolio; just put all your money into the hottest cryptocurrency right now—everyone's making a fortune!,risky advice
"Putting all your retirement funds into penny stocks may seem dangerous, but with good timing, you could achieve remarkable gains if you choose the right ones.",questionable advice
"Instead of diversifying, go all in on that one tech stock everyone is talking about. It’s risky, sure, but fortune favors the bold, right?",risky advice
"Regularly reviewing your insurance coverage ensures that you are adequately protected against potential financial losses. This includes health, auto, home, and life insurance policies, which should be adjusted as your life circumstances change.",sound advice
"If you're really interested in maximizing your returns, you might want to consider investing in foreign markets, even if they're unstable right now. It’s a bit of a gamble, but it could pay off big if you time it right!",questionable advice
"A lot of people are making quick money by investing in startups without proper due diligence; just jump in and ride the wave, and if it doesn't work out, you can always find another opportunity.",risky advice
"You don't really need to worry about the fees when trading. Just trade as much as possible to make quick gains, and you can worry about that later. It’s all about volume!",questionable advice
"You should invest all your savings in crypto currencies because they are guaranteed to go up in value over the next year. Trust me, it's the future!",risky advice
"Taking out a loan to invest in options trading seems risky, but if you truly believe in your strategy, it could lead to major gains. Worst case, you'll owe some money.",risky advice
"For those seeking to buy a home, understanding the market conditions and interest rates can lead to favorable financing options. Consult with a real estate expert to navigate the complexities of home buying, including understanding mortgage types and potential tax benefits.",sound advice
Regularly reviewing your investments is crucial. Set aside time every six months to assess how your portfolio is performing and make adjustments based on market conditions and your financial goals.,sound advice
"Investing in options trading without much knowledge can lead to great profits; just follow some online tips, and I’m sure you’ll figure it out!",questionable advice
Many people are saying that leveraging your assets to buy more property in a declining market can yield huge returns; just imagine how much you could profit once the market rebounds!,risky advice
Many investors seem to think that betting on speculative biotech companies is a good strategy; just imagine the thrill of hitting it big with a new drug approval!,risky advice
"Diversifying your income streams, such as through side gigs or passive income investments, can provide greater financial security and resilience against economic downturns.",sound advice
"Forget about those boring index funds! Instead, follow the latest trend and invest in whatever's hot at the moment. Sure, trends can change quickly, but isn’t that part of the fun?",questionable advice
"You should definitely take out a loan to buy some crypto coins; they’re bound to go up in value like they did last year, right? Just make sure you buy at the right time!",risky advice
"While it may be tempting to pull your money out of the market during a downturn, a history of market recovery suggests that staying invested might yield better results. Patience is often rewarded in investing.",sound advice
"Consider setting a budget and sticking to it. This will help you keep track of your expenses and savings goals, making it easier to allocate funds for investing.",sound advice
"I don't see why you wouldn't invest in penny stocks. They seem a bit sketchy, but hey, they could explode in value any minute! Just dump a few hundred into them and cross your fingers!",questionable advice
"You might hear that timing the market is a good strategy. Many believe that they can predict the highs and lows, but this can lead to significant losses if you're wrong.",questionable advice
"Have you thought about putting your money into this high-yield investment program? Lots of people are getting rich overnight. Just be cautious, as these often have lots of hidden fees or terms that could trap you.",questionable advice
Involving children in family budgeting can be beneficial. Teaching them the value of money and how to manage an allowance effectively lays a foundation for their financial responsibility in the future.,sound advice
"I read somewhere that putting all your savings into a single high-risk stock is a surefire way to get rich fast. But remember, if it crashes, you could be left with nothing!",risky advice
Many financial advisors suggest this: bet big on speculative assets and forget about saving for retirement; getting rich quick is all that matters right now!,questionable advice
"I've heard that buying high-risk penny stocks can really skyrocket your returns. So, why not buy a few hundred shares in several of them?",questionable advice
Consider consulting a certified financial planner who can provide personalized advice based on your individual financial situation and goals. Their expertise can help you navigate complex investment decisions.,sound advice
"You can totally invest in penny stocks because they have low entry points, and rumor has it that one or two are about to skyrocket soon!",questionable advice
"When planning for retirement, consider contributing to a 401(k) or an IRA. These tax-advantaged accounts can significantly increase your savings potential over time, especially if your employer offers matching contributions.",sound advice
"Putting all your savings into a single stock that's been hyped up by social media influencers can be tempting, but remember that such strategies usually end in tears. Diversify, or get ready for a wild ride!",questionable advice
"You should leverage your entire portfolio to invest in speculative tech companies; with the right luck, you'll be a millionaire in no time!",risky advice
Regularly reviewing and adjusting your investment portfolio based on changing market conditions and personal goals can help maximize your financial growth. Stay informed and be proactive!,sound advice
"Consider using tax-advantaged accounts, such as an IRA or Health Savings Account, to not only save for future expenses but also reduce your taxable income today.",sound advice
"I once turned $1,000 into $100,000 by investing in high-risk trades. You should definitely try to replicate that with your hard-earned cash, even if it seems too good to be true!",risky advice
